batch_size,blank_count,cell_accuracy,checkpoint,clue_violations,complete_valid,dataset,elapsed_ms,exact,example_id,experiment,invalid,unit_conflicts
32,1,0.7160493827160493,checkpoints/sudoku_extreme_hf/checkpoint,23,1,blanks_1,39.9581063437493,0,0,baseline,1,0
32,1,0.8271604938271605,checkpoints/sudoku_extreme_hf/checkpoint,14,1,blanks_1,39.9581063437493,0,1,baseline,1,0
32,1,0.9506172839506173,checkpoints/sudoku_extreme_hf/checkpoint,4,1,blanks_1,39.9581063437493,0,2,baseline,1,0
32,1,0.8518518518518519,checkpoints/sudoku_extreme_hf/checkpoint,12,1,blanks_1,39.9581063437493,0,3,baseline,1,0
32,1,0.7407407407407407,checkpoints/sudoku_extreme_hf/checkpoint,21,1,blanks_1,39.9581063437493,0,4,baseline,1,0
32,1,0.8024691358024691,checkpoints/sudoku_extreme_hf/checkpoint,16,1,blanks_1,39.9581063437493,0,5,baseline,1,0
32,1,0.8395061728395061,checkpoints/sudoku_extreme_hf/checkpoint,13,1,blanks_1,39.9581063437493,0,6,baseline,1,0
32,1,0.7654320987654321,checkpoints/sudoku_extreme_hf/checkpoint,18,1,blanks_1,39.9581063437493,0,7,baseline,1,0
32,1,0.7283950617283951,checkpoints/sudoku_extreme_hf/checkpoint,22,1,blanks_1,39.9581063437493,0,8,baseline,1,0
32,1,0.7530864197530864,checkpoints/sudoku_extreme_hf/checkpoint,19,1,blanks_1,39.9581063437493,0,9,baseline,1,0
32,1,0.7283950617283951,checkpoints/sudoku_extreme_hf/checkpoint,22,1,blanks_1,39.9581063437493,0,10,baseline,1,0
32,1,0.8024691358024691,checkpoints/sudoku_extreme_hf/checkpoint,15,1,blanks_1,39.9581063437493,0,11,baseline,1,0
32,1,0.8148148148148148,checkpoints/sudoku_extreme_hf/checkpoint,15,1,blanks_1,39.9581063437493,0,12,baseline,1,0
32,1,0.7407407407407407,checkpoints/sudoku_extreme_hf/checkpoint,20,1,blanks_1,39.9581063437493,0,13,baseline,1,0
32,1,1.0,checkpoints/sudoku_extreme_hf/checkpoint,0,1,blanks_1,39.9581063437493,1,14,baseline,0,0
32,1,1.0,checkpoints/sudoku_extreme_hf/checkpoint,0,1,blanks_1,39.9581063437493,1,15,baseline,0,0
32,1,0.9259259259259259,checkpoints/sudoku_extreme_hf/checkpoint,6,1,blanks_1,39.9581063437493,0,16,baseline,1,0
32,1,0.654320987654321,checkpoints/sudoku_extreme_hf/checkpoint,27,1,blanks_1,39.9581063437493,0,17,baseline,1,0
32,1,0.9506172839506173,checkpoints/sudoku_extreme_hf/checkpoint,4,1,blanks_1,39.9581063437493,0,18,baseline,1,0
32,1,1.0,checkpoints/sudoku_extreme_hf/checkpoint,0,1,blanks_1,39.9581063437493,1,19,baseline,0,0
32,1,0.7037037037037037,checkpoints/sudoku_extreme_hf/checkpoint,23,1,blanks_1,39.9581063437493,0,20,baseline,1,0
32,1,1.0,checkpoints/sudoku_extreme_hf/checkpoint,0,1,blanks_1,39.9581063437493,1,21,baseline,0,0
32,1,0.7283950617283951,checkpoints/sudoku_extreme_hf/checkpoint,21,1,blanks_1,39.9581063437493,0,22,baseline,1,0
32,1,0.7901234567901234,checkpoints/sudoku_extreme_hf/checkpoint,17,1,blanks_1,39.9581063437493,0,23,baseline,1,0
32,1,0.7777777777777778,checkpoints/sudoku_extreme_hf/checkpoint,17,1,blanks_1,39.9581063437493,0,24,baseline,1,0
32,1,1.0,checkpoints/sudoku_extreme_hf/checkpoint,0,1,blanks_1,39.9581063437493,1,25,baseline,0,0
32,1,0.8024691358024691,checkpoints/sudoku_extreme_hf/checkpoint,16,1,blanks_1,39.9581063437493,0,26,baseline,1,0
32,1,0.8518518518518519,checkpoints/sudoku_extreme_hf/checkpoint,11,1,blanks_1,39.9581063437493,0,27,baseline,1,0
32,1,0.7530864197530864,checkpoints/sudoku_extreme_hf/checkpoint,19,1,blanks_1,39.9581063437493,0,28,baseline,1,0
32,1,0.6172839506172839,checkpoints/sudoku_extreme_hf/checkpoint,30,1,blanks_1,39.9581063437493,0,29,baseline,1,0
32,1,0.8271604938271605,checkpoints/sudoku_extreme_hf/checkpoint,14,1,blanks_1,39.9581063437493,0,30,baseline,1,0
32,1,0.7901234567901234,checkpoints/sudoku_extreme_hf/checkpoint,17,1,blanks_1,39.9581063437493,0,31,baseline,1,0
32,1,0.8024691358024691,checkpoints/sudoku_extreme_hf/checkpoint,16,1,blanks_1,16.941589187499773,0,32,baseline,1,0
32,1,0.9012345679012346,checkpoints/sudoku_extreme_hf/checkpoint,8,1,blanks_1,16.941589187499773,0,33,baseline,1,0
32,1,0.7901234567901234,checkpoints/sudoku_extreme_hf/checkpoint,17,1,blanks_1,16.941589187499773,0,34,baseline,1,0
32,1,0.9259259259259259,checkpoints/sudoku_extreme_hf/checkpoint,6,1,blanks_1,16.941589187499773,0,35,baseline,1,0
32,1,0.7777777777777778,checkpoints/sudoku_extreme_hf/checkpoint,18,1,blanks_1,16.941589187499773,0,36,baseline,1,0
32,1,0.7654320987654321,checkpoints/sudoku_extreme_hf/checkpoint,18,1,blanks_1,16.941589187499773,0,37,baseline,1,0
32,1,0.8641975308641975,checkpoints/sudoku_extreme_hf/checkpoint,11,1,blanks_1,16.941589187499773,0,38,baseline,1,0
32,1,0.7037037037037037,checkpoints/sudoku_extreme_hf/checkpoint,23,0,blanks_1,16.941589187499773,0,39,baseline,1,23
32,1,0.7160493827160493,checkpoints/sudoku_extreme_hf/checkpoint,22,1,blanks_1,16.941589187499773,0,40,baseline,1,0
32,1,0.8765432098765432,checkpoints/sudoku_extreme_hf/checkpoint,10,1,blanks_1,16.941589187499773,0,41,baseline,1,0
32,1,1.0,checkpoints/sudoku_extreme_hf/checkpoint,0,1,blanks_1,16.941589187499773,1,42,baseline,0,0
32,1,0.6790123456790124,checkpoints/sudoku_extreme_hf/checkpoint,25,1,blanks_1,16.941589187499773,0,43,baseline,1,0
32,1,0.7530864197530864,checkpoints/sudoku_extreme_hf/checkpoint,20,1,blanks_1,16.941589187499773,0,44,baseline,1,0
32,1,0.7160493827160493,checkpoints/sudoku_extreme_hf/checkpoint,23,0,blanks_1,16.941589187499773,0,45,baseline,1,27
32,1,0.7901234567901234,checkpoints/sudoku_extreme_hf/checkpoint,17,1,blanks_1,16.941589187499773,0,46,baseline,1,0
32,1,0.7407407407407407,checkpoints/sudoku_extreme_hf/checkpoint,20,1,blanks_1,16.941589187499773,0,47,baseline,1,0
32,1,0.8765432098765432,checkpoints/sudoku_extreme_hf/checkpoint,10,1,blanks_1,16.941589187499773,0,48,baseline,1,0
32,1,0.5925925925925926,checkpoints/sudoku_extreme_hf/checkpoint,32,0,blanks_1,16.941589187499773,0,49,baseline,1,13
32,1,0.7530864197530864,checkpoints/sudoku_extreme_hf/checkpoint,19,1,blanks_1,16.941589187499773,0,50,baseline,1,0
32,1,0.8024691358024691,checkpoints/sudoku_extreme_hf/checkpoint,15,1,blanks_1,16.941589187499773,0,51,baseline,1,0
32,1,0.7530864197530864,checkpoints/sudoku_extreme_hf/checkpoint,20,0,blanks_1,16.941589187499773,0,52,baseline,1,13
32,1,0.9506172839506173,checkpoints/sudoku_extreme_hf/checkpoint,4,1,blanks_1,16.941589187499773,0,53,baseline,1,0
32,1,0.9259259259259259,checkpoints/sudoku_extreme_hf/checkpoint,6,1,blanks_1,16.941589187499773,0,54,baseline,1,0
32,1,0.8518518518518519,checkpoints/sudoku_extreme_hf/checkpoint,12,1,blanks_1,16.941589187499773,0,55,baseline,1,0
32,1,0.7283950617283951,checkpoints/sudoku_extreme_hf/checkpoint,21,1,blanks_1,16.941589187499773,0,56,baseline,1,0
32,1,0.9259259259259259,checkpoints/sudoku_extreme_hf/checkpoint,5,1,blanks_1,16.941589187499773,0,57,baseline,1,0
32,1,0.7901234567901234,checkpoints/sudoku_extreme_hf/checkpoint,17,1,blanks_1,16.941589187499773,0,58,baseline,1,0
32,1,1.0,checkpoints/sudoku_extreme_hf/checkpoint,0,1,blanks_1,16.941589187499773,1,59,baseline,0,0
32,1,1.0,checkpoints/sudoku_extreme_hf/checkpoint,0,1,blanks_1,16.941589187499773,1,60,baseline,0,0
32,1,0.5925925925925926,checkpoints/sudoku_extreme_hf/checkpoint,32,1,blanks_1,16.941589187499773,0,61,baseline,1,0
32,1,0.8395061728395061,checkpoints/sudoku_extreme_hf/checkpoint,13,1,blanks_1,16.941589187499773,0,62,baseline,1,0
32,1,0.7901234567901234,checkpoints/sudoku_extreme_hf/checkpoint,17,0,blanks_1,16.941589187499773,0,63,baseline,1,2
32,1,0.8395061728395061,checkpoints/sudoku_extreme_hf/checkpoint,13,1,blanks_1,19.793991843749303,0,64,baseline,1,0
32,1,0.9012345679012346,checkpoints/sudoku_extreme_hf/checkpoint,8,1,blanks_1,19.793991843749303,0,65,baseline,1,0
32,1,0.8271604938271605,checkpoints/sudoku_extreme_hf/checkpoint,14,0,blanks_1,19.793991843749303,0,66,baseline,1,11
32,1,0.6790123456790124,checkpoints/sudoku_extreme_hf/checkpoint,26,1,blanks_1,19.793991843749303,0,67,baseline,1,0
32,1,0.9012345679012346,checkpoints/sudoku_extreme_hf/checkpoint,8,1,blanks_1,19.793991843749303,0,68,baseline,1,0
32,1,0.8765432098765432,checkpoints/sudoku_extreme_hf/checkpoint,10,1,blanks_1,19.793991843749303,0,69,baseline,1,0
32,1,0.8518518518518519,checkpoints/sudoku_extreme_hf/checkpoint,11,1,blanks_1,19.793991843749303,0,70,baseline,1,0
32,1,0.7037037037037037,checkpoints/sudoku_extreme_hf/checkpoint,24,1,blanks_1,19.793991843749303,0,71,baseline,1,0
32,1,0.7654320987654321,checkpoints/sudoku_extreme_hf/checkpoint,18,1,blanks_1,19.793991843749303,0,72,baseline,1,0
32,1,0.7283950617283951,checkpoints/sudoku_extreme_hf/checkpoint,21,1,blanks_1,19.793991843749303,0,73,baseline,1,0
32,1,0.8148148148148148,checkpoints/sudoku_extreme_hf/checkpoint,14,1,blanks_1,19.793991843749303,0,74,baseline,1,0
32,1,0.7901234567901234,checkpoints/sudoku_extreme_hf/checkpoint,17,1,blanks_1,19.793991843749303,0,75,baseline,1,0
32,1,0.8148148148148148,checkpoints/sudoku_extreme_hf/checkpoint,15,1,blanks_1,19.793991843749303,0,76,baseline,1,0
32,1,0.7777777777777778,checkpoints/sudoku_extreme_hf/checkpoint,18,1,blanks_1,19.793991843749303,0,77,baseline,1,0
32,1,0.8888888888888888,checkpoints/sudoku_extreme_hf/checkpoint,9,1,blanks_1,19.793991843749303,0,78,baseline,1,0
32,1,1.0,checkpoints/sudoku_extreme_hf/checkpoint,0,1,blanks_1,19.793991843749303,1,79,baseline,0,0
32,1,1.0,checkpoints/sudoku_extreme_hf/checkpoint,0,1,blanks_1,19.793991843749303,1,80,baseline,0,0
32,1,0.6790123456790124,checkpoints/sudoku_extreme_hf/checkpoint,26,1,blanks_1,19.793991843749303,0,81,baseline,1,0
32,1,0.7037037037037037,checkpoints/sudoku_extreme_hf/checkpoint,23,0,blanks_1,19.793991843749303,0,82,baseline,1,15
32,1,0.8888888888888888,checkpoints/sudoku_extreme_hf/checkpoint,9,1,blanks_1,19.793991843749303,0,83,baseline,1,0
32,1,0.7283950617283951,checkpoints/sudoku_extreme_hf/checkpoint,22,0,blanks_1,19.793991843749303,0,84,baseline,1,3
32,1,0.8148148148148148,checkpoints/sudoku_extreme_hf/checkpoint,14,1,blanks_1,19.793991843749303,0,85,baseline,1,0
32,1,0.8765432098765432,checkpoints/sudoku_extreme_hf/checkpoint,10,1,blanks_1,19.793991843749303,0,86,baseline,1,0
32,1,0.6049382716049383,checkpoints/sudoku_extreme_hf/checkpoint,32,1,blanks_1,19.793991843749303,0,87,baseline,1,0
32,1,0.6296296296296297,checkpoints/sudoku_extreme_hf/checkpoint,29,1,blanks_1,19.793991843749303,0,88,baseline,1,0
32,1,0.8641975308641975,checkpoints/sudoku_extreme_hf/checkpoint,11,1,blanks_1,19.793991843749303,0,89,baseline,1,0
32,1,0.9506172839506173,checkpoints/sudoku_extreme_hf/checkpoint,4,1,blanks_1,19.793991843749303,0,90,baseline,1,0
32,1,0.6666666666666666,checkpoints/sudoku_extreme_hf/checkpoint,27,1,blanks_1,19.793991843749303,0,91,baseline,1,0
32,1,0.7901234567901234,checkpoints/sudoku_extreme_hf/checkpoint,17,1,blanks_1,19.793991843749303,0,92,baseline,1,0
32,1,0.8024691358024691,checkpoints/sudoku_extreme_hf/checkpoint,16,1,blanks_1,19.793991843749303,0,93,baseline,1,0
32,1,0.691358024691358,checkpoints/sudoku_extreme_hf/checkpoint,25,1,blanks_1,19.793991843749303,0,94,baseline,1,0
32,1,1.0,checkpoints/sudoku_extreme_hf/checkpoint,0,1,blanks_1,19.793991843749303,1,95,baseline,0,0
32,1,0.7654320987654321,checkpoints/sudoku_extreme_hf/checkpoint,19,1,blanks_1,16.3890205312498,0,96,baseline,1,0
32,1,0.9012345679012346,checkpoints/sudoku_extreme_hf/checkpoint,8,1,blanks_1,16.3890205312498,0,97,baseline,1,0
32,1,0.7283950617283951,checkpoints/sudoku_extreme_hf/checkpoint,22,1,blanks_1,16.3890205312498,0,98,baseline,1,0
32,1,0.9259259259259259,checkpoints/sudoku_extreme_hf/checkpoint,6,1,blanks_1,16.3890205312498,0,99,baseline,1,0
32,1,0.8148148148148148,checkpoints/sudoku_extreme_hf/checkpoint,15,1,blanks_1,16.3890205312498,0,100,baseline,1,0
32,1,0.9259259259259259,checkpoints/sudoku_extreme_hf/checkpoint,6,1,blanks_1,16.3890205312498,0,101,baseline,1,0
32,1,0.7901234567901234,checkpoints/sudoku_extreme_hf/checkpoint,17,1,blanks_1,16.3890205312498,0,102,baseline,1,0
32,1,0.8641975308641975,checkpoints/sudoku_extreme_hf/checkpoint,11,1,blanks_1,16.3890205312498,0,103,baseline,1,0
32,1,0.9012345679012346,checkpoints/sudoku_extreme_hf/checkpoint,8,1,blanks_1,16.3890205312498,0,104,baseline,1,0
32,1,0.8518518518518519,checkpoints/sudoku_extreme_hf/checkpoint,11,0,blanks_1,16.3890205312498,0,105,baseline,1,10
32,1,0.6296296296296297,checkpoints/sudoku_extreme_hf/checkpoint,29,1,blanks_1,16.3890205312498,0,106,baseline,1,0
32,1,0.6419753086419753,checkpoints/sudoku_extreme_hf/checkpoint,28,1,blanks_1,16.3890205312498,0,107,baseline,1,0
32,1,0.7654320987654321,checkpoints/sudoku_extreme_hf/checkpoint,18,1,blanks_1,16.3890205312498,0,108,baseline,1,0
32,1,0.8765432098765432,checkpoints/sudoku_extreme_hf/checkpoint,10,1,blanks_1,16.3890205312498,0,109,baseline,1,0
32,1,0.691358024691358,checkpoints/sudoku_extreme_hf/checkpoint,25,1,blanks_1,16.3890205312498,0,110,baseline,1,0
32,1,0.7160493827160493,checkpoints/sudoku_extreme_hf/checkpoint,22,1,blanks_1,16.3890205312498,0,111,baseline,1,0
32,1,0.8271604938271605,checkpoints/sudoku_extreme_hf/checkpoint,14,1,blanks_1,16.3890205312498,0,112,baseline,1,0
32,1,0.7654320987654321,checkpoints/sudoku_extreme_hf/checkpoint,19,1,blanks_1,16.3890205312498,0,113,baseline,1,0
32,1,0.8024691358024691,checkpoints/sudoku_extreme_hf/checkpoint,16,1,blanks_1,16.3890205312498,0,114,baseline,1,0
32,1,0.7037037037037037,checkpoints/sudoku_extreme_hf/checkpoint,24,1,blanks_1,16.3890205312498,0,115,baseline,1,0
32,1,0.6666666666666666,checkpoints/sudoku_extreme_hf/checkpoint,27,1,blanks_1,16.3890205312498,0,116,baseline,1,0
32,1,0.7283950617283951,checkpoints/sudoku_extreme_hf/checkpoint,22,1,blanks_1,16.3890205312498,0,117,baseline,1,0
32,1,0.7160493827160493,checkpoints/sudoku_extreme_hf/checkpoint,22,1,blanks_1,16.3890205312498,0,118,baseline,1,0
32,1,0.7037037037037037,checkpoints/sudoku_extreme_hf/checkpoint,24,1,blanks_1,16.3890205312498,0,119,baseline,1,0
32,1,0.691358024691358,checkpoints/sudoku_extreme_hf/checkpoint,24,1,blanks_1,16.3890205312498,0,120,baseline,1,0
32,1,0.7777777777777778,checkpoints/sudoku_extreme_hf/checkpoint,18,1,blanks_1,16.3890205312498,0,121,baseline,1,0
32,1,0.8518518518518519,checkpoints/sudoku_extreme_hf/checkpoint,12,1,blanks_1,16.3890205312498,0,122,baseline,1,0
32,1,0.7283950617283951,checkpoints/sudoku_extreme_hf/checkpoint,21,1,blanks_1,16.3890205312498,0,123,baseline,1,0
32,1,0.7530864197530864,checkpoints/sudoku_extreme_hf/checkpoint,20,1,blanks_1,16.3890205312498,0,124,baseline,1,0
32,1,0.9506172839506173,checkpoints/sudoku_extreme_hf/checkpoint,4,1,blanks_1,16.3890205312498,0,125,baseline,1,0
32,1,0.8395061728395061,checkpoints/sudoku_extreme_hf/checkpoint,13,1,blanks_1,16.3890205312498,0,126,baseline,1,0
32,1,0.7407407407407407,checkpoints/sudoku_extreme_hf/checkpoint,21,1,blanks_1,16.3890205312498,0,127,baseline,1,0
32,1,0.7530864197530864,checkpoints/sudoku_extreme_hf/checkpoint,19,1,blanks_1,16.916740531249808,0,128,baseline,1,0
32,1,0.8765432098765432,checkpoints/sudoku_extreme_hf/checkpoint,10,1,blanks_1,16.916740531249808,0,129,baseline,1,0
32,1,1.0,checkpoints/sudoku_extreme_hf/checkpoint,0,1,blanks_1,16.916740531249808,1,130,baseline,0,0
32,1,0.9506172839506173,checkpoints/sudoku_extreme_hf/checkpoint,4,1,blanks_1,16.916740531249808,0,131,baseline,1,0
32,1,0.9506172839506173,checkpoints/sudoku_extreme_hf/checkpoint,4,1,blanks_1,16.916740531249808,0,132,baseline,1,0
32,1,0.8765432098765432,checkpoints/sudoku_extreme_hf/checkpoint,9,1,blanks_1,16.916740531249808,0,133,baseline,1,0
32,1,0.8765432098765432,checkpoints/sudoku_extreme_hf/checkpoint,10,1,blanks_1,16.916740531249808,0,134,baseline,1,0
32,1,0.691358024691358,checkpoints/sudoku_extreme_hf/checkpoint,25,1,blanks_1,16.916740531249808,0,135,baseline,1,0
32,1,0.7160493827160493,checkpoints/sudoku_extreme_hf/checkpoint,22,1,blanks_1,16.916740531249808,0,136,baseline,1,0
32,1,0.7407407407407407,checkpoints/sudoku_extreme_hf/checkpoint,20,1,blanks_1,16.916740531249808,0,137,baseline,1,0
32,1,0.7283950617283951,checkpoints/sudoku_extreme_hf/checkpoint,21,1,blanks_1,16.916740531249808,0,138,baseline,1,0
32,1,0.6666666666666666,checkpoints/sudoku_extreme_hf/checkpoint,26,1,blanks_1,16.916740531249808,0,139,baseline,1,0
32,1,0.8395061728395061,checkpoints/sudoku_extreme_hf/checkpoint,13,1,blanks_1,16.916740531249808,0,140,baseline,1,0
32,1,1.0,checkpoints/sudoku_extreme_hf/checkpoint,0,1,blanks_1,16.916740531249808,1,141,baseline,0,0
32,1,0.9506172839506173,checkpoints/sudoku_extreme_hf/checkpoint,4,1,blanks_1,16.916740531249808,0,142,baseline,1,0
32,1,0.7037037037037037,checkpoints/sudoku_extreme_hf/checkpoint,23,1,blanks_1,16.916740531249808,0,143,baseline,1,0
32,1,1.0,checkpoints/sudoku_extreme_hf/checkpoint,0,1,blanks_1,16.916740531249808,1,144,baseline,0,0
32,1,0.8395061728395061,checkpoints/sudoku_extreme_hf/checkpoint,13,1,blanks_1,16.916740531249808,0,145,baseline,1,0
32,1,0.7530864197530864,checkpoints/sudoku_extreme_hf/checkpoint,20,1,blanks_1,16.916740531249808,0,146,baseline,1,0
32,1,0.8765432098765432,checkpoints/sudoku_extreme_hf/checkpoint,9,1,blanks_1,16.916740531249808,0,147,baseline,1,0
32,1,0.6419753086419753,checkpoints/sudoku_extreme_hf/checkpoint,29,1,blanks_1,16.916740531249808,0,148,baseline,1,0
32,1,0.7037037037037037,checkpoints/sudoku_extreme_hf/checkpoint,24,1,blanks_1,16.916740531249808,0,149,baseline,1,0
32,1,0.7160493827160493,checkpoints/sudoku_extreme_hf/checkpoint,23,1,blanks_1,16.916740531249808,0,150,baseline,1,0
32,1,0.7530864197530864,checkpoints/sudoku_extreme_hf/checkpoint,20,1,blanks_1,16.916740531249808,0,151,baseline,1,0
32,1,0.8271604938271605,checkpoints/sudoku_extreme_hf/checkpoint,13,1,blanks_1,16.916740531249808,0,152,baseline,1,0
32,1,0.6296296296296297,checkpoints/sudoku_extreme_hf/checkpoint,30,0,blanks_1,16.916740531249808,0,153,baseline,1,32
32,1,0.9135802469135802,checkpoints/sudoku_extreme_hf/checkpoint,7,1,blanks_1,16.916740531249808,0,154,baseline,1,0
32,1,0.7654320987654321,checkpoints/sudoku_extreme_hf/checkpoint,18,1,blanks_1,16.916740531249808,0,155,baseline,1,0
32,1,0.9259259259259259,checkpoints/sudoku_extreme_hf/checkpoint,6,1,blanks_1,16.916740531249808,0,156,baseline,1,0
32,1,0.8518518518518519,checkpoints/sudoku_extreme_hf/checkpoint,12,1,blanks_1,16.916740531249808,0,157,baseline,1,0
32,1,0.8518518518518519,checkpoints/sudoku_extreme_hf/checkpoint,12,1,blanks_1,16.916740531249808,0,158,baseline,1,0
32,1,0.8518518518518519,checkpoints/sudoku_extreme_hf/checkpoint,11,1,blanks_1,16.916740531249808,0,159,baseline,1,0
32,1,0.691358024691358,checkpoints/sudoku_extreme_hf/checkpoint,24,1,blanks_1,16.761160124999286,0,160,baseline,1,0
32,1,0.7037037037037037,checkpoints/sudoku_extreme_hf/checkpoint,23,1,blanks_1,16.761160124999286,0,161,baseline,1,0
32,1,0.8271604938271605,checkpoints/sudoku_extreme_hf/checkpoint,14,1,blanks_1,16.761160124999286,0,162,baseline,1,0
32,1,0.691358024691358,checkpoints/sudoku_extreme_hf/checkpoint,25,1,blanks_1,16.761160124999286,0,163,baseline,1,0
32,1,0.8765432098765432,checkpoints/sudoku_extreme_hf/checkpoint,10,1,blanks_1,16.761160124999286,0,164,baseline,1,0
32,1,0.6172839506172839,checkpoints/sudoku_extreme_hf/checkpoint,30,0,blanks_1,16.761160124999286,0,165,baseline,1,16
32,1,0.9012345679012346,checkpoints/sudoku_extreme_hf/checkpoint,8,1,blanks_1,16.761160124999286,0,166,baseline,1,0
32,1,0.9135802469135802,checkpoints/sudoku_extreme_hf/checkpoint,6,1,blanks_1,16.761160124999286,0,167,baseline,1,0
32,1,0.8641975308641975,checkpoints/sudoku_extreme_hf/checkpoint,11,1,blanks_1,16.761160124999286,0,168,baseline,1,0
32,1,0.8271604938271605,checkpoints/sudoku_extreme_hf/checkpoint,14,1,blanks_1,16.761160124999286,0,169,baseline,1,0
32,1,0.691358024691358,checkpoints/sudoku_extreme_hf/checkpoint,24,0,blanks_1,16.761160124999286,0,170,baseline,1,11
32,1,0.9012345679012346,checkpoints/sudoku_extreme_hf/checkpoint,7,1,blanks_1,16.761160124999286,0,171,baseline,1,0
32,1,0.7037037037037037,checkpoints/sudoku_extreme_hf/checkpoint,24,1,blanks_1,16.761160124999286,0,172,baseline,1,0
32,1,0.8765432098765432,checkpoints/sudoku_extreme_hf/checkpoint,10,1,blanks_1,16.761160124999286,0,173,baseline,1,0
32,1,0.7160493827160493,checkpoints/sudoku_extreme_hf/checkpoint,23,1,blanks_1,16.761160124999286,0,174,baseline,1,0
32,1,0.5802469135802469,checkpoints/sudoku_extreme_hf/checkpoint,34,1,blanks_1,16.761160124999286,0,175,baseline,1,0
32,1,0.8518518518518519,checkpoints/sudoku_extreme_hf/checkpoint,12,1,blanks_1,16.761160124999286,0,176,baseline,1,0
32,1,1.0,checkpoints/sudoku_extreme_hf/checkpoint,0,1,blanks_1,16.761160124999286,1,177,baseline,0,0
32,1,0.8518518518518519,checkpoints/sudoku_extreme_hf/checkpoint,12,1,blanks_1,16.761160124999286,0,178,baseline,1,0
32,1,0.7530864197530864,checkpoints/sudoku_extreme_hf/checkpoint,20,1,blanks_1,16.761160124999286,0,179,baseline,1,0
32,1,0.9506172839506173,checkpoints/sudoku_extreme_hf/checkpoint,4,1,blanks_1,16.761160124999286,0,180,baseline,1,0
32,1,0.9135802469135802,checkpoints/sudoku_extreme_hf/checkpoint,7,1,blanks_1,16.761160124999286,0,181,baseline,1,0
32,1,0.7037037037037037,checkpoints/sudoku_extreme_hf/checkpoint,23,1,blanks_1,16.761160124999286,0,182,baseline,1,0
32,1,0.7283950617283951,checkpoints/sudoku_extreme_hf/checkpoint,22,0,blanks_1,16.761160124999286,0,183,baseline,1,14
32,1,0.9259259259259259,checkpoints/sudoku_extreme_hf/checkpoint,6,1,blanks_1,16.761160124999286,0,184,baseline,1,0
32,1,0.8765432098765432,checkpoints/sudoku_extreme_hf/checkpoint,9,1,blanks_1,16.761160124999286,0,185,baseline,1,0
32,1,0.7160493827160493,checkpoints/sudoku_extreme_hf/checkpoint,22,1,blanks_1,16.761160124999286,0,186,baseline,1,0
32,1,0.7654320987654321,checkpoints/sudoku_extreme_hf/checkpoint,18,1,blanks_1,16.761160124999286,0,187,baseline,1,0
32,1,0.8271604938271605,checkpoints/sudoku_extreme_hf/checkpoint,14,1,blanks_1,16.761160124999286,0,188,baseline,1,0
32,1,0.7777777777777778,checkpoints/sudoku_extreme_hf/checkpoint,18,1,blanks_1,16.761160124999286,0,189,baseline,1,0
32,1,0.9506172839506173,checkpoints/sudoku_extreme_hf/checkpoint,4,1,blanks_1,16.761160124999286,0,190,baseline,1,0
32,1,0.691358024691358,checkpoints/sudoku_extreme_hf/checkpoint,25,1,blanks_1,16.761160124999286,0,191,baseline,1,0
32,1,0.7901234567901234,checkpoints/sudoku_extreme_hf/checkpoint,17,1,blanks_1,16.242737749999847,0,192,baseline,1,0
32,1,0.7654320987654321,checkpoints/sudoku_extreme_hf/checkpoint,19,1,blanks_1,16.242737749999847,0,193,baseline,1,0
32,1,0.691358024691358,checkpoints/sudoku_extreme_hf/checkpoint,24,1,blanks_1,16.242737749999847,0,194,baseline,1,0
32,1,0.6790123456790124,checkpoints/sudoku_extreme_hf/checkpoint,26,1,blanks_1,16.242737749999847,0,195,baseline,1,0
32,1,0.5925925925925926,checkpoints/sudoku_extreme_hf/checkpoint,32,1,blanks_1,16.242737749999847,0,196,baseline,1,0
32,1,0.691358024691358,checkpoints/sudoku_extreme_hf/checkpoint,25,1,blanks_1,16.242737749999847,0,197,baseline,1,0
32,1,0.6790123456790124,checkpoints/sudoku_extreme_hf/checkpoint,26,1,blanks_1,16.242737749999847,0,198,baseline,1,0
32,1,0.7037037037037037,checkpoints/sudoku_extreme_hf/checkpoint,24,0,blanks_1,16.242737749999847,0,199,baseline,1,21
32,1,0.691358024691358,checkpoints/sudoku_extreme_hf/checkpoint,24,1,blanks_1,16.242737749999847,0,200,baseline,1,0
32,1,0.6790123456790124,checkpoints/sudoku_extreme_hf/checkpoint,25,1,blanks_1,16.242737749999847,0,201,baseline,1,0
32,1,0.7530864197530864,checkpoints/sudoku_extreme_hf/checkpoint,19,1,blanks_1,16.242737749999847,0,202,baseline,1,0
32,1,0.8888888888888888,checkpoints/sudoku_extreme_hf/checkpoint,9,1,blanks_1,16.242737749999847,0,203,baseline,1,0
32,1,0.9012345679012346,checkpoints/sudoku_extreme_hf/checkpoint,8,1,blanks_1,16.242737749999847,0,204,baseline,1,0
32,1,0.654320987654321,checkpoints/sudoku_extreme_hf/checkpoint,27,1,blanks_1,16.242737749999847,0,205,baseline,1,0
32,1,0.9506172839506173,checkpoints/sudoku_extreme_hf/checkpoint,4,1,blanks_1,16.242737749999847,0,206,baseline,1,0
32,1,0.8765432098765432,checkpoints/sudoku_extreme_hf/checkpoint,9,1,blanks_1,16.242737749999847,0,207,baseline,1,0
32,1,0.7160493827160493,checkpoints/sudoku_extreme_hf/checkpoint,22,1,blanks_1,16.242737749999847,0,208,baseline,1,0
32,1,0.8024691358024691,checkpoints/sudoku_extreme_hf/checkpoint,16,1,blanks_1,16.242737749999847,0,209,baseline,1,0
32,1,0.8641975308641975,checkpoints/sudoku_extreme_hf/checkpoint,11,1,blanks_1,16.242737749999847,0,210,baseline,1,0
32,1,0.7160493827160493,checkpoints/sudoku_extreme_hf/checkpoint,22,1,blanks_1,16.242737749999847,0,211,baseline,1,0
32,1,0.8024691358024691,checkpoints/sudoku_extreme_hf/checkpoint,15,1,blanks_1,16.242737749999847,0,212,baseline,1,0
32,1,0.7901234567901234,checkpoints/sudoku_extreme_hf/checkpoint,17,1,blanks_1,16.242737749999847,0,213,baseline,1,0
32,1,0.7530864197530864,checkpoints/sudoku_extreme_hf/checkpoint,20,1,blanks_1,16.242737749999847,0,214,baseline,1,0
32,1,0.7407407407407407,checkpoints/sudoku_extreme_hf/checkpoint,20,1,blanks_1,16.242737749999847,0,215,baseline,1,0
32,1,0.7037037037037037,checkpoints/sudoku_extreme_hf/checkpoint,24,1,blanks_1,16.242737749999847,0,216,baseline,1,0
32,1,0.9259259259259259,checkpoints/sudoku_extreme_hf/checkpoint,6,1,blanks_1,16.242737749999847,0,217,baseline,1,0
32,1,1.0,checkpoints/sudoku_extreme_hf/checkpoint,0,1,blanks_1,16.242737749999847,1,218,baseline,0,0
32,1,0.7901234567901234,checkpoints/sudoku_extreme_hf/checkpoint,17,1,blanks_1,16.242737749999847,0,219,baseline,1,0
32,1,1.0,checkpoints/sudoku_extreme_hf/checkpoint,0,1,blanks_1,16.242737749999847,1,220,baseline,0,0
32,1,0.654320987654321,checkpoints/sudoku_extreme_hf/checkpoint,28,1,blanks_1,16.242737749999847,0,221,baseline,1,0
32,1,1.0,checkpoints/sudoku_extreme_hf/checkpoint,0,1,blanks_1,16.242737749999847,1,222,baseline,0,0
32,1,1.0,checkpoints/sudoku_extreme_hf/checkpoint,0,1,blanks_1,16.242737749999847,1,223,baseline,0,0
32,1,0.654320987654321,checkpoints/sudoku_extreme_hf/checkpoint,27,1,blanks_1,17.753060437499357,0,224,baseline,1,0
32,1,0.8148148148148148,checkpoints/sudoku_extreme_hf/checkpoint,15,1,blanks_1,17.753060437499357,0,225,baseline,1,0
32,1,0.9506172839506173,checkpoints/sudoku_extreme_hf/checkpoint,4,1,blanks_1,17.753060437499357,0,226,baseline,1,0
32,1,0.7901234567901234,checkpoints/sudoku_extreme_hf/checkpoint,17,1,blanks_1,17.753060437499357,0,227,baseline,1,0
32,1,0.8395061728395061,checkpoints/sudoku_extreme_hf/checkpoint,13,1,blanks_1,17.753060437499357,0,228,baseline,1,0
32,1,0.7037037037037037,checkpoints/sudoku_extreme_hf/checkpoint,23,1,blanks_1,17.753060437499357,0,229,baseline,1,0
32,1,0.7037037037037037,checkpoints/sudoku_extreme_hf/checkpoint,24,1,blanks_1,17.753060437499357,0,230,baseline,1,0
32,1,0.8395061728395061,checkpoints/sudoku_extreme_hf/checkpoint,12,1,blanks_1,17.753060437499357,0,231,baseline,1,0
32,1,0.8641975308641975,checkpoints/sudoku_extreme_hf/checkpoint,10,1,blanks_1,17.753060437499357,0,232,baseline,1,0
32,1,0.6666666666666666,checkpoints/sudoku_extreme_hf/checkpoint,26,1,blanks_1,17.753060437499357,0,233,baseline,1,0
32,1,0.7530864197530864,checkpoints/sudoku_extreme_hf/checkpoint,19,1,blanks_1,17.753060437499357,0,234,baseline,1,0
32,1,0.7160493827160493,checkpoints/sudoku_extreme_hf/checkpoint,23,1,blanks_1,17.753060437499357,0,235,baseline,1,0
32,1,1.0,checkpoints/sudoku_extreme_hf/checkpoint,0,1,blanks_1,17.753060437499357,1,236,baseline,0,0
32,1,0.7283950617283951,checkpoints/sudoku_extreme_hf/checkpoint,22,0,blanks_1,17.753060437499357,0,237,baseline,1,19
32,1,0.7901234567901234,checkpoints/sudoku_extreme_hf/checkpoint,17,1,blanks_1,17.753060437499357,0,238,baseline,1,0
32,1,0.7407407407407407,checkpoints/sudoku_extreme_hf/checkpoint,21,1,blanks_1,17.753060437499357,0,239,baseline,1,0
32,1,0.9629629629629629,checkpoints/sudoku_extreme_hf/checkpoint,3,0,blanks_1,17.753060437499357,0,240,baseline,1,3
32,1,0.6419753086419753,checkpoints/sudoku_extreme_hf/checkpoint,28,1,blanks_1,17.753060437499357,0,241,baseline,1,0
32,1,0.8518518518518519,checkpoints/sudoku_extreme_hf/checkpoint,12,1,blanks_1,17.753060437499357,0,242,baseline,1,0
32,1,0.654320987654321,checkpoints/sudoku_extreme_hf/checkpoint,27,1,blanks_1,17.753060437499357,0,243,baseline,1,0
32,1,0.9506172839506173,checkpoints/sudoku_extreme_hf/checkpoint,4,1,blanks_1,17.753060437499357,0,244,baseline,1,0
32,1,0.7654320987654321,checkpoints/sudoku_extreme_hf/checkpoint,18,1,blanks_1,17.753060437499357,0,245,baseline,1,0
32,1,0.8888888888888888,checkpoints/sudoku_extreme_hf/checkpoint,8,1,blanks_1,17.753060437499357,0,246,baseline,1,0
32,1,0.9259259259259259,checkpoints/sudoku_extreme_hf/checkpoint,6,1,blanks_1,17.753060437499357,0,247,baseline,1,0
32,1,1.0,checkpoints/sudoku_extreme_hf/checkpoint,0,1,blanks_1,17.753060437499357,1,248,baseline,0,0
32,1,0.7530864197530864,checkpoints/sudoku_extreme_hf/checkpoint,20,1,blanks_1,17.753060437499357,0,249,baseline,1,0
32,1,0.8024691358024691,checkpoints/sudoku_extreme_hf/checkpoint,15,1,blanks_1,17.753060437499357,0,250,baseline,1,0
32,1,0.9506172839506173,checkpoints/sudoku_extreme_hf/checkpoint,4,1,blanks_1,17.753060437499357,0,251,baseline,1,0
32,1,0.7777777777777778,checkpoints/sudoku_extreme_hf/checkpoint,18,1,blanks_1,17.753060437499357,0,252,baseline,1,0
32,1,0.8518518518518519,checkpoints/sudoku_extreme_hf/checkpoint,12,1,blanks_1,17.753060437499357,0,253,baseline,1,0
32,1,0.7160493827160493,checkpoints/sudoku_extreme_hf/checkpoint,23,1,blanks_1,17.753060437499357,0,254,baseline,1,0
32,1,0.9259259259259259,checkpoints/sudoku_extreme_hf/checkpoint,6,1,blanks_1,17.753060437499357,0,255,baseline,1,0
32,1,1.0,checkpoints/sudoku_extreme_hf/checkpoint,0,1,blanks_1,16.50336681250053,1,256,baseline,0,0
32,1,0.9012345679012346,checkpoints/sudoku_extreme_hf/checkpoint,8,1,blanks_1,16.50336681250053,0,257,baseline,1,0
32,1,0.8518518518518519,checkpoints/sudoku_extreme_hf/checkpoint,12,1,blanks_1,16.50336681250053,0,258,baseline,1,0
32,1,0.9259259259259259,checkpoints/sudoku_extreme_hf/checkpoint,6,1,blanks_1,16.50336681250053,0,259,baseline,1,0
32,1,0.6419753086419753,checkpoints/sudoku_extreme_hf/checkpoint,28,1,blanks_1,16.50336681250053,0,260,baseline,1,0
32,1,0.9259259259259259,checkpoints/sudoku_extreme_hf/checkpoint,6,1,blanks_1,16.50336681250053,0,261,baseline,1,0
32,1,0.7283950617283951,checkpoints/sudoku_extreme_hf/checkpoint,22,1,blanks_1,16.50336681250053,0,262,baseline,1,0
32,1,0.8024691358024691,checkpoints/sudoku_extreme_hf/checkpoint,16,1,blanks_1,16.50336681250053,0,263,baseline,1,0
32,1,0.7037037037037037,checkpoints/sudoku_extreme_hf/checkpoint,24,1,blanks_1,16.50336681250053,0,264,baseline,1,0
32,1,0.9259259259259259,checkpoints/sudoku_extreme_hf/checkpoint,6,1,blanks_1,16.50336681250053,0,265,baseline,1,0
32,1,1.0,checkpoints/sudoku_extreme_hf/checkpoint,0,1,blanks_1,16.50336681250053,1,266,baseline,0,0
32,1,0.691358024691358,checkpoints/sudoku_extreme_hf/checkpoint,25,1,blanks_1,16.50336681250053,0,267,baseline,1,0
32,1,0.7654320987654321,checkpoints/sudoku_extreme_hf/checkpoint,19,0,blanks_1,16.50336681250053,0,268,baseline,1,15
32,1,0.9012345679012346,checkpoints/sudoku_extreme_hf/checkpoint,8,1,blanks_1,16.50336681250053,0,269,baseline,1,0
32,1,1.0,checkpoints/sudoku_extreme_hf/checkpoint,0,1,blanks_1,16.50336681250053,1,270,baseline,0,0
32,1,0.6666666666666666,checkpoints/sudoku_extreme_hf/checkpoint,27,1,blanks_1,16.50336681250053,0,271,baseline,1,0
32,1,0.6419753086419753,checkpoints/sudoku_extreme_hf/checkpoint,29,1,blanks_1,16.50336681250053,0,272,baseline,1,0
32,1,0.7037037037037037,checkpoints/sudoku_extreme_hf/checkpoint,23,1,blanks_1,16.50336681250053,0,273,baseline,1,0
32,1,1.0,checkpoints/sudoku_extreme_hf/checkpoint,0,1,blanks_1,16.50336681250053,1,274,baseline,0,0
32,1,0.7654320987654321,checkpoints/sudoku_extreme_hf/checkpoint,18,1,blanks_1,16.50336681250053,0,275,baseline,1,0
32,1,1.0,checkpoints/sudoku_extreme_hf/checkpoint,0,1,blanks_1,16.50336681250053,1,276,baseline,0,0
32,1,0.8518518518518519,checkpoints/sudoku_extreme_hf/checkpoint,12,1,blanks_1,16.50336681250053,0,277,baseline,1,0
32,1,0.7777777777777778,checkpoints/sudoku_extreme_hf/checkpoint,18,1,blanks_1,16.50336681250053,0,278,baseline,1,0
32,1,0.6666666666666666,checkpoints/sudoku_extreme_hf/checkpoint,27,1,blanks_1,16.50336681250053,0,279,baseline,1,0
32,1,0.691358024691358,checkpoints/sudoku_extreme_hf/checkpoint,24,1,blanks_1,16.50336681250053,0,280,baseline,1,0
32,1,0.7530864197530864,checkpoints/sudoku_extreme_hf/checkpoint,20,0,blanks_1,16.50336681250053,0,281,baseline,1,28
32,1,1.0,checkpoints/sudoku_extreme_hf/checkpoint,0,1,blanks_1,16.50336681250053,1,282,baseline,0,0
32,1,0.9135802469135802,checkpoints/sudoku_extreme_hf/checkpoint,7,1,blanks_1,16.50336681250053,0,283,baseline,1,0
32,1,0.8271604938271605,checkpoints/sudoku_extreme_hf/checkpoint,14,1,blanks_1,16.50336681250053,0,284,baseline,1,0
32,1,0.7407407407407407,checkpoints/sudoku_extreme_hf/checkpoint,20,1,blanks_1,16.50336681250053,0,285,baseline,1,0
32,1,0.7037037037037037,checkpoints/sudoku_extreme_hf/checkpoint,24,1,blanks_1,16.50336681250053,0,286,baseline,1,0
32,1,0.7654320987654321,checkpoints/sudoku_extreme_hf/checkpoint,18,1,blanks_1,16.50336681250053,0,287,baseline,1,0
32,1,0.9012345679012346,checkpoints/sudoku_extreme_hf/checkpoint,8,1,blanks_1,16.772721874998453,0,288,baseline,1,0
32,1,0.8271604938271605,checkpoints/sudoku_extreme_hf/checkpoint,14,1,blanks_1,16.772721874998453,0,289,baseline,1,0
32,1,0.7901234567901234,checkpoints/sudoku_extreme_hf/checkpoint,17,1,blanks_1,16.772721874998453,0,290,baseline,1,0
32,1,0.6790123456790124,checkpoints/sudoku_extreme_hf/checkpoint,25,1,blanks_1,16.772721874998453,0,291,baseline,1,0
32,1,0.6666666666666666,checkpoints/sudoku_extreme_hf/checkpoint,26,1,blanks_1,16.772721874998453,0,292,baseline,1,0
32,1,0.8518518518518519,checkpoints/sudoku_extreme_hf/checkpoint,12,1,blanks_1,16.772721874998453,0,293,baseline,1,0
32,1,0.7530864197530864,checkpoints/sudoku_extreme_hf/checkpoint,20,1,blanks_1,16.772721874998453,0,294,baseline,1,0
32,1,0.6790123456790124,checkpoints/sudoku_extreme_hf/checkpoint,26,1,blanks_1,16.772721874998453,0,295,baseline,1,0
32,1,0.7777777777777778,checkpoints/sudoku_extreme_hf/checkpoint,18,1,blanks_1,16.772721874998453,0,296,baseline,1,0
32,1,0.7407407407407407,checkpoints/sudoku_extreme_hf/checkpoint,20,1,blanks_1,16.772721874998453,0,297,baseline,1,0
32,1,0.7654320987654321,checkpoints/sudoku_extreme_hf/checkpoint,19,1,blanks_1,16.772721874998453,0,298,baseline,1,0
32,1,0.691358024691358,checkpoints/sudoku_extreme_hf/checkpoint,24,1,blanks_1,16.772721874998453,0,299,baseline,1,0
32,1,0.8641975308641975,checkpoints/sudoku_extreme_hf/checkpoint,11,1,blanks_1,16.772721874998453,0,300,baseline,1,0
32,1,0.8518518518518519,checkpoints/sudoku_extreme_hf/checkpoint,12,1,blanks_1,16.772721874998453,0,301,baseline,1,0
32,1,0.7407407407407407,checkpoints/sudoku_extreme_hf/checkpoint,21,0,blanks_1,16.772721874998453,0,302,baseline,1,27
32,1,0.8148148148148148,checkpoints/sudoku_extreme_hf/checkpoint,15,1,blanks_1,16.772721874998453,0,303,baseline,1,0
32,1,0.8271604938271605,checkpoints/sudoku_extreme_hf/checkpoint,14,1,blanks_1,16.772721874998453,0,304,baseline,1,0
32,1,0.8271604938271605,checkpoints/sudoku_extreme_hf/checkpoint,14,1,blanks_1,16.772721874998453,0,305,baseline,1,0
32,1,1.0,checkpoints/sudoku_extreme_hf/checkpoint,0,1,blanks_1,16.772721874998453,1,306,baseline,0,0
32,1,0.7407407407407407,checkpoints/sudoku_extreme_hf/checkpoint,21,0,blanks_1,16.772721874998453,0,307,baseline,1,7
32,1,0.7901234567901234,checkpoints/sudoku_extreme_hf/checkpoint,17,1,blanks_1,16.772721874998453,0,308,baseline,1,0
32,1,0.8024691358024691,checkpoints/sudoku_extreme_hf/checkpoint,16,1,blanks_1,16.772721874998453,0,309,baseline,1,0
32,1,0.7654320987654321,checkpoints/sudoku_extreme_hf/checkpoint,19,0,blanks_1,16.772721874998453,0,310,baseline,1,21
32,1,0.9259259259259259,checkpoints/sudoku_extreme_hf/checkpoint,6,1,blanks_1,16.772721874998453,0,311,baseline,1,0
32,1,0.8148148148148148,checkpoints/sudoku_extreme_hf/checkpoint,14,1,blanks_1,16.772721874998453,0,312,baseline,1,0
32,1,0.691358024691358,checkpoints/sudoku_extreme_hf/checkpoint,25,1,blanks_1,16.772721874998453,0,313,baseline,1,0
32,1,0.7901234567901234,checkpoints/sudoku_extreme_hf/checkpoint,17,1,blanks_1,16.772721874998453,0,314,baseline,1,0
32,1,0.7283950617283951,checkpoints/sudoku_extreme_hf/checkpoint,22,1,blanks_1,16.772721874998453,0,315,baseline,1,0
32,1,0.691358024691358,checkpoints/sudoku_extreme_hf/checkpoint,25,1,blanks_1,16.772721874998453,0,316,baseline,1,0
32,1,0.8024691358024691,checkpoints/sudoku_extreme_hf/checkpoint,16,1,blanks_1,16.772721874998453,0,317,baseline,1,0
32,1,0.7777777777777778,checkpoints/sudoku_extreme_hf/checkpoint,18,1,blanks_1,16.772721874998453,0,318,baseline,1,0
32,1,0.7654320987654321,checkpoints/sudoku_extreme_hf/checkpoint,19,1,blanks_1,16.772721874998453,0,319,baseline,1,0
32,1,0.7901234567901234,checkpoints/sudoku_extreme_hf/checkpoint,17,1,blanks_1,16.530384687499122,0,320,baseline,1,0
32,1,0.7530864197530864,checkpoints/sudoku_extreme_hf/checkpoint,19,1,blanks_1,16.530384687499122,0,321,baseline,1,0
32,1,0.9506172839506173,checkpoints/sudoku_extreme_hf/checkpoint,4,1,blanks_1,16.530384687499122,0,322,baseline,1,0
32,1,0.7654320987654321,checkpoints/sudoku_extreme_hf/checkpoint,19,1,blanks_1,16.530384687499122,0,323,baseline,1,0
32,1,0.9506172839506173,checkpoints/sudoku_extreme_hf/checkpoint,4,1,blanks_1,16.530384687499122,0,324,baseline,1,0
32,1,1.0,checkpoints/sudoku_extreme_hf/checkpoint,0,1,blanks_1,16.530384687499122,1,325,baseline,0,0
32,1,0.9135802469135802,checkpoints/sudoku_extreme_hf/checkpoint,7,1,blanks_1,16.530384687499122,0,326,baseline,1,0
32,1,0.7037037037037037,checkpoints/sudoku_extreme_hf/checkpoint,24,1,blanks_1,16.530384687499122,0,327,baseline,1,0
32,1,0.9506172839506173,checkpoints/sudoku_extreme_hf/checkpoint,4,1,blanks_1,16.530384687499122,0,328,baseline,1,0
32,1,0.9012345679012346,checkpoints/sudoku_extreme_hf/checkpoint,8,1,blanks_1,16.530384687499122,0,329,baseline,1,0
32,1,0.9259259259259259,checkpoints/sudoku_extreme_hf/checkpoint,6,1,blanks_1,16.530384687499122,0,330,baseline,1,0
32,1,0.6790123456790124,checkpoints/sudoku_extreme_hf/checkpoint,26,1,blanks_1,16.530384687499122,0,331,baseline,1,0
32,1,1.0,checkpoints/sudoku_extreme_hf/checkpoint,0,1,blanks_1,16.530384687499122,1,332,baseline,0,0
32,1,0.7654320987654321,checkpoints/sudoku_extreme_hf/checkpoint,18,1,blanks_1,16.530384687499122,0,333,baseline,1,0
32,1,0.8765432098765432,checkpoints/sudoku_extreme_hf/checkpoint,9,1,blanks_1,16.530384687499122,0,334,baseline,1,0
32,1,0.8518518518518519,checkpoints/sudoku_extreme_hf/checkpoint,12,1,blanks_1,16.530384687499122,0,335,baseline,1,0
32,1,0.7160493827160493,checkpoints/sudoku_extreme_hf/checkpoint,23,0,blanks_1,16.530384687499122,0,336,baseline,1,18
32,1,0.9012345679012346,checkpoints/sudoku_extreme_hf/checkpoint,8,1,blanks_1,16.530384687499122,0,337,baseline,1,0
32,1,0.8148148148148148,checkpoints/sudoku_extreme_hf/checkpoint,15,1,blanks_1,16.530384687499122,0,338,baseline,1,0
32,1,0.8024691358024691,checkpoints/sudoku_extreme_hf/checkpoint,16,1,blanks_1,16.530384687499122,0,339,baseline,1,0
32,1,0.8271604938271605,checkpoints/sudoku_extreme_hf/checkpoint,14,1,blanks_1,16.530384687499122,0,340,baseline,1,0
32,1,0.9506172839506173,checkpoints/sudoku_extreme_hf/checkpoint,4,1,blanks_1,16.530384687499122,0,341,baseline,1,0
32,1,0.6790123456790124,checkpoints/sudoku_extreme_hf/checkpoint,25,0,blanks_1,16.530384687499122,0,342,baseline,1,18
32,1,0.7283950617283951,checkpoints/sudoku_extreme_hf/checkpoint,21,1,blanks_1,16.530384687499122,0,343,baseline,1,0
32,1,0.7160493827160493,checkpoints/sudoku_extreme_hf/checkpoint,22,1,blanks_1,16.530384687499122,0,344,baseline,1,0
32,1,0.8395061728395061,checkpoints/sudoku_extreme_hf/checkpoint,13,1,blanks_1,16.530384687499122,0,345,baseline,1,0
32,1,0.9506172839506173,checkpoints/sudoku_extreme_hf/checkpoint,4,1,blanks_1,16.530384687499122,0,346,baseline,1,0
32,1,1.0,checkpoints/sudoku_extreme_hf/checkpoint,0,1,blanks_1,16.530384687499122,1,347,baseline,0,0
32,1,1.0,checkpoints/sudoku_extreme_hf/checkpoint,0,1,blanks_1,16.530384687499122,1,348,baseline,0,0
32,1,0.7037037037037037,checkpoints/sudoku_extreme_hf/checkpoint,24,1,blanks_1,16.530384687499122,0,349,baseline,1,0
32,1,0.7160493827160493,checkpoints/sudoku_extreme_hf/checkpoint,23,1,blanks_1,16.530384687499122,0,350,baseline,1,0
32,1,0.654320987654321,checkpoints/sudoku_extreme_hf/checkpoint,28,1,blanks_1,16.530384687499122,0,351,baseline,1,0
32,1,0.691358024691358,checkpoints/sudoku_extreme_hf/checkpoint,24,1,blanks_1,16.37266862499942,0,352,baseline,1,0
32,1,0.9506172839506173,checkpoints/sudoku_extreme_hf/checkpoint,4,1,blanks_1,16.37266862499942,0,353,baseline,1,0
32,1,0.7901234567901234,checkpoints/sudoku_extreme_hf/checkpoint,17,1,blanks_1,16.37266862499942,0,354,baseline,1,0
32,1,1.0,checkpoints/sudoku_extreme_hf/checkpoint,0,1,blanks_1,16.37266862499942,1,355,baseline,0,0
32,1,1.0,checkpoints/sudoku_extreme_hf/checkpoint,0,1,blanks_1,16.37266862499942,1,356,baseline,0,0
32,1,0.7160493827160493,checkpoints/sudoku_extreme_hf/checkpoint,22,1,blanks_1,16.37266862499942,0,357,baseline,1,0
32,1,0.7654320987654321,checkpoints/sudoku_extreme_hf/checkpoint,19,1,blanks_1,16.37266862499942,0,358,baseline,1,0
32,1,0.8024691358024691,checkpoints/sudoku_extreme_hf/checkpoint,15,1,blanks_1,16.37266862499942,0,359,baseline,1,0
32,1,0.6296296296296297,checkpoints/sudoku_extreme_hf/checkpoint,30,1,blanks_1,16.37266862499942,0,360,baseline,1,0
32,1,0.7160493827160493,checkpoints/sudoku_extreme_hf/checkpoint,22,1,blanks_1,16.37266862499942,0,361,baseline,1,0
32,1,0.8641975308641975,checkpoints/sudoku_extreme_hf/checkpoint,11,1,blanks_1,16.37266862499942,0,362,baseline,1,0
32,1,0.8518518518518519,checkpoints/sudoku_extreme_hf/checkpoint,12,1,blanks_1,16.37266862499942,0,363,baseline,1,0
32,1,0.8271604938271605,checkpoints/sudoku_extreme_hf/checkpoint,13,0,blanks_1,16.37266862499942,0,364,baseline,1,3
32,1,0.7530864197530864,checkpoints/sudoku_extreme_hf/checkpoint,20,1,blanks_1,16.37266862499942,0,365,baseline,1,0
32,1,0.7160493827160493,checkpoints/sudoku_extreme_hf/checkpoint,23,1,blanks_1,16.37266862499942,0,366,baseline,1,0
32,1,0.9259259259259259,checkpoints/sudoku_extreme_hf/checkpoint,6,1,blanks_1,16.37266862499942,0,367,baseline,1,0
32,1,0.8888888888888888,checkpoints/sudoku_extreme_hf/checkpoint,9,1,blanks_1,16.37266862499942,0,368,baseline,1,0
32,1,0.8271604938271605,checkpoints/sudoku_extreme_hf/checkpoint,13,1,blanks_1,16.37266862499942,0,369,baseline,1,0
32,1,0.8395061728395061,checkpoints/sudoku_extreme_hf/checkpoint,13,0,blanks_1,16.37266862499942,0,370,baseline,1,21
32,1,0.9506172839506173,checkpoints/sudoku_extreme_hf/checkpoint,4,1,blanks_1,16.37266862499942,0,371,baseline,1,0
32,1,0.7901234567901234,checkpoints/sudoku_extreme_hf/checkpoint,17,1,blanks_1,16.37266862499942,0,372,baseline,1,0
32,1,0.8148148148148148,checkpoints/sudoku_extreme_hf/checkpoint,15,0,blanks_1,16.37266862499942,0,373,baseline,1,34
32,1,0.8024691358024691,checkpoints/sudoku_extreme_hf/checkpoint,15,1,blanks_1,16.37266862499942,0,374,baseline,1,0
32,1,0.8024691358024691,checkpoints/sudoku_extreme_hf/checkpoint,15,1,blanks_1,16.37266862499942,0,375,baseline,1,0
32,1,0.7407407407407407,checkpoints/sudoku_extreme_hf/checkpoint,20,1,blanks_1,16.37266862499942,0,376,baseline,1,0
32,1,0.8024691358024691,checkpoints/sudoku_extreme_hf/checkpoint,16,1,blanks_1,16.37266862499942,0,377,baseline,1,0
32,1,1.0,checkpoints/sudoku_extreme_hf/checkpoint,0,1,blanks_1,16.37266862499942,1,378,baseline,0,0
32,1,0.7530864197530864,checkpoints/sudoku_extreme_hf/checkpoint,20,1,blanks_1,16.37266862499942,0,379,baseline,1,0
32,1,0.8024691358024691,checkpoints/sudoku_extreme_hf/checkpoint,15,1,blanks_1,16.37266862499942,0,380,baseline,1,0
32,1,0.7407407407407407,checkpoints/sudoku_extreme_hf/checkpoint,21,1,blanks_1,16.37266862499942,0,381,baseline,1,0
32,1,0.7777777777777778,checkpoints/sudoku_extreme_hf/checkpoint,17,1,blanks_1,16.37266862499942,0,382,baseline,1,0
32,1,0.8641975308641975,checkpoints/sudoku_extreme_hf/checkpoint,10,1,blanks_1,16.37266862499942,0,383,baseline,1,0
32,1,0.8888888888888888,checkpoints/sudoku_extreme_hf/checkpoint,9,1,blanks_1,18.5961407500006,0,384,baseline,1,0
32,1,0.5925925925925926,checkpoints/sudoku_extreme_hf/checkpoint,33,1,blanks_1,18.5961407500006,0,385,baseline,1,0
32,1,0.7160493827160493,checkpoints/sudoku_extreme_hf/checkpoint,23,1,blanks_1,18.5961407500006,0,386,baseline,1,0
32,1,0.7901234567901234,checkpoints/sudoku_extreme_hf/checkpoint,17,1,blanks_1,18.5961407500006,0,387,baseline,1,0
32,1,0.7407407407407407,checkpoints/sudoku_extreme_hf/checkpoint,21,1,blanks_1,18.5961407500006,0,388,baseline,1,0
32,1,0.691358024691358,checkpoints/sudoku_extreme_hf/checkpoint,24,1,blanks_1,18.5961407500006,0,389,baseline,1,0
32,1,0.6419753086419753,checkpoints/sudoku_extreme_hf/checkpoint,28,1,blanks_1,18.5961407500006,0,390,baseline,1,0
32,1,0.7037037037037037,checkpoints/sudoku_extreme_hf/checkpoint,24,1,blanks_1,18.5961407500006,0,391,baseline,1,0
32,1,0.8395061728395061,checkpoints/sudoku_extreme_hf/checkpoint,13,1,blanks_1,18.5961407500006,0,392,baseline,1,0
32,1,0.6296296296296297,checkpoints/sudoku_extreme_hf/checkpoint,29,1,blanks_1,18.5961407500006,0,393,baseline,1,0
32,1,1.0,checkpoints/sudoku_extreme_hf/checkpoint,0,1,blanks_1,18.5961407500006,1,394,baseline,0,0
32,1,0.9135802469135802,checkpoints/sudoku_extreme_hf/checkpoint,7,1,blanks_1,18.5961407500006,0,395,baseline,1,0
32,1,0.7407407407407407,checkpoints/sudoku_extreme_hf/checkpoint,21,1,blanks_1,18.5961407500006,0,396,baseline,1,0
32,1,0.7283950617283951,checkpoints/sudoku_extreme_hf/checkpoint,22,1,blanks_1,18.5961407500006,0,397,baseline,1,0
32,1,0.7530864197530864,checkpoints/sudoku_extreme_hf/checkpoint,20,1,blanks_1,18.5961407500006,0,398,baseline,1,0
32,1,0.7530864197530864,checkpoints/sudoku_extreme_hf/checkpoint,20,1,blanks_1,18.5961407500006,0,399,baseline,1,0
32,1,0.7530864197530864,checkpoints/sudoku_extreme_hf/checkpoint,20,1,blanks_1,18.5961407500006,0,400,baseline,1,0
32,1,0.9506172839506173,checkpoints/sudoku_extreme_hf/checkpoint,4,1,blanks_1,18.5961407500006,0,401,baseline,1,0
32,1,0.9506172839506173,checkpoints/sudoku_extreme_hf/checkpoint,4,1,blanks_1,18.5961407500006,0,402,baseline,1,0
32,1,0.7777777777777778,checkpoints/sudoku_extreme_hf/checkpoint,17,1,blanks_1,18.5961407500006,0,403,baseline,1,0
32,1,0.9506172839506173,checkpoints/sudoku_extreme_hf/checkpoint,4,1,blanks_1,18.5961407500006,0,404,baseline,1,0
32,1,0.9259259259259259,checkpoints/sudoku_extreme_hf/checkpoint,6,1,blanks_1,18.5961407500006,0,405,baseline,1,0
32,1,0.8395061728395061,checkpoints/sudoku_extreme_hf/checkpoint,13,1,blanks_1,18.5961407500006,0,406,baseline,1,0
32,1,0.9506172839506173,checkpoints/sudoku_extreme_hf/checkpoint,4,1,blanks_1,18.5961407500006,0,407,baseline,1,0
32,1,0.7654320987654321,checkpoints/sudoku_extreme_hf/checkpoint,19,1,blanks_1,18.5961407500006,0,408,baseline,1,0
32,1,1.0,checkpoints/sudoku_extreme_hf/checkpoint,0,1,blanks_1,18.5961407500006,1,409,baseline,0,0
32,1,0.8518518518518519,checkpoints/sudoku_extreme_hf/checkpoint,12,1,blanks_1,18.5961407500006,0,410,baseline,1,0
32,1,0.8024691358024691,checkpoints/sudoku_extreme_hf/checkpoint,16,1,blanks_1,18.5961407500006,0,411,baseline,1,0
32,1,0.7037037037037037,checkpoints/sudoku_extreme_hf/checkpoint,24,1,blanks_1,18.5961407500006,0,412,baseline,1,0
32,1,0.5802469135802469,checkpoints/sudoku_extreme_hf/checkpoint,33,1,blanks_1,18.5961407500006,0,413,baseline,1,0
32,1,0.7654320987654321,checkpoints/sudoku_extreme_hf/checkpoint,18,1,blanks_1,18.5961407500006,0,414,baseline,1,0
32,1,0.9506172839506173,checkpoints/sudoku_extreme_hf/checkpoint,4,1,blanks_1,18.5961407500006,0,415,baseline,1,0
32,1,0.7283950617283951,checkpoints/sudoku_extreme_hf/checkpoint,22,1,blanks_1,20.41974768749988,0,416,baseline,1,0
32,1,1.0,checkpoints/sudoku_extreme_hf/checkpoint,0,1,blanks_1,20.41974768749988,1,417,baseline,0,0
32,1,0.9259259259259259,checkpoints/sudoku_extreme_hf/checkpoint,6,1,blanks_1,20.41974768749988,0,418,baseline,1,0
32,1,0.8395061728395061,checkpoints/sudoku_extreme_hf/checkpoint,12,0,blanks_1,20.41974768749988,0,419,baseline,1,33
32,1,0.7901234567901234,checkpoints/sudoku_extreme_hf/checkpoint,16,1,blanks_1,20.41974768749988,0,420,baseline,1,0
32,1,0.8765432098765432,checkpoints/sudoku_extreme_hf/checkpoint,9,1,blanks_1,20.41974768749988,0,421,baseline,1,0
32,1,0.9506172839506173,checkpoints/sudoku_extreme_hf/checkpoint,4,1,blanks_1,20.41974768749988,0,422,baseline,1,0
32,1,0.8395061728395061,checkpoints/sudoku_extreme_hf/checkpoint,12,1,blanks_1,20.41974768749988,0,423,baseline,1,0
32,1,0.7777777777777778,checkpoints/sudoku_extreme_hf/checkpoint,17,1,blanks_1,20.41974768749988,0,424,baseline,1,0
32,1,0.9135802469135802,checkpoints/sudoku_extreme_hf/checkpoint,7,1,blanks_1,20.41974768749988,0,425,baseline,1,0
32,1,0.7654320987654321,checkpoints/sudoku_extreme_hf/checkpoint,19,0,blanks_1,20.41974768749988,0,426,baseline,1,3
32,1,0.8395061728395061,checkpoints/sudoku_extreme_hf/checkpoint,12,1,blanks_1,20.41974768749988,0,427,baseline,1,0
32,1,1.0,checkpoints/sudoku_extreme_hf/checkpoint,0,1,blanks_1,20.41974768749988,1,428,baseline,0,0
32,1,0.9506172839506173,checkpoints/sudoku_extreme_hf/checkpoint,4,1,blanks_1,20.41974768749988,0,429,baseline,1,0
32,1,0.7407407407407407,checkpoints/sudoku_extreme_hf/checkpoint,20,1,blanks_1,20.41974768749988,0,430,baseline,1,0
32,1,0.8148148148148148,checkpoints/sudoku_extreme_hf/checkpoint,15,1,blanks_1,20.41974768749988,0,431,baseline,1,0
32,1,0.6172839506172839,checkpoints/sudoku_extreme_hf/checkpoint,30,1,blanks_1,20.41974768749988,0,432,baseline,1,0
32,1,0.7530864197530864,checkpoints/sudoku_extreme_hf/checkpoint,19,1,blanks_1,20.41974768749988,0,433,baseline,1,0
32,1,0.8395061728395061,checkpoints/sudoku_extreme_hf/checkpoint,13,1,blanks_1,20.41974768749988,0,434,baseline,1,0
32,1,0.7407407407407407,checkpoints/sudoku_extreme_hf/checkpoint,21,1,blanks_1,20.41974768749988,0,435,baseline,1,0
32,1,0.8024691358024691,checkpoints/sudoku_extreme_hf/checkpoint,16,0,blanks_1,20.41974768749988,0,436,baseline,1,21
32,1,0.7037037037037037,checkpoints/sudoku_extreme_hf/checkpoint,24,1,blanks_1,20.41974768749988,0,437,baseline,1,0
32,1,0.7901234567901234,checkpoints/sudoku_extreme_hf/checkpoint,17,1,blanks_1,20.41974768749988,0,438,baseline,1,0
32,1,0.8024691358024691,checkpoints/sudoku_extreme_hf/checkpoint,15,1,blanks_1,20.41974768749988,0,439,baseline,1,0
32,1,0.7407407407407407,checkpoints/sudoku_extreme_hf/checkpoint,20,0,blanks_1,20.41974768749988,0,440,baseline,1,19
32,1,0.8395061728395061,checkpoints/sudoku_extreme_hf/checkpoint,13,1,blanks_1,20.41974768749988,0,441,baseline,1,0
32,1,0.9259259259259259,checkpoints/sudoku_extreme_hf/checkpoint,6,1,blanks_1,20.41974768749988,0,442,baseline,1,0
32,1,0.8024691358024691,checkpoints/sudoku_extreme_hf/checkpoint,16,1,blanks_1,20.41974768749988,0,443,baseline,1,0
32,1,0.7530864197530864,checkpoints/sudoku_extreme_hf/checkpoint,20,1,blanks_1,20.41974768749988,0,444,baseline,1,0
32,1,0.8888888888888888,checkpoints/sudoku_extreme_hf/checkpoint,9,1,blanks_1,20.41974768749988,0,445,baseline,1,0
32,1,0.7407407407407407,checkpoints/sudoku_extreme_hf/checkpoint,20,1,blanks_1,20.41974768749988,0,446,baseline,1,0
32,1,0.7407407407407407,checkpoints/sudoku_extreme_hf/checkpoint,20,1,blanks_1,20.41974768749988,0,447,baseline,1,0
32,1,0.8765432098765432,checkpoints/sudoku_extreme_hf/checkpoint,10,1,blanks_1,18.216727500000474,0,448,baseline,1,0
32,1,0.9012345679012346,checkpoints/sudoku_extreme_hf/checkpoint,8,1,blanks_1,18.216727500000474,0,449,baseline,1,0
32,1,0.7901234567901234,checkpoints/sudoku_extreme_hf/checkpoint,17,1,blanks_1,18.216727500000474,0,450,baseline,1,0
32,1,0.7283950617283951,checkpoints/sudoku_extreme_hf/checkpoint,22,1,blanks_1,18.216727500000474,0,451,baseline,1,0
32,1,0.9135802469135802,checkpoints/sudoku_extreme_hf/checkpoint,7,1,blanks_1,18.216727500000474,0,452,baseline,1,0
32,1,0.8271604938271605,checkpoints/sudoku_extreme_hf/checkpoint,14,1,blanks_1,18.216727500000474,0,453,baseline,1,0
32,1,0.7283950617283951,checkpoints/sudoku_extreme_hf/checkpoint,21,1,blanks_1,18.216727500000474,0,454,baseline,1,0
32,1,0.6419753086419753,checkpoints/sudoku_extreme_hf/checkpoint,28,1,blanks_1,18.216727500000474,0,455,baseline,1,0
32,1,0.8765432098765432,checkpoints/sudoku_extreme_hf/checkpoint,9,1,blanks_1,18.216727500000474,0,456,baseline,1,0
32,1,0.6790123456790124,checkpoints/sudoku_extreme_hf/checkpoint,26,1,blanks_1,18.216727500000474,0,457,baseline,1,0
32,1,0.8148148148148148,checkpoints/sudoku_extreme_hf/checkpoint,15,1,blanks_1,18.216727500000474,0,458,baseline,1,0
32,1,1.0,checkpoints/sudoku_extreme_hf/checkpoint,0,1,blanks_1,18.216727500000474,1,459,baseline,0,0
32,1,0.8518518518518519,checkpoints/sudoku_extreme_hf/checkpoint,11,1,blanks_1,18.216727500000474,0,460,baseline,1,0
32,1,0.8148148148148148,checkpoints/sudoku_extreme_hf/checkpoint,14,1,blanks_1,18.216727500000474,0,461,baseline,1,0
32,1,0.7654320987654321,checkpoints/sudoku_extreme_hf/checkpoint,19,0,blanks_1,18.216727500000474,0,462,baseline,1,29
32,1,0.7901234567901234,checkpoints/sudoku_extreme_hf/checkpoint,16,0,blanks_1,18.216727500000474,0,463,baseline,1,17
32,1,0.7407407407407407,checkpoints/sudoku_extreme_hf/checkpoint,21,1,blanks_1,18.216727500000474,0,464,baseline,1,0
32,1,0.9259259259259259,checkpoints/sudoku_extreme_hf/checkpoint,6,1,blanks_1,18.216727500000474,0,465,baseline,1,0
32,1,1.0,checkpoints/sudoku_extreme_hf/checkpoint,0,1,blanks_1,18.216727500000474,1,466,baseline,0,0
32,1,0.9012345679012346,checkpoints/sudoku_extreme_hf/checkpoint,8,1,blanks_1,18.216727500000474,0,467,baseline,1,0
32,1,0.8024691358024691,checkpoints/sudoku_extreme_hf/checkpoint,15,1,blanks_1,18.216727500000474,0,468,baseline,1,0
32,1,0.8271604938271605,checkpoints/sudoku_extreme_hf/checkpoint,13,1,blanks_1,18.216727500000474,0,469,baseline,1,0
32,1,0.7777777777777778,checkpoints/sudoku_extreme_hf/checkpoint,18,0,blanks_1,18.216727500000474,0,470,baseline,1,21
32,1,1.0,checkpoints/sudoku_extreme_hf/checkpoint,0,1,blanks_1,18.216727500000474,1,471,baseline,0,0
32,1,0.6296296296296297,checkpoints/sudoku_extreme_hf/checkpoint,29,1,blanks_1,18.216727500000474,0,472,baseline,1,0
32,1,0.654320987654321,checkpoints/sudoku_extreme_hf/checkpoint,27,0,blanks_1,18.216727500000474,0,473,baseline,1,22
32,1,0.8518518518518519,checkpoints/sudoku_extreme_hf/checkpoint,12,1,blanks_1,18.216727500000474,0,474,baseline,1,0
32,1,0.9506172839506173,checkpoints/sudoku_extreme_hf/checkpoint,4,1,blanks_1,18.216727500000474,0,475,baseline,1,0
32,1,0.8148148148148148,checkpoints/sudoku_extreme_hf/checkpoint,15,1,blanks_1,18.216727500000474,0,476,baseline,1,0
32,1,0.8888888888888888,checkpoints/sudoku_extreme_hf/checkpoint,8,1,blanks_1,18.216727500000474,0,477,baseline,1,0
32,1,0.8148148148148148,checkpoints/sudoku_extreme_hf/checkpoint,14,1,blanks_1,18.216727500000474,0,478,baseline,1,0
32,1,0.6666666666666666,checkpoints/sudoku_extreme_hf/checkpoint,26,0,blanks_1,18.216727500000474,0,479,baseline,1,17
32,1,0.9012345679012346,checkpoints/sudoku_extreme_hf/checkpoint,8,1,blanks_1,20.341270531249123,0,480,baseline,1,0
32,1,0.6666666666666666,checkpoints/sudoku_extreme_hf/checkpoint,26,1,blanks_1,20.341270531249123,0,481,baseline,1,0
32,1,0.9259259259259259,checkpoints/sudoku_extreme_hf/checkpoint,6,1,blanks_1,20.341270531249123,0,482,baseline,1,0
32,1,0.8888888888888888,checkpoints/sudoku_extreme_hf/checkpoint,9,1,blanks_1,20.341270531249123,0,483,baseline,1,0
32,1,0.8518518518518519,checkpoints/sudoku_extreme_hf/checkpoint,12,1,blanks_1,20.341270531249123,0,484,baseline,1,0
32,1,0.8395061728395061,checkpoints/sudoku_extreme_hf/checkpoint,13,1,blanks_1,20.341270531249123,0,485,baseline,1,0
32,1,0.9135802469135802,checkpoints/sudoku_extreme_hf/checkpoint,7,1,blanks_1,20.341270531249123,0,486,baseline,1,0
32,1,0.7407407407407407,checkpoints/sudoku_extreme_hf/checkpoint,21,1,blanks_1,20.341270531249123,0,487,baseline,1,0
32,1,0.7654320987654321,checkpoints/sudoku_extreme_hf/checkpoint,18,1,blanks_1,20.341270531249123,0,488,baseline,1,0
32,1,0.7283950617283951,checkpoints/sudoku_extreme_hf/checkpoint,21,1,blanks_1,20.341270531249123,0,489,baseline,1,0
32,1,0.8395061728395061,checkpoints/sudoku_extreme_hf/checkpoint,12,1,blanks_1,20.341270531249123,0,490,baseline,1,0
32,1,0.691358024691358,checkpoints/sudoku_extreme_hf/checkpoint,25,1,blanks_1,20.341270531249123,0,491,baseline,1,0
32,1,0.8024691358024691,checkpoints/sudoku_extreme_hf/checkpoint,16,1,blanks_1,20.341270531249123,0,492,baseline,1,0
32,1,0.7160493827160493,checkpoints/sudoku_extreme_hf/checkpoint,23,1,blanks_1,20.341270531249123,0,493,baseline,1,0
32,1,0.7283950617283951,checkpoints/sudoku_extreme_hf/checkpoint,22,1,blanks_1,20.341270531249123,0,494,baseline,1,0
32,1,0.8518518518518519,checkpoints/sudoku_extreme_hf/checkpoint,12,1,blanks_1,20.341270531249123,0,495,baseline,1,0
32,1,0.8024691358024691,checkpoints/sudoku_extreme_hf/checkpoint,16,1,blanks_1,20.341270531249123,0,496,baseline,1,0
32,1,0.7654320987654321,checkpoints/sudoku_extreme_hf/checkpoint,19,1,blanks_1,20.341270531249123,0,497,baseline,1,0
32,1,0.691358024691358,checkpoints/sudoku_extreme_hf/checkpoint,24,1,blanks_1,20.341270531249123,0,498,baseline,1,0
32,1,0.6172839506172839,checkpoints/sudoku_extreme_hf/checkpoint,30,1,blanks_1,20.341270531249123,0,499,baseline,1,0
32,1,0.9259259259259259,checkpoints/sudoku_extreme_hf/checkpoint,5,1,blanks_1,20.341270531249123,0,500,baseline,1,0
32,1,0.8148148148148148,checkpoints/sudoku_extreme_hf/checkpoint,14,1,blanks_1,20.341270531249123,0,501,baseline,1,0
32,1,0.6419753086419753,checkpoints/sudoku_extreme_hf/checkpoint,29,1,blanks_1,20.341270531249123,0,502,baseline,1,0
32,1,0.6296296296296297,checkpoints/sudoku_extreme_hf/checkpoint,29,1,blanks_1,20.341270531249123,0,503,baseline,1,0
32,1,1.0,checkpoints/sudoku_extreme_hf/checkpoint,0,1,blanks_1,20.341270531249123,1,504,baseline,0,0
32,1,0.8888888888888888,checkpoints/sudoku_extreme_hf/checkpoint,9,1,blanks_1,20.341270531249123,0,505,baseline,1,0
32,1,0.8765432098765432,checkpoints/sudoku_extreme_hf/checkpoint,10,1,blanks_1,20.341270531249123,0,506,baseline,1,0
32,1,0.7160493827160493,checkpoints/sudoku_extreme_hf/checkpoint,23,1,blanks_1,20.341270531249123,0,507,baseline,1,0
32,1,0.8518518518518519,checkpoints/sudoku_extreme_hf/checkpoint,11,1,blanks_1,20.341270531249123,0,508,baseline,1,0
32,1,0.6666666666666666,checkpoints/sudoku_extreme_hf/checkpoint,26,1,blanks_1,20.341270531249123,0,509,baseline,1,0
32,1,0.7777777777777778,checkpoints/sudoku_extreme_hf/checkpoint,18,1,blanks_1,20.341270531249123,0,510,baseline,1,0
32,1,0.6419753086419753,checkpoints/sudoku_extreme_hf/checkpoint,28,1,blanks_1,20.341270531249123,0,511,baseline,1,0
32,1,0.7530864197530864,checkpoints/sudoku_extreme_hf/checkpoint,20,1,blanks_1,18.37207981249911,0,512,baseline,1,0
32,1,0.8148148148148148,checkpoints/sudoku_extreme_hf/checkpoint,14,1,blanks_1,18.37207981249911,0,513,baseline,1,0
32,1,0.6296296296296297,checkpoints/sudoku_extreme_hf/checkpoint,29,1,blanks_1,18.37207981249911,0,514,baseline,1,0
32,1,0.7407407407407407,checkpoints/sudoku_extreme_hf/checkpoint,21,0,blanks_1,18.37207981249911,0,515,baseline,1,24
32,1,1.0,checkpoints/sudoku_extreme_hf/checkpoint,0,1,blanks_1,18.37207981249911,1,516,baseline,0,0
32,1,0.8888888888888888,checkpoints/sudoku_extreme_hf/checkpoint,9,1,blanks_1,18.37207981249911,0,517,baseline,1,0
32,1,0.8024691358024691,checkpoints/sudoku_extreme_hf/checkpoint,16,1,blanks_1,18.37207981249911,0,518,baseline,1,0
32,1,0.8271604938271605,checkpoints/sudoku_extreme_hf/checkpoint,14,1,blanks_1,18.37207981249911,0,519,baseline,1,0
32,1,0.6419753086419753,checkpoints/sudoku_extreme_hf/checkpoint,28,1,blanks_1,18.37207981249911,0,520,baseline,1,0
32,1,0.691358024691358,checkpoints/sudoku_extreme_hf/checkpoint,24,1,blanks_1,18.37207981249911,0,521,baseline,1,0
32,1,0.8765432098765432,checkpoints/sudoku_extreme_hf/checkpoint,10,1,blanks_1,18.37207981249911,0,522,baseline,1,0
32,1,0.9259259259259259,checkpoints/sudoku_extreme_hf/checkpoint,6,1,blanks_1,18.37207981249911,0,523,baseline,1,0
32,1,0.9259259259259259,checkpoints/sudoku_extreme_hf/checkpoint,6,1,blanks_1,18.37207981249911,0,524,baseline,1,0
32,1,0.9135802469135802,checkpoints/sudoku_extreme_hf/checkpoint,7,1,blanks_1,18.37207981249911,0,525,baseline,1,0
32,1,0.7407407407407407,checkpoints/sudoku_extreme_hf/checkpoint,21,1,blanks_1,18.37207981249911,0,526,baseline,1,0
32,1,0.6790123456790124,checkpoints/sudoku_extreme_hf/checkpoint,26,0,blanks_1,18.37207981249911,0,527,baseline,1,20
32,1,0.6419753086419753,checkpoints/sudoku_extreme_hf/checkpoint,28,1,blanks_1,18.37207981249911,0,528,baseline,1,0
32,1,0.7777777777777778,checkpoints/sudoku_extreme_hf/checkpoint,17,1,blanks_1,18.37207981249911,0,529,baseline,1,0
32,1,0.8518518518518519,checkpoints/sudoku_extreme_hf/checkpoint,12,1,blanks_1,18.37207981249911,0,530,baseline,1,0
32,1,0.6790123456790124,checkpoints/sudoku_extreme_hf/checkpoint,25,1,blanks_1,18.37207981249911,0,531,baseline,1,0
32,1,0.9012345679012346,checkpoints/sudoku_extreme_hf/checkpoint,8,1,blanks_1,18.37207981249911,0,532,baseline,1,0
32,1,0.8024691358024691,checkpoints/sudoku_extreme_hf/checkpoint,16,1,blanks_1,18.37207981249911,0,533,baseline,1,0
32,1,0.7777777777777778,checkpoints/sudoku_extreme_hf/checkpoint,17,1,blanks_1,18.37207981249911,0,534,baseline,1,0
32,1,0.7530864197530864,checkpoints/sudoku_extreme_hf/checkpoint,19,1,blanks_1,18.37207981249911,0,535,baseline,1,0
32,1,0.8024691358024691,checkpoints/sudoku_extreme_hf/checkpoint,16,1,blanks_1,18.37207981249911,0,536,baseline,1,0
32,1,0.8518518518518519,checkpoints/sudoku_extreme_hf/checkpoint,12,1,blanks_1,18.37207981249911,0,537,baseline,1,0
32,1,0.9012345679012346,checkpoints/sudoku_extreme_hf/checkpoint,8,1,blanks_1,18.37207981249911,0,538,baseline,1,0
32,1,0.5679012345679012,checkpoints/sudoku_extreme_hf/checkpoint,34,1,blanks_1,18.37207981249911,0,539,baseline,1,0
32,1,0.8024691358024691,checkpoints/sudoku_extreme_hf/checkpoint,16,1,blanks_1,18.37207981249911,0,540,baseline,1,0
32,1,0.8518518518518519,checkpoints/sudoku_extreme_hf/checkpoint,12,1,blanks_1,18.37207981249911,0,541,baseline,1,0
32,1,0.8395061728395061,checkpoints/sudoku_extreme_hf/checkpoint,13,1,blanks_1,18.37207981249911,0,542,baseline,1,0
32,1,1.0,checkpoints/sudoku_extreme_hf/checkpoint,0,1,blanks_1,18.37207981249911,1,543,baseline,0,0
32,1,0.7283950617283951,checkpoints/sudoku_extreme_hf/checkpoint,22,0,blanks_1,17.67145300000017,0,544,baseline,1,28
32,1,0.8024691358024691,checkpoints/sudoku_extreme_hf/checkpoint,16,1,blanks_1,17.67145300000017,0,545,baseline,1,0
32,1,0.7283950617283951,checkpoints/sudoku_extreme_hf/checkpoint,21,1,blanks_1,17.67145300000017,0,546,baseline,1,0
32,1,1.0,checkpoints/sudoku_extreme_hf/checkpoint,0,1,blanks_1,17.67145300000017,1,547,baseline,0,0
32,1,0.6049382716049383,checkpoints/sudoku_extreme_hf/checkpoint,31,1,blanks_1,17.67145300000017,0,548,baseline,1,0
32,1,1.0,checkpoints/sudoku_extreme_hf/checkpoint,0,1,blanks_1,17.67145300000017,1,549,baseline,0,0
32,1,0.8148148148148148,checkpoints/sudoku_extreme_hf/checkpoint,15,1,blanks_1,17.67145300000017,0,550,baseline,1,0
32,1,0.691358024691358,checkpoints/sudoku_extreme_hf/checkpoint,24,1,blanks_1,17.67145300000017,0,551,baseline,1,0
32,1,0.8024691358024691,checkpoints/sudoku_extreme_hf/checkpoint,15,1,blanks_1,17.67145300000017,0,552,baseline,1,0
32,1,0.7407407407407407,checkpoints/sudoku_extreme_hf/checkpoint,20,1,blanks_1,17.67145300000017,0,553,baseline,1,0
32,1,0.7777777777777778,checkpoints/sudoku_extreme_hf/checkpoint,18,1,blanks_1,17.67145300000017,0,554,baseline,1,0
32,1,0.7777777777777778,checkpoints/sudoku_extreme_hf/checkpoint,18,1,blanks_1,17.67145300000017,0,555,baseline,1,0
32,1,0.7407407407407407,checkpoints/sudoku_extreme_hf/checkpoint,21,1,blanks_1,17.67145300000017,0,556,baseline,1,0
32,1,0.6419753086419753,checkpoints/sudoku_extreme_hf/checkpoint,29,1,blanks_1,17.67145300000017,0,557,baseline,1,0
32,1,0.9259259259259259,checkpoints/sudoku_extreme_hf/checkpoint,6,1,blanks_1,17.67145300000017,0,558,baseline,1,0
32,1,0.8765432098765432,checkpoints/sudoku_extreme_hf/checkpoint,10,1,blanks_1,17.67145300000017,0,559,baseline,1,0
32,1,1.0,checkpoints/sudoku_extreme_hf/checkpoint,0,1,blanks_1,17.67145300000017,1,560,baseline,0,0
32,1,0.6296296296296297,checkpoints/sudoku_extreme_hf/checkpoint,29,1,blanks_1,17.67145300000017,0,561,baseline,1,0
32,1,0.7777777777777778,checkpoints/sudoku_extreme_hf/checkpoint,17,1,blanks_1,17.67145300000017,0,562,baseline,1,0
32,1,0.8765432098765432,checkpoints/sudoku_extreme_hf/checkpoint,10,1,blanks_1,17.67145300000017,0,563,baseline,1,0
32,1,0.9135802469135802,checkpoints/sudoku_extreme_hf/checkpoint,7,1,blanks_1,17.67145300000017,0,564,baseline,1,0
32,1,0.6666666666666666,checkpoints/sudoku_extreme_hf/checkpoint,26,1,blanks_1,17.67145300000017,0,565,baseline,1,0
32,1,1.0,checkpoints/sudoku_extreme_hf/checkpoint,0,1,blanks_1,17.67145300000017,1,566,baseline,0,0
32,1,1.0,checkpoints/sudoku_extreme_hf/checkpoint,0,1,blanks_1,17.67145300000017,1,567,baseline,0,0
32,1,0.8641975308641975,checkpoints/sudoku_extreme_hf/checkpoint,11,1,blanks_1,17.67145300000017,0,568,baseline,1,0
32,1,0.8024691358024691,checkpoints/sudoku_extreme_hf/checkpoint,15,1,blanks_1,17.67145300000017,0,569,baseline,1,0
32,1,0.6172839506172839,checkpoints/sudoku_extreme_hf/checkpoint,31,1,blanks_1,17.67145300000017,0,570,baseline,1,0
32,1,1.0,checkpoints/sudoku_extreme_hf/checkpoint,0,1,blanks_1,17.67145300000017,1,571,baseline,0,0
32,1,0.6419753086419753,checkpoints/sudoku_extreme_hf/checkpoint,28,1,blanks_1,17.67145300000017,0,572,baseline,1,0
32,1,0.9259259259259259,checkpoints/sudoku_extreme_hf/checkpoint,6,1,blanks_1,17.67145300000017,0,573,baseline,1,0
32,1,0.8518518518518519,checkpoints/sudoku_extreme_hf/checkpoint,12,1,blanks_1,17.67145300000017,0,574,baseline,1,0
32,1,0.9506172839506173,checkpoints/sudoku_extreme_hf/checkpoint,4,1,blanks_1,17.67145300000017,0,575,baseline,1,0
32,1,0.9506172839506173,checkpoints/sudoku_extreme_hf/checkpoint,4,1,blanks_1,16.577422937499975,0,576,baseline,1,0
32,1,1.0,checkpoints/sudoku_extreme_hf/checkpoint,0,1,blanks_1,16.577422937499975,1,577,baseline,0,0
32,1,0.6790123456790124,checkpoints/sudoku_extreme_hf/checkpoint,26,1,blanks_1,16.577422937499975,0,578,baseline,1,0
32,1,0.7160493827160493,checkpoints/sudoku_extreme_hf/checkpoint,23,0,blanks_1,16.577422937499975,0,579,baseline,1,12
32,1,0.8518518518518519,checkpoints/sudoku_extreme_hf/checkpoint,12,1,blanks_1,16.577422937499975,0,580,baseline,1,0
32,1,0.7407407407407407,checkpoints/sudoku_extreme_hf/checkpoint,21,1,blanks_1,16.577422937499975,0,581,baseline,1,0
32,1,0.7283950617283951,checkpoints/sudoku_extreme_hf/checkpoint,21,1,blanks_1,16.577422937499975,0,582,baseline,1,0
32,1,0.8395061728395061,checkpoints/sudoku_extreme_hf/checkpoint,13,1,blanks_1,16.577422937499975,0,583,baseline,1,0
32,1,1.0,checkpoints/sudoku_extreme_hf/checkpoint,0,1,blanks_1,16.577422937499975,1,584,baseline,0,0
32,1,0.8024691358024691,checkpoints/sudoku_extreme_hf/checkpoint,15,0,blanks_1,16.577422937499975,0,585,baseline,1,14
32,1,0.7407407407407407,checkpoints/sudoku_extreme_hf/checkpoint,20,1,blanks_1,16.577422937499975,0,586,baseline,1,0
32,1,0.654320987654321,checkpoints/sudoku_extreme_hf/checkpoint,27,1,blanks_1,16.577422937499975,0,587,baseline,1,0
32,1,0.9012345679012346,checkpoints/sudoku_extreme_hf/checkpoint,7,1,blanks_1,16.577422937499975,0,588,baseline,1,0
32,1,0.7407407407407407,checkpoints/sudoku_extreme_hf/checkpoint,20,1,blanks_1,16.577422937499975,0,589,baseline,1,0
32,1,0.8888888888888888,checkpoints/sudoku_extreme_hf/checkpoint,9,1,blanks_1,16.577422937499975,0,590,baseline,1,0
32,1,0.6296296296296297,checkpoints/sudoku_extreme_hf/checkpoint,29,1,blanks_1,16.577422937499975,0,591,baseline,1,0
32,1,0.7901234567901234,checkpoints/sudoku_extreme_hf/checkpoint,16,1,blanks_1,16.577422937499975,0,592,baseline,1,0
32,1,0.9506172839506173,checkpoints/sudoku_extreme_hf/checkpoint,4,1,blanks_1,16.577422937499975,0,593,baseline,1,0
32,1,0.8395061728395061,checkpoints/sudoku_extreme_hf/checkpoint,13,1,blanks_1,16.577422937499975,0,594,baseline,1,0
32,1,0.8641975308641975,checkpoints/sudoku_extreme_hf/checkpoint,10,1,blanks_1,16.577422937499975,0,595,baseline,1,0
32,1,0.8271604938271605,checkpoints/sudoku_extreme_hf/checkpoint,14,1,blanks_1,16.577422937499975,0,596,baseline,1,0
32,1,0.6296296296296297,checkpoints/sudoku_extreme_hf/checkpoint,29,1,blanks_1,16.577422937499975,0,597,baseline,1,0
32,1,0.8518518518518519,checkpoints/sudoku_extreme_hf/checkpoint,12,1,blanks_1,16.577422937499975,0,598,baseline,1,0
32,1,1.0,checkpoints/sudoku_extreme_hf/checkpoint,0,1,blanks_1,16.577422937499975,1,599,baseline,0,0
32,1,0.7654320987654321,checkpoints/sudoku_extreme_hf/checkpoint,19,1,blanks_1,16.577422937499975,0,600,baseline,1,0
32,1,0.7530864197530864,checkpoints/sudoku_extreme_hf/checkpoint,20,1,blanks_1,16.577422937499975,0,601,baseline,1,0
32,1,0.7901234567901234,checkpoints/sudoku_extreme_hf/checkpoint,17,1,blanks_1,16.577422937499975,0,602,baseline,1,0
32,1,0.7654320987654321,checkpoints/sudoku_extreme_hf/checkpoint,18,1,blanks_1,16.577422937499975,0,603,baseline,1,0
32,1,0.8765432098765432,checkpoints/sudoku_extreme_hf/checkpoint,10,1,blanks_1,16.577422937499975,0,604,baseline,1,0
32,1,0.691358024691358,checkpoints/sudoku_extreme_hf/checkpoint,25,1,blanks_1,16.577422937499975,0,605,baseline,1,0
32,1,0.9259259259259259,checkpoints/sudoku_extreme_hf/checkpoint,6,1,blanks_1,16.577422937499975,0,606,baseline,1,0
32,1,0.9135802469135802,checkpoints/sudoku_extreme_hf/checkpoint,7,1,blanks_1,16.577422937499975,0,607,baseline,1,0
32,1,0.7654320987654321,checkpoints/sudoku_extreme_hf/checkpoint,19,1,blanks_1,18.384828062499636,0,608,baseline,1,0
32,1,0.6419753086419753,checkpoints/sudoku_extreme_hf/checkpoint,29,1,blanks_1,18.384828062499636,0,609,baseline,1,0
32,1,1.0,checkpoints/sudoku_extreme_hf/checkpoint,0,1,blanks_1,18.384828062499636,1,610,baseline,0,0
32,1,0.7283950617283951,checkpoints/sudoku_extreme_hf/checkpoint,21,1,blanks_1,18.384828062499636,0,611,baseline,1,0
32,1,0.9506172839506173,checkpoints/sudoku_extreme_hf/checkpoint,4,1,blanks_1,18.384828062499636,0,612,baseline,1,0
32,1,0.7530864197530864,checkpoints/sudoku_extreme_hf/checkpoint,20,1,blanks_1,18.384828062499636,0,613,baseline,1,0
32,1,0.7160493827160493,checkpoints/sudoku_extreme_hf/checkpoint,23,1,blanks_1,18.384828062499636,0,614,baseline,1,0
32,1,0.691358024691358,checkpoints/sudoku_extreme_hf/checkpoint,25,1,blanks_1,18.384828062499636,0,615,baseline,1,0
32,1,0.7777777777777778,checkpoints/sudoku_extreme_hf/checkpoint,18,1,blanks_1,18.384828062499636,0,616,baseline,1,0
32,1,0.8024691358024691,checkpoints/sudoku_extreme_hf/checkpoint,15,1,blanks_1,18.384828062499636,0,617,baseline,1,0
32,1,0.7530864197530864,checkpoints/sudoku_extreme_hf/checkpoint,20,1,blanks_1,18.384828062499636,0,618,baseline,1,0
32,1,1.0,checkpoints/sudoku_extreme_hf/checkpoint,0,1,blanks_1,18.384828062499636,1,619,baseline,0,0
32,1,0.6790123456790124,checkpoints/sudoku_extreme_hf/checkpoint,25,1,blanks_1,18.384828062499636,0,620,baseline,1,0
32,1,0.9259259259259259,checkpoints/sudoku_extreme_hf/checkpoint,6,1,blanks_1,18.384828062499636,0,621,baseline,1,0
32,1,0.7654320987654321,checkpoints/sudoku_extreme_hf/checkpoint,19,1,blanks_1,18.384828062499636,0,622,baseline,1,0
32,1,0.7901234567901234,checkpoints/sudoku_extreme_hf/checkpoint,17,1,blanks_1,18.384828062499636,0,623,baseline,1,0
32,1,0.7037037037037037,checkpoints/sudoku_extreme_hf/checkpoint,24,1,blanks_1,18.384828062499636,0,624,baseline,1,0
32,1,0.7777777777777778,checkpoints/sudoku_extreme_hf/checkpoint,18,1,blanks_1,18.384828062499636,0,625,baseline,1,0
32,1,0.7530864197530864,checkpoints/sudoku_extreme_hf/checkpoint,20,1,blanks_1,18.384828062499636,0,626,baseline,1,0
32,1,0.7777777777777778,checkpoints/sudoku_extreme_hf/checkpoint,18,1,blanks_1,18.384828062499636,0,627,baseline,1,0
32,1,0.5802469135802469,checkpoints/sudoku_extreme_hf/checkpoint,34,1,blanks_1,18.384828062499636,0,628,baseline,1,0
32,1,0.654320987654321,checkpoints/sudoku_extreme_hf/checkpoint,27,1,blanks_1,18.384828062499636,0,629,baseline,1,0
32,1,0.7654320987654321,checkpoints/sudoku_extreme_hf/checkpoint,19,1,blanks_1,18.384828062499636,0,630,baseline,1,0
32,1,0.6666666666666666,checkpoints/sudoku_extreme_hf/checkpoint,26,1,blanks_1,18.384828062499636,0,631,baseline,1,0
32,1,0.5925925925925926,checkpoints/sudoku_extreme_hf/checkpoint,32,1,blanks_1,18.384828062499636,0,632,baseline,1,0
32,1,0.7407407407407407,checkpoints/sudoku_extreme_hf/checkpoint,20,0,blanks_1,18.384828062499636,0,633,baseline,1,26
32,1,0.6172839506172839,checkpoints/sudoku_extreme_hf/checkpoint,31,1,blanks_1,18.384828062499636,0,634,baseline,1,0
32,1,0.7160493827160493,checkpoints/sudoku_extreme_hf/checkpoint,23,1,blanks_1,18.384828062499636,0,635,baseline,1,0
32,1,0.8641975308641975,checkpoints/sudoku_extreme_hf/checkpoint,11,1,blanks_1,18.384828062499636,0,636,baseline,1,0
32,1,0.7901234567901234,checkpoints/sudoku_extreme_hf/checkpoint,16,1,blanks_1,18.384828062499636,0,637,baseline,1,0
32,1,0.8641975308641975,checkpoints/sudoku_extreme_hf/checkpoint,11,1,blanks_1,18.384828062499636,0,638,baseline,1,0
32,1,0.9506172839506173,checkpoints/sudoku_extreme_hf/checkpoint,4,1,blanks_1,18.384828062499636,0,639,baseline,1,0
32,1,0.8271604938271605,checkpoints/sudoku_extreme_hf/checkpoint,14,1,blanks_1,17.500751593750863,0,640,baseline,1,0
32,1,0.7283950617283951,checkpoints/sudoku_extreme_hf/checkpoint,21,1,blanks_1,17.500751593750863,0,641,baseline,1,0
32,1,0.8888888888888888,checkpoints/sudoku_extreme_hf/checkpoint,9,1,blanks_1,17.500751593750863,0,642,baseline,1,0
32,1,0.9259259259259259,checkpoints/sudoku_extreme_hf/checkpoint,6,1,blanks_1,17.500751593750863,0,643,baseline,1,0
32,1,0.7654320987654321,checkpoints/sudoku_extreme_hf/checkpoint,19,1,blanks_1,17.500751593750863,0,644,baseline,1,0
32,1,0.654320987654321,checkpoints/sudoku_extreme_hf/checkpoint,28,1,blanks_1,17.500751593750863,0,645,baseline,1,0
32,1,0.7530864197530864,checkpoints/sudoku_extreme_hf/checkpoint,20,0,blanks_1,17.500751593750863,0,646,baseline,1,23
32,1,0.7407407407407407,checkpoints/sudoku_extreme_hf/checkpoint,20,1,blanks_1,17.500751593750863,0,647,baseline,1,0
32,1,0.8765432098765432,checkpoints/sudoku_extreme_hf/checkpoint,10,1,blanks_1,17.500751593750863,0,648,baseline,1,0
32,1,1.0,checkpoints/sudoku_extreme_hf/checkpoint,0,1,blanks_1,17.500751593750863,1,649,baseline,0,0
32,1,1.0,checkpoints/sudoku_extreme_hf/checkpoint,0,1,blanks_1,17.500751593750863,1,650,baseline,0,0
32,1,0.7160493827160493,checkpoints/sudoku_extreme_hf/checkpoint,22,1,blanks_1,17.500751593750863,0,651,baseline,1,0
32,1,1.0,checkpoints/sudoku_extreme_hf/checkpoint,0,1,blanks_1,17.500751593750863,1,652,baseline,0,0
32,1,0.7283950617283951,checkpoints/sudoku_extreme_hf/checkpoint,21,1,blanks_1,17.500751593750863,0,653,baseline,1,0
32,1,0.691358024691358,checkpoints/sudoku_extreme_hf/checkpoint,25,1,blanks_1,17.500751593750863,0,654,baseline,1,0
32,1,0.6419753086419753,checkpoints/sudoku_extreme_hf/checkpoint,29,1,blanks_1,17.500751593750863,0,655,baseline,1,0
32,1,0.691358024691358,checkpoints/sudoku_extreme_hf/checkpoint,25,1,blanks_1,17.500751593750863,0,656,baseline,1,0
32,1,0.9259259259259259,checkpoints/sudoku_extreme_hf/checkpoint,6,1,blanks_1,17.500751593750863,0,657,baseline,1,0
32,1,0.7777777777777778,checkpoints/sudoku_extreme_hf/checkpoint,18,1,blanks_1,17.500751593750863,0,658,baseline,1,0
32,1,0.7777777777777778,checkpoints/sudoku_extreme_hf/checkpoint,18,1,blanks_1,17.500751593750863,0,659,baseline,1,0
32,1,1.0,checkpoints/sudoku_extreme_hf/checkpoint,0,1,blanks_1,17.500751593750863,1,660,baseline,0,0
32,1,0.691358024691358,checkpoints/sudoku_extreme_hf/checkpoint,25,0,blanks_1,17.500751593750863,0,661,baseline,1,30
32,1,0.7407407407407407,checkpoints/sudoku_extreme_hf/checkpoint,20,1,blanks_1,17.500751593750863,0,662,baseline,1,0
32,1,0.7654320987654321,checkpoints/sudoku_extreme_hf/checkpoint,18,1,blanks_1,17.500751593750863,0,663,baseline,1,0
32,1,0.8641975308641975,checkpoints/sudoku_extreme_hf/checkpoint,11,1,blanks_1,17.500751593750863,0,664,baseline,1,0
32,1,0.9135802469135802,checkpoints/sudoku_extreme_hf/checkpoint,7,1,blanks_1,17.500751593750863,0,665,baseline,1,0
32,1,0.7654320987654321,checkpoints/sudoku_extreme_hf/checkpoint,19,0,blanks_1,17.500751593750863,0,666,baseline,1,3
32,1,1.0,checkpoints/sudoku_extreme_hf/checkpoint,0,1,blanks_1,17.500751593750863,1,667,baseline,0,0
32,1,0.7160493827160493,checkpoints/sudoku_extreme_hf/checkpoint,22,1,blanks_1,17.500751593750863,0,668,baseline,1,0
32,1,1.0,checkpoints/sudoku_extreme_hf/checkpoint,0,1,blanks_1,17.500751593750863,1,669,baseline,0,0
32,1,0.9012345679012346,checkpoints/sudoku_extreme_hf/checkpoint,8,1,blanks_1,17.500751593750863,0,670,baseline,1,0
32,1,0.8024691358024691,checkpoints/sudoku_extreme_hf/checkpoint,15,1,blanks_1,17.500751593750863,0,671,baseline,1,0
32,1,0.6790123456790124,checkpoints/sudoku_extreme_hf/checkpoint,25,0,blanks_1,17.036400968750698,0,672,baseline,1,26
32,1,0.691358024691358,checkpoints/sudoku_extreme_hf/checkpoint,25,1,blanks_1,17.036400968750698,0,673,baseline,1,0
32,1,0.8518518518518519,checkpoints/sudoku_extreme_hf/checkpoint,12,1,blanks_1,17.036400968750698,0,674,baseline,1,0
32,1,0.8765432098765432,checkpoints/sudoku_extreme_hf/checkpoint,10,1,blanks_1,17.036400968750698,0,675,baseline,1,0
32,1,0.7037037037037037,checkpoints/sudoku_extreme_hf/checkpoint,24,1,blanks_1,17.036400968750698,0,676,baseline,1,0
32,1,0.7901234567901234,checkpoints/sudoku_extreme_hf/checkpoint,16,1,blanks_1,17.036400968750698,0,677,baseline,1,0
32,1,0.8148148148148148,checkpoints/sudoku_extreme_hf/checkpoint,15,0,blanks_1,17.036400968750698,0,678,baseline,1,18
32,1,1.0,checkpoints/sudoku_extreme_hf/checkpoint,0,1,blanks_1,17.036400968750698,1,679,baseline,0,0
32,1,0.9012345679012346,checkpoints/sudoku_extreme_hf/checkpoint,8,1,blanks_1,17.036400968750698,0,680,baseline,1,0
32,1,0.8024691358024691,checkpoints/sudoku_extreme_hf/checkpoint,15,1,blanks_1,17.036400968750698,0,681,baseline,1,0
32,1,1.0,checkpoints/sudoku_extreme_hf/checkpoint,0,1,blanks_1,17.036400968750698,1,682,baseline,0,0
32,1,0.8024691358024691,checkpoints/sudoku_extreme_hf/checkpoint,15,1,blanks_1,17.036400968750698,0,683,baseline,1,0
32,1,0.6172839506172839,checkpoints/sudoku_extreme_hf/checkpoint,30,1,blanks_1,17.036400968750698,0,684,baseline,1,0
32,1,0.8765432098765432,checkpoints/sudoku_extreme_hf/checkpoint,10,1,blanks_1,17.036400968750698,0,685,baseline,1,0
32,1,0.6790123456790124,checkpoints/sudoku_extreme_hf/checkpoint,26,1,blanks_1,17.036400968750698,0,686,baseline,1,0
32,1,0.9506172839506173,checkpoints/sudoku_extreme_hf/checkpoint,4,1,blanks_1,17.036400968750698,0,687,baseline,1,0
32,1,0.654320987654321,checkpoints/sudoku_extreme_hf/checkpoint,28,1,blanks_1,17.036400968750698,0,688,baseline,1,0
32,1,0.6296296296296297,checkpoints/sudoku_extreme_hf/checkpoint,30,1,blanks_1,17.036400968750698,0,689,baseline,1,0
32,1,0.8518518518518519,checkpoints/sudoku_extreme_hf/checkpoint,12,1,blanks_1,17.036400968750698,0,690,baseline,1,0
32,1,0.7777777777777778,checkpoints/sudoku_extreme_hf/checkpoint,18,1,blanks_1,17.036400968750698,0,691,baseline,1,0
32,1,0.7160493827160493,checkpoints/sudoku_extreme_hf/checkpoint,23,1,blanks_1,17.036400968750698,0,692,baseline,1,0
32,1,0.7407407407407407,checkpoints/sudoku_extreme_hf/checkpoint,21,1,blanks_1,17.036400968750698,0,693,baseline,1,0
32,1,0.8148148148148148,checkpoints/sudoku_extreme_hf/checkpoint,15,1,blanks_1,17.036400968750698,0,694,baseline,1,0
32,1,0.8024691358024691,checkpoints/sudoku_extreme_hf/checkpoint,15,1,blanks_1,17.036400968750698,0,695,baseline,1,0
32,1,0.9259259259259259,checkpoints/sudoku_extreme_hf/checkpoint,6,1,blanks_1,17.036400968750698,0,696,baseline,1,0
32,1,0.7654320987654321,checkpoints/sudoku_extreme_hf/checkpoint,18,0,blanks_1,17.036400968750698,0,697,baseline,1,16
32,1,0.6790123456790124,checkpoints/sudoku_extreme_hf/checkpoint,26,0,blanks_1,17.036400968750698,0,698,baseline,1,18
32,1,0.7407407407407407,checkpoints/sudoku_extreme_hf/checkpoint,20,0,blanks_1,17.036400968750698,0,699,baseline,1,20
32,1,0.8518518518518519,checkpoints/sudoku_extreme_hf/checkpoint,12,1,blanks_1,17.036400968750698,0,700,baseline,1,0
32,1,0.7901234567901234,checkpoints/sudoku_extreme_hf/checkpoint,16,1,blanks_1,17.036400968750698,0,701,baseline,1,0
32,1,1.0,checkpoints/sudoku_extreme_hf/checkpoint,0,1,blanks_1,17.036400968750698,1,702,baseline,0,0
32,1,1.0,checkpoints/sudoku_extreme_hf/checkpoint,0,1,blanks_1,17.036400968750698,1,703,baseline,0,0
32,1,0.691358024691358,checkpoints/sudoku_extreme_hf/checkpoint,24,1,blanks_1,16.49470153124888,0,704,baseline,1,0
32,1,0.7777777777777778,checkpoints/sudoku_extreme_hf/checkpoint,18,1,blanks_1,16.49470153124888,0,705,baseline,1,0
32,1,0.7160493827160493,checkpoints/sudoku_extreme_hf/checkpoint,23,1,blanks_1,16.49470153124888,0,706,baseline,1,0
32,1,0.8148148148148148,checkpoints/sudoku_extreme_hf/checkpoint,15,0,blanks_1,16.49470153124888,0,707,baseline,1,12
32,1,0.8518518518518519,checkpoints/sudoku_extreme_hf/checkpoint,12,1,blanks_1,16.49470153124888,0,708,baseline,1,0
32,1,0.8024691358024691,checkpoints/sudoku_extreme_hf/checkpoint,16,1,blanks_1,16.49470153124888,0,709,baseline,1,0
32,1,0.8641975308641975,checkpoints/sudoku_extreme_hf/checkpoint,11,1,blanks_1,16.49470153124888,0,710,baseline,1,0
32,1,0.7901234567901234,checkpoints/sudoku_extreme_hf/checkpoint,16,1,blanks_1,16.49470153124888,0,711,baseline,1,0
32,1,0.8888888888888888,checkpoints/sudoku_extreme_hf/checkpoint,9,1,blanks_1,16.49470153124888,0,712,baseline,1,0
32,1,0.7901234567901234,checkpoints/sudoku_extreme_hf/checkpoint,16,1,blanks_1,16.49470153124888,0,713,baseline,1,0
32,1,0.9506172839506173,checkpoints/sudoku_extreme_hf/checkpoint,4,1,blanks_1,16.49470153124888,0,714,baseline,1,0
32,1,0.8641975308641975,checkpoints/sudoku_extreme_hf/checkpoint,11,1,blanks_1,16.49470153124888,0,715,baseline,1,0
32,1,0.7283950617283951,checkpoints/sudoku_extreme_hf/checkpoint,21,1,blanks_1,16.49470153124888,0,716,baseline,1,0
32,1,0.8395061728395061,checkpoints/sudoku_extreme_hf/checkpoint,13,1,blanks_1,16.49470153124888,0,717,baseline,1,0
32,1,0.9506172839506173,checkpoints/sudoku_extreme_hf/checkpoint,4,1,blanks_1,16.49470153124888,0,718,baseline,1,0
32,1,0.9012345679012346,checkpoints/sudoku_extreme_hf/checkpoint,7,1,blanks_1,16.49470153124888,0,719,baseline,1,0
32,1,1.0,checkpoints/sudoku_extreme_hf/checkpoint,0,1,blanks_1,16.49470153124888,1,720,baseline,0,0
32,1,0.7160493827160493,checkpoints/sudoku_extreme_hf/checkpoint,22,1,blanks_1,16.49470153124888,0,721,baseline,1,0
32,1,0.5802469135802469,checkpoints/sudoku_extreme_hf/checkpoint,34,1,blanks_1,16.49470153124888,0,722,baseline,1,0
32,1,0.8271604938271605,checkpoints/sudoku_extreme_hf/checkpoint,14,1,blanks_1,16.49470153124888,0,723,baseline,1,0
32,1,0.6419753086419753,checkpoints/sudoku_extreme_hf/checkpoint,29,1,blanks_1,16.49470153124888,0,724,baseline,1,0
32,1,0.9259259259259259,checkpoints/sudoku_extreme_hf/checkpoint,6,1,blanks_1,16.49470153124888,0,725,baseline,1,0
32,1,0.7407407407407407,checkpoints/sudoku_extreme_hf/checkpoint,21,1,blanks_1,16.49470153124888,0,726,baseline,1,0
32,1,1.0,checkpoints/sudoku_extreme_hf/checkpoint,0,1,blanks_1,16.49470153124888,1,727,baseline,0,0
32,1,1.0,checkpoints/sudoku_extreme_hf/checkpoint,0,1,blanks_1,16.49470153124888,1,728,baseline,0,0
32,1,0.7037037037037037,checkpoints/sudoku_extreme_hf/checkpoint,24,1,blanks_1,16.49470153124888,0,729,baseline,1,0
32,1,0.9012345679012346,checkpoints/sudoku_extreme_hf/checkpoint,8,1,blanks_1,16.49470153124888,0,730,baseline,1,0
32,1,0.9259259259259259,checkpoints/sudoku_extreme_hf/checkpoint,6,1,blanks_1,16.49470153124888,0,731,baseline,1,0
32,1,0.8765432098765432,checkpoints/sudoku_extreme_hf/checkpoint,10,1,blanks_1,16.49470153124888,0,732,baseline,1,0
32,1,0.9259259259259259,checkpoints/sudoku_extreme_hf/checkpoint,6,1,blanks_1,16.49470153124888,0,733,baseline,1,0
32,1,0.7283950617283951,checkpoints/sudoku_extreme_hf/checkpoint,21,1,blanks_1,16.49470153124888,0,734,baseline,1,0
32,1,0.6419753086419753,checkpoints/sudoku_extreme_hf/checkpoint,28,1,blanks_1,16.49470153124888,0,735,baseline,1,0
32,1,0.7037037037037037,checkpoints/sudoku_extreme_hf/checkpoint,24,1,blanks_1,17.517905312500304,0,736,baseline,1,0
32,1,0.9629629629629629,checkpoints/sudoku_extreme_hf/checkpoint,3,0,blanks_1,17.517905312500304,0,737,baseline,1,3
32,1,0.7407407407407407,checkpoints/sudoku_extreme_hf/checkpoint,21,1,blanks_1,17.517905312500304,0,738,baseline,1,0
32,1,0.6666666666666666,checkpoints/sudoku_extreme_hf/checkpoint,27,1,blanks_1,17.517905312500304,0,739,baseline,1,0
32,1,0.8518518518518519,checkpoints/sudoku_extreme_hf/checkpoint,11,1,blanks_1,17.517905312500304,0,740,baseline,1,0
32,1,0.9012345679012346,checkpoints/sudoku_extreme_hf/checkpoint,7,1,blanks_1,17.517905312500304,0,741,baseline,1,0
32,1,0.8518518518518519,checkpoints/sudoku_extreme_hf/checkpoint,12,1,blanks_1,17.517905312500304,0,742,baseline,1,0
32,1,0.8765432098765432,checkpoints/sudoku_extreme_hf/checkpoint,10,1,blanks_1,17.517905312500304,0,743,baseline,1,0
32,1,0.691358024691358,checkpoints/sudoku_extreme_hf/checkpoint,25,1,blanks_1,17.517905312500304,0,744,baseline,1,0
32,1,0.8148148148148148,checkpoints/sudoku_extreme_hf/checkpoint,15,1,blanks_1,17.517905312500304,0,745,baseline,1,0
32,1,0.7530864197530864,checkpoints/sudoku_extreme_hf/checkpoint,20,1,blanks_1,17.517905312500304,0,746,baseline,1,0
32,1,0.6419753086419753,checkpoints/sudoku_extreme_hf/checkpoint,28,1,blanks_1,17.517905312500304,0,747,baseline,1,0
32,1,0.7283950617283951,checkpoints/sudoku_extreme_hf/checkpoint,22,1,blanks_1,17.517905312500304,0,748,baseline,1,0
32,1,0.8765432098765432,checkpoints/sudoku_extreme_hf/checkpoint,9,1,blanks_1,17.517905312500304,0,749,baseline,1,0
32,1,0.8271604938271605,checkpoints/sudoku_extreme_hf/checkpoint,13,1,blanks_1,17.517905312500304,0,750,baseline,1,0
32,1,0.8641975308641975,checkpoints/sudoku_extreme_hf/checkpoint,11,1,blanks_1,17.517905312500304,0,751,baseline,1,0
32,1,0.8641975308641975,checkpoints/sudoku_extreme_hf/checkpoint,11,1,blanks_1,17.517905312500304,0,752,baseline,1,0
32,1,0.7901234567901234,checkpoints/sudoku_extreme_hf/checkpoint,17,1,blanks_1,17.517905312500304,0,753,baseline,1,0
32,1,0.7777777777777778,checkpoints/sudoku_extreme_hf/checkpoint,18,1,blanks_1,17.517905312500304,0,754,baseline,1,0
32,1,0.8271604938271605,checkpoints/sudoku_extreme_hf/checkpoint,13,1,blanks_1,17.517905312500304,0,755,baseline,1,0
32,1,0.9506172839506173,checkpoints/sudoku_extreme_hf/checkpoint,4,1,blanks_1,17.517905312500304,0,756,baseline,1,0
32,1,0.9259259259259259,checkpoints/sudoku_extreme_hf/checkpoint,6,1,blanks_1,17.517905312500304,0,757,baseline,1,0
32,1,0.9135802469135802,checkpoints/sudoku_extreme_hf/checkpoint,7,1,blanks_1,17.517905312500304,0,758,baseline,1,0
32,1,0.8395061728395061,checkpoints/sudoku_extreme_hf/checkpoint,12,1,blanks_1,17.517905312500304,0,759,baseline,1,0
32,1,0.8641975308641975,checkpoints/sudoku_extreme_hf/checkpoint,11,1,blanks_1,17.517905312500304,0,760,baseline,1,0
32,1,0.7901234567901234,checkpoints/sudoku_extreme_hf/checkpoint,17,1,blanks_1,17.517905312500304,0,761,baseline,1,0
32,1,0.6296296296296297,checkpoints/sudoku_extreme_hf/checkpoint,29,0,blanks_1,17.517905312500304,0,762,baseline,1,18
32,1,0.9259259259259259,checkpoints/sudoku_extreme_hf/checkpoint,6,1,blanks_1,17.517905312500304,0,763,baseline,1,0
32,1,0.5802469135802469,checkpoints/sudoku_extreme_hf/checkpoint,33,1,blanks_1,17.517905312500304,0,764,baseline,1,0
32,1,0.6790123456790124,checkpoints/sudoku_extreme_hf/checkpoint,25,1,blanks_1,17.517905312500304,0,765,baseline,1,0
32,1,0.8024691358024691,checkpoints/sudoku_extreme_hf/checkpoint,16,1,blanks_1,17.517905312500304,0,766,baseline,1,0
32,1,1.0,checkpoints/sudoku_extreme_hf/checkpoint,0,1,blanks_1,17.517905312500304,1,767,baseline,0,0
32,1,0.8148148148148148,checkpoints/sudoku_extreme_hf/checkpoint,15,1,blanks_1,18.856847031250012,0,768,baseline,1,0
32,1,0.8641975308641975,checkpoints/sudoku_extreme_hf/checkpoint,11,1,blanks_1,18.856847031250012,0,769,baseline,1,0
32,1,0.7037037037037037,checkpoints/sudoku_extreme_hf/checkpoint,24,1,blanks_1,18.856847031250012,0,770,baseline,1,0
32,1,0.8518518518518519,checkpoints/sudoku_extreme_hf/checkpoint,11,1,blanks_1,18.856847031250012,0,771,baseline,1,0
32,1,0.9506172839506173,checkpoints/sudoku_extreme_hf/checkpoint,4,1,blanks_1,18.856847031250012,0,772,baseline,1,0
32,1,0.7407407407407407,checkpoints/sudoku_extreme_hf/checkpoint,21,1,blanks_1,18.856847031250012,0,773,baseline,1,0
32,1,0.691358024691358,checkpoints/sudoku_extreme_hf/checkpoint,24,1,blanks_1,18.856847031250012,0,774,baseline,1,0
32,1,0.7037037037037037,checkpoints/sudoku_extreme_hf/checkpoint,23,1,blanks_1,18.856847031250012,0,775,baseline,1,0
32,1,0.6790123456790124,checkpoints/sudoku_extreme_hf/checkpoint,26,1,blanks_1,18.856847031250012,0,776,baseline,1,0
32,1,0.7160493827160493,checkpoints/sudoku_extreme_hf/checkpoint,22,1,blanks_1,18.856847031250012,0,777,baseline,1,0
32,1,0.7283950617283951,checkpoints/sudoku_extreme_hf/checkpoint,21,1,blanks_1,18.856847031250012,0,778,baseline,1,0
32,1,0.7283950617283951,checkpoints/sudoku_extreme_hf/checkpoint,21,1,blanks_1,18.856847031250012,0,779,baseline,1,0
32,1,0.7530864197530864,checkpoints/sudoku_extreme_hf/checkpoint,20,1,blanks_1,18.856847031250012,0,780,baseline,1,0
32,1,0.8148148148148148,checkpoints/sudoku_extreme_hf/checkpoint,14,1,blanks_1,18.856847031250012,0,781,baseline,1,0
32,1,0.8271604938271605,checkpoints/sudoku_extreme_hf/checkpoint,14,1,blanks_1,18.856847031250012,0,782,baseline,1,0
32,1,0.9135802469135802,checkpoints/sudoku_extreme_hf/checkpoint,7,1,blanks_1,18.856847031250012,0,783,baseline,1,0
32,1,0.8641975308641975,checkpoints/sudoku_extreme_hf/checkpoint,11,1,blanks_1,18.856847031250012,0,784,baseline,1,0
32,1,0.9135802469135802,checkpoints/sudoku_extreme_hf/checkpoint,6,1,blanks_1,18.856847031250012,0,785,baseline,1,0
32,1,0.7160493827160493,checkpoints/sudoku_extreme_hf/checkpoint,23,1,blanks_1,18.856847031250012,0,786,baseline,1,0
32,1,0.6790123456790124,checkpoints/sudoku_extreme_hf/checkpoint,25,1,blanks_1,18.856847031250012,0,787,baseline,1,0
32,1,0.6172839506172839,checkpoints/sudoku_extreme_hf/checkpoint,30,1,blanks_1,18.856847031250012,0,788,baseline,1,0
32,1,0.691358024691358,checkpoints/sudoku_extreme_hf/checkpoint,24,1,blanks_1,18.856847031250012,0,789,baseline,1,0
32,1,0.9012345679012346,checkpoints/sudoku_extreme_hf/checkpoint,8,1,blanks_1,18.856847031250012,0,790,baseline,1,0
32,1,0.7037037037037037,checkpoints/sudoku_extreme_hf/checkpoint,24,1,blanks_1,18.856847031250012,0,791,baseline,1,0
32,1,0.7160493827160493,checkpoints/sudoku_extreme_hf/checkpoint,22,1,blanks_1,18.856847031250012,0,792,baseline,1,0
32,1,0.7037037037037037,checkpoints/sudoku_extreme_hf/checkpoint,23,1,blanks_1,18.856847031250012,0,793,baseline,1,0
32,1,0.8024691358024691,checkpoints/sudoku_extreme_hf/checkpoint,16,1,blanks_1,18.856847031250012,0,794,baseline,1,0
32,1,0.7530864197530864,checkpoints/sudoku_extreme_hf/checkpoint,20,1,blanks_1,18.856847031250012,0,795,baseline,1,0
32,1,0.6666666666666666,checkpoints/sudoku_extreme_hf/checkpoint,27,1,blanks_1,18.856847031250012,0,796,baseline,1,0
32,1,0.8518518518518519,checkpoints/sudoku_extreme_hf/checkpoint,12,1,blanks_1,18.856847031250012,0,797,baseline,1,0
32,1,0.8395061728395061,checkpoints/sudoku_extreme_hf/checkpoint,13,1,blanks_1,18.856847031250012,0,798,baseline,1,0
32,1,0.8271604938271605,checkpoints/sudoku_extreme_hf/checkpoint,14,1,blanks_1,18.856847031250012,0,799,baseline,1,0
32,1,0.9506172839506173,checkpoints/sudoku_extreme_hf/checkpoint,4,1,blanks_1,16.41357243750008,0,800,baseline,1,0
32,1,0.7777777777777778,checkpoints/sudoku_extreme_hf/checkpoint,18,0,blanks_1,16.41357243750008,0,801,baseline,1,15
32,1,0.7777777777777778,checkpoints/sudoku_extreme_hf/checkpoint,18,1,blanks_1,16.41357243750008,0,802,baseline,1,0
32,1,0.5925925925925926,checkpoints/sudoku_extreme_hf/checkpoint,32,1,blanks_1,16.41357243750008,0,803,baseline,1,0
32,1,0.8765432098765432,checkpoints/sudoku_extreme_hf/checkpoint,10,1,blanks_1,16.41357243750008,0,804,baseline,1,0
32,1,0.9135802469135802,checkpoints/sudoku_extreme_hf/checkpoint,6,1,blanks_1,16.41357243750008,0,805,baseline,1,0
32,1,0.5925925925925926,checkpoints/sudoku_extreme_hf/checkpoint,33,1,blanks_1,16.41357243750008,0,806,baseline,1,0
32,1,0.9012345679012346,checkpoints/sudoku_extreme_hf/checkpoint,8,1,blanks_1,16.41357243750008,0,807,baseline,1,0
32,1,0.691358024691358,checkpoints/sudoku_extreme_hf/checkpoint,24,1,blanks_1,16.41357243750008,0,808,baseline,1,0
32,1,1.0,checkpoints/sudoku_extreme_hf/checkpoint,0,1,blanks_1,16.41357243750008,1,809,baseline,0,0
32,1,0.7654320987654321,checkpoints/sudoku_extreme_hf/checkpoint,19,1,blanks_1,16.41357243750008,0,810,baseline,1,0
32,1,0.8641975308641975,checkpoints/sudoku_extreme_hf/checkpoint,10,1,blanks_1,16.41357243750008,0,811,baseline,1,0
32,1,0.8765432098765432,checkpoints/sudoku_extreme_hf/checkpoint,9,1,blanks_1,16.41357243750008,0,812,baseline,1,0
32,1,0.9012345679012346,checkpoints/sudoku_extreme_hf/checkpoint,8,1,blanks_1,16.41357243750008,0,813,baseline,1,0
32,1,0.7777777777777778,checkpoints/sudoku_extreme_hf/checkpoint,17,1,blanks_1,16.41357243750008,0,814,baseline,1,0
32,1,0.5925925925925926,checkpoints/sudoku_extreme_hf/checkpoint,32,1,blanks_1,16.41357243750008,0,815,baseline,1,0
32,1,1.0,checkpoints/sudoku_extreme_hf/checkpoint,0,1,blanks_1,16.41357243750008,1,816,baseline,0,0
32,1,0.7530864197530864,checkpoints/sudoku_extreme_hf/checkpoint,19,1,blanks_1,16.41357243750008,0,817,baseline,1,0
32,1,0.8765432098765432,checkpoints/sudoku_extreme_hf/checkpoint,10,1,blanks_1,16.41357243750008,0,818,baseline,1,0
32,1,0.8271604938271605,checkpoints/sudoku_extreme_hf/checkpoint,14,1,blanks_1,16.41357243750008,0,819,baseline,1,0
32,1,0.654320987654321,checkpoints/sudoku_extreme_hf/checkpoint,28,1,blanks_1,16.41357243750008,0,820,baseline,1,0
32,1,0.8271604938271605,checkpoints/sudoku_extreme_hf/checkpoint,14,1,blanks_1,16.41357243750008,0,821,baseline,1,0
32,1,0.8148148148148148,checkpoints/sudoku_extreme_hf/checkpoint,15,1,blanks_1,16.41357243750008,0,822,baseline,1,0
32,1,0.7407407407407407,checkpoints/sudoku_extreme_hf/checkpoint,20,1,blanks_1,16.41357243750008,0,823,baseline,1,0
32,1,0.8271604938271605,checkpoints/sudoku_extreme_hf/checkpoint,13,1,blanks_1,16.41357243750008,0,824,baseline,1,0
32,1,0.9506172839506173,checkpoints/sudoku_extreme_hf/checkpoint,4,1,blanks_1,16.41357243750008,0,825,baseline,1,0
32,1,0.6172839506172839,checkpoints/sudoku_extreme_hf/checkpoint,31,1,blanks_1,16.41357243750008,0,826,baseline,1,0
32,1,0.7407407407407407,checkpoints/sudoku_extreme_hf/checkpoint,21,1,blanks_1,16.41357243750008,0,827,baseline,1,0
32,1,0.9259259259259259,checkpoints/sudoku_extreme_hf/checkpoint,5,1,blanks_1,16.41357243750008,0,828,baseline,1,0
32,1,0.8641975308641975,checkpoints/sudoku_extreme_hf/checkpoint,11,1,blanks_1,16.41357243750008,0,829,baseline,1,0
32,1,0.7283950617283951,checkpoints/sudoku_extreme_hf/checkpoint,22,1,blanks_1,16.41357243750008,0,830,baseline,1,0
32,1,0.9259259259259259,checkpoints/sudoku_extreme_hf/checkpoint,6,1,blanks_1,16.41357243750008,0,831,baseline,1,0
32,1,0.6790123456790124,checkpoints/sudoku_extreme_hf/checkpoint,25,1,blanks_1,18.944249031250138,0,832,baseline,1,0
32,1,0.8148148148148148,checkpoints/sudoku_extreme_hf/checkpoint,14,1,blanks_1,18.944249031250138,0,833,baseline,1,0
32,1,0.7283950617283951,checkpoints/sudoku_extreme_hf/checkpoint,22,1,blanks_1,18.944249031250138,0,834,baseline,1,0
32,1,0.7901234567901234,checkpoints/sudoku_extreme_hf/checkpoint,16,0,blanks_1,18.944249031250138,0,835,baseline,1,19
32,1,0.654320987654321,checkpoints/sudoku_extreme_hf/checkpoint,27,1,blanks_1,18.944249031250138,0,836,baseline,1,0
32,1,0.6666666666666666,checkpoints/sudoku_extreme_hf/checkpoint,26,0,blanks_1,18.944249031250138,0,837,baseline,1,26
32,1,0.8395061728395061,checkpoints/sudoku_extreme_hf/checkpoint,13,1,blanks_1,18.944249031250138,0,838,baseline,1,0
32,1,0.9506172839506173,checkpoints/sudoku_extreme_hf/checkpoint,4,1,blanks_1,18.944249031250138,0,839,baseline,1,0
32,1,0.7530864197530864,checkpoints/sudoku_extreme_hf/checkpoint,20,1,blanks_1,18.944249031250138,0,840,baseline,1,0
32,1,0.8765432098765432,checkpoints/sudoku_extreme_hf/checkpoint,10,1,blanks_1,18.944249031250138,0,841,baseline,1,0
32,1,0.9012345679012346,checkpoints/sudoku_extreme_hf/checkpoint,8,1,blanks_1,18.944249031250138,0,842,baseline,1,0
32,1,0.7530864197530864,checkpoints/sudoku_extreme_hf/checkpoint,20,0,blanks_1,18.944249031250138,0,843,baseline,1,14
32,1,0.7407407407407407,checkpoints/sudoku_extreme_hf/checkpoint,21,1,blanks_1,18.944249031250138,0,844,baseline,1,0
32,1,0.7777777777777778,checkpoints/sudoku_extreme_hf/checkpoint,18,1,blanks_1,18.944249031250138,0,845,baseline,1,0
32,1,0.8148148148148148,checkpoints/sudoku_extreme_hf/checkpoint,15,1,blanks_1,18.944249031250138,0,846,baseline,1,0
32,1,0.6419753086419753,checkpoints/sudoku_extreme_hf/checkpoint,29,1,blanks_1,18.944249031250138,0,847,baseline,1,0
32,1,1.0,checkpoints/sudoku_extreme_hf/checkpoint,0,1,blanks_1,18.944249031250138,1,848,baseline,0,0
32,1,0.6790123456790124,checkpoints/sudoku_extreme_hf/checkpoint,25,0,blanks_1,18.944249031250138,0,849,baseline,1,26
32,1,0.7901234567901234,checkpoints/sudoku_extreme_hf/checkpoint,16,1,blanks_1,18.944249031250138,0,850,baseline,1,0
32,1,0.8024691358024691,checkpoints/sudoku_extreme_hf/checkpoint,16,1,blanks_1,18.944249031250138,0,851,baseline,1,0
32,1,0.8888888888888888,checkpoints/sudoku_extreme_hf/checkpoint,9,1,blanks_1,18.944249031250138,0,852,baseline,1,0
32,1,0.7407407407407407,checkpoints/sudoku_extreme_hf/checkpoint,21,1,blanks_1,18.944249031250138,0,853,baseline,1,0
32,1,0.9506172839506173,checkpoints/sudoku_extreme_hf/checkpoint,4,1,blanks_1,18.944249031250138,0,854,baseline,1,0
32,1,1.0,checkpoints/sudoku_extreme_hf/checkpoint,0,1,blanks_1,18.944249031250138,1,855,baseline,0,0
32,1,0.9135802469135802,checkpoints/sudoku_extreme_hf/checkpoint,7,1,blanks_1,18.944249031250138,0,856,baseline,1,0
32,1,0.9506172839506173,checkpoints/sudoku_extreme_hf/checkpoint,4,1,blanks_1,18.944249031250138,0,857,baseline,1,0
32,1,0.9506172839506173,checkpoints/sudoku_extreme_hf/checkpoint,4,1,blanks_1,18.944249031250138,0,858,baseline,1,0
32,1,1.0,checkpoints/sudoku_extreme_hf/checkpoint,0,1,blanks_1,18.944249031250138,1,859,baseline,0,0
32,1,0.9506172839506173,checkpoints/sudoku_extreme_hf/checkpoint,4,1,blanks_1,18.944249031250138,0,860,baseline,1,0
32,1,0.8888888888888888,checkpoints/sudoku_extreme_hf/checkpoint,9,1,blanks_1,18.944249031250138,0,861,baseline,1,0
32,1,0.7901234567901234,checkpoints/sudoku_extreme_hf/checkpoint,17,1,blanks_1,18.944249031250138,0,862,baseline,1,0
32,1,0.654320987654321,checkpoints/sudoku_extreme_hf/checkpoint,27,1,blanks_1,18.944249031250138,0,863,baseline,1,0
32,1,0.691358024691358,checkpoints/sudoku_extreme_hf/checkpoint,24,0,blanks_1,16.34337515625006,0,864,baseline,1,20
32,1,0.8641975308641975,checkpoints/sudoku_extreme_hf/checkpoint,11,1,blanks_1,16.34337515625006,0,865,baseline,1,0
32,1,0.6790123456790124,checkpoints/sudoku_extreme_hf/checkpoint,25,0,blanks_1,16.34337515625006,0,866,baseline,1,15
32,1,0.7777777777777778,checkpoints/sudoku_extreme_hf/checkpoint,18,0,blanks_1,16.34337515625006,0,867,baseline,1,11
32,1,0.7407407407407407,checkpoints/sudoku_extreme_hf/checkpoint,20,1,blanks_1,16.34337515625006,0,868,baseline,1,0
32,1,0.7283950617283951,checkpoints/sudoku_extreme_hf/checkpoint,21,1,blanks_1,16.34337515625006,0,869,baseline,1,0
32,1,1.0,checkpoints/sudoku_extreme_hf/checkpoint,0,1,blanks_1,16.34337515625006,1,870,baseline,0,0
32,1,1.0,checkpoints/sudoku_extreme_hf/checkpoint,0,1,blanks_1,16.34337515625006,1,871,baseline,0,0
32,1,0.9135802469135802,checkpoints/sudoku_extreme_hf/checkpoint,7,1,blanks_1,16.34337515625006,0,872,baseline,1,0
32,1,1.0,checkpoints/sudoku_extreme_hf/checkpoint,0,1,blanks_1,16.34337515625006,1,873,baseline,0,0
32,1,0.7777777777777778,checkpoints/sudoku_extreme_hf/checkpoint,17,0,blanks_1,16.34337515625006,0,874,baseline,1,20
32,1,0.9259259259259259,checkpoints/sudoku_extreme_hf/checkpoint,5,1,blanks_1,16.34337515625006,0,875,baseline,1,0
32,1,0.8888888888888888,checkpoints/sudoku_extreme_hf/checkpoint,9,1,blanks_1,16.34337515625006,0,876,baseline,1,0
32,1,0.6666666666666666,checkpoints/sudoku_extreme_hf/checkpoint,26,1,blanks_1,16.34337515625006,0,877,baseline,1,0
32,1,0.9506172839506173,checkpoints/sudoku_extreme_hf/checkpoint,4,1,blanks_1,16.34337515625006,0,878,baseline,1,0
32,1,1.0,checkpoints/sudoku_extreme_hf/checkpoint,0,1,blanks_1,16.34337515625006,1,879,baseline,0,0
32,1,0.8148148148148148,checkpoints/sudoku_extreme_hf/checkpoint,15,1,blanks_1,16.34337515625006,0,880,baseline,1,0
32,1,0.8518518518518519,checkpoints/sudoku_extreme_hf/checkpoint,12,1,blanks_1,16.34337515625006,0,881,baseline,1,0
32,1,0.7654320987654321,checkpoints/sudoku_extreme_hf/checkpoint,19,0,blanks_1,16.34337515625006,0,882,baseline,1,14
32,1,0.6666666666666666,checkpoints/sudoku_extreme_hf/checkpoint,27,0,blanks_1,16.34337515625006,0,883,baseline,1,19
32,1,0.8395061728395061,checkpoints/sudoku_extreme_hf/checkpoint,13,1,blanks_1,16.34337515625006,0,884,baseline,1,0
32,1,0.8024691358024691,checkpoints/sudoku_extreme_hf/checkpoint,16,0,blanks_1,16.34337515625006,0,885,baseline,1,24
32,1,0.9135802469135802,checkpoints/sudoku_extreme_hf/checkpoint,7,1,blanks_1,16.34337515625006,0,886,baseline,1,0
32,1,0.8148148148148148,checkpoints/sudoku_extreme_hf/checkpoint,15,1,blanks_1,16.34337515625006,0,887,baseline,1,0
32,1,0.8518518518518519,checkpoints/sudoku_extreme_hf/checkpoint,11,1,blanks_1,16.34337515625006,0,888,baseline,1,0
32,1,0.691358024691358,checkpoints/sudoku_extreme_hf/checkpoint,25,1,blanks_1,16.34337515625006,0,889,baseline,1,0
32,1,0.7407407407407407,checkpoints/sudoku_extreme_hf/checkpoint,21,1,blanks_1,16.34337515625006,0,890,baseline,1,0
32,1,0.8641975308641975,checkpoints/sudoku_extreme_hf/checkpoint,11,1,blanks_1,16.34337515625006,0,891,baseline,1,0
32,1,1.0,checkpoints/sudoku_extreme_hf/checkpoint,0,1,blanks_1,16.34337515625006,1,892,baseline,0,0
32,1,0.7160493827160493,checkpoints/sudoku_extreme_hf/checkpoint,22,0,blanks_1,16.34337515625006,0,893,baseline,1,25
32,1,0.7777777777777778,checkpoints/sudoku_extreme_hf/checkpoint,17,1,blanks_1,16.34337515625006,0,894,baseline,1,0
32,1,0.7777777777777778,checkpoints/sudoku_extreme_hf/checkpoint,18,1,blanks_1,16.34337515625006,0,895,baseline,1,0
32,1,0.6296296296296297,checkpoints/sudoku_extreme_hf/checkpoint,29,1,blanks_1,20.003731968749605,0,896,baseline,1,0
32,1,0.7530864197530864,checkpoints/sudoku_extreme_hf/checkpoint,20,0,blanks_1,20.003731968749605,0,897,baseline,1,24
32,1,0.5925925925925926,checkpoints/sudoku_extreme_hf/checkpoint,33,1,blanks_1,20.003731968749605,0,898,baseline,1,0
32,1,0.7901234567901234,checkpoints/sudoku_extreme_hf/checkpoint,17,1,blanks_1,20.003731968749605,0,899,baseline,1,0
32,1,0.7283950617283951,checkpoints/sudoku_extreme_hf/checkpoint,21,1,blanks_1,20.003731968749605,0,900,baseline,1,0
32,1,0.9259259259259259,checkpoints/sudoku_extreme_hf/checkpoint,6,1,blanks_1,20.003731968749605,0,901,baseline,1,0
32,1,0.9135802469135802,checkpoints/sudoku_extreme_hf/checkpoint,7,1,blanks_1,20.003731968749605,0,902,baseline,1,0
32,1,0.7407407407407407,checkpoints/sudoku_extreme_hf/checkpoint,21,1,blanks_1,20.003731968749605,0,903,baseline,1,0
32,1,0.6419753086419753,checkpoints/sudoku_extreme_hf/checkpoint,28,0,blanks_1,20.003731968749605,0,904,baseline,1,11
32,1,0.9506172839506173,checkpoints/sudoku_extreme_hf/checkpoint,4,1,blanks_1,20.003731968749605,0,905,baseline,1,0
32,1,0.8024691358024691,checkpoints/sudoku_extreme_hf/checkpoint,15,1,blanks_1,20.003731968749605,0,906,baseline,1,0
32,1,0.6296296296296297,checkpoints/sudoku_extreme_hf/checkpoint,29,1,blanks_1,20.003731968749605,0,907,baseline,1,0
32,1,0.7777777777777778,checkpoints/sudoku_extreme_hf/checkpoint,18,1,blanks_1,20.003731968749605,0,908,baseline,1,0
32,1,0.9259259259259259,checkpoints/sudoku_extreme_hf/checkpoint,5,1,blanks_1,20.003731968749605,0,909,baseline,1,0
32,1,0.7160493827160493,checkpoints/sudoku_extreme_hf/checkpoint,23,1,blanks_1,20.003731968749605,0,910,baseline,1,0
32,1,0.691358024691358,checkpoints/sudoku_extreme_hf/checkpoint,24,1,blanks_1,20.003731968749605,0,911,baseline,1,0
32,1,1.0,checkpoints/sudoku_extreme_hf/checkpoint,0,1,blanks_1,20.003731968749605,1,912,baseline,0,0
32,1,0.8395061728395061,checkpoints/sudoku_extreme_hf/checkpoint,13,1,blanks_1,20.003731968749605,0,913,baseline,1,0
32,1,0.6296296296296297,checkpoints/sudoku_extreme_hf/checkpoint,29,1,blanks_1,20.003731968749605,0,914,baseline,1,0
32,1,0.9012345679012346,checkpoints/sudoku_extreme_hf/checkpoint,7,0,blanks_1,20.003731968749605,0,915,baseline,1,15
32,1,0.8765432098765432,checkpoints/sudoku_extreme_hf/checkpoint,9,0,blanks_1,20.003731968749605,0,916,baseline,1,12
32,1,0.7283950617283951,checkpoints/sudoku_extreme_hf/checkpoint,21,1,blanks_1,20.003731968749605,0,917,baseline,1,0
32,1,0.8148148148148148,checkpoints/sudoku_extreme_hf/checkpoint,15,1,blanks_1,20.003731968749605,0,918,baseline,1,0
32,1,0.7530864197530864,checkpoints/sudoku_extreme_hf/checkpoint,19,1,blanks_1,20.003731968749605,0,919,baseline,1,0
32,1,0.8518518518518519,checkpoints/sudoku_extreme_hf/checkpoint,12,1,blanks_1,20.003731968749605,0,920,baseline,1,0
32,1,1.0,checkpoints/sudoku_extreme_hf/checkpoint,0,1,blanks_1,20.003731968749605,1,921,baseline,0,0
32,1,0.8395061728395061,checkpoints/sudoku_extreme_hf/checkpoint,13,1,blanks_1,20.003731968749605,0,922,baseline,1,0
32,1,0.7407407407407407,checkpoints/sudoku_extreme_hf/checkpoint,21,1,blanks_1,20.003731968749605,0,923,baseline,1,0
32,1,0.7530864197530864,checkpoints/sudoku_extreme_hf/checkpoint,20,1,blanks_1,20.003731968749605,0,924,baseline,1,0
32,1,0.8271604938271605,checkpoints/sudoku_extreme_hf/checkpoint,14,1,blanks_1,20.003731968749605,0,925,baseline,1,0
32,1,0.691358024691358,checkpoints/sudoku_extreme_hf/checkpoint,25,1,blanks_1,20.003731968749605,0,926,baseline,1,0
32,1,0.8888888888888888,checkpoints/sudoku_extreme_hf/checkpoint,8,1,blanks_1,20.003731968749605,0,927,baseline,1,0
32,1,0.6296296296296297,checkpoints/sudoku_extreme_hf/checkpoint,29,1,blanks_1,16.44181221874952,0,928,baseline,1,0
32,1,0.9259259259259259,checkpoints/sudoku_extreme_hf/checkpoint,6,1,blanks_1,16.44181221874952,0,929,baseline,1,0
32,1,0.7407407407407407,checkpoints/sudoku_extreme_hf/checkpoint,20,1,blanks_1,16.44181221874952,0,930,baseline,1,0
32,1,0.691358024691358,checkpoints/sudoku_extreme_hf/checkpoint,24,1,blanks_1,16.44181221874952,0,931,baseline,1,0
32,1,0.7777777777777778,checkpoints/sudoku_extreme_hf/checkpoint,18,1,blanks_1,16.44181221874952,0,932,baseline,1,0
32,1,0.654320987654321,checkpoints/sudoku_extreme_hf/checkpoint,27,1,blanks_1,16.44181221874952,0,933,baseline,1,0
32,1,0.7160493827160493,checkpoints/sudoku_extreme_hf/checkpoint,22,1,blanks_1,16.44181221874952,0,934,baseline,1,0
32,1,0.8395061728395061,checkpoints/sudoku_extreme_hf/checkpoint,12,1,blanks_1,16.44181221874952,0,935,baseline,1,0
32,1,0.8024691358024691,checkpoints/sudoku_extreme_hf/checkpoint,16,1,blanks_1,16.44181221874952,0,936,baseline,1,0
32,1,0.654320987654321,checkpoints/sudoku_extreme_hf/checkpoint,28,1,blanks_1,16.44181221874952,0,937,baseline,1,0
32,1,0.7407407407407407,checkpoints/sudoku_extreme_hf/checkpoint,20,1,blanks_1,16.44181221874952,0,938,baseline,1,0
32,1,0.8148148148148148,checkpoints/sudoku_extreme_hf/checkpoint,15,1,blanks_1,16.44181221874952,0,939,baseline,1,0
32,1,0.691358024691358,checkpoints/sudoku_extreme_hf/checkpoint,24,1,blanks_1,16.44181221874952,0,940,baseline,1,0
32,1,0.9012345679012346,checkpoints/sudoku_extreme_hf/checkpoint,8,1,blanks_1,16.44181221874952,0,941,baseline,1,0
32,1,0.7777777777777778,checkpoints/sudoku_extreme_hf/checkpoint,17,1,blanks_1,16.44181221874952,0,942,baseline,1,0
32,1,0.7901234567901234,checkpoints/sudoku_extreme_hf/checkpoint,17,1,blanks_1,16.44181221874952,0,943,baseline,1,0
32,1,1.0,checkpoints/sudoku_extreme_hf/checkpoint,0,1,blanks_1,16.44181221874952,1,944,baseline,0,0
32,1,0.7160493827160493,checkpoints/sudoku_extreme_hf/checkpoint,23,1,blanks_1,16.44181221874952,0,945,baseline,1,0
32,1,0.8271604938271605,checkpoints/sudoku_extreme_hf/checkpoint,14,1,blanks_1,16.44181221874952,0,946,baseline,1,0
32,1,0.7037037037037037,checkpoints/sudoku_extreme_hf/checkpoint,24,1,blanks_1,16.44181221874952,0,947,baseline,1,0
32,1,0.7777777777777778,checkpoints/sudoku_extreme_hf/checkpoint,18,1,blanks_1,16.44181221874952,0,948,baseline,1,0
32,1,0.7283950617283951,checkpoints/sudoku_extreme_hf/checkpoint,22,1,blanks_1,16.44181221874952,0,949,baseline,1,0
32,1,0.7407407407407407,checkpoints/sudoku_extreme_hf/checkpoint,21,1,blanks_1,16.44181221874952,0,950,baseline,1,0
32,1,0.8148148148148148,checkpoints/sudoku_extreme_hf/checkpoint,15,1,blanks_1,16.44181221874952,0,951,baseline,1,0
32,1,0.9259259259259259,checkpoints/sudoku_extreme_hf/checkpoint,6,1,blanks_1,16.44181221874952,0,952,baseline,1,0
32,1,0.9506172839506173,checkpoints/sudoku_extreme_hf/checkpoint,4,1,blanks_1,16.44181221874952,0,953,baseline,1,0
32,1,0.8148148148148148,checkpoints/sudoku_extreme_hf/checkpoint,15,1,blanks_1,16.44181221874952,0,954,baseline,1,0
32,1,0.7901234567901234,checkpoints/sudoku_extreme_hf/checkpoint,17,1,blanks_1,16.44181221874952,0,955,baseline,1,0
32,1,0.9506172839506173,checkpoints/sudoku_extreme_hf/checkpoint,4,1,blanks_1,16.44181221874952,0,956,baseline,1,0
32,1,0.5679012345679012,checkpoints/sudoku_extreme_hf/checkpoint,34,1,blanks_1,16.44181221874952,0,957,baseline,1,0
32,1,0.7654320987654321,checkpoints/sudoku_extreme_hf/checkpoint,19,1,blanks_1,16.44181221874952,0,958,baseline,1,0
32,1,1.0,checkpoints/sudoku_extreme_hf/checkpoint,0,1,blanks_1,16.44181221874952,1,959,baseline,0,0
32,1,0.7777777777777778,checkpoints/sudoku_extreme_hf/checkpoint,18,1,blanks_1,20.56360856249917,0,960,baseline,1,0
32,1,0.8271604938271605,checkpoints/sudoku_extreme_hf/checkpoint,13,1,blanks_1,20.56360856249917,0,961,baseline,1,0
32,1,0.6666666666666666,checkpoints/sudoku_extreme_hf/checkpoint,27,0,blanks_1,20.56360856249917,0,962,baseline,1,23
32,1,0.6419753086419753,checkpoints/sudoku_extreme_hf/checkpoint,28,1,blanks_1,20.56360856249917,0,963,baseline,1,0
32,1,0.6296296296296297,checkpoints/sudoku_extreme_hf/checkpoint,30,1,blanks_1,20.56360856249917,0,964,baseline,1,0
32,1,0.9012345679012346,checkpoints/sudoku_extreme_hf/checkpoint,8,1,blanks_1,20.56360856249917,0,965,baseline,1,0
32,1,0.8641975308641975,checkpoints/sudoku_extreme_hf/checkpoint,11,1,blanks_1,20.56360856249917,0,966,baseline,1,0
32,1,0.6666666666666666,checkpoints/sudoku_extreme_hf/checkpoint,27,0,blanks_1,20.56360856249917,0,967,baseline,1,30
32,1,0.9012345679012346,checkpoints/sudoku_extreme_hf/checkpoint,7,1,blanks_1,20.56360856249917,0,968,baseline,1,0
32,1,0.7283950617283951,checkpoints/sudoku_extreme_hf/checkpoint,22,1,blanks_1,20.56360856249917,0,969,baseline,1,0
32,1,1.0,checkpoints/sudoku_extreme_hf/checkpoint,0,1,blanks_1,20.56360856249917,1,970,baseline,0,0
32,1,0.7283950617283951,checkpoints/sudoku_extreme_hf/checkpoint,21,0,blanks_1,20.56360856249917,0,971,baseline,1,13
32,1,0.7777777777777778,checkpoints/sudoku_extreme_hf/checkpoint,18,0,blanks_1,20.56360856249917,0,972,baseline,1,21
32,1,0.7777777777777778,checkpoints/sudoku_extreme_hf/checkpoint,18,1,blanks_1,20.56360856249917,0,973,baseline,1,0
32,1,0.7901234567901234,checkpoints/sudoku_extreme_hf/checkpoint,16,1,blanks_1,20.56360856249917,0,974,baseline,1,0
32,1,0.7777777777777778,checkpoints/sudoku_extreme_hf/checkpoint,18,0,blanks_1,20.56360856249917,0,975,baseline,1,26
32,1,0.8271604938271605,checkpoints/sudoku_extreme_hf/checkpoint,14,1,blanks_1,20.56360856249917,0,976,baseline,1,0
32,1,1.0,checkpoints/sudoku_extreme_hf/checkpoint,0,1,blanks_1,20.56360856249917,1,977,baseline,0,0
32,1,0.8395061728395061,checkpoints/sudoku_extreme_hf/checkpoint,13,1,blanks_1,20.56360856249917,0,978,baseline,1,0
32,1,0.691358024691358,checkpoints/sudoku_extreme_hf/checkpoint,24,0,blanks_1,20.56360856249917,0,979,baseline,1,14
32,1,0.8518518518518519,checkpoints/sudoku_extreme_hf/checkpoint,12,1,blanks_1,20.56360856249917,0,980,baseline,1,0
32,1,1.0,checkpoints/sudoku_extreme_hf/checkpoint,0,1,blanks_1,20.56360856249917,1,981,baseline,0,0
32,1,0.7777777777777778,checkpoints/sudoku_extreme_hf/checkpoint,18,1,blanks_1,20.56360856249917,0,982,baseline,1,0
32,1,0.9506172839506173,checkpoints/sudoku_extreme_hf/checkpoint,4,1,blanks_1,20.56360856249917,0,983,baseline,1,0
32,1,0.8395061728395061,checkpoints/sudoku_extreme_hf/checkpoint,13,1,blanks_1,20.56360856249917,0,984,baseline,1,0
32,1,0.8765432098765432,checkpoints/sudoku_extreme_hf/checkpoint,10,1,blanks_1,20.56360856249917,0,985,baseline,1,0
32,1,0.7777777777777778,checkpoints/sudoku_extreme_hf/checkpoint,17,1,blanks_1,20.56360856249917,0,986,baseline,1,0
32,1,0.6666666666666666,checkpoints/sudoku_extreme_hf/checkpoint,27,1,blanks_1,20.56360856249917,0,987,baseline,1,0
32,1,0.9135802469135802,checkpoints/sudoku_extreme_hf/checkpoint,6,1,blanks_1,20.56360856249917,0,988,baseline,1,0
32,1,0.654320987654321,checkpoints/sudoku_extreme_hf/checkpoint,27,1,blanks_1,20.56360856249917,0,989,baseline,1,0
32,1,0.9012345679012346,checkpoints/sudoku_extreme_hf/checkpoint,8,1,blanks_1,20.56360856249917,0,990,baseline,1,0
32,1,1.0,checkpoints/sudoku_extreme_hf/checkpoint,0,1,blanks_1,20.56360856249917,1,991,baseline,0,0
32,1,0.7901234567901234,checkpoints/sudoku_extreme_hf/checkpoint,17,1,blanks_1,81.80452037500174,0,992,baseline,1,0
32,1,1.0,checkpoints/sudoku_extreme_hf/checkpoint,0,1,blanks_1,81.80452037500174,1,993,baseline,0,0
32,1,0.7283950617283951,checkpoints/sudoku_extreme_hf/checkpoint,22,1,blanks_1,81.80452037500174,0,994,baseline,1,0
32,1,0.8518518518518519,checkpoints/sudoku_extreme_hf/checkpoint,12,0,blanks_1,81.80452037500174,0,995,baseline,1,3
32,1,1.0,checkpoints/sudoku_extreme_hf/checkpoint,0,1,blanks_1,81.80452037500174,1,996,baseline,0,0
32,1,0.6790123456790124,checkpoints/sudoku_extreme_hf/checkpoint,26,1,blanks_1,81.80452037500174,0,997,baseline,1,0
32,1,0.8888888888888888,checkpoints/sudoku_extreme_hf/checkpoint,9,1,blanks_1,81.80452037500174,0,998,baseline,1,0
32,1,0.8888888888888888,checkpoints/sudoku_extreme_hf/checkpoint,9,1,blanks_1,81.80452037500174,0,999,baseline,1,0
32,2,0.6666666666666666,checkpoints/sudoku_extreme_hf/checkpoint,26,0,blanks_2,20.839251937498915,0,0,baseline,1,19
32,2,0.8271604938271605,checkpoints/sudoku_extreme_hf/checkpoint,13,1,blanks_2,20.839251937498915,0,1,baseline,1,0
32,2,1.0,checkpoints/sudoku_extreme_hf/checkpoint,0,1,blanks_2,20.839251937498915,1,2,baseline,0,0
32,2,0.7530864197530864,checkpoints/sudoku_extreme_hf/checkpoint,19,1,blanks_2,20.839251937498915,0,3,baseline,1,0
32,2,1.0,checkpoints/sudoku_extreme_hf/checkpoint,0,1,blanks_2,20.839251937498915,1,4,baseline,0,0
32,2,0.8024691358024691,checkpoints/sudoku_extreme_hf/checkpoint,15,1,blanks_2,20.839251937498915,0,5,baseline,1,0
32,2,0.7530864197530864,checkpoints/sudoku_extreme_hf/checkpoint,19,1,blanks_2,20.839251937498915,0,6,baseline,1,0
32,2,0.7037037037037037,checkpoints/sudoku_extreme_hf/checkpoint,23,1,blanks_2,20.839251937498915,0,7,baseline,1,0
32,2,0.6666666666666666,checkpoints/sudoku_extreme_hf/checkpoint,27,1,blanks_2,20.839251937498915,0,8,baseline,1,0
32,2,0.9506172839506173,checkpoints/sudoku_extreme_hf/checkpoint,4,1,blanks_2,20.839251937498915,0,9,baseline,1,0
32,2,0.8518518518518519,checkpoints/sudoku_extreme_hf/checkpoint,11,1,blanks_2,20.839251937498915,0,10,baseline,1,0
32,2,1.0,checkpoints/sudoku_extreme_hf/checkpoint,0,1,blanks_2,20.839251937498915,1,11,baseline,0,0
32,2,0.9259259259259259,checkpoints/sudoku_extreme_hf/checkpoint,5,1,blanks_2,20.839251937498915,0,12,baseline,1,0
32,2,0.8641975308641975,checkpoints/sudoku_extreme_hf/checkpoint,10,1,blanks_2,20.839251937498915,0,13,baseline,1,0
32,2,1.0,checkpoints/sudoku_extreme_hf/checkpoint,0,1,blanks_2,20.839251937498915,1,14,baseline,0,0
32,2,0.7777777777777778,checkpoints/sudoku_extreme_hf/checkpoint,18,1,blanks_2,20.839251937498915,0,15,baseline,1,0
32,2,1.0,checkpoints/sudoku_extreme_hf/checkpoint,0,1,blanks_2,20.839251937498915,1,16,baseline,0,0
32,2,0.8765432098765432,checkpoints/sudoku_extreme_hf/checkpoint,10,1,blanks_2,20.839251937498915,0,17,baseline,1,0
32,2,0.6666666666666666,checkpoints/sudoku_extreme_hf/checkpoint,26,1,blanks_2,20.839251937498915,0,18,baseline,1,0
32,2,1.0,checkpoints/sudoku_extreme_hf/checkpoint,0,1,blanks_2,20.839251937498915,1,19,baseline,0,0
32,2,1.0,checkpoints/sudoku_extreme_hf/checkpoint,0,1,blanks_2,20.839251937498915,1,20,baseline,0,0
32,2,0.8148148148148148,checkpoints/sudoku_extreme_hf/checkpoint,15,1,blanks_2,20.839251937498915,0,21,baseline,1,0
32,2,0.9506172839506173,checkpoints/sudoku_extreme_hf/checkpoint,4,1,blanks_2,20.839251937498915,0,22,baseline,1,0
32,2,0.7901234567901234,checkpoints/sudoku_extreme_hf/checkpoint,16,1,blanks_2,20.839251937498915,0,23,baseline,1,0
32,2,0.8765432098765432,checkpoints/sudoku_extreme_hf/checkpoint,10,0,blanks_2,20.839251937498915,0,24,baseline,1,13
32,2,0.8148148148148148,checkpoints/sudoku_extreme_hf/checkpoint,14,1,blanks_2,20.839251937498915,0,25,baseline,1,0
32,2,0.7037037037037037,checkpoints/sudoku_extreme_hf/checkpoint,22,1,blanks_2,20.839251937498915,0,26,baseline,1,0
32,2,0.8271604938271605,checkpoints/sudoku_extreme_hf/checkpoint,13,1,blanks_2,20.839251937498915,0,27,baseline,1,0
32,2,0.8518518518518519,checkpoints/sudoku_extreme_hf/checkpoint,11,1,blanks_2,20.839251937498915,0,28,baseline,1,0
32,2,0.7901234567901234,checkpoints/sudoku_extreme_hf/checkpoint,17,1,blanks_2,20.839251937498915,0,29,baseline,1,0
32,2,0.9506172839506173,checkpoints/sudoku_extreme_hf/checkpoint,4,1,blanks_2,20.839251937498915,0,30,baseline,1,0
32,2,1.0,checkpoints/sudoku_extreme_hf/checkpoint,0,1,blanks_2,20.839251937498915,1,31,baseline,0,0
32,2,0.7283950617283951,checkpoints/sudoku_extreme_hf/checkpoint,22,1,blanks_2,17.411423812500715,0,32,baseline,1,0
32,2,0.7654320987654321,checkpoints/sudoku_extreme_hf/checkpoint,18,1,blanks_2,17.411423812500715,0,33,baseline,1,0
32,2,0.7654320987654321,checkpoints/sudoku_extreme_hf/checkpoint,18,1,blanks_2,17.411423812500715,0,34,baseline,1,0
32,2,1.0,checkpoints/sudoku_extreme_hf/checkpoint,0,1,blanks_2,17.411423812500715,1,35,baseline,0,0
32,2,0.8271604938271605,checkpoints/sudoku_extreme_hf/checkpoint,14,1,blanks_2,17.411423812500715,0,36,baseline,1,0
32,2,0.8148148148148148,checkpoints/sudoku_extreme_hf/checkpoint,14,1,blanks_2,17.411423812500715,0,37,baseline,1,0
32,2,0.9506172839506173,checkpoints/sudoku_extreme_hf/checkpoint,4,1,blanks_2,17.411423812500715,0,38,baseline,1,0
32,2,0.7283950617283951,checkpoints/sudoku_extreme_hf/checkpoint,22,1,blanks_2,17.411423812500715,0,39,baseline,1,0
32,2,1.0,checkpoints/sudoku_extreme_hf/checkpoint,0,1,blanks_2,17.411423812500715,1,40,baseline,0,0
32,2,0.9012345679012346,checkpoints/sudoku_extreme_hf/checkpoint,8,1,blanks_2,17.411423812500715,0,41,baseline,1,0
32,2,0.8641975308641975,checkpoints/sudoku_extreme_hf/checkpoint,11,1,blanks_2,17.411423812500715,0,42,baseline,1,0
32,2,0.9259259259259259,checkpoints/sudoku_extreme_hf/checkpoint,6,1,blanks_2,17.411423812500715,0,43,baseline,1,0
32,2,0.691358024691358,checkpoints/sudoku_extreme_hf/checkpoint,24,1,blanks_2,17.411423812500715,0,44,baseline,1,0
32,2,0.9506172839506173,checkpoints/sudoku_extreme_hf/checkpoint,4,1,blanks_2,17.411423812500715,0,45,baseline,1,0
32,2,0.691358024691358,checkpoints/sudoku_extreme_hf/checkpoint,24,1,blanks_2,17.411423812500715,0,46,baseline,1,0
32,2,0.9506172839506173,checkpoints/sudoku_extreme_hf/checkpoint,4,1,blanks_2,17.411423812500715,0,47,baseline,1,0
32,2,0.8765432098765432,checkpoints/sudoku_extreme_hf/checkpoint,10,1,blanks_2,17.411423812500715,0,48,baseline,1,0
32,2,0.9506172839506173,checkpoints/sudoku_extreme_hf/checkpoint,3,1,blanks_2,17.411423812500715,0,49,baseline,1,0
32,2,0.7777777777777778,checkpoints/sudoku_extreme_hf/checkpoint,18,1,blanks_2,17.411423812500715,0,50,baseline,1,0
32,2,0.8518518518518519,checkpoints/sudoku_extreme_hf/checkpoint,12,1,blanks_2,17.411423812500715,0,51,baseline,1,0
32,2,0.6419753086419753,checkpoints/sudoku_extreme_hf/checkpoint,29,1,blanks_2,17.411423812500715,0,52,baseline,1,0
32,2,0.8888888888888888,checkpoints/sudoku_extreme_hf/checkpoint,9,1,blanks_2,17.411423812500715,0,53,baseline,1,0
32,2,0.8765432098765432,checkpoints/sudoku_extreme_hf/checkpoint,10,1,blanks_2,17.411423812500715,0,54,baseline,1,0
32,2,0.7407407407407407,checkpoints/sudoku_extreme_hf/checkpoint,20,1,blanks_2,17.411423812500715,0,55,baseline,1,0
32,2,0.8765432098765432,checkpoints/sudoku_extreme_hf/checkpoint,10,1,blanks_2,17.411423812500715,0,56,baseline,1,0
32,2,0.7901234567901234,checkpoints/sudoku_extreme_hf/checkpoint,17,1,blanks_2,17.411423812500715,0,57,baseline,1,0
32,2,1.0,checkpoints/sudoku_extreme_hf/checkpoint,0,1,blanks_2,17.411423812500715,1,58,baseline,0,0
32,2,1.0,checkpoints/sudoku_extreme_hf/checkpoint,0,1,blanks_2,17.411423812500715,1,59,baseline,0,0
32,2,1.0,checkpoints/sudoku_extreme_hf/checkpoint,0,1,blanks_2,17.411423812500715,1,60,baseline,0,0
32,2,0.6419753086419753,checkpoints/sudoku_extreme_hf/checkpoint,27,1,blanks_2,17.411423812500715,0,61,baseline,1,0
32,2,0.6790123456790124,checkpoints/sudoku_extreme_hf/checkpoint,26,0,blanks_2,17.411423812500715,0,62,baseline,1,28
32,2,0.7160493827160493,checkpoints/sudoku_extreme_hf/checkpoint,23,0,blanks_2,17.411423812500715,0,63,baseline,1,9
32,2,0.6296296296296297,checkpoints/sudoku_extreme_hf/checkpoint,28,1,blanks_2,19.82139256250015,0,64,baseline,1,0
32,2,0.9012345679012346,checkpoints/sudoku_extreme_hf/checkpoint,8,1,blanks_2,19.82139256250015,0,65,baseline,1,0
32,2,1.0,checkpoints/sudoku_extreme_hf/checkpoint,0,1,blanks_2,19.82139256250015,1,66,baseline,0,0
32,2,0.7777777777777778,checkpoints/sudoku_extreme_hf/checkpoint,18,1,blanks_2,19.82139256250015,0,67,baseline,1,0
32,2,1.0,checkpoints/sudoku_extreme_hf/checkpoint,0,1,blanks_2,19.82139256250015,1,68,baseline,0,0
32,2,1.0,checkpoints/sudoku_extreme_hf/checkpoint,0,1,blanks_2,19.82139256250015,1,69,baseline,0,0
32,2,0.7901234567901234,checkpoints/sudoku_extreme_hf/checkpoint,16,1,blanks_2,19.82139256250015,0,70,baseline,1,0
32,2,0.8024691358024691,checkpoints/sudoku_extreme_hf/checkpoint,15,1,blanks_2,19.82139256250015,0,71,baseline,1,0
32,2,0.9506172839506173,checkpoints/sudoku_extreme_hf/checkpoint,4,1,blanks_2,19.82139256250015,0,72,baseline,1,0
32,2,0.9259259259259259,checkpoints/sudoku_extreme_hf/checkpoint,5,1,blanks_2,19.82139256250015,0,73,baseline,1,0
32,2,1.0,checkpoints/sudoku_extreme_hf/checkpoint,0,1,blanks_2,19.82139256250015,1,74,baseline,0,0
32,2,0.8518518518518519,checkpoints/sudoku_extreme_hf/checkpoint,12,1,blanks_2,19.82139256250015,0,75,baseline,1,0
32,2,0.8518518518518519,checkpoints/sudoku_extreme_hf/checkpoint,11,1,blanks_2,19.82139256250015,0,76,baseline,1,0
32,2,0.9506172839506173,checkpoints/sudoku_extreme_hf/checkpoint,4,1,blanks_2,19.82139256250015,0,77,baseline,1,0
32,2,0.8148148148148148,checkpoints/sudoku_extreme_hf/checkpoint,15,1,blanks_2,19.82139256250015,0,78,baseline,1,0
32,2,1.0,checkpoints/sudoku_extreme_hf/checkpoint,0,1,blanks_2,19.82139256250015,1,79,baseline,0,0
32,2,1.0,checkpoints/sudoku_extreme_hf/checkpoint,0,1,blanks_2,19.82139256250015,1,80,baseline,0,0
32,2,1.0,checkpoints/sudoku_extreme_hf/checkpoint,0,1,blanks_2,19.82139256250015,1,81,baseline,0,0
32,2,0.8271604938271605,checkpoints/sudoku_extreme_hf/checkpoint,13,1,blanks_2,19.82139256250015,0,82,baseline,1,0
32,2,0.8271604938271605,checkpoints/sudoku_extreme_hf/checkpoint,13,1,blanks_2,19.82139256250015,0,83,baseline,1,0
32,2,1.0,checkpoints/sudoku_extreme_hf/checkpoint,0,1,blanks_2,19.82139256250015,1,84,baseline,0,0
32,2,0.7037037037037037,checkpoints/sudoku_extreme_hf/checkpoint,22,1,blanks_2,19.82139256250015,0,85,baseline,1,0
32,2,0.8395061728395061,checkpoints/sudoku_extreme_hf/checkpoint,11,1,blanks_2,19.82139256250015,0,86,baseline,1,0
32,2,0.7901234567901234,checkpoints/sudoku_extreme_hf/checkpoint,17,1,blanks_2,19.82139256250015,0,87,baseline,1,0
32,2,0.691358024691358,checkpoints/sudoku_extreme_hf/checkpoint,24,1,blanks_2,19.82139256250015,0,88,baseline,1,0
32,2,0.8518518518518519,checkpoints/sudoku_extreme_hf/checkpoint,11,1,blanks_2,19.82139256250015,0,89,baseline,1,0
32,2,0.8765432098765432,checkpoints/sudoku_extreme_hf/checkpoint,10,1,blanks_2,19.82139256250015,0,90,baseline,1,0
32,2,0.5432098765432098,checkpoints/sudoku_extreme_hf/checkpoint,35,1,blanks_2,19.82139256250015,0,91,baseline,1,0
32,2,0.7777777777777778,checkpoints/sudoku_extreme_hf/checkpoint,17,1,blanks_2,19.82139256250015,0,92,baseline,1,0
32,2,1.0,checkpoints/sudoku_extreme_hf/checkpoint,0,1,blanks_2,19.82139256250015,1,93,baseline,0,0
32,2,1.0,checkpoints/sudoku_extreme_hf/checkpoint,0,1,blanks_2,19.82139256250015,1,94,baseline,0,0
32,2,1.0,checkpoints/sudoku_extreme_hf/checkpoint,0,1,blanks_2,19.82139256250015,1,95,baseline,0,0
32,2,0.8641975308641975,checkpoints/sudoku_extreme_hf/checkpoint,11,1,blanks_2,20.8668727500001,0,96,baseline,1,0
32,2,0.7777777777777778,checkpoints/sudoku_extreme_hf/checkpoint,17,1,blanks_2,20.8668727500001,0,97,baseline,1,0
32,2,0.7407407407407407,checkpoints/sudoku_extreme_hf/checkpoint,21,1,blanks_2,20.8668727500001,0,98,baseline,1,0
32,2,1.0,checkpoints/sudoku_extreme_hf/checkpoint,0,1,blanks_2,20.8668727500001,1,99,baseline,0,0
32,2,0.8641975308641975,checkpoints/sudoku_extreme_hf/checkpoint,11,1,blanks_2,20.8668727500001,0,100,baseline,1,0
32,2,0.7777777777777778,checkpoints/sudoku_extreme_hf/checkpoint,16,1,blanks_2,20.8668727500001,0,101,baseline,1,0
32,2,0.9506172839506173,checkpoints/sudoku_extreme_hf/checkpoint,3,1,blanks_2,20.8668727500001,0,102,baseline,1,0
32,2,0.8765432098765432,checkpoints/sudoku_extreme_hf/checkpoint,10,1,blanks_2,20.8668727500001,0,103,baseline,1,0
32,2,0.9012345679012346,checkpoints/sudoku_extreme_hf/checkpoint,8,1,blanks_2,20.8668727500001,0,104,baseline,1,0
32,2,0.7530864197530864,checkpoints/sudoku_extreme_hf/checkpoint,18,1,blanks_2,20.8668727500001,0,105,baseline,1,0
32,2,0.9259259259259259,checkpoints/sudoku_extreme_hf/checkpoint,6,1,blanks_2,20.8668727500001,0,106,baseline,1,0
32,2,0.6296296296296297,checkpoints/sudoku_extreme_hf/checkpoint,30,1,blanks_2,20.8668727500001,0,107,baseline,1,0
32,2,0.7654320987654321,checkpoints/sudoku_extreme_hf/checkpoint,18,1,blanks_2,20.8668727500001,0,108,baseline,1,0
32,2,0.8271604938271605,checkpoints/sudoku_extreme_hf/checkpoint,14,1,blanks_2,20.8668727500001,0,109,baseline,1,0
32,2,0.7777777777777778,checkpoints/sudoku_extreme_hf/checkpoint,16,1,blanks_2,20.8668727500001,0,110,baseline,1,0
32,2,0.7777777777777778,checkpoints/sudoku_extreme_hf/checkpoint,17,1,blanks_2,20.8668727500001,0,111,baseline,1,0
32,2,0.9135802469135802,checkpoints/sudoku_extreme_hf/checkpoint,7,1,blanks_2,20.8668727500001,0,112,baseline,1,0
32,2,0.9506172839506173,checkpoints/sudoku_extreme_hf/checkpoint,4,1,blanks_2,20.8668727500001,0,113,baseline,1,0
32,2,0.7530864197530864,checkpoints/sudoku_extreme_hf/checkpoint,19,0,blanks_2,20.8668727500001,0,114,baseline,1,26
32,2,0.8518518518518519,checkpoints/sudoku_extreme_hf/checkpoint,12,1,blanks_2,20.8668727500001,0,115,baseline,1,0
32,2,0.6419753086419753,checkpoints/sudoku_extreme_hf/checkpoint,27,1,blanks_2,20.8668727500001,0,116,baseline,1,0
32,2,0.7654320987654321,checkpoints/sudoku_extreme_hf/checkpoint,18,0,blanks_2,20.8668727500001,0,117,baseline,1,20
32,2,0.6296296296296297,checkpoints/sudoku_extreme_hf/checkpoint,28,1,blanks_2,20.8668727500001,0,118,baseline,1,0
32,2,0.8395061728395061,checkpoints/sudoku_extreme_hf/checkpoint,13,1,blanks_2,20.8668727500001,0,119,baseline,1,0
32,2,0.9259259259259259,checkpoints/sudoku_extreme_hf/checkpoint,6,1,blanks_2,20.8668727500001,0,120,baseline,1,0
32,2,1.0,checkpoints/sudoku_extreme_hf/checkpoint,0,1,blanks_2,20.8668727500001,1,121,baseline,0,0
32,2,0.654320987654321,checkpoints/sudoku_extreme_hf/checkpoint,27,0,blanks_2,20.8668727500001,0,122,baseline,1,9
32,2,1.0,checkpoints/sudoku_extreme_hf/checkpoint,0,1,blanks_2,20.8668727500001,1,123,baseline,0,0
32,2,0.7654320987654321,checkpoints/sudoku_extreme_hf/checkpoint,18,1,blanks_2,20.8668727500001,0,124,baseline,1,0
32,2,0.9135802469135802,checkpoints/sudoku_extreme_hf/checkpoint,7,1,blanks_2,20.8668727500001,0,125,baseline,1,0
32,2,0.7037037037037037,checkpoints/sudoku_extreme_hf/checkpoint,23,1,blanks_2,20.8668727500001,0,126,baseline,1,0
32,2,0.9259259259259259,checkpoints/sudoku_extreme_hf/checkpoint,6,1,blanks_2,20.8668727500001,0,127,baseline,1,0
32,2,0.9135802469135802,checkpoints/sudoku_extreme_hf/checkpoint,7,1,blanks_2,21.94235153124957,0,128,baseline,1,0
32,2,0.8024691358024691,checkpoints/sudoku_extreme_hf/checkpoint,15,0,blanks_2,21.94235153124957,0,129,baseline,1,3
32,2,0.9259259259259259,checkpoints/sudoku_extreme_hf/checkpoint,6,1,blanks_2,21.94235153124957,0,130,baseline,1,0
32,2,0.6666666666666666,checkpoints/sudoku_extreme_hf/checkpoint,26,1,blanks_2,21.94235153124957,0,131,baseline,1,0
32,2,0.7777777777777778,checkpoints/sudoku_extreme_hf/checkpoint,18,1,blanks_2,21.94235153124957,0,132,baseline,1,0
32,2,0.9506172839506173,checkpoints/sudoku_extreme_hf/checkpoint,4,1,blanks_2,21.94235153124957,0,133,baseline,1,0
32,2,0.8148148148148148,checkpoints/sudoku_extreme_hf/checkpoint,14,1,blanks_2,21.94235153124957,0,134,baseline,1,0
32,2,0.9012345679012346,checkpoints/sudoku_extreme_hf/checkpoint,8,1,blanks_2,21.94235153124957,0,135,baseline,1,0
32,2,0.9259259259259259,checkpoints/sudoku_extreme_hf/checkpoint,5,1,blanks_2,21.94235153124957,0,136,baseline,1,0
32,2,0.7160493827160493,checkpoints/sudoku_extreme_hf/checkpoint,22,1,blanks_2,21.94235153124957,0,137,baseline,1,0
32,2,0.7901234567901234,checkpoints/sudoku_extreme_hf/checkpoint,17,0,blanks_2,21.94235153124957,0,138,baseline,1,8
32,2,0.7283950617283951,checkpoints/sudoku_extreme_hf/checkpoint,21,1,blanks_2,21.94235153124957,0,139,baseline,1,0
32,2,0.9259259259259259,checkpoints/sudoku_extreme_hf/checkpoint,6,1,blanks_2,21.94235153124957,0,140,baseline,1,0
32,2,1.0,checkpoints/sudoku_extreme_hf/checkpoint,0,1,blanks_2,21.94235153124957,1,141,baseline,0,0
32,2,0.9135802469135802,checkpoints/sudoku_extreme_hf/checkpoint,7,1,blanks_2,21.94235153124957,0,142,baseline,1,0
32,2,0.9012345679012346,checkpoints/sudoku_extreme_hf/checkpoint,8,1,blanks_2,21.94235153124957,0,143,baseline,1,0
32,2,0.8024691358024691,checkpoints/sudoku_extreme_hf/checkpoint,14,1,blanks_2,21.94235153124957,0,144,baseline,1,0
32,2,0.7283950617283951,checkpoints/sudoku_extreme_hf/checkpoint,20,1,blanks_2,21.94235153124957,0,145,baseline,1,0
32,2,1.0,checkpoints/sudoku_extreme_hf/checkpoint,0,1,blanks_2,21.94235153124957,1,146,baseline,0,0
32,2,0.9506172839506173,checkpoints/sudoku_extreme_hf/checkpoint,3,1,blanks_2,21.94235153124957,0,147,baseline,1,0
32,2,0.8271604938271605,checkpoints/sudoku_extreme_hf/checkpoint,14,1,blanks_2,21.94235153124957,0,148,baseline,1,0
32,2,1.0,checkpoints/sudoku_extreme_hf/checkpoint,0,1,blanks_2,21.94235153124957,1,149,baseline,0,0
32,2,0.7530864197530864,checkpoints/sudoku_extreme_hf/checkpoint,19,1,blanks_2,21.94235153124957,0,150,baseline,1,0
32,2,0.8148148148148148,checkpoints/sudoku_extreme_hf/checkpoint,14,1,blanks_2,21.94235153124957,0,151,baseline,1,0
32,2,1.0,checkpoints/sudoku_extreme_hf/checkpoint,0,1,blanks_2,21.94235153124957,1,152,baseline,0,0
32,2,0.7777777777777778,checkpoints/sudoku_extreme_hf/checkpoint,18,1,blanks_2,21.94235153124957,0,153,baseline,1,0
32,2,0.8765432098765432,checkpoints/sudoku_extreme_hf/checkpoint,9,1,blanks_2,21.94235153124957,0,154,baseline,1,0
32,2,0.9259259259259259,checkpoints/sudoku_extreme_hf/checkpoint,6,1,blanks_2,21.94235153124957,0,155,baseline,1,0
32,2,0.8641975308641975,checkpoints/sudoku_extreme_hf/checkpoint,9,1,blanks_2,21.94235153124957,0,156,baseline,1,0
32,2,0.8518518518518519,checkpoints/sudoku_extreme_hf/checkpoint,12,1,blanks_2,21.94235153124957,0,157,baseline,1,0
32,2,0.9259259259259259,checkpoints/sudoku_extreme_hf/checkpoint,5,1,blanks_2,21.94235153124957,0,158,baseline,1,0
32,2,1.0,checkpoints/sudoku_extreme_hf/checkpoint,0,1,blanks_2,21.94235153124957,1,159,baseline,0,0
32,2,0.691358024691358,checkpoints/sudoku_extreme_hf/checkpoint,23,1,blanks_2,21.37978496874915,0,160,baseline,1,0
32,2,1.0,checkpoints/sudoku_extreme_hf/checkpoint,0,1,blanks_2,21.37978496874915,1,161,baseline,0,0
32,2,0.7283950617283951,checkpoints/sudoku_extreme_hf/checkpoint,21,1,blanks_2,21.37978496874915,0,162,baseline,1,0
32,2,0.7901234567901234,checkpoints/sudoku_extreme_hf/checkpoint,16,1,blanks_2,21.37978496874915,0,163,baseline,1,0
32,2,0.8641975308641975,checkpoints/sudoku_extreme_hf/checkpoint,9,1,blanks_2,21.37978496874915,0,164,baseline,1,0
32,2,0.7901234567901234,checkpoints/sudoku_extreme_hf/checkpoint,16,1,blanks_2,21.37978496874915,0,165,baseline,1,0
32,2,0.8765432098765432,checkpoints/sudoku_extreme_hf/checkpoint,10,1,blanks_2,21.37978496874915,0,166,baseline,1,0
32,2,0.7777777777777778,checkpoints/sudoku_extreme_hf/checkpoint,17,0,blanks_2,21.37978496874915,0,167,baseline,1,26
32,2,0.9506172839506173,checkpoints/sudoku_extreme_hf/checkpoint,4,1,blanks_2,21.37978496874915,0,168,baseline,1,0
32,2,0.9259259259259259,checkpoints/sudoku_extreme_hf/checkpoint,6,1,blanks_2,21.37978496874915,0,169,baseline,1,0
32,2,0.8765432098765432,checkpoints/sudoku_extreme_hf/checkpoint,10,1,blanks_2,21.37978496874915,0,170,baseline,1,0
32,2,0.7530864197530864,checkpoints/sudoku_extreme_hf/checkpoint,20,1,blanks_2,21.37978496874915,0,171,baseline,1,0
32,2,1.0,checkpoints/sudoku_extreme_hf/checkpoint,0,1,blanks_2,21.37978496874915,1,172,baseline,0,0
32,2,0.9135802469135802,checkpoints/sudoku_extreme_hf/checkpoint,7,1,blanks_2,21.37978496874915,0,173,baseline,1,0
32,2,0.9259259259259259,checkpoints/sudoku_extreme_hf/checkpoint,5,1,blanks_2,21.37978496874915,0,174,baseline,1,0
32,2,0.8518518518518519,checkpoints/sudoku_extreme_hf/checkpoint,12,1,blanks_2,21.37978496874915,0,175,baseline,1,0
32,2,0.8518518518518519,checkpoints/sudoku_extreme_hf/checkpoint,11,1,blanks_2,21.37978496874915,0,176,baseline,1,0
32,2,1.0,checkpoints/sudoku_extreme_hf/checkpoint,0,1,blanks_2,21.37978496874915,1,177,baseline,0,0
32,2,0.8271604938271605,checkpoints/sudoku_extreme_hf/checkpoint,13,1,blanks_2,21.37978496874915,0,178,baseline,1,0
32,2,0.9259259259259259,checkpoints/sudoku_extreme_hf/checkpoint,6,1,blanks_2,21.37978496874915,0,179,baseline,1,0
32,2,1.0,checkpoints/sudoku_extreme_hf/checkpoint,0,1,blanks_2,21.37978496874915,1,180,baseline,0,0
32,2,1.0,checkpoints/sudoku_extreme_hf/checkpoint,0,1,blanks_2,21.37978496874915,1,181,baseline,0,0
32,2,0.8024691358024691,checkpoints/sudoku_extreme_hf/checkpoint,16,0,blanks_2,21.37978496874915,0,182,baseline,1,11
32,2,0.7037037037037037,checkpoints/sudoku_extreme_hf/checkpoint,23,1,blanks_2,21.37978496874915,0,183,baseline,1,0
32,2,0.8395061728395061,checkpoints/sudoku_extreme_hf/checkpoint,13,1,blanks_2,21.37978496874915,0,184,baseline,1,0
32,2,0.9135802469135802,checkpoints/sudoku_extreme_hf/checkpoint,7,1,blanks_2,21.37978496874915,0,185,baseline,1,0
32,2,0.9012345679012346,checkpoints/sudoku_extreme_hf/checkpoint,8,1,blanks_2,21.37978496874915,0,186,baseline,1,0
32,2,0.7283950617283951,checkpoints/sudoku_extreme_hf/checkpoint,20,1,blanks_2,21.37978496874915,0,187,baseline,1,0
32,2,0.9012345679012346,checkpoints/sudoku_extreme_hf/checkpoint,8,1,blanks_2,21.37978496874915,0,188,baseline,1,0
32,2,0.7777777777777778,checkpoints/sudoku_extreme_hf/checkpoint,17,1,blanks_2,21.37978496874915,0,189,baseline,1,0
32,2,1.0,checkpoints/sudoku_extreme_hf/checkpoint,0,1,blanks_2,21.37978496874915,1,190,baseline,0,0
32,2,0.7901234567901234,checkpoints/sudoku_extreme_hf/checkpoint,17,1,blanks_2,21.37978496874915,0,191,baseline,1,0
32,2,0.7654320987654321,checkpoints/sudoku_extreme_hf/checkpoint,18,1,blanks_2,19.48171521875075,0,192,baseline,1,0
32,2,1.0,checkpoints/sudoku_extreme_hf/checkpoint,0,1,blanks_2,19.48171521875075,1,193,baseline,0,0
32,2,1.0,checkpoints/sudoku_extreme_hf/checkpoint,0,1,blanks_2,19.48171521875075,1,194,baseline,0,0
32,2,0.8024691358024691,checkpoints/sudoku_extreme_hf/checkpoint,16,1,blanks_2,19.48171521875075,0,195,baseline,1,0
32,2,0.654320987654321,checkpoints/sudoku_extreme_hf/checkpoint,27,0,blanks_2,19.48171521875075,0,196,baseline,1,6
32,2,0.7654320987654321,checkpoints/sudoku_extreme_hf/checkpoint,18,1,blanks_2,19.48171521875075,0,197,baseline,1,0
32,2,0.8148148148148148,checkpoints/sudoku_extreme_hf/checkpoint,15,1,blanks_2,19.48171521875075,0,198,baseline,1,0
32,2,0.9506172839506173,checkpoints/sudoku_extreme_hf/checkpoint,4,1,blanks_2,19.48171521875075,0,199,baseline,1,0
32,2,0.9506172839506173,checkpoints/sudoku_extreme_hf/checkpoint,4,1,blanks_2,19.48171521875075,0,200,baseline,1,0
32,2,0.7037037037037037,checkpoints/sudoku_extreme_hf/checkpoint,24,0,blanks_2,19.48171521875075,0,201,baseline,1,28
32,2,0.9259259259259259,checkpoints/sudoku_extreme_hf/checkpoint,6,1,blanks_2,19.48171521875075,0,202,baseline,1,0
32,2,0.7407407407407407,checkpoints/sudoku_extreme_hf/checkpoint,21,1,blanks_2,19.48171521875075,0,203,baseline,1,0
32,2,0.8148148148148148,checkpoints/sudoku_extreme_hf/checkpoint,15,1,blanks_2,19.48171521875075,0,204,baseline,1,0
32,2,0.9012345679012346,checkpoints/sudoku_extreme_hf/checkpoint,8,1,blanks_2,19.48171521875075,0,205,baseline,1,0
32,2,0.8641975308641975,checkpoints/sudoku_extreme_hf/checkpoint,10,1,blanks_2,19.48171521875075,0,206,baseline,1,0
32,2,0.9259259259259259,checkpoints/sudoku_extreme_hf/checkpoint,6,1,blanks_2,19.48171521875075,0,207,baseline,1,0
32,2,1.0,checkpoints/sudoku_extreme_hf/checkpoint,0,1,blanks_2,19.48171521875075,1,208,baseline,0,0
32,2,0.8518518518518519,checkpoints/sudoku_extreme_hf/checkpoint,12,1,blanks_2,19.48171521875075,0,209,baseline,1,0
32,2,0.8518518518518519,checkpoints/sudoku_extreme_hf/checkpoint,12,1,blanks_2,19.48171521875075,0,210,baseline,1,0
32,2,1.0,checkpoints/sudoku_extreme_hf/checkpoint,0,1,blanks_2,19.48171521875075,1,211,baseline,0,0
32,2,0.8518518518518519,checkpoints/sudoku_extreme_hf/checkpoint,12,1,blanks_2,19.48171521875075,0,212,baseline,1,0
32,2,0.9135802469135802,checkpoints/sudoku_extreme_hf/checkpoint,6,1,blanks_2,19.48171521875075,0,213,baseline,1,0
32,2,0.7654320987654321,checkpoints/sudoku_extreme_hf/checkpoint,19,1,blanks_2,19.48171521875075,0,214,baseline,1,0
32,2,0.7407407407407407,checkpoints/sudoku_extreme_hf/checkpoint,21,1,blanks_2,19.48171521875075,0,215,baseline,1,0
32,2,0.7654320987654321,checkpoints/sudoku_extreme_hf/checkpoint,19,1,blanks_2,19.48171521875075,0,216,baseline,1,0
32,2,1.0,checkpoints/sudoku_extreme_hf/checkpoint,0,1,blanks_2,19.48171521875075,1,217,baseline,0,0
32,2,0.8888888888888888,checkpoints/sudoku_extreme_hf/checkpoint,9,1,blanks_2,19.48171521875075,0,218,baseline,1,0
32,2,0.8271604938271605,checkpoints/sudoku_extreme_hf/checkpoint,13,1,blanks_2,19.48171521875075,0,219,baseline,1,0
32,2,0.8148148148148148,checkpoints/sudoku_extreme_hf/checkpoint,15,1,blanks_2,19.48171521875075,0,220,baseline,1,0
32,2,0.8271604938271605,checkpoints/sudoku_extreme_hf/checkpoint,14,1,blanks_2,19.48171521875075,0,221,baseline,1,0
32,2,0.9012345679012346,checkpoints/sudoku_extreme_hf/checkpoint,8,1,blanks_2,19.48171521875075,0,222,baseline,1,0
32,2,0.7777777777777778,checkpoints/sudoku_extreme_hf/checkpoint,18,1,blanks_2,19.48171521875075,0,223,baseline,1,0
32,2,0.9506172839506173,checkpoints/sudoku_extreme_hf/checkpoint,4,1,blanks_2,20.626087812500415,0,224,baseline,1,0
32,2,0.8024691358024691,checkpoints/sudoku_extreme_hf/checkpoint,15,1,blanks_2,20.626087812500415,0,225,baseline,1,0
32,2,0.9135802469135802,checkpoints/sudoku_extreme_hf/checkpoint,6,1,blanks_2,20.626087812500415,0,226,baseline,1,0
32,2,0.6419753086419753,checkpoints/sudoku_extreme_hf/checkpoint,28,1,blanks_2,20.626087812500415,0,227,baseline,1,0
32,2,1.0,checkpoints/sudoku_extreme_hf/checkpoint,0,1,blanks_2,20.626087812500415,1,228,baseline,0,0
32,2,0.8641975308641975,checkpoints/sudoku_extreme_hf/checkpoint,10,1,blanks_2,20.626087812500415,0,229,baseline,1,0
32,2,1.0,checkpoints/sudoku_extreme_hf/checkpoint,0,1,blanks_2,20.626087812500415,1,230,baseline,0,0
32,2,0.9506172839506173,checkpoints/sudoku_extreme_hf/checkpoint,4,1,blanks_2,20.626087812500415,0,231,baseline,1,0
32,2,0.691358024691358,checkpoints/sudoku_extreme_hf/checkpoint,25,0,blanks_2,20.626087812500415,0,232,baseline,1,19
32,2,0.9012345679012346,checkpoints/sudoku_extreme_hf/checkpoint,8,1,blanks_2,20.626087812500415,0,233,baseline,1,0
32,2,1.0,checkpoints/sudoku_extreme_hf/checkpoint,0,1,blanks_2,20.626087812500415,1,234,baseline,0,0
32,2,0.5802469135802469,checkpoints/sudoku_extreme_hf/checkpoint,32,1,blanks_2,20.626087812500415,0,235,baseline,1,0
32,2,0.9506172839506173,checkpoints/sudoku_extreme_hf/checkpoint,3,1,blanks_2,20.626087812500415,0,236,baseline,1,0
32,2,0.7777777777777778,checkpoints/sudoku_extreme_hf/checkpoint,18,1,blanks_2,20.626087812500415,0,237,baseline,1,0
32,2,0.9506172839506173,checkpoints/sudoku_extreme_hf/checkpoint,3,1,blanks_2,20.626087812500415,0,238,baseline,1,0
32,2,0.8271604938271605,checkpoints/sudoku_extreme_hf/checkpoint,14,1,blanks_2,20.626087812500415,0,239,baseline,1,0
32,2,0.8148148148148148,checkpoints/sudoku_extreme_hf/checkpoint,14,1,blanks_2,20.626087812500415,0,240,baseline,1,0
32,2,0.9012345679012346,checkpoints/sudoku_extreme_hf/checkpoint,8,1,blanks_2,20.626087812500415,0,241,baseline,1,0
32,2,1.0,checkpoints/sudoku_extreme_hf/checkpoint,0,1,blanks_2,20.626087812500415,1,242,baseline,0,0
32,2,0.8518518518518519,checkpoints/sudoku_extreme_hf/checkpoint,10,1,blanks_2,20.626087812500415,0,243,baseline,1,0
32,2,0.8765432098765432,checkpoints/sudoku_extreme_hf/checkpoint,10,1,blanks_2,20.626087812500415,0,244,baseline,1,0
32,2,0.7037037037037037,checkpoints/sudoku_extreme_hf/checkpoint,22,1,blanks_2,20.626087812500415,0,245,baseline,1,0
32,2,0.9259259259259259,checkpoints/sudoku_extreme_hf/checkpoint,6,1,blanks_2,20.626087812500415,0,246,baseline,1,0
32,2,1.0,checkpoints/sudoku_extreme_hf/checkpoint,0,1,blanks_2,20.626087812500415,1,247,baseline,0,0
32,2,1.0,checkpoints/sudoku_extreme_hf/checkpoint,0,1,blanks_2,20.626087812500415,1,248,baseline,0,0
32,2,0.9259259259259259,checkpoints/sudoku_extreme_hf/checkpoint,6,1,blanks_2,20.626087812500415,0,249,baseline,1,0
32,2,1.0,checkpoints/sudoku_extreme_hf/checkpoint,0,1,blanks_2,20.626087812500415,1,250,baseline,0,0
32,2,0.9012345679012346,checkpoints/sudoku_extreme_hf/checkpoint,8,1,blanks_2,20.626087812500415,0,251,baseline,1,0
32,2,0.7777777777777778,checkpoints/sudoku_extreme_hf/checkpoint,18,1,blanks_2,20.626087812500415,0,252,baseline,1,0
32,2,1.0,checkpoints/sudoku_extreme_hf/checkpoint,0,1,blanks_2,20.626087812500415,1,253,baseline,0,0
32,2,0.9506172839506173,checkpoints/sudoku_extreme_hf/checkpoint,4,1,blanks_2,20.626087812500415,0,254,baseline,1,0
32,2,0.8271604938271605,checkpoints/sudoku_extreme_hf/checkpoint,14,1,blanks_2,20.626087812500415,0,255,baseline,1,0
32,2,0.8024691358024691,checkpoints/sudoku_extreme_hf/checkpoint,15,1,blanks_2,22.321874656249463,0,256,baseline,1,0
32,2,0.6790123456790124,checkpoints/sudoku_extreme_hf/checkpoint,25,1,blanks_2,22.321874656249463,0,257,baseline,1,0
32,2,0.7283950617283951,checkpoints/sudoku_extreme_hf/checkpoint,21,1,blanks_2,22.321874656249463,0,258,baseline,1,0
32,2,0.7283950617283951,checkpoints/sudoku_extreme_hf/checkpoint,20,1,blanks_2,22.321874656249463,0,259,baseline,1,0
32,2,1.0,checkpoints/sudoku_extreme_hf/checkpoint,0,1,blanks_2,22.321874656249463,1,260,baseline,0,0
32,2,0.7037037037037037,checkpoints/sudoku_extreme_hf/checkpoint,23,1,blanks_2,22.321874656249463,0,261,baseline,1,0
32,2,0.8271604938271605,checkpoints/sudoku_extreme_hf/checkpoint,13,1,blanks_2,22.321874656249463,0,262,baseline,1,0
32,2,0.8024691358024691,checkpoints/sudoku_extreme_hf/checkpoint,15,1,blanks_2,22.321874656249463,0,263,baseline,1,0
32,2,0.9259259259259259,checkpoints/sudoku_extreme_hf/checkpoint,5,1,blanks_2,22.321874656249463,0,264,baseline,1,0
32,2,1.0,checkpoints/sudoku_extreme_hf/checkpoint,0,1,blanks_2,22.321874656249463,1,265,baseline,0,0
32,2,1.0,checkpoints/sudoku_extreme_hf/checkpoint,0,1,blanks_2,22.321874656249463,1,266,baseline,0,0
32,2,0.8888888888888888,checkpoints/sudoku_extreme_hf/checkpoint,9,1,blanks_2,22.321874656249463,0,267,baseline,1,0
32,2,0.7283950617283951,checkpoints/sudoku_extreme_hf/checkpoint,20,1,blanks_2,22.321874656249463,0,268,baseline,1,0
32,2,0.9012345679012346,checkpoints/sudoku_extreme_hf/checkpoint,8,1,blanks_2,22.321874656249463,0,269,baseline,1,0
32,2,0.9506172839506173,checkpoints/sudoku_extreme_hf/checkpoint,4,1,blanks_2,22.321874656249463,0,270,baseline,1,0
32,2,0.7530864197530864,checkpoints/sudoku_extreme_hf/checkpoint,19,1,blanks_2,22.321874656249463,0,271,baseline,1,0
32,2,1.0,checkpoints/sudoku_extreme_hf/checkpoint,0,1,blanks_2,22.321874656249463,1,272,baseline,0,0
32,2,0.9259259259259259,checkpoints/sudoku_extreme_hf/checkpoint,6,1,blanks_2,22.321874656249463,0,273,baseline,1,0
32,2,0.8148148148148148,checkpoints/sudoku_extreme_hf/checkpoint,13,1,blanks_2,22.321874656249463,0,274,baseline,1,0
32,2,1.0,checkpoints/sudoku_extreme_hf/checkpoint,0,1,blanks_2,22.321874656249463,1,275,baseline,0,0
32,2,0.7654320987654321,checkpoints/sudoku_extreme_hf/checkpoint,19,1,blanks_2,22.321874656249463,0,276,baseline,1,0
32,2,1.0,checkpoints/sudoku_extreme_hf/checkpoint,0,1,blanks_2,22.321874656249463,1,277,baseline,0,0
32,2,0.8641975308641975,checkpoints/sudoku_extreme_hf/checkpoint,10,1,blanks_2,22.321874656249463,0,278,baseline,1,0
32,2,0.8641975308641975,checkpoints/sudoku_extreme_hf/checkpoint,11,1,blanks_2,22.321874656249463,0,279,baseline,1,0
32,2,0.9506172839506173,checkpoints/sudoku_extreme_hf/checkpoint,4,1,blanks_2,22.321874656249463,0,280,baseline,1,0
32,2,0.7037037037037037,checkpoints/sudoku_extreme_hf/checkpoint,23,0,blanks_2,22.321874656249463,0,281,baseline,1,25
32,2,0.7654320987654321,checkpoints/sudoku_extreme_hf/checkpoint,18,1,blanks_2,22.321874656249463,0,282,baseline,1,0
32,2,0.8765432098765432,checkpoints/sudoku_extreme_hf/checkpoint,10,1,blanks_2,22.321874656249463,0,283,baseline,1,0
32,2,0.8518518518518519,checkpoints/sudoku_extreme_hf/checkpoint,11,1,blanks_2,22.321874656249463,0,284,baseline,1,0
32,2,0.7777777777777778,checkpoints/sudoku_extreme_hf/checkpoint,18,1,blanks_2,22.321874656249463,0,285,baseline,1,0
32,2,0.8024691358024691,checkpoints/sudoku_extreme_hf/checkpoint,15,1,blanks_2,22.321874656249463,0,286,baseline,1,0
32,2,0.7901234567901234,checkpoints/sudoku_extreme_hf/checkpoint,17,1,blanks_2,22.321874656249463,0,287,baseline,1,0
32,2,1.0,checkpoints/sudoku_extreme_hf/checkpoint,0,1,blanks_2,22.733483593748716,1,288,baseline,0,0
32,2,0.8024691358024691,checkpoints/sudoku_extreme_hf/checkpoint,16,1,blanks_2,22.733483593748716,0,289,baseline,1,0
32,2,0.7777777777777778,checkpoints/sudoku_extreme_hf/checkpoint,17,1,blanks_2,22.733483593748716,0,290,baseline,1,0
32,2,0.8148148148148148,checkpoints/sudoku_extreme_hf/checkpoint,14,1,blanks_2,22.733483593748716,0,291,baseline,1,0
32,2,0.8888888888888888,checkpoints/sudoku_extreme_hf/checkpoint,7,1,blanks_2,22.733483593748716,0,292,baseline,1,0
32,2,0.8271604938271605,checkpoints/sudoku_extreme_hf/checkpoint,14,1,blanks_2,22.733483593748716,0,293,baseline,1,0
32,2,0.7037037037037037,checkpoints/sudoku_extreme_hf/checkpoint,22,1,blanks_2,22.733483593748716,0,294,baseline,1,0
32,2,0.7283950617283951,checkpoints/sudoku_extreme_hf/checkpoint,20,1,blanks_2,22.733483593748716,0,295,baseline,1,0
32,2,0.8641975308641975,checkpoints/sudoku_extreme_hf/checkpoint,10,1,blanks_2,22.733483593748716,0,296,baseline,1,0
32,2,1.0,checkpoints/sudoku_extreme_hf/checkpoint,0,1,blanks_2,22.733483593748716,1,297,baseline,0,0
32,2,0.8888888888888888,checkpoints/sudoku_extreme_hf/checkpoint,8,1,blanks_2,22.733483593748716,0,298,baseline,1,0
32,2,0.7530864197530864,checkpoints/sudoku_extreme_hf/checkpoint,19,1,blanks_2,22.733483593748716,0,299,baseline,1,0
32,2,0.7283950617283951,checkpoints/sudoku_extreme_hf/checkpoint,21,0,blanks_2,22.733483593748716,0,300,baseline,1,14
32,2,0.6172839506172839,checkpoints/sudoku_extreme_hf/checkpoint,30,1,blanks_2,22.733483593748716,0,301,baseline,1,0
32,2,0.8888888888888888,checkpoints/sudoku_extreme_hf/checkpoint,8,1,blanks_2,22.733483593748716,0,302,baseline,1,0
32,2,0.7530864197530864,checkpoints/sudoku_extreme_hf/checkpoint,19,1,blanks_2,22.733483593748716,0,303,baseline,1,0
32,2,0.8765432098765432,checkpoints/sudoku_extreme_hf/checkpoint,10,1,blanks_2,22.733483593748716,0,304,baseline,1,0
32,2,0.8271604938271605,checkpoints/sudoku_extreme_hf/checkpoint,14,1,blanks_2,22.733483593748716,0,305,baseline,1,0
32,2,0.8765432098765432,checkpoints/sudoku_extreme_hf/checkpoint,10,1,blanks_2,22.733483593748716,0,306,baseline,1,0
32,2,0.7530864197530864,checkpoints/sudoku_extreme_hf/checkpoint,19,1,blanks_2,22.733483593748716,0,307,baseline,1,0
32,2,0.9506172839506173,checkpoints/sudoku_extreme_hf/checkpoint,4,1,blanks_2,22.733483593748716,0,308,baseline,1,0
32,2,0.6419753086419753,checkpoints/sudoku_extreme_hf/checkpoint,28,0,blanks_2,22.733483593748716,0,309,baseline,1,19
32,2,0.9506172839506173,checkpoints/sudoku_extreme_hf/checkpoint,4,1,blanks_2,22.733483593748716,0,310,baseline,1,0
32,2,0.8271604938271605,checkpoints/sudoku_extreme_hf/checkpoint,13,1,blanks_2,22.733483593748716,0,311,baseline,1,0
32,2,0.7777777777777778,checkpoints/sudoku_extreme_hf/checkpoint,17,1,blanks_2,22.733483593748716,0,312,baseline,1,0
32,2,1.0,checkpoints/sudoku_extreme_hf/checkpoint,0,1,blanks_2,22.733483593748716,1,313,baseline,0,0
32,2,0.9506172839506173,checkpoints/sudoku_extreme_hf/checkpoint,4,1,blanks_2,22.733483593748716,0,314,baseline,1,0
32,2,0.9012345679012346,checkpoints/sudoku_extreme_hf/checkpoint,8,1,blanks_2,22.733483593748716,0,315,baseline,1,0
32,2,0.8641975308641975,checkpoints/sudoku_extreme_hf/checkpoint,11,1,blanks_2,22.733483593748716,0,316,baseline,1,0
32,2,0.8765432098765432,checkpoints/sudoku_extreme_hf/checkpoint,9,1,blanks_2,22.733483593748716,0,317,baseline,1,0
32,2,0.7283950617283951,checkpoints/sudoku_extreme_hf/checkpoint,21,1,blanks_2,22.733483593748716,0,318,baseline,1,0
32,2,0.7283950617283951,checkpoints/sudoku_extreme_hf/checkpoint,21,1,blanks_2,22.733483593748716,0,319,baseline,1,0
32,2,1.0,checkpoints/sudoku_extreme_hf/checkpoint,0,1,blanks_2,19.65716575000087,1,320,baseline,0,0
32,2,0.7530864197530864,checkpoints/sudoku_extreme_hf/checkpoint,20,1,blanks_2,19.65716575000087,0,321,baseline,1,0
32,2,1.0,checkpoints/sudoku_extreme_hf/checkpoint,0,1,blanks_2,19.65716575000087,1,322,baseline,0,0
32,2,0.8888888888888888,checkpoints/sudoku_extreme_hf/checkpoint,8,1,blanks_2,19.65716575000087,0,323,baseline,1,0
32,2,0.9506172839506173,checkpoints/sudoku_extreme_hf/checkpoint,4,1,blanks_2,19.65716575000087,0,324,baseline,1,0
32,2,1.0,checkpoints/sudoku_extreme_hf/checkpoint,0,1,blanks_2,19.65716575000087,1,325,baseline,0,0
32,2,0.9506172839506173,checkpoints/sudoku_extreme_hf/checkpoint,3,1,blanks_2,19.65716575000087,0,326,baseline,1,0
32,2,1.0,checkpoints/sudoku_extreme_hf/checkpoint,0,1,blanks_2,19.65716575000087,1,327,baseline,0,0
32,2,0.8765432098765432,checkpoints/sudoku_extreme_hf/checkpoint,10,1,blanks_2,19.65716575000087,0,328,baseline,1,0
32,2,0.8395061728395061,checkpoints/sudoku_extreme_hf/checkpoint,13,1,blanks_2,19.65716575000087,0,329,baseline,1,0
32,2,1.0,checkpoints/sudoku_extreme_hf/checkpoint,0,1,blanks_2,19.65716575000087,1,330,baseline,0,0
32,2,1.0,checkpoints/sudoku_extreme_hf/checkpoint,0,1,blanks_2,19.65716575000087,1,331,baseline,0,0
32,2,1.0,checkpoints/sudoku_extreme_hf/checkpoint,0,1,blanks_2,19.65716575000087,1,332,baseline,0,0
32,2,0.9259259259259259,checkpoints/sudoku_extreme_hf/checkpoint,6,1,blanks_2,19.65716575000087,0,333,baseline,1,0
32,2,0.8765432098765432,checkpoints/sudoku_extreme_hf/checkpoint,10,1,blanks_2,19.65716575000087,0,334,baseline,1,0
32,2,0.8024691358024691,checkpoints/sudoku_extreme_hf/checkpoint,15,1,blanks_2,19.65716575000087,0,335,baseline,1,0
32,2,0.8271604938271605,checkpoints/sudoku_extreme_hf/checkpoint,14,1,blanks_2,19.65716575000087,0,336,baseline,1,0
32,2,1.0,checkpoints/sudoku_extreme_hf/checkpoint,0,1,blanks_2,19.65716575000087,1,337,baseline,0,0
32,2,0.9135802469135802,checkpoints/sudoku_extreme_hf/checkpoint,7,1,blanks_2,19.65716575000087,0,338,baseline,1,0
32,2,0.8888888888888888,checkpoints/sudoku_extreme_hf/checkpoint,9,1,blanks_2,19.65716575000087,0,339,baseline,1,0
32,2,1.0,checkpoints/sudoku_extreme_hf/checkpoint,0,1,blanks_2,19.65716575000087,1,340,baseline,0,0
32,2,0.9506172839506173,checkpoints/sudoku_extreme_hf/checkpoint,4,1,blanks_2,19.65716575000087,0,341,baseline,1,0
32,2,0.7901234567901234,checkpoints/sudoku_extreme_hf/checkpoint,16,1,blanks_2,19.65716575000087,0,342,baseline,1,0
32,2,0.7283950617283951,checkpoints/sudoku_extreme_hf/checkpoint,21,1,blanks_2,19.65716575000087,0,343,baseline,1,0
32,2,0.7530864197530864,checkpoints/sudoku_extreme_hf/checkpoint,19,1,blanks_2,19.65716575000087,0,344,baseline,1,0
32,2,0.8024691358024691,checkpoints/sudoku_extreme_hf/checkpoint,14,1,blanks_2,19.65716575000087,0,345,baseline,1,0
32,2,0.9506172839506173,checkpoints/sudoku_extreme_hf/checkpoint,4,1,blanks_2,19.65716575000087,0,346,baseline,1,0
32,2,1.0,checkpoints/sudoku_extreme_hf/checkpoint,0,1,blanks_2,19.65716575000087,1,347,baseline,0,0
32,2,1.0,checkpoints/sudoku_extreme_hf/checkpoint,0,1,blanks_2,19.65716575000087,1,348,baseline,0,0
32,2,0.8148148148148148,checkpoints/sudoku_extreme_hf/checkpoint,15,1,blanks_2,19.65716575000087,0,349,baseline,1,0
32,2,0.9135802469135802,checkpoints/sudoku_extreme_hf/checkpoint,6,1,blanks_2,19.65716575000087,0,350,baseline,1,0
32,2,0.691358024691358,checkpoints/sudoku_extreme_hf/checkpoint,25,1,blanks_2,19.65716575000087,0,351,baseline,1,0
32,2,0.8271604938271605,checkpoints/sudoku_extreme_hf/checkpoint,14,1,blanks_2,20.098954343749753,0,352,baseline,1,0
32,2,0.9259259259259259,checkpoints/sudoku_extreme_hf/checkpoint,6,1,blanks_2,20.098954343749753,0,353,baseline,1,0
32,2,0.9506172839506173,checkpoints/sudoku_extreme_hf/checkpoint,4,1,blanks_2,20.098954343749753,0,354,baseline,1,0
32,2,0.9259259259259259,checkpoints/sudoku_extreme_hf/checkpoint,5,1,blanks_2,20.098954343749753,0,355,baseline,1,0
32,2,0.8518518518518519,checkpoints/sudoku_extreme_hf/checkpoint,12,1,blanks_2,20.098954343749753,0,356,baseline,1,0
32,2,0.7160493827160493,checkpoints/sudoku_extreme_hf/checkpoint,22,1,blanks_2,20.098954343749753,0,357,baseline,1,0
32,2,0.9506172839506173,checkpoints/sudoku_extreme_hf/checkpoint,4,1,blanks_2,20.098954343749753,0,358,baseline,1,0
32,2,0.7777777777777778,checkpoints/sudoku_extreme_hf/checkpoint,18,1,blanks_2,20.098954343749753,0,359,baseline,1,0
32,2,1.0,checkpoints/sudoku_extreme_hf/checkpoint,0,1,blanks_2,20.098954343749753,1,360,baseline,0,0
32,2,0.9259259259259259,checkpoints/sudoku_extreme_hf/checkpoint,6,1,blanks_2,20.098954343749753,0,361,baseline,1,0
32,2,0.9259259259259259,checkpoints/sudoku_extreme_hf/checkpoint,6,1,blanks_2,20.098954343749753,0,362,baseline,1,0
32,2,1.0,checkpoints/sudoku_extreme_hf/checkpoint,0,1,blanks_2,20.098954343749753,1,363,baseline,0,0
32,2,0.9259259259259259,checkpoints/sudoku_extreme_hf/checkpoint,6,1,blanks_2,20.098954343749753,0,364,baseline,1,0
32,2,0.9259259259259259,checkpoints/sudoku_extreme_hf/checkpoint,6,1,blanks_2,20.098954343749753,0,365,baseline,1,0
32,2,0.8765432098765432,checkpoints/sudoku_extreme_hf/checkpoint,10,1,blanks_2,20.098954343749753,0,366,baseline,1,0
32,2,0.8148148148148148,checkpoints/sudoku_extreme_hf/checkpoint,14,1,blanks_2,20.098954343749753,0,367,baseline,1,0
32,2,0.8148148148148148,checkpoints/sudoku_extreme_hf/checkpoint,15,1,blanks_2,20.098954343749753,0,368,baseline,1,0
32,2,1.0,checkpoints/sudoku_extreme_hf/checkpoint,0,1,blanks_2,20.098954343749753,1,369,baseline,0,0
32,2,0.8395061728395061,checkpoints/sudoku_extreme_hf/checkpoint,12,1,blanks_2,20.098954343749753,0,370,baseline,1,0
32,2,0.9259259259259259,checkpoints/sudoku_extreme_hf/checkpoint,6,1,blanks_2,20.098954343749753,0,371,baseline,1,0
32,2,1.0,checkpoints/sudoku_extreme_hf/checkpoint,0,1,blanks_2,20.098954343749753,1,372,baseline,0,0
32,2,0.9259259259259259,checkpoints/sudoku_extreme_hf/checkpoint,6,1,blanks_2,20.098954343749753,0,373,baseline,1,0
32,2,0.8765432098765432,checkpoints/sudoku_extreme_hf/checkpoint,10,1,blanks_2,20.098954343749753,0,374,baseline,1,0
32,2,0.8395061728395061,checkpoints/sudoku_extreme_hf/checkpoint,13,1,blanks_2,20.098954343749753,0,375,baseline,1,0
32,2,0.8148148148148148,checkpoints/sudoku_extreme_hf/checkpoint,15,1,blanks_2,20.098954343749753,0,376,baseline,1,0
32,2,0.9506172839506173,checkpoints/sudoku_extreme_hf/checkpoint,4,1,blanks_2,20.098954343749753,0,377,baseline,1,0
32,2,1.0,checkpoints/sudoku_extreme_hf/checkpoint,0,1,blanks_2,20.098954343749753,1,378,baseline,0,0
32,2,1.0,checkpoints/sudoku_extreme_hf/checkpoint,0,1,blanks_2,20.098954343749753,1,379,baseline,0,0
32,2,0.7777777777777778,checkpoints/sudoku_extreme_hf/checkpoint,16,1,blanks_2,20.098954343749753,0,380,baseline,1,0
32,2,0.7901234567901234,checkpoints/sudoku_extreme_hf/checkpoint,16,0,blanks_2,20.098954343749753,0,381,baseline,1,15
32,2,0.8395061728395061,checkpoints/sudoku_extreme_hf/checkpoint,12,1,blanks_2,20.098954343749753,0,382,baseline,1,0
32,2,0.6790123456790124,checkpoints/sudoku_extreme_hf/checkpoint,24,1,blanks_2,20.098954343749753,0,383,baseline,1,0
32,2,0.9506172839506173,checkpoints/sudoku_extreme_hf/checkpoint,4,1,blanks_2,21.22662443750123,0,384,baseline,1,0
32,2,0.9506172839506173,checkpoints/sudoku_extreme_hf/checkpoint,4,1,blanks_2,21.22662443750123,0,385,baseline,1,0
32,2,1.0,checkpoints/sudoku_extreme_hf/checkpoint,0,1,blanks_2,21.22662443750123,1,386,baseline,0,0
32,2,0.7530864197530864,checkpoints/sudoku_extreme_hf/checkpoint,19,1,blanks_2,21.22662443750123,0,387,baseline,1,0
32,2,0.8024691358024691,checkpoints/sudoku_extreme_hf/checkpoint,16,1,blanks_2,21.22662443750123,0,388,baseline,1,0
32,2,0.691358024691358,checkpoints/sudoku_extreme_hf/checkpoint,24,1,blanks_2,21.22662443750123,0,389,baseline,1,0
32,2,0.8765432098765432,checkpoints/sudoku_extreme_hf/checkpoint,10,1,blanks_2,21.22662443750123,0,390,baseline,1,0
32,2,0.6419753086419753,checkpoints/sudoku_extreme_hf/checkpoint,28,1,blanks_2,21.22662443750123,0,391,baseline,1,0
32,2,0.8765432098765432,checkpoints/sudoku_extreme_hf/checkpoint,10,1,blanks_2,21.22662443750123,0,392,baseline,1,0
32,2,0.9012345679012346,checkpoints/sudoku_extreme_hf/checkpoint,8,1,blanks_2,21.22662443750123,0,393,baseline,1,0
32,2,0.8395061728395061,checkpoints/sudoku_extreme_hf/checkpoint,13,1,blanks_2,21.22662443750123,0,394,baseline,1,0
32,2,0.9135802469135802,checkpoints/sudoku_extreme_hf/checkpoint,6,1,blanks_2,21.22662443750123,0,395,baseline,1,0
32,2,0.9135802469135802,checkpoints/sudoku_extreme_hf/checkpoint,6,1,blanks_2,21.22662443750123,0,396,baseline,1,0
32,2,0.6666666666666666,checkpoints/sudoku_extreme_hf/checkpoint,26,0,blanks_2,21.22662443750123,0,397,baseline,1,15
32,2,0.9506172839506173,checkpoints/sudoku_extreme_hf/checkpoint,4,1,blanks_2,21.22662443750123,0,398,baseline,1,0
32,2,0.9012345679012346,checkpoints/sudoku_extreme_hf/checkpoint,7,1,blanks_2,21.22662443750123,0,399,baseline,1,0
32,2,0.8024691358024691,checkpoints/sudoku_extreme_hf/checkpoint,16,1,blanks_2,21.22662443750123,0,400,baseline,1,0
32,2,1.0,checkpoints/sudoku_extreme_hf/checkpoint,0,1,blanks_2,21.22662443750123,1,401,baseline,0,0
32,2,0.9506172839506173,checkpoints/sudoku_extreme_hf/checkpoint,4,1,blanks_2,21.22662443750123,0,402,baseline,1,0
32,2,0.654320987654321,checkpoints/sudoku_extreme_hf/checkpoint,26,1,blanks_2,21.22662443750123,0,403,baseline,1,0
32,2,0.8765432098765432,checkpoints/sudoku_extreme_hf/checkpoint,8,1,blanks_2,21.22662443750123,0,404,baseline,1,0
32,2,0.9259259259259259,checkpoints/sudoku_extreme_hf/checkpoint,5,1,blanks_2,21.22662443750123,0,405,baseline,1,0
32,2,0.8395061728395061,checkpoints/sudoku_extreme_hf/checkpoint,13,1,blanks_2,21.22662443750123,0,406,baseline,1,0
32,2,0.7283950617283951,checkpoints/sudoku_extreme_hf/checkpoint,21,1,blanks_2,21.22662443750123,0,407,baseline,1,0
32,2,1.0,checkpoints/sudoku_extreme_hf/checkpoint,0,1,blanks_2,21.22662443750123,1,408,baseline,0,0
32,2,1.0,checkpoints/sudoku_extreme_hf/checkpoint,0,1,blanks_2,21.22662443750123,1,409,baseline,0,0
32,2,0.691358024691358,checkpoints/sudoku_extreme_hf/checkpoint,25,1,blanks_2,21.22662443750123,0,410,baseline,1,0
32,2,0.9259259259259259,checkpoints/sudoku_extreme_hf/checkpoint,6,1,blanks_2,21.22662443750123,0,411,baseline,1,0
32,2,0.8765432098765432,checkpoints/sudoku_extreme_hf/checkpoint,10,1,blanks_2,21.22662443750123,0,412,baseline,1,0
32,2,1.0,checkpoints/sudoku_extreme_hf/checkpoint,0,1,blanks_2,21.22662443750123,1,413,baseline,0,0
32,2,0.9506172839506173,checkpoints/sudoku_extreme_hf/checkpoint,4,1,blanks_2,21.22662443750123,0,414,baseline,1,0
32,2,1.0,checkpoints/sudoku_extreme_hf/checkpoint,0,1,blanks_2,21.22662443750123,1,415,baseline,0,0
32,2,0.9259259259259259,checkpoints/sudoku_extreme_hf/checkpoint,6,1,blanks_2,19.85516165624901,0,416,baseline,1,0
32,2,0.8024691358024691,checkpoints/sudoku_extreme_hf/checkpoint,15,1,blanks_2,19.85516165624901,0,417,baseline,1,0
32,2,0.8765432098765432,checkpoints/sudoku_extreme_hf/checkpoint,9,1,blanks_2,19.85516165624901,0,418,baseline,1,0
32,2,0.8271604938271605,checkpoints/sudoku_extreme_hf/checkpoint,14,0,blanks_2,19.85516165624901,0,419,baseline,1,20
32,2,0.7530864197530864,checkpoints/sudoku_extreme_hf/checkpoint,19,1,blanks_2,19.85516165624901,0,420,baseline,1,0
32,2,0.7283950617283951,checkpoints/sudoku_extreme_hf/checkpoint,21,0,blanks_2,19.85516165624901,0,421,baseline,1,32
32,2,0.9506172839506173,checkpoints/sudoku_extreme_hf/checkpoint,3,1,blanks_2,19.85516165624901,0,422,baseline,1,0
32,2,0.7037037037037037,checkpoints/sudoku_extreme_hf/checkpoint,23,1,blanks_2,19.85516165624901,0,423,baseline,1,0
32,2,0.8888888888888888,checkpoints/sudoku_extreme_hf/checkpoint,8,1,blanks_2,19.85516165624901,0,424,baseline,1,0
32,2,0.9506172839506173,checkpoints/sudoku_extreme_hf/checkpoint,4,1,blanks_2,19.85516165624901,0,425,baseline,1,0
32,2,0.9012345679012346,checkpoints/sudoku_extreme_hf/checkpoint,8,1,blanks_2,19.85516165624901,0,426,baseline,1,0
32,2,0.8395061728395061,checkpoints/sudoku_extreme_hf/checkpoint,12,1,blanks_2,19.85516165624901,0,427,baseline,1,0
32,2,0.7901234567901234,checkpoints/sudoku_extreme_hf/checkpoint,15,0,blanks_2,19.85516165624901,0,428,baseline,1,24
32,2,0.8395061728395061,checkpoints/sudoku_extreme_hf/checkpoint,12,1,blanks_2,19.85516165624901,0,429,baseline,1,0
32,2,0.9012345679012346,checkpoints/sudoku_extreme_hf/checkpoint,8,1,blanks_2,19.85516165624901,0,430,baseline,1,0
32,2,1.0,checkpoints/sudoku_extreme_hf/checkpoint,0,1,blanks_2,19.85516165624901,1,431,baseline,0,0
32,2,0.8765432098765432,checkpoints/sudoku_extreme_hf/checkpoint,10,1,blanks_2,19.85516165624901,0,432,baseline,1,0
32,2,0.6296296296296297,checkpoints/sudoku_extreme_hf/checkpoint,29,1,blanks_2,19.85516165624901,0,433,baseline,1,0
32,2,0.9506172839506173,checkpoints/sudoku_extreme_hf/checkpoint,4,1,blanks_2,19.85516165624901,0,434,baseline,1,0
32,2,0.9135802469135802,checkpoints/sudoku_extreme_hf/checkpoint,7,1,blanks_2,19.85516165624901,0,435,baseline,1,0
32,2,1.0,checkpoints/sudoku_extreme_hf/checkpoint,0,1,blanks_2,19.85516165624901,1,436,baseline,0,0
32,2,0.7901234567901234,checkpoints/sudoku_extreme_hf/checkpoint,16,1,blanks_2,19.85516165624901,0,437,baseline,1,0
32,2,0.7901234567901234,checkpoints/sudoku_extreme_hf/checkpoint,17,1,blanks_2,19.85516165624901,0,438,baseline,1,0
32,2,1.0,checkpoints/sudoku_extreme_hf/checkpoint,0,1,blanks_2,19.85516165624901,1,439,baseline,0,0
32,2,0.7283950617283951,checkpoints/sudoku_extreme_hf/checkpoint,21,0,blanks_2,19.85516165624901,0,440,baseline,1,22
32,2,0.8765432098765432,checkpoints/sudoku_extreme_hf/checkpoint,10,0,blanks_2,19.85516165624901,0,441,baseline,1,3
32,2,0.7777777777777778,checkpoints/sudoku_extreme_hf/checkpoint,17,1,blanks_2,19.85516165624901,0,442,baseline,1,0
32,2,0.8395061728395061,checkpoints/sudoku_extreme_hf/checkpoint,13,1,blanks_2,19.85516165624901,0,443,baseline,1,0
32,2,0.7530864197530864,checkpoints/sudoku_extreme_hf/checkpoint,19,1,blanks_2,19.85516165624901,0,444,baseline,1,0
32,2,0.7777777777777778,checkpoints/sudoku_extreme_hf/checkpoint,18,1,blanks_2,19.85516165624901,0,445,baseline,1,0
32,2,0.9259259259259259,checkpoints/sudoku_extreme_hf/checkpoint,5,1,blanks_2,19.85516165624901,0,446,baseline,1,0
32,2,0.8271604938271605,checkpoints/sudoku_extreme_hf/checkpoint,14,1,blanks_2,19.85516165624901,0,447,baseline,1,0
32,2,0.5802469135802469,checkpoints/sudoku_extreme_hf/checkpoint,33,1,blanks_2,16.719872281250048,0,448,baseline,1,0
32,2,1.0,checkpoints/sudoku_extreme_hf/checkpoint,0,1,blanks_2,16.719872281250048,1,449,baseline,0,0
32,2,0.8024691358024691,checkpoints/sudoku_extreme_hf/checkpoint,16,1,blanks_2,16.719872281250048,0,450,baseline,1,0
32,2,0.6790123456790124,checkpoints/sudoku_extreme_hf/checkpoint,25,1,blanks_2,16.719872281250048,0,451,baseline,1,0
32,2,1.0,checkpoints/sudoku_extreme_hf/checkpoint,0,1,blanks_2,16.719872281250048,1,452,baseline,0,0
32,2,0.9012345679012346,checkpoints/sudoku_extreme_hf/checkpoint,8,1,blanks_2,16.719872281250048,0,453,baseline,1,0
32,2,1.0,checkpoints/sudoku_extreme_hf/checkpoint,0,1,blanks_2,16.719872281250048,1,454,baseline,0,0
32,2,1.0,checkpoints/sudoku_extreme_hf/checkpoint,0,1,blanks_2,16.719872281250048,1,455,baseline,0,0
32,2,1.0,checkpoints/sudoku_extreme_hf/checkpoint,0,1,blanks_2,16.719872281250048,1,456,baseline,0,0
32,2,0.8271604938271605,checkpoints/sudoku_extreme_hf/checkpoint,13,1,blanks_2,16.719872281250048,0,457,baseline,1,0
32,2,0.6790123456790124,checkpoints/sudoku_extreme_hf/checkpoint,26,1,blanks_2,16.719872281250048,0,458,baseline,1,0
32,2,1.0,checkpoints/sudoku_extreme_hf/checkpoint,0,1,blanks_2,16.719872281250048,1,459,baseline,0,0
32,2,0.9506172839506173,checkpoints/sudoku_extreme_hf/checkpoint,4,1,blanks_2,16.719872281250048,0,460,baseline,1,0
32,2,0.8765432098765432,checkpoints/sudoku_extreme_hf/checkpoint,10,1,blanks_2,16.719872281250048,0,461,baseline,1,0
32,2,0.8765432098765432,checkpoints/sudoku_extreme_hf/checkpoint,10,1,blanks_2,16.719872281250048,0,462,baseline,1,0
32,2,0.7777777777777778,checkpoints/sudoku_extreme_hf/checkpoint,18,1,blanks_2,16.719872281250048,0,463,baseline,1,0
32,2,0.7777777777777778,checkpoints/sudoku_extreme_hf/checkpoint,18,1,blanks_2,16.719872281250048,0,464,baseline,1,0
32,2,0.6666666666666666,checkpoints/sudoku_extreme_hf/checkpoint,26,1,blanks_2,16.719872281250048,0,465,baseline,1,0
32,2,0.7407407407407407,checkpoints/sudoku_extreme_hf/checkpoint,20,0,blanks_2,16.719872281250048,0,466,baseline,1,11
32,2,0.8395061728395061,checkpoints/sudoku_extreme_hf/checkpoint,13,1,blanks_2,16.719872281250048,0,467,baseline,1,0
32,2,0.9259259259259259,checkpoints/sudoku_extreme_hf/checkpoint,6,1,blanks_2,16.719872281250048,0,468,baseline,1,0
32,2,0.9259259259259259,checkpoints/sudoku_extreme_hf/checkpoint,6,1,blanks_2,16.719872281250048,0,469,baseline,1,0
32,2,0.9506172839506173,checkpoints/sudoku_extreme_hf/checkpoint,4,1,blanks_2,16.719872281250048,0,470,baseline,1,0
32,2,1.0,checkpoints/sudoku_extreme_hf/checkpoint,0,1,blanks_2,16.719872281250048,1,471,baseline,0,0
32,2,0.8395061728395061,checkpoints/sudoku_extreme_hf/checkpoint,11,1,blanks_2,16.719872281250048,0,472,baseline,1,0
32,2,0.8641975308641975,checkpoints/sudoku_extreme_hf/checkpoint,11,1,blanks_2,16.719872281250048,0,473,baseline,1,0
32,2,0.7777777777777778,checkpoints/sudoku_extreme_hf/checkpoint,18,1,blanks_2,16.719872281250048,0,474,baseline,1,0
32,2,0.8148148148148148,checkpoints/sudoku_extreme_hf/checkpoint,15,1,blanks_2,16.719872281250048,0,475,baseline,1,0
32,2,0.8641975308641975,checkpoints/sudoku_extreme_hf/checkpoint,11,1,blanks_2,16.719872281250048,0,476,baseline,1,0
32,2,0.9259259259259259,checkpoints/sudoku_extreme_hf/checkpoint,6,1,blanks_2,16.719872281250048,0,477,baseline,1,0
32,2,0.7160493827160493,checkpoints/sudoku_extreme_hf/checkpoint,22,1,blanks_2,16.719872281250048,0,478,baseline,1,0
32,2,0.6172839506172839,checkpoints/sudoku_extreme_hf/checkpoint,30,1,blanks_2,16.719872281250048,0,479,baseline,1,0
32,2,0.691358024691358,checkpoints/sudoku_extreme_hf/checkpoint,25,0,blanks_2,16.233669562499387,0,480,baseline,1,20
32,2,1.0,checkpoints/sudoku_extreme_hf/checkpoint,0,1,blanks_2,16.233669562499387,1,481,baseline,0,0
32,2,0.8765432098765432,checkpoints/sudoku_extreme_hf/checkpoint,10,1,blanks_2,16.233669562499387,0,482,baseline,1,0
32,2,0.8888888888888888,checkpoints/sudoku_extreme_hf/checkpoint,8,1,blanks_2,16.233669562499387,0,483,baseline,1,0
32,2,0.8271604938271605,checkpoints/sudoku_extreme_hf/checkpoint,13,1,blanks_2,16.233669562499387,0,484,baseline,1,0
32,2,0.8024691358024691,checkpoints/sudoku_extreme_hf/checkpoint,15,1,blanks_2,16.233669562499387,0,485,baseline,1,0
32,2,0.8518518518518519,checkpoints/sudoku_extreme_hf/checkpoint,11,1,blanks_2,16.233669562499387,0,486,baseline,1,0
32,2,0.7407407407407407,checkpoints/sudoku_extreme_hf/checkpoint,20,1,blanks_2,16.233669562499387,0,487,baseline,1,0
32,2,0.8271604938271605,checkpoints/sudoku_extreme_hf/checkpoint,14,1,blanks_2,16.233669562499387,0,488,baseline,1,0
32,2,0.7160493827160493,checkpoints/sudoku_extreme_hf/checkpoint,22,1,blanks_2,16.233669562499387,0,489,baseline,1,0
32,2,0.6790123456790124,checkpoints/sudoku_extreme_hf/checkpoint,25,1,blanks_2,16.233669562499387,0,490,baseline,1,0
32,2,0.8518518518518519,checkpoints/sudoku_extreme_hf/checkpoint,12,1,blanks_2,16.233669562499387,0,491,baseline,1,0
32,2,1.0,checkpoints/sudoku_extreme_hf/checkpoint,0,1,blanks_2,16.233669562499387,1,492,baseline,0,0
32,2,1.0,checkpoints/sudoku_extreme_hf/checkpoint,0,1,blanks_2,16.233669562499387,1,493,baseline,0,0
32,2,0.8888888888888888,checkpoints/sudoku_extreme_hf/checkpoint,7,1,blanks_2,16.233669562499387,0,494,baseline,1,0
32,2,0.8765432098765432,checkpoints/sudoku_extreme_hf/checkpoint,9,1,blanks_2,16.233669562499387,0,495,baseline,1,0
32,2,0.7777777777777778,checkpoints/sudoku_extreme_hf/checkpoint,17,1,blanks_2,16.233669562499387,0,496,baseline,1,0
32,2,0.9012345679012346,checkpoints/sudoku_extreme_hf/checkpoint,8,1,blanks_2,16.233669562499387,0,497,baseline,1,0
32,2,0.7407407407407407,checkpoints/sudoku_extreme_hf/checkpoint,21,1,blanks_2,16.233669562499387,0,498,baseline,1,0
32,2,0.6790123456790124,checkpoints/sudoku_extreme_hf/checkpoint,25,1,blanks_2,16.233669562499387,0,499,baseline,1,0
32,2,0.9259259259259259,checkpoints/sudoku_extreme_hf/checkpoint,6,1,blanks_2,16.233669562499387,0,500,baseline,1,0
32,2,0.8765432098765432,checkpoints/sudoku_extreme_hf/checkpoint,10,1,blanks_2,16.233669562499387,0,501,baseline,1,0
32,2,0.8271604938271605,checkpoints/sudoku_extreme_hf/checkpoint,12,1,blanks_2,16.233669562499387,0,502,baseline,1,0
32,2,0.7530864197530864,checkpoints/sudoku_extreme_hf/checkpoint,20,1,blanks_2,16.233669562499387,0,503,baseline,1,0
32,2,0.9506172839506173,checkpoints/sudoku_extreme_hf/checkpoint,4,1,blanks_2,16.233669562499387,0,504,baseline,1,0
32,2,0.9259259259259259,checkpoints/sudoku_extreme_hf/checkpoint,6,1,blanks_2,16.233669562499387,0,505,baseline,1,0
32,2,0.9259259259259259,checkpoints/sudoku_extreme_hf/checkpoint,6,1,blanks_2,16.233669562499387,0,506,baseline,1,0
32,2,0.691358024691358,checkpoints/sudoku_extreme_hf/checkpoint,24,1,blanks_2,16.233669562499387,0,507,baseline,1,0
32,2,0.8395061728395061,checkpoints/sudoku_extreme_hf/checkpoint,12,1,blanks_2,16.233669562499387,0,508,baseline,1,0
32,2,0.8888888888888888,checkpoints/sudoku_extreme_hf/checkpoint,8,1,blanks_2,16.233669562499387,0,509,baseline,1,0
32,2,0.9259259259259259,checkpoints/sudoku_extreme_hf/checkpoint,6,1,blanks_2,16.233669562499387,0,510,baseline,1,0
32,2,0.6049382716049383,checkpoints/sudoku_extreme_hf/checkpoint,30,1,blanks_2,16.233669562499387,0,511,baseline,1,0
32,2,0.8518518518518519,checkpoints/sudoku_extreme_hf/checkpoint,12,1,blanks_2,16.875938749999264,0,512,baseline,1,0
32,2,0.8518518518518519,checkpoints/sudoku_extreme_hf/checkpoint,10,1,blanks_2,16.875938749999264,0,513,baseline,1,0
32,2,0.7777777777777778,checkpoints/sudoku_extreme_hf/checkpoint,17,1,blanks_2,16.875938749999264,0,514,baseline,1,0
32,2,0.9506172839506173,checkpoints/sudoku_extreme_hf/checkpoint,4,1,blanks_2,16.875938749999264,0,515,baseline,1,0
32,2,0.7407407407407407,checkpoints/sudoku_extreme_hf/checkpoint,19,1,blanks_2,16.875938749999264,0,516,baseline,1,0
32,2,1.0,checkpoints/sudoku_extreme_hf/checkpoint,0,1,blanks_2,16.875938749999264,1,517,baseline,0,0
32,2,0.8271604938271605,checkpoints/sudoku_extreme_hf/checkpoint,14,1,blanks_2,16.875938749999264,0,518,baseline,1,0
32,2,0.7777777777777778,checkpoints/sudoku_extreme_hf/checkpoint,17,0,blanks_2,16.875938749999264,0,519,baseline,1,6
32,2,0.9259259259259259,checkpoints/sudoku_extreme_hf/checkpoint,6,1,blanks_2,16.875938749999264,0,520,baseline,1,0
32,2,1.0,checkpoints/sudoku_extreme_hf/checkpoint,0,1,blanks_2,16.875938749999264,1,521,baseline,0,0
32,2,0.8024691358024691,checkpoints/sudoku_extreme_hf/checkpoint,15,1,blanks_2,16.875938749999264,0,522,baseline,1,0
32,2,0.7777777777777778,checkpoints/sudoku_extreme_hf/checkpoint,18,1,blanks_2,16.875938749999264,0,523,baseline,1,0
32,2,0.9259259259259259,checkpoints/sudoku_extreme_hf/checkpoint,6,1,blanks_2,16.875938749999264,0,524,baseline,1,0
32,2,0.7530864197530864,checkpoints/sudoku_extreme_hf/checkpoint,19,1,blanks_2,16.875938749999264,0,525,baseline,1,0
32,2,0.7654320987654321,checkpoints/sudoku_extreme_hf/checkpoint,17,0,blanks_2,16.875938749999264,0,526,baseline,1,9
32,2,1.0,checkpoints/sudoku_extreme_hf/checkpoint,0,1,blanks_2,16.875938749999264,1,527,baseline,0,0
32,2,0.7160493827160493,checkpoints/sudoku_extreme_hf/checkpoint,22,0,blanks_2,16.875938749999264,0,528,baseline,1,5
32,2,0.8765432098765432,checkpoints/sudoku_extreme_hf/checkpoint,10,1,blanks_2,16.875938749999264,0,529,baseline,1,0
32,2,0.8024691358024691,checkpoints/sudoku_extreme_hf/checkpoint,16,1,blanks_2,16.875938749999264,0,530,baseline,1,0
32,2,0.7530864197530864,checkpoints/sudoku_extreme_hf/checkpoint,18,1,blanks_2,16.875938749999264,0,531,baseline,1,0
32,2,0.8765432098765432,checkpoints/sudoku_extreme_hf/checkpoint,10,1,blanks_2,16.875938749999264,0,532,baseline,1,0
32,2,0.8148148148148148,checkpoints/sudoku_extreme_hf/checkpoint,15,1,blanks_2,16.875938749999264,0,533,baseline,1,0
32,2,0.8148148148148148,checkpoints/sudoku_extreme_hf/checkpoint,15,1,blanks_2,16.875938749999264,0,534,baseline,1,0
32,2,0.7407407407407407,checkpoints/sudoku_extreme_hf/checkpoint,21,1,blanks_2,16.875938749999264,0,535,baseline,1,0
32,2,0.9012345679012346,checkpoints/sudoku_extreme_hf/checkpoint,7,1,blanks_2,16.875938749999264,0,536,baseline,1,0
32,2,0.8518518518518519,checkpoints/sudoku_extreme_hf/checkpoint,11,1,blanks_2,16.875938749999264,0,537,baseline,1,0
32,2,0.8395061728395061,checkpoints/sudoku_extreme_hf/checkpoint,13,1,blanks_2,16.875938749999264,0,538,baseline,1,0
32,2,0.7407407407407407,checkpoints/sudoku_extreme_hf/checkpoint,20,1,blanks_2,16.875938749999264,0,539,baseline,1,0
32,2,0.8148148148148148,checkpoints/sudoku_extreme_hf/checkpoint,14,1,blanks_2,16.875938749999264,0,540,baseline,1,0
32,2,1.0,checkpoints/sudoku_extreme_hf/checkpoint,0,1,blanks_2,16.875938749999264,1,541,baseline,0,0
32,2,0.8271604938271605,checkpoints/sudoku_extreme_hf/checkpoint,14,1,blanks_2,16.875938749999264,0,542,baseline,1,0
32,2,1.0,checkpoints/sudoku_extreme_hf/checkpoint,0,1,blanks_2,16.875938749999264,1,543,baseline,0,0
32,2,0.654320987654321,checkpoints/sudoku_extreme_hf/checkpoint,27,0,blanks_2,16.85131921875005,0,544,baseline,1,14
32,2,0.8271604938271605,checkpoints/sudoku_extreme_hf/checkpoint,14,1,blanks_2,16.85131921875005,0,545,baseline,1,0
32,2,0.7654320987654321,checkpoints/sudoku_extreme_hf/checkpoint,17,1,blanks_2,16.85131921875005,0,546,baseline,1,0
32,2,1.0,checkpoints/sudoku_extreme_hf/checkpoint,0,1,blanks_2,16.85131921875005,1,547,baseline,0,0
32,2,0.7407407407407407,checkpoints/sudoku_extreme_hf/checkpoint,20,1,blanks_2,16.85131921875005,0,548,baseline,1,0
32,2,0.9259259259259259,checkpoints/sudoku_extreme_hf/checkpoint,6,1,blanks_2,16.85131921875005,0,549,baseline,1,0
32,2,0.6666666666666666,checkpoints/sudoku_extreme_hf/checkpoint,26,0,blanks_2,16.85131921875005,0,550,baseline,1,28
32,2,0.8271604938271605,checkpoints/sudoku_extreme_hf/checkpoint,13,1,blanks_2,16.85131921875005,0,551,baseline,1,0
32,2,0.8148148148148148,checkpoints/sudoku_extreme_hf/checkpoint,15,1,blanks_2,16.85131921875005,0,552,baseline,1,0
32,2,0.7901234567901234,checkpoints/sudoku_extreme_hf/checkpoint,16,1,blanks_2,16.85131921875005,0,553,baseline,1,0
32,2,0.7407407407407407,checkpoints/sudoku_extreme_hf/checkpoint,20,1,blanks_2,16.85131921875005,0,554,baseline,1,0
32,2,1.0,checkpoints/sudoku_extreme_hf/checkpoint,0,1,blanks_2,16.85131921875005,1,555,baseline,0,0
32,2,0.8888888888888888,checkpoints/sudoku_extreme_hf/checkpoint,8,1,blanks_2,16.85131921875005,0,556,baseline,1,0
32,2,0.9135802469135802,checkpoints/sudoku_extreme_hf/checkpoint,7,1,blanks_2,16.85131921875005,0,557,baseline,1,0
32,2,0.9012345679012346,checkpoints/sudoku_extreme_hf/checkpoint,8,1,blanks_2,16.85131921875005,0,558,baseline,1,0
32,2,0.8888888888888888,checkpoints/sudoku_extreme_hf/checkpoint,9,1,blanks_2,16.85131921875005,0,559,baseline,1,0
32,2,1.0,checkpoints/sudoku_extreme_hf/checkpoint,0,1,blanks_2,16.85131921875005,1,560,baseline,0,0
32,2,0.6419753086419753,checkpoints/sudoku_extreme_hf/checkpoint,28,1,blanks_2,16.85131921875005,0,561,baseline,1,0
32,2,1.0,checkpoints/sudoku_extreme_hf/checkpoint,0,1,blanks_2,16.85131921875005,1,562,baseline,0,0
32,2,0.691358024691358,checkpoints/sudoku_extreme_hf/checkpoint,23,1,blanks_2,16.85131921875005,0,563,baseline,1,0
32,2,1.0,checkpoints/sudoku_extreme_hf/checkpoint,0,1,blanks_2,16.85131921875005,1,564,baseline,0,0
32,2,0.7407407407407407,checkpoints/sudoku_extreme_hf/checkpoint,21,1,blanks_2,16.85131921875005,0,565,baseline,1,0
32,2,0.7160493827160493,checkpoints/sudoku_extreme_hf/checkpoint,23,1,blanks_2,16.85131921875005,0,566,baseline,1,0
32,2,0.9259259259259259,checkpoints/sudoku_extreme_hf/checkpoint,5,1,blanks_2,16.85131921875005,0,567,baseline,1,0
32,2,1.0,checkpoints/sudoku_extreme_hf/checkpoint,0,1,blanks_2,16.85131921875005,1,568,baseline,0,0
32,2,1.0,checkpoints/sudoku_extreme_hf/checkpoint,0,1,blanks_2,16.85131921875005,1,569,baseline,0,0
32,2,0.7654320987654321,checkpoints/sudoku_extreme_hf/checkpoint,19,1,blanks_2,16.85131921875005,0,570,baseline,1,0
32,2,0.8765432098765432,checkpoints/sudoku_extreme_hf/checkpoint,8,1,blanks_2,16.85131921875005,0,571,baseline,1,0
32,2,0.7037037037037037,checkpoints/sudoku_extreme_hf/checkpoint,23,1,blanks_2,16.85131921875005,0,572,baseline,1,0
32,2,1.0,checkpoints/sudoku_extreme_hf/checkpoint,0,1,blanks_2,16.85131921875005,1,573,baseline,0,0
32,2,0.8888888888888888,checkpoints/sudoku_extreme_hf/checkpoint,9,1,blanks_2,16.85131921875005,0,574,baseline,1,0
32,2,0.9012345679012346,checkpoints/sudoku_extreme_hf/checkpoint,8,1,blanks_2,16.85131921875005,0,575,baseline,1,0
32,2,0.9506172839506173,checkpoints/sudoku_extreme_hf/checkpoint,3,1,blanks_2,16.76446412499999,0,576,baseline,1,0
32,2,0.7777777777777778,checkpoints/sudoku_extreme_hf/checkpoint,18,0,blanks_2,16.76446412499999,0,577,baseline,1,12
32,2,0.8765432098765432,checkpoints/sudoku_extreme_hf/checkpoint,8,1,blanks_2,16.76446412499999,0,578,baseline,1,0
32,2,0.6419753086419753,checkpoints/sudoku_extreme_hf/checkpoint,29,1,blanks_2,16.76446412499999,0,579,baseline,1,0
32,2,0.8271604938271605,checkpoints/sudoku_extreme_hf/checkpoint,13,1,blanks_2,16.76446412499999,0,580,baseline,1,0
32,2,0.8518518518518519,checkpoints/sudoku_extreme_hf/checkpoint,11,1,blanks_2,16.76446412499999,0,581,baseline,1,0
32,2,0.7037037037037037,checkpoints/sudoku_extreme_hf/checkpoint,24,1,blanks_2,16.76446412499999,0,582,baseline,1,0
32,2,0.7037037037037037,checkpoints/sudoku_extreme_hf/checkpoint,24,1,blanks_2,16.76446412499999,0,583,baseline,1,0
32,2,1.0,checkpoints/sudoku_extreme_hf/checkpoint,0,1,blanks_2,16.76446412499999,1,584,baseline,0,0
32,2,0.8641975308641975,checkpoints/sudoku_extreme_hf/checkpoint,10,1,blanks_2,16.76446412499999,0,585,baseline,1,0
32,2,0.7407407407407407,checkpoints/sudoku_extreme_hf/checkpoint,20,1,blanks_2,16.76446412499999,0,586,baseline,1,0
32,2,0.6296296296296297,checkpoints/sudoku_extreme_hf/checkpoint,29,1,blanks_2,16.76446412499999,0,587,baseline,1,0
32,2,0.691358024691358,checkpoints/sudoku_extreme_hf/checkpoint,24,1,blanks_2,16.76446412499999,0,588,baseline,1,0
32,2,0.7160493827160493,checkpoints/sudoku_extreme_hf/checkpoint,22,1,blanks_2,16.76446412499999,0,589,baseline,1,0
32,2,0.7777777777777778,checkpoints/sudoku_extreme_hf/checkpoint,18,1,blanks_2,16.76446412499999,0,590,baseline,1,0
32,2,0.7654320987654321,checkpoints/sudoku_extreme_hf/checkpoint,18,1,blanks_2,16.76446412499999,0,591,baseline,1,0
32,2,0.7037037037037037,checkpoints/sudoku_extreme_hf/checkpoint,23,1,blanks_2,16.76446412499999,0,592,baseline,1,0
32,2,1.0,checkpoints/sudoku_extreme_hf/checkpoint,0,1,blanks_2,16.76446412499999,1,593,baseline,0,0
32,2,0.7283950617283951,checkpoints/sudoku_extreme_hf/checkpoint,21,1,blanks_2,16.76446412499999,0,594,baseline,1,0
32,2,0.8148148148148148,checkpoints/sudoku_extreme_hf/checkpoint,13,1,blanks_2,16.76446412499999,0,595,baseline,1,0
32,2,0.8024691358024691,checkpoints/sudoku_extreme_hf/checkpoint,16,1,blanks_2,16.76446412499999,0,596,baseline,1,0
32,2,0.8765432098765432,checkpoints/sudoku_extreme_hf/checkpoint,10,1,blanks_2,16.76446412499999,0,597,baseline,1,0
32,2,0.9506172839506173,checkpoints/sudoku_extreme_hf/checkpoint,4,1,blanks_2,16.76446412499999,0,598,baseline,1,0
32,2,1.0,checkpoints/sudoku_extreme_hf/checkpoint,0,1,blanks_2,16.76446412499999,1,599,baseline,0,0
32,2,0.8888888888888888,checkpoints/sudoku_extreme_hf/checkpoint,9,0,blanks_2,16.76446412499999,0,600,baseline,1,3
32,2,0.7530864197530864,checkpoints/sudoku_extreme_hf/checkpoint,19,1,blanks_2,16.76446412499999,0,601,baseline,1,0
32,2,0.8271604938271605,checkpoints/sudoku_extreme_hf/checkpoint,13,1,blanks_2,16.76446412499999,0,602,baseline,1,0
32,2,0.7283950617283951,checkpoints/sudoku_extreme_hf/checkpoint,22,1,blanks_2,16.76446412499999,0,603,baseline,1,0
32,2,0.9506172839506173,checkpoints/sudoku_extreme_hf/checkpoint,4,1,blanks_2,16.76446412499999,0,604,baseline,1,0
32,2,0.8888888888888888,checkpoints/sudoku_extreme_hf/checkpoint,8,1,blanks_2,16.76446412499999,0,605,baseline,1,0
32,2,1.0,checkpoints/sudoku_extreme_hf/checkpoint,0,1,blanks_2,16.76446412499999,1,606,baseline,0,0
32,2,0.9135802469135802,checkpoints/sudoku_extreme_hf/checkpoint,7,1,blanks_2,16.76446412499999,0,607,baseline,1,0
32,2,0.8765432098765432,checkpoints/sudoku_extreme_hf/checkpoint,10,1,blanks_2,16.39363443749886,0,608,baseline,1,0
32,2,0.8395061728395061,checkpoints/sudoku_extreme_hf/checkpoint,13,1,blanks_2,16.39363443749886,0,609,baseline,1,0
32,2,0.9506172839506173,checkpoints/sudoku_extreme_hf/checkpoint,4,1,blanks_2,16.39363443749886,0,610,baseline,1,0
32,2,0.8148148148148148,checkpoints/sudoku_extreme_hf/checkpoint,14,1,blanks_2,16.39363443749886,0,611,baseline,1,0
32,2,0.9506172839506173,checkpoints/sudoku_extreme_hf/checkpoint,4,1,blanks_2,16.39363443749886,0,612,baseline,1,0
32,2,0.6790123456790124,checkpoints/sudoku_extreme_hf/checkpoint,26,0,blanks_2,16.39363443749886,0,613,baseline,1,2
32,2,0.7530864197530864,checkpoints/sudoku_extreme_hf/checkpoint,19,1,blanks_2,16.39363443749886,0,614,baseline,1,0
32,2,0.8765432098765432,checkpoints/sudoku_extreme_hf/checkpoint,10,1,blanks_2,16.39363443749886,0,615,baseline,1,0
32,2,0.9259259259259259,checkpoints/sudoku_extreme_hf/checkpoint,6,1,blanks_2,16.39363443749886,0,616,baseline,1,0
32,2,0.6296296296296297,checkpoints/sudoku_extreme_hf/checkpoint,28,1,blanks_2,16.39363443749886,0,617,baseline,1,0
32,2,0.9506172839506173,checkpoints/sudoku_extreme_hf/checkpoint,4,1,blanks_2,16.39363443749886,0,618,baseline,1,0
32,2,0.7407407407407407,checkpoints/sudoku_extreme_hf/checkpoint,19,1,blanks_2,16.39363443749886,0,619,baseline,1,0
32,2,0.8518518518518519,checkpoints/sudoku_extreme_hf/checkpoint,12,1,blanks_2,16.39363443749886,0,620,baseline,1,0
32,2,1.0,checkpoints/sudoku_extreme_hf/checkpoint,0,1,blanks_2,16.39363443749886,1,621,baseline,0,0
32,2,0.8148148148148148,checkpoints/sudoku_extreme_hf/checkpoint,15,1,blanks_2,16.39363443749886,0,622,baseline,1,0
32,2,0.7530864197530864,checkpoints/sudoku_extreme_hf/checkpoint,20,1,blanks_2,16.39363443749886,0,623,baseline,1,0
32,2,0.6666666666666666,checkpoints/sudoku_extreme_hf/checkpoint,25,1,blanks_2,16.39363443749886,0,624,baseline,1,0
32,2,0.7901234567901234,checkpoints/sudoku_extreme_hf/checkpoint,16,1,blanks_2,16.39363443749886,0,625,baseline,1,0
32,2,0.9259259259259259,checkpoints/sudoku_extreme_hf/checkpoint,5,1,blanks_2,16.39363443749886,0,626,baseline,1,0
32,2,0.7654320987654321,checkpoints/sudoku_extreme_hf/checkpoint,19,1,blanks_2,16.39363443749886,0,627,baseline,1,0
32,2,0.8395061728395061,checkpoints/sudoku_extreme_hf/checkpoint,12,1,blanks_2,16.39363443749886,0,628,baseline,1,0
32,2,0.7283950617283951,checkpoints/sudoku_extreme_hf/checkpoint,21,1,blanks_2,16.39363443749886,0,629,baseline,1,0
32,2,0.7283950617283951,checkpoints/sudoku_extreme_hf/checkpoint,22,1,blanks_2,16.39363443749886,0,630,baseline,1,0
32,2,0.7160493827160493,checkpoints/sudoku_extreme_hf/checkpoint,22,0,blanks_2,16.39363443749886,0,631,baseline,1,19
32,2,0.7530864197530864,checkpoints/sudoku_extreme_hf/checkpoint,19,1,blanks_2,16.39363443749886,0,632,baseline,1,0
32,2,0.9259259259259259,checkpoints/sudoku_extreme_hf/checkpoint,6,1,blanks_2,16.39363443749886,0,633,baseline,1,0
32,2,1.0,checkpoints/sudoku_extreme_hf/checkpoint,0,1,blanks_2,16.39363443749886,1,634,baseline,0,0
32,2,0.8765432098765432,checkpoints/sudoku_extreme_hf/checkpoint,10,1,blanks_2,16.39363443749886,0,635,baseline,1,0
32,2,0.7407407407407407,checkpoints/sudoku_extreme_hf/checkpoint,20,1,blanks_2,16.39363443749886,0,636,baseline,1,0
32,2,0.9506172839506173,checkpoints/sudoku_extreme_hf/checkpoint,4,1,blanks_2,16.39363443749886,0,637,baseline,1,0
32,2,0.9506172839506173,checkpoints/sudoku_extreme_hf/checkpoint,4,1,blanks_2,16.39363443749886,0,638,baseline,1,0
32,2,1.0,checkpoints/sudoku_extreme_hf/checkpoint,0,1,blanks_2,16.39363443749886,1,639,baseline,0,0
32,2,0.8641975308641975,checkpoints/sudoku_extreme_hf/checkpoint,11,1,blanks_2,16.484761031250628,0,640,baseline,1,0
32,2,1.0,checkpoints/sudoku_extreme_hf/checkpoint,0,1,blanks_2,16.484761031250628,1,641,baseline,0,0
32,2,0.9259259259259259,checkpoints/sudoku_extreme_hf/checkpoint,5,1,blanks_2,16.484761031250628,0,642,baseline,1,0
32,2,0.654320987654321,checkpoints/sudoku_extreme_hf/checkpoint,26,1,blanks_2,16.484761031250628,0,643,baseline,1,0
32,2,0.8395061728395061,checkpoints/sudoku_extreme_hf/checkpoint,12,1,blanks_2,16.484761031250628,0,644,baseline,1,0
32,2,0.691358024691358,checkpoints/sudoku_extreme_hf/checkpoint,25,1,blanks_2,16.484761031250628,0,645,baseline,1,0
32,2,0.9135802469135802,checkpoints/sudoku_extreme_hf/checkpoint,7,1,blanks_2,16.484761031250628,0,646,baseline,1,0
32,2,0.8271604938271605,checkpoints/sudoku_extreme_hf/checkpoint,14,1,blanks_2,16.484761031250628,0,647,baseline,1,0
32,2,0.8765432098765432,checkpoints/sudoku_extreme_hf/checkpoint,10,1,blanks_2,16.484761031250628,0,648,baseline,1,0
32,2,0.5925925925925926,checkpoints/sudoku_extreme_hf/checkpoint,32,1,blanks_2,16.484761031250628,0,649,baseline,1,0
32,2,0.8271604938271605,checkpoints/sudoku_extreme_hf/checkpoint,14,1,blanks_2,16.484761031250628,0,650,baseline,1,0
32,2,0.7407407407407407,checkpoints/sudoku_extreme_hf/checkpoint,20,1,blanks_2,16.484761031250628,0,651,baseline,1,0
32,2,1.0,checkpoints/sudoku_extreme_hf/checkpoint,0,1,blanks_2,16.484761031250628,1,652,baseline,0,0
32,2,1.0,checkpoints/sudoku_extreme_hf/checkpoint,0,1,blanks_2,16.484761031250628,1,653,baseline,0,0
32,2,0.8395061728395061,checkpoints/sudoku_extreme_hf/checkpoint,13,0,blanks_2,16.484761031250628,0,654,baseline,1,17
32,2,0.8888888888888888,checkpoints/sudoku_extreme_hf/checkpoint,8,1,blanks_2,16.484761031250628,0,655,baseline,1,0
32,2,0.8888888888888888,checkpoints/sudoku_extreme_hf/checkpoint,8,1,blanks_2,16.484761031250628,0,656,baseline,1,0
32,2,1.0,checkpoints/sudoku_extreme_hf/checkpoint,0,1,blanks_2,16.484761031250628,1,657,baseline,0,0
32,2,1.0,checkpoints/sudoku_extreme_hf/checkpoint,0,1,blanks_2,16.484761031250628,1,658,baseline,0,0
32,2,0.691358024691358,checkpoints/sudoku_extreme_hf/checkpoint,24,1,blanks_2,16.484761031250628,0,659,baseline,1,0
32,2,0.8024691358024691,checkpoints/sudoku_extreme_hf/checkpoint,16,1,blanks_2,16.484761031250628,0,660,baseline,1,0
32,2,0.6049382716049383,checkpoints/sudoku_extreme_hf/checkpoint,30,0,blanks_2,16.484761031250628,0,661,baseline,1,8
32,2,0.8518518518518519,checkpoints/sudoku_extreme_hf/checkpoint,12,1,blanks_2,16.484761031250628,0,662,baseline,1,0
32,2,0.8888888888888888,checkpoints/sudoku_extreme_hf/checkpoint,7,1,blanks_2,16.484761031250628,0,663,baseline,1,0
32,2,0.8024691358024691,checkpoints/sudoku_extreme_hf/checkpoint,15,1,blanks_2,16.484761031250628,0,664,baseline,1,0
32,2,0.9506172839506173,checkpoints/sudoku_extreme_hf/checkpoint,4,1,blanks_2,16.484761031250628,0,665,baseline,1,0
32,2,1.0,checkpoints/sudoku_extreme_hf/checkpoint,0,1,blanks_2,16.484761031250628,1,666,baseline,0,0
32,2,0.9259259259259259,checkpoints/sudoku_extreme_hf/checkpoint,6,1,blanks_2,16.484761031250628,0,667,baseline,1,0
32,2,0.8641975308641975,checkpoints/sudoku_extreme_hf/checkpoint,11,1,blanks_2,16.484761031250628,0,668,baseline,1,0
32,2,0.9506172839506173,checkpoints/sudoku_extreme_hf/checkpoint,4,1,blanks_2,16.484761031250628,0,669,baseline,1,0
32,2,0.7283950617283951,checkpoints/sudoku_extreme_hf/checkpoint,21,1,blanks_2,16.484761031250628,0,670,baseline,1,0
32,2,0.7037037037037037,checkpoints/sudoku_extreme_hf/checkpoint,24,1,blanks_2,16.484761031250628,0,671,baseline,1,0
32,2,0.8641975308641975,checkpoints/sudoku_extreme_hf/checkpoint,10,1,blanks_2,17.585385062499626,0,672,baseline,1,0
32,2,0.7530864197530864,checkpoints/sudoku_extreme_hf/checkpoint,19,0,blanks_2,17.585385062499626,0,673,baseline,1,20
32,2,0.8765432098765432,checkpoints/sudoku_extreme_hf/checkpoint,10,1,blanks_2,17.585385062499626,0,674,baseline,1,0
32,2,1.0,checkpoints/sudoku_extreme_hf/checkpoint,0,1,blanks_2,17.585385062499626,1,675,baseline,0,0
32,2,1.0,checkpoints/sudoku_extreme_hf/checkpoint,0,1,blanks_2,17.585385062499626,1,676,baseline,0,0
32,2,0.8395061728395061,checkpoints/sudoku_extreme_hf/checkpoint,13,1,blanks_2,17.585385062499626,0,677,baseline,1,0
32,2,0.7160493827160493,checkpoints/sudoku_extreme_hf/checkpoint,22,1,blanks_2,17.585385062499626,0,678,baseline,1,0
32,2,0.7530864197530864,checkpoints/sudoku_extreme_hf/checkpoint,19,1,blanks_2,17.585385062499626,0,679,baseline,1,0
32,2,0.9506172839506173,checkpoints/sudoku_extreme_hf/checkpoint,4,1,blanks_2,17.585385062499626,0,680,baseline,1,0
32,2,0.8518518518518519,checkpoints/sudoku_extreme_hf/checkpoint,11,1,blanks_2,17.585385062499626,0,681,baseline,1,0
32,2,0.7283950617283951,checkpoints/sudoku_extreme_hf/checkpoint,21,1,blanks_2,17.585385062499626,0,682,baseline,1,0
32,2,0.8271604938271605,checkpoints/sudoku_extreme_hf/checkpoint,14,1,blanks_2,17.585385062499626,0,683,baseline,1,0
32,2,0.8641975308641975,checkpoints/sudoku_extreme_hf/checkpoint,9,1,blanks_2,17.585385062499626,0,684,baseline,1,0
32,2,0.8395061728395061,checkpoints/sudoku_extreme_hf/checkpoint,12,1,blanks_2,17.585385062499626,0,685,baseline,1,0
32,2,0.7407407407407407,checkpoints/sudoku_extreme_hf/checkpoint,21,1,blanks_2,17.585385062499626,0,686,baseline,1,0
32,2,0.8395061728395061,checkpoints/sudoku_extreme_hf/checkpoint,12,1,blanks_2,17.585385062499626,0,687,baseline,1,0
32,2,0.8641975308641975,checkpoints/sudoku_extreme_hf/checkpoint,11,1,blanks_2,17.585385062499626,0,688,baseline,1,0
32,2,0.9012345679012346,checkpoints/sudoku_extreme_hf/checkpoint,8,1,blanks_2,17.585385062499626,0,689,baseline,1,0
32,2,0.8148148148148148,checkpoints/sudoku_extreme_hf/checkpoint,14,1,blanks_2,17.585385062499626,0,690,baseline,1,0
32,2,0.7037037037037037,checkpoints/sudoku_extreme_hf/checkpoint,24,1,blanks_2,17.585385062499626,0,691,baseline,1,0
32,2,0.8641975308641975,checkpoints/sudoku_extreme_hf/checkpoint,11,1,blanks_2,17.585385062499626,0,692,baseline,1,0
32,2,0.7777777777777778,checkpoints/sudoku_extreme_hf/checkpoint,16,1,blanks_2,17.585385062499626,0,693,baseline,1,0
32,2,0.8024691358024691,checkpoints/sudoku_extreme_hf/checkpoint,15,1,blanks_2,17.585385062499626,0,694,baseline,1,0
32,2,1.0,checkpoints/sudoku_extreme_hf/checkpoint,0,1,blanks_2,17.585385062499626,1,695,baseline,0,0
32,2,0.9259259259259259,checkpoints/sudoku_extreme_hf/checkpoint,6,1,blanks_2,17.585385062499626,0,696,baseline,1,0
32,2,0.7777777777777778,checkpoints/sudoku_extreme_hf/checkpoint,18,1,blanks_2,17.585385062499626,0,697,baseline,1,0
32,2,1.0,checkpoints/sudoku_extreme_hf/checkpoint,0,1,blanks_2,17.585385062499626,1,698,baseline,0,0
32,2,0.9506172839506173,checkpoints/sudoku_extreme_hf/checkpoint,4,1,blanks_2,17.585385062499626,0,699,baseline,1,0
32,2,0.9259259259259259,checkpoints/sudoku_extreme_hf/checkpoint,6,1,blanks_2,17.585385062499626,0,700,baseline,1,0
32,2,0.8024691358024691,checkpoints/sudoku_extreme_hf/checkpoint,16,1,blanks_2,17.585385062499626,0,701,baseline,1,0
32,2,0.8271604938271605,checkpoints/sudoku_extreme_hf/checkpoint,13,1,blanks_2,17.585385062499626,0,702,baseline,1,0
32,2,0.9012345679012346,checkpoints/sudoku_extreme_hf/checkpoint,7,1,blanks_2,17.585385062499626,0,703,baseline,1,0
32,2,0.8024691358024691,checkpoints/sudoku_extreme_hf/checkpoint,16,1,blanks_2,17.92285509375091,0,704,baseline,1,0
32,2,1.0,checkpoints/sudoku_extreme_hf/checkpoint,0,1,blanks_2,17.92285509375091,1,705,baseline,0,0
32,2,0.8518518518518519,checkpoints/sudoku_extreme_hf/checkpoint,12,1,blanks_2,17.92285509375091,0,706,baseline,1,0
32,2,0.7037037037037037,checkpoints/sudoku_extreme_hf/checkpoint,23,1,blanks_2,17.92285509375091,0,707,baseline,1,0
32,2,1.0,checkpoints/sudoku_extreme_hf/checkpoint,0,1,blanks_2,17.92285509375091,1,708,baseline,0,0
32,2,0.7037037037037037,checkpoints/sudoku_extreme_hf/checkpoint,24,1,blanks_2,17.92285509375091,0,709,baseline,1,0
32,2,0.8518518518518519,checkpoints/sudoku_extreme_hf/checkpoint,11,1,blanks_2,17.92285509375091,0,710,baseline,1,0
32,2,0.9506172839506173,checkpoints/sudoku_extreme_hf/checkpoint,4,1,blanks_2,17.92285509375091,0,711,baseline,1,0
32,2,1.0,checkpoints/sudoku_extreme_hf/checkpoint,0,1,blanks_2,17.92285509375091,1,712,baseline,0,0
32,2,0.8641975308641975,checkpoints/sudoku_extreme_hf/checkpoint,11,1,blanks_2,17.92285509375091,0,713,baseline,1,0
32,2,0.8518518518518519,checkpoints/sudoku_extreme_hf/checkpoint,12,1,blanks_2,17.92285509375091,0,714,baseline,1,0
32,2,1.0,checkpoints/sudoku_extreme_hf/checkpoint,0,1,blanks_2,17.92285509375091,1,715,baseline,0,0
32,2,0.9012345679012346,checkpoints/sudoku_extreme_hf/checkpoint,6,1,blanks_2,17.92285509375091,0,716,baseline,1,0
32,2,1.0,checkpoints/sudoku_extreme_hf/checkpoint,0,1,blanks_2,17.92285509375091,1,717,baseline,0,0
32,2,0.9012345679012346,checkpoints/sudoku_extreme_hf/checkpoint,8,1,blanks_2,17.92285509375091,0,718,baseline,1,0
32,2,0.9012345679012346,checkpoints/sudoku_extreme_hf/checkpoint,8,1,blanks_2,17.92285509375091,0,719,baseline,1,0
32,2,0.7777777777777778,checkpoints/sudoku_extreme_hf/checkpoint,18,1,blanks_2,17.92285509375091,0,720,baseline,1,0
32,2,0.8024691358024691,checkpoints/sudoku_extreme_hf/checkpoint,15,1,blanks_2,17.92285509375091,0,721,baseline,1,0
32,2,0.7901234567901234,checkpoints/sudoku_extreme_hf/checkpoint,17,1,blanks_2,17.92285509375091,0,722,baseline,1,0
32,2,0.9506172839506173,checkpoints/sudoku_extreme_hf/checkpoint,3,1,blanks_2,17.92285509375091,0,723,baseline,1,0
32,2,0.7037037037037037,checkpoints/sudoku_extreme_hf/checkpoint,23,1,blanks_2,17.92285509375091,0,724,baseline,1,0
32,2,1.0,checkpoints/sudoku_extreme_hf/checkpoint,0,1,blanks_2,17.92285509375091,1,725,baseline,0,0
32,2,0.9012345679012346,checkpoints/sudoku_extreme_hf/checkpoint,7,1,blanks_2,17.92285509375091,0,726,baseline,1,0
32,2,0.8641975308641975,checkpoints/sudoku_extreme_hf/checkpoint,11,1,blanks_2,17.92285509375091,0,727,baseline,1,0
32,2,0.8888888888888888,checkpoints/sudoku_extreme_hf/checkpoint,8,1,blanks_2,17.92285509375091,0,728,baseline,1,0
32,2,0.8765432098765432,checkpoints/sudoku_extreme_hf/checkpoint,10,1,blanks_2,17.92285509375091,0,729,baseline,1,0
32,2,0.9135802469135802,checkpoints/sudoku_extreme_hf/checkpoint,7,1,blanks_2,17.92285509375091,0,730,baseline,1,0
32,2,0.9506172839506173,checkpoints/sudoku_extreme_hf/checkpoint,3,1,blanks_2,17.92285509375091,0,731,baseline,1,0
32,2,0.6666666666666666,checkpoints/sudoku_extreme_hf/checkpoint,27,1,blanks_2,17.92285509375091,0,732,baseline,1,0
32,2,1.0,checkpoints/sudoku_extreme_hf/checkpoint,0,1,blanks_2,17.92285509375091,1,733,baseline,0,0
32,2,0.7283950617283951,checkpoints/sudoku_extreme_hf/checkpoint,21,1,blanks_2,17.92285509375091,0,734,baseline,1,0
32,2,0.8024691358024691,checkpoints/sudoku_extreme_hf/checkpoint,15,1,blanks_2,17.92285509375091,0,735,baseline,1,0
32,2,0.8888888888888888,checkpoints/sudoku_extreme_hf/checkpoint,9,1,blanks_2,18.84223915624972,0,736,baseline,1,0
32,2,0.9506172839506173,checkpoints/sudoku_extreme_hf/checkpoint,4,1,blanks_2,18.84223915624972,0,737,baseline,1,0
32,2,0.8888888888888888,checkpoints/sudoku_extreme_hf/checkpoint,9,1,blanks_2,18.84223915624972,0,738,baseline,1,0
32,2,0.8395061728395061,checkpoints/sudoku_extreme_hf/checkpoint,13,1,blanks_2,18.84223915624972,0,739,baseline,1,0
32,2,0.9012345679012346,checkpoints/sudoku_extreme_hf/checkpoint,8,1,blanks_2,18.84223915624972,0,740,baseline,1,0
32,2,0.8641975308641975,checkpoints/sudoku_extreme_hf/checkpoint,11,1,blanks_2,18.84223915624972,0,741,baseline,1,0
32,2,0.8765432098765432,checkpoints/sudoku_extreme_hf/checkpoint,10,1,blanks_2,18.84223915624972,0,742,baseline,1,0
32,2,1.0,checkpoints/sudoku_extreme_hf/checkpoint,0,1,blanks_2,18.84223915624972,1,743,baseline,0,0
32,2,0.7160493827160493,checkpoints/sudoku_extreme_hf/checkpoint,22,1,blanks_2,18.84223915624972,0,744,baseline,1,0
32,2,0.9506172839506173,checkpoints/sudoku_extreme_hf/checkpoint,4,1,blanks_2,18.84223915624972,0,745,baseline,1,0
32,2,0.7530864197530864,checkpoints/sudoku_extreme_hf/checkpoint,20,1,blanks_2,18.84223915624972,0,746,baseline,1,0
32,2,0.7283950617283951,checkpoints/sudoku_extreme_hf/checkpoint,21,1,blanks_2,18.84223915624972,0,747,baseline,1,0
32,2,0.6419753086419753,checkpoints/sudoku_extreme_hf/checkpoint,27,1,blanks_2,18.84223915624972,0,748,baseline,1,0
32,2,1.0,checkpoints/sudoku_extreme_hf/checkpoint,0,1,blanks_2,18.84223915624972,1,749,baseline,0,0
32,2,0.8271604938271605,checkpoints/sudoku_extreme_hf/checkpoint,14,1,blanks_2,18.84223915624972,0,750,baseline,1,0
32,2,0.9506172839506173,checkpoints/sudoku_extreme_hf/checkpoint,4,1,blanks_2,18.84223915624972,0,751,baseline,1,0
32,2,0.9506172839506173,checkpoints/sudoku_extreme_hf/checkpoint,4,1,blanks_2,18.84223915624972,0,752,baseline,1,0
32,2,1.0,checkpoints/sudoku_extreme_hf/checkpoint,0,1,blanks_2,18.84223915624972,1,753,baseline,0,0
32,2,0.6049382716049383,checkpoints/sudoku_extreme_hf/checkpoint,32,0,blanks_2,18.84223915624972,0,754,baseline,1,13
32,2,0.9506172839506173,checkpoints/sudoku_extreme_hf/checkpoint,4,1,blanks_2,18.84223915624972,0,755,baseline,1,0
32,2,0.6296296296296297,checkpoints/sudoku_extreme_hf/checkpoint,29,1,blanks_2,18.84223915624972,0,756,baseline,1,0
32,2,0.654320987654321,checkpoints/sudoku_extreme_hf/checkpoint,27,0,blanks_2,18.84223915624972,0,757,baseline,1,20
32,2,0.8024691358024691,checkpoints/sudoku_extreme_hf/checkpoint,14,1,blanks_2,18.84223915624972,0,758,baseline,1,0
32,2,0.8148148148148148,checkpoints/sudoku_extreme_hf/checkpoint,14,1,blanks_2,18.84223915624972,0,759,baseline,1,0
32,2,0.7407407407407407,checkpoints/sudoku_extreme_hf/checkpoint,21,1,blanks_2,18.84223915624972,0,760,baseline,1,0
32,2,1.0,checkpoints/sudoku_extreme_hf/checkpoint,0,1,blanks_2,18.84223915624972,1,761,baseline,0,0
32,2,0.9753086419753086,checkpoints/sudoku_extreme_hf/checkpoint,2,0,blanks_2,18.84223915624972,0,762,baseline,1,2
32,2,0.7283950617283951,checkpoints/sudoku_extreme_hf/checkpoint,21,1,blanks_2,18.84223915624972,0,763,baseline,1,0
32,2,0.6790123456790124,checkpoints/sudoku_extreme_hf/checkpoint,26,0,blanks_2,18.84223915624972,0,764,baseline,1,27
32,2,1.0,checkpoints/sudoku_extreme_hf/checkpoint,0,1,blanks_2,18.84223915624972,1,765,baseline,0,0
32,2,0.7530864197530864,checkpoints/sudoku_extreme_hf/checkpoint,19,1,blanks_2,18.84223915624972,0,766,baseline,1,0
32,2,1.0,checkpoints/sudoku_extreme_hf/checkpoint,0,1,blanks_2,18.84223915624972,1,767,baseline,0,0
32,2,0.8148148148148148,checkpoints/sudoku_extreme_hf/checkpoint,14,1,blanks_2,18.678894718748396,0,768,baseline,1,0
32,2,0.8888888888888888,checkpoints/sudoku_extreme_hf/checkpoint,9,1,blanks_2,18.678894718748396,0,769,baseline,1,0
32,2,0.8395061728395061,checkpoints/sudoku_extreme_hf/checkpoint,12,0,blanks_2,18.678894718748396,0,770,baseline,1,19
32,2,0.8518518518518519,checkpoints/sudoku_extreme_hf/checkpoint,12,1,blanks_2,18.678894718748396,0,771,baseline,1,0
32,2,0.8518518518518519,checkpoints/sudoku_extreme_hf/checkpoint,11,1,blanks_2,18.678894718748396,0,772,baseline,1,0
32,2,0.8765432098765432,checkpoints/sudoku_extreme_hf/checkpoint,10,1,blanks_2,18.678894718748396,0,773,baseline,1,0
32,2,0.7530864197530864,checkpoints/sudoku_extreme_hf/checkpoint,19,1,blanks_2,18.678894718748396,0,774,baseline,1,0
32,2,0.9506172839506173,checkpoints/sudoku_extreme_hf/checkpoint,4,1,blanks_2,18.678894718748396,0,775,baseline,1,0
32,2,0.9259259259259259,checkpoints/sudoku_extreme_hf/checkpoint,6,1,blanks_2,18.678894718748396,0,776,baseline,1,0
32,2,0.7037037037037037,checkpoints/sudoku_extreme_hf/checkpoint,24,1,blanks_2,18.678894718748396,0,777,baseline,1,0
32,2,0.7654320987654321,checkpoints/sudoku_extreme_hf/checkpoint,18,1,blanks_2,18.678894718748396,0,778,baseline,1,0
32,2,0.7283950617283951,checkpoints/sudoku_extreme_hf/checkpoint,21,1,blanks_2,18.678894718748396,0,779,baseline,1,0
32,2,1.0,checkpoints/sudoku_extreme_hf/checkpoint,0,1,blanks_2,18.678894718748396,1,780,baseline,0,0
32,2,0.6666666666666666,checkpoints/sudoku_extreme_hf/checkpoint,26,1,blanks_2,18.678894718748396,0,781,baseline,1,0
32,2,0.8271604938271605,checkpoints/sudoku_extreme_hf/checkpoint,14,1,blanks_2,18.678894718748396,0,782,baseline,1,0
32,2,1.0,checkpoints/sudoku_extreme_hf/checkpoint,0,1,blanks_2,18.678894718748396,1,783,baseline,0,0
32,2,0.8148148148148148,checkpoints/sudoku_extreme_hf/checkpoint,14,1,blanks_2,18.678894718748396,0,784,baseline,1,0
32,2,1.0,checkpoints/sudoku_extreme_hf/checkpoint,0,1,blanks_2,18.678894718748396,1,785,baseline,0,0
32,2,0.7901234567901234,checkpoints/sudoku_extreme_hf/checkpoint,16,1,blanks_2,18.678894718748396,0,786,baseline,1,0
32,2,0.8518518518518519,checkpoints/sudoku_extreme_hf/checkpoint,11,1,blanks_2,18.678894718748396,0,787,baseline,1,0
32,2,0.9135802469135802,checkpoints/sudoku_extreme_hf/checkpoint,7,1,blanks_2,18.678894718748396,0,788,baseline,1,0
32,2,0.8395061728395061,checkpoints/sudoku_extreme_hf/checkpoint,13,1,blanks_2,18.678894718748396,0,789,baseline,1,0
32,2,0.654320987654321,checkpoints/sudoku_extreme_hf/checkpoint,26,1,blanks_2,18.678894718748396,0,790,baseline,1,0
32,2,0.6172839506172839,checkpoints/sudoku_extreme_hf/checkpoint,31,1,blanks_2,18.678894718748396,0,791,baseline,1,0
32,2,0.7530864197530864,checkpoints/sudoku_extreme_hf/checkpoint,19,0,blanks_2,18.678894718748396,0,792,baseline,1,15
32,2,0.7037037037037037,checkpoints/sudoku_extreme_hf/checkpoint,24,1,blanks_2,18.678894718748396,0,793,baseline,1,0
32,2,0.9506172839506173,checkpoints/sudoku_extreme_hf/checkpoint,4,1,blanks_2,18.678894718748396,0,794,baseline,1,0
32,2,0.7160493827160493,checkpoints/sudoku_extreme_hf/checkpoint,23,1,blanks_2,18.678894718748396,0,795,baseline,1,0
32,2,0.8395061728395061,checkpoints/sudoku_extreme_hf/checkpoint,13,1,blanks_2,18.678894718748396,0,796,baseline,1,0
32,2,0.8518518518518519,checkpoints/sudoku_extreme_hf/checkpoint,11,1,blanks_2,18.678894718748396,0,797,baseline,1,0
32,2,0.9135802469135802,checkpoints/sudoku_extreme_hf/checkpoint,7,1,blanks_2,18.678894718748396,0,798,baseline,1,0
32,2,0.9506172839506173,checkpoints/sudoku_extreme_hf/checkpoint,4,1,blanks_2,18.678894718748396,0,799,baseline,1,0
32,2,0.8148148148148148,checkpoints/sudoku_extreme_hf/checkpoint,14,1,blanks_2,17.524536499999854,0,800,baseline,1,0
32,2,0.8271604938271605,checkpoints/sudoku_extreme_hf/checkpoint,13,1,blanks_2,17.524536499999854,0,801,baseline,1,0
32,2,0.654320987654321,checkpoints/sudoku_extreme_hf/checkpoint,26,1,blanks_2,17.524536499999854,0,802,baseline,1,0
32,2,0.654320987654321,checkpoints/sudoku_extreme_hf/checkpoint,27,1,blanks_2,17.524536499999854,0,803,baseline,1,0
32,2,0.9135802469135802,checkpoints/sudoku_extreme_hf/checkpoint,7,1,blanks_2,17.524536499999854,0,804,baseline,1,0
32,2,0.9506172839506173,checkpoints/sudoku_extreme_hf/checkpoint,4,1,blanks_2,17.524536499999854,0,805,baseline,1,0
32,2,1.0,checkpoints/sudoku_extreme_hf/checkpoint,0,1,blanks_2,17.524536499999854,1,806,baseline,0,0
32,2,0.8641975308641975,checkpoints/sudoku_extreme_hf/checkpoint,11,1,blanks_2,17.524536499999854,0,807,baseline,1,0
32,2,0.7777777777777778,checkpoints/sudoku_extreme_hf/checkpoint,18,1,blanks_2,17.524536499999854,0,808,baseline,1,0
32,2,1.0,checkpoints/sudoku_extreme_hf/checkpoint,0,1,blanks_2,17.524536499999854,1,809,baseline,0,0
32,2,0.7407407407407407,checkpoints/sudoku_extreme_hf/checkpoint,20,1,blanks_2,17.524536499999854,0,810,baseline,1,0
32,2,0.7654320987654321,checkpoints/sudoku_extreme_hf/checkpoint,19,1,blanks_2,17.524536499999854,0,811,baseline,1,0
32,2,1.0,checkpoints/sudoku_extreme_hf/checkpoint,0,1,blanks_2,17.524536499999854,1,812,baseline,0,0
32,2,0.9012345679012346,checkpoints/sudoku_extreme_hf/checkpoint,8,1,blanks_2,17.524536499999854,0,813,baseline,1,0
32,2,0.9012345679012346,checkpoints/sudoku_extreme_hf/checkpoint,6,1,blanks_2,17.524536499999854,0,814,baseline,1,0
32,2,0.654320987654321,checkpoints/sudoku_extreme_hf/checkpoint,27,1,blanks_2,17.524536499999854,0,815,baseline,1,0
32,2,0.7777777777777778,checkpoints/sudoku_extreme_hf/checkpoint,18,1,blanks_2,17.524536499999854,0,816,baseline,1,0
32,2,0.8395061728395061,checkpoints/sudoku_extreme_hf/checkpoint,13,1,blanks_2,17.524536499999854,0,817,baseline,1,0
32,2,0.8271604938271605,checkpoints/sudoku_extreme_hf/checkpoint,14,1,blanks_2,17.524536499999854,0,818,baseline,1,0
32,2,0.8148148148148148,checkpoints/sudoku_extreme_hf/checkpoint,13,1,blanks_2,17.524536499999854,0,819,baseline,1,0
32,2,0.9506172839506173,checkpoints/sudoku_extreme_hf/checkpoint,4,1,blanks_2,17.524536499999854,0,820,baseline,1,0
32,2,0.9506172839506173,checkpoints/sudoku_extreme_hf/checkpoint,4,1,blanks_2,17.524536499999854,0,821,baseline,1,0
32,2,0.8024691358024691,checkpoints/sudoku_extreme_hf/checkpoint,16,1,blanks_2,17.524536499999854,0,822,baseline,1,0
32,2,1.0,checkpoints/sudoku_extreme_hf/checkpoint,0,1,blanks_2,17.524536499999854,1,823,baseline,0,0
32,2,0.9506172839506173,checkpoints/sudoku_extreme_hf/checkpoint,3,1,blanks_2,17.524536499999854,0,824,baseline,1,0
32,2,0.9506172839506173,checkpoints/sudoku_extreme_hf/checkpoint,4,1,blanks_2,17.524536499999854,0,825,baseline,1,0
32,2,0.8271604938271605,checkpoints/sudoku_extreme_hf/checkpoint,13,1,blanks_2,17.524536499999854,0,826,baseline,1,0
32,2,0.7901234567901234,checkpoints/sudoku_extreme_hf/checkpoint,17,1,blanks_2,17.524536499999854,0,827,baseline,1,0
32,2,0.8765432098765432,checkpoints/sudoku_extreme_hf/checkpoint,9,1,blanks_2,17.524536499999854,0,828,baseline,1,0
32,2,1.0,checkpoints/sudoku_extreme_hf/checkpoint,0,1,blanks_2,17.524536499999854,1,829,baseline,0,0
32,2,0.9135802469135802,checkpoints/sudoku_extreme_hf/checkpoint,7,1,blanks_2,17.524536499999854,0,830,baseline,1,0
32,2,0.9259259259259259,checkpoints/sudoku_extreme_hf/checkpoint,6,1,blanks_2,17.524536499999854,0,831,baseline,1,0
32,2,0.6666666666666666,checkpoints/sudoku_extreme_hf/checkpoint,26,1,blanks_2,18.786528312501716,0,832,baseline,1,0
32,2,0.8024691358024691,checkpoints/sudoku_extreme_hf/checkpoint,15,1,blanks_2,18.786528312501716,0,833,baseline,1,0
32,2,0.7283950617283951,checkpoints/sudoku_extreme_hf/checkpoint,20,1,blanks_2,18.786528312501716,0,834,baseline,1,0
32,2,1.0,checkpoints/sudoku_extreme_hf/checkpoint,0,1,blanks_2,18.786528312501716,1,835,baseline,0,0
32,2,0.7407407407407407,checkpoints/sudoku_extreme_hf/checkpoint,21,1,blanks_2,18.786528312501716,0,836,baseline,1,0
32,2,0.8024691358024691,checkpoints/sudoku_extreme_hf/checkpoint,16,1,blanks_2,18.786528312501716,0,837,baseline,1,0
32,2,0.654320987654321,checkpoints/sudoku_extreme_hf/checkpoint,28,1,blanks_2,18.786528312501716,0,838,baseline,1,0
32,2,0.7037037037037037,checkpoints/sudoku_extreme_hf/checkpoint,22,1,blanks_2,18.786528312501716,0,839,baseline,1,0
32,2,0.8024691358024691,checkpoints/sudoku_extreme_hf/checkpoint,14,1,blanks_2,18.786528312501716,0,840,baseline,1,0
32,2,0.8641975308641975,checkpoints/sudoku_extreme_hf/checkpoint,11,1,blanks_2,18.786528312501716,0,841,baseline,1,0
32,2,0.691358024691358,checkpoints/sudoku_extreme_hf/checkpoint,24,1,blanks_2,18.786528312501716,0,842,baseline,1,0
32,2,0.9259259259259259,checkpoints/sudoku_extreme_hf/checkpoint,6,1,blanks_2,18.786528312501716,0,843,baseline,1,0
32,2,0.8518518518518519,checkpoints/sudoku_extreme_hf/checkpoint,11,1,blanks_2,18.786528312501716,0,844,baseline,1,0
32,2,0.8765432098765432,checkpoints/sudoku_extreme_hf/checkpoint,10,1,blanks_2,18.786528312501716,0,845,baseline,1,0
32,2,0.6666666666666666,checkpoints/sudoku_extreme_hf/checkpoint,25,1,blanks_2,18.786528312501716,0,846,baseline,1,0
32,2,0.8765432098765432,checkpoints/sudoku_extreme_hf/checkpoint,10,1,blanks_2,18.786528312501716,0,847,baseline,1,0
32,2,0.5925925925925926,checkpoints/sudoku_extreme_hf/checkpoint,32,0,blanks_2,18.786528312501716,0,848,baseline,1,34
32,2,0.9259259259259259,checkpoints/sudoku_extreme_hf/checkpoint,6,1,blanks_2,18.786528312501716,0,849,baseline,1,0
32,2,1.0,checkpoints/sudoku_extreme_hf/checkpoint,0,1,blanks_2,18.786528312501716,1,850,baseline,0,0
32,2,0.9012345679012346,checkpoints/sudoku_extreme_hf/checkpoint,8,1,blanks_2,18.786528312501716,0,851,baseline,1,0
32,2,0.8888888888888888,checkpoints/sudoku_extreme_hf/checkpoint,9,1,blanks_2,18.786528312501716,0,852,baseline,1,0
32,2,0.7777777777777778,checkpoints/sudoku_extreme_hf/checkpoint,17,1,blanks_2,18.786528312501716,0,853,baseline,1,0
32,2,0.9506172839506173,checkpoints/sudoku_extreme_hf/checkpoint,4,1,blanks_2,18.786528312501716,0,854,baseline,1,0
32,2,0.9135802469135802,checkpoints/sudoku_extreme_hf/checkpoint,6,1,blanks_2,18.786528312501716,0,855,baseline,1,0
32,2,0.7407407407407407,checkpoints/sudoku_extreme_hf/checkpoint,20,1,blanks_2,18.786528312501716,0,856,baseline,1,0
32,2,0.9259259259259259,checkpoints/sudoku_extreme_hf/checkpoint,5,1,blanks_2,18.786528312501716,0,857,baseline,1,0
32,2,0.8765432098765432,checkpoints/sudoku_extreme_hf/checkpoint,10,1,blanks_2,18.786528312501716,0,858,baseline,1,0
32,2,0.9012345679012346,checkpoints/sudoku_extreme_hf/checkpoint,8,1,blanks_2,18.786528312501716,0,859,baseline,1,0
32,2,0.9012345679012346,checkpoints/sudoku_extreme_hf/checkpoint,7,1,blanks_2,18.786528312501716,0,860,baseline,1,0
32,2,0.9259259259259259,checkpoints/sudoku_extreme_hf/checkpoint,5,1,blanks_2,18.786528312501716,0,861,baseline,1,0
32,2,1.0,checkpoints/sudoku_extreme_hf/checkpoint,0,1,blanks_2,18.786528312501716,1,862,baseline,0,0
32,2,0.8395061728395061,checkpoints/sudoku_extreme_hf/checkpoint,12,1,blanks_2,18.786528312501716,0,863,baseline,1,0
32,2,0.8518518518518519,checkpoints/sudoku_extreme_hf/checkpoint,11,1,blanks_2,16.611676062501246,0,864,baseline,1,0
32,2,0.8395061728395061,checkpoints/sudoku_extreme_hf/checkpoint,12,1,blanks_2,16.611676062501246,0,865,baseline,1,0
32,2,0.8641975308641975,checkpoints/sudoku_extreme_hf/checkpoint,11,1,blanks_2,16.611676062501246,0,866,baseline,1,0
32,2,0.6666666666666666,checkpoints/sudoku_extreme_hf/checkpoint,26,1,blanks_2,16.611676062501246,0,867,baseline,1,0
32,2,0.9506172839506173,checkpoints/sudoku_extreme_hf/checkpoint,4,1,blanks_2,16.611676062501246,0,868,baseline,1,0
32,2,1.0,checkpoints/sudoku_extreme_hf/checkpoint,0,1,blanks_2,16.611676062501246,1,869,baseline,0,0
32,2,0.7283950617283951,checkpoints/sudoku_extreme_hf/checkpoint,22,1,blanks_2,16.611676062501246,0,870,baseline,1,0
32,2,0.8641975308641975,checkpoints/sudoku_extreme_hf/checkpoint,9,1,blanks_2,16.611676062501246,0,871,baseline,1,0
32,2,0.9506172839506173,checkpoints/sudoku_extreme_hf/checkpoint,4,1,blanks_2,16.611676062501246,0,872,baseline,1,0
32,2,0.8518518518518519,checkpoints/sudoku_extreme_hf/checkpoint,10,1,blanks_2,16.611676062501246,0,873,baseline,1,0
32,2,0.9506172839506173,checkpoints/sudoku_extreme_hf/checkpoint,4,1,blanks_2,16.611676062501246,0,874,baseline,1,0
32,2,0.6790123456790124,checkpoints/sudoku_extreme_hf/checkpoint,25,1,blanks_2,16.611676062501246,0,875,baseline,1,0
32,2,0.9259259259259259,checkpoints/sudoku_extreme_hf/checkpoint,6,1,blanks_2,16.611676062501246,0,876,baseline,1,0
32,2,0.6666666666666666,checkpoints/sudoku_extreme_hf/checkpoint,26,1,blanks_2,16.611676062501246,0,877,baseline,1,0
32,2,0.9506172839506173,checkpoints/sudoku_extreme_hf/checkpoint,4,1,blanks_2,16.611676062501246,0,878,baseline,1,0
32,2,0.7037037037037037,checkpoints/sudoku_extreme_hf/checkpoint,22,0,blanks_2,16.611676062501246,0,879,baseline,1,29
32,2,0.8271604938271605,checkpoints/sudoku_extreme_hf/checkpoint,13,1,blanks_2,16.611676062501246,0,880,baseline,1,0
32,2,0.8641975308641975,checkpoints/sudoku_extreme_hf/checkpoint,11,1,blanks_2,16.611676062501246,0,881,baseline,1,0
32,2,0.7160493827160493,checkpoints/sudoku_extreme_hf/checkpoint,22,0,blanks_2,16.611676062501246,0,882,baseline,1,18
32,2,0.6419753086419753,checkpoints/sudoku_extreme_hf/checkpoint,27,1,blanks_2,16.611676062501246,0,883,baseline,1,0
32,2,0.9012345679012346,checkpoints/sudoku_extreme_hf/checkpoint,7,1,blanks_2,16.611676062501246,0,884,baseline,1,0
32,2,0.6790123456790124,checkpoints/sudoku_extreme_hf/checkpoint,25,1,blanks_2,16.611676062501246,0,885,baseline,1,0
32,2,0.8271604938271605,checkpoints/sudoku_extreme_hf/checkpoint,13,1,blanks_2,16.611676062501246,0,886,baseline,1,0
32,2,0.5925925925925926,checkpoints/sudoku_extreme_hf/checkpoint,32,1,blanks_2,16.611676062501246,0,887,baseline,1,0
32,2,0.9259259259259259,checkpoints/sudoku_extreme_hf/checkpoint,6,1,blanks_2,16.611676062501246,0,888,baseline,1,0
32,2,0.8395061728395061,checkpoints/sudoku_extreme_hf/checkpoint,13,1,blanks_2,16.611676062501246,0,889,baseline,1,0
32,2,0.8024691358024691,checkpoints/sudoku_extreme_hf/checkpoint,16,1,blanks_2,16.611676062501246,0,890,baseline,1,0
32,2,0.6790123456790124,checkpoints/sudoku_extreme_hf/checkpoint,25,0,blanks_2,16.611676062501246,0,891,baseline,1,20
32,2,1.0,checkpoints/sudoku_extreme_hf/checkpoint,0,1,blanks_2,16.611676062501246,1,892,baseline,0,0
32,2,0.6296296296296297,checkpoints/sudoku_extreme_hf/checkpoint,30,1,blanks_2,16.611676062501246,0,893,baseline,1,0
32,2,0.7654320987654321,checkpoints/sudoku_extreme_hf/checkpoint,18,0,blanks_2,16.611676062501246,0,894,baseline,1,16
32,2,0.7407407407407407,checkpoints/sudoku_extreme_hf/checkpoint,19,1,blanks_2,16.611676062501246,0,895,baseline,1,0
32,2,0.7530864197530864,checkpoints/sudoku_extreme_hf/checkpoint,20,1,blanks_2,16.671483249998786,0,896,baseline,1,0
32,2,0.7654320987654321,checkpoints/sudoku_extreme_hf/checkpoint,19,0,blanks_2,16.671483249998786,0,897,baseline,1,19
32,2,0.6172839506172839,checkpoints/sudoku_extreme_hf/checkpoint,31,0,blanks_2,16.671483249998786,0,898,baseline,1,24
32,2,1.0,checkpoints/sudoku_extreme_hf/checkpoint,0,1,blanks_2,16.671483249998786,1,899,baseline,0,0
32,2,0.9506172839506173,checkpoints/sudoku_extreme_hf/checkpoint,4,1,blanks_2,16.671483249998786,0,900,baseline,1,0
32,2,0.8271604938271605,checkpoints/sudoku_extreme_hf/checkpoint,13,1,blanks_2,16.671483249998786,0,901,baseline,1,0
32,2,0.8641975308641975,checkpoints/sudoku_extreme_hf/checkpoint,11,1,blanks_2,16.671483249998786,0,902,baseline,1,0
32,2,0.654320987654321,checkpoints/sudoku_extreme_hf/checkpoint,27,1,blanks_2,16.671483249998786,0,903,baseline,1,0
32,2,0.9506172839506173,checkpoints/sudoku_extreme_hf/checkpoint,4,1,blanks_2,16.671483249998786,0,904,baseline,1,0
32,2,1.0,checkpoints/sudoku_extreme_hf/checkpoint,0,1,blanks_2,16.671483249998786,1,905,baseline,0,0
32,2,0.8888888888888888,checkpoints/sudoku_extreme_hf/checkpoint,8,1,blanks_2,16.671483249998786,0,906,baseline,1,0
32,2,0.7654320987654321,checkpoints/sudoku_extreme_hf/checkpoint,18,1,blanks_2,16.671483249998786,0,907,baseline,1,0
32,2,0.7530864197530864,checkpoints/sudoku_extreme_hf/checkpoint,19,1,blanks_2,16.671483249998786,0,908,baseline,1,0
32,2,0.7407407407407407,checkpoints/sudoku_extreme_hf/checkpoint,20,1,blanks_2,16.671483249998786,0,909,baseline,1,0
32,2,0.8395061728395061,checkpoints/sudoku_extreme_hf/checkpoint,13,1,blanks_2,16.671483249998786,0,910,baseline,1,0
32,2,0.9135802469135802,checkpoints/sudoku_extreme_hf/checkpoint,7,1,blanks_2,16.671483249998786,0,911,baseline,1,0
32,2,0.8888888888888888,checkpoints/sudoku_extreme_hf/checkpoint,8,1,blanks_2,16.671483249998786,0,912,baseline,1,0
32,2,0.8024691358024691,checkpoints/sudoku_extreme_hf/checkpoint,16,0,blanks_2,16.671483249998786,0,913,baseline,1,21
32,2,0.6296296296296297,checkpoints/sudoku_extreme_hf/checkpoint,28,1,blanks_2,16.671483249998786,0,914,baseline,1,0
32,2,0.8148148148148148,checkpoints/sudoku_extreme_hf/checkpoint,14,1,blanks_2,16.671483249998786,0,915,baseline,1,0
32,2,0.9012345679012346,checkpoints/sudoku_extreme_hf/checkpoint,7,1,blanks_2,16.671483249998786,0,916,baseline,1,0
32,2,1.0,checkpoints/sudoku_extreme_hf/checkpoint,0,1,blanks_2,16.671483249998786,1,917,baseline,0,0
32,2,0.9506172839506173,checkpoints/sudoku_extreme_hf/checkpoint,4,1,blanks_2,16.671483249998786,0,918,baseline,1,0
32,2,0.9506172839506173,checkpoints/sudoku_extreme_hf/checkpoint,4,1,blanks_2,16.671483249998786,0,919,baseline,1,0
32,2,0.8765432098765432,checkpoints/sudoku_extreme_hf/checkpoint,10,1,blanks_2,16.671483249998786,0,920,baseline,1,0
32,2,0.7654320987654321,checkpoints/sudoku_extreme_hf/checkpoint,19,1,blanks_2,16.671483249998786,0,921,baseline,1,0
32,2,0.8148148148148148,checkpoints/sudoku_extreme_hf/checkpoint,14,1,blanks_2,16.671483249998786,0,922,baseline,1,0
32,2,0.691358024691358,checkpoints/sudoku_extreme_hf/checkpoint,24,1,blanks_2,16.671483249998786,0,923,baseline,1,0
32,2,0.7777777777777778,checkpoints/sudoku_extreme_hf/checkpoint,18,1,blanks_2,16.671483249998786,0,924,baseline,1,0
32,2,0.9012345679012346,checkpoints/sudoku_extreme_hf/checkpoint,8,1,blanks_2,16.671483249998786,0,925,baseline,1,0
32,2,0.8518518518518519,checkpoints/sudoku_extreme_hf/checkpoint,11,1,blanks_2,16.671483249998786,0,926,baseline,1,0
32,2,0.9259259259259259,checkpoints/sudoku_extreme_hf/checkpoint,6,1,blanks_2,16.671483249998786,0,927,baseline,1,0
32,2,0.691358024691358,checkpoints/sudoku_extreme_hf/checkpoint,25,1,blanks_2,17.598831031250484,0,928,baseline,1,0
32,2,1.0,checkpoints/sudoku_extreme_hf/checkpoint,0,1,blanks_2,17.598831031250484,1,929,baseline,0,0
32,2,1.0,checkpoints/sudoku_extreme_hf/checkpoint,0,1,blanks_2,17.598831031250484,1,930,baseline,0,0
32,2,0.7901234567901234,checkpoints/sudoku_extreme_hf/checkpoint,16,1,blanks_2,17.598831031250484,0,931,baseline,1,0
32,2,0.8148148148148148,checkpoints/sudoku_extreme_hf/checkpoint,14,1,blanks_2,17.598831031250484,0,932,baseline,1,0
32,2,0.8148148148148148,checkpoints/sudoku_extreme_hf/checkpoint,15,1,blanks_2,17.598831031250484,0,933,baseline,1,0
32,2,0.9259259259259259,checkpoints/sudoku_extreme_hf/checkpoint,6,1,blanks_2,17.598831031250484,0,934,baseline,1,0
32,2,0.7037037037037037,checkpoints/sudoku_extreme_hf/checkpoint,23,1,blanks_2,17.598831031250484,0,935,baseline,1,0
32,2,0.6790123456790124,checkpoints/sudoku_extreme_hf/checkpoint,25,1,blanks_2,17.598831031250484,0,936,baseline,1,0
32,2,0.9259259259259259,checkpoints/sudoku_extreme_hf/checkpoint,6,1,blanks_2,17.598831031250484,0,937,baseline,1,0
32,2,0.7407407407407407,checkpoints/sudoku_extreme_hf/checkpoint,19,1,blanks_2,17.598831031250484,0,938,baseline,1,0
32,2,1.0,checkpoints/sudoku_extreme_hf/checkpoint,0,1,blanks_2,17.598831031250484,1,939,baseline,0,0
32,2,0.9135802469135802,checkpoints/sudoku_extreme_hf/checkpoint,7,1,blanks_2,17.598831031250484,0,940,baseline,1,0
32,2,0.9506172839506173,checkpoints/sudoku_extreme_hf/checkpoint,4,1,blanks_2,17.598831031250484,0,941,baseline,1,0
32,2,0.7037037037037037,checkpoints/sudoku_extreme_hf/checkpoint,24,1,blanks_2,17.598831031250484,0,942,baseline,1,0
32,2,0.654320987654321,checkpoints/sudoku_extreme_hf/checkpoint,26,0,blanks_2,17.598831031250484,0,943,baseline,1,16
32,2,1.0,checkpoints/sudoku_extreme_hf/checkpoint,0,1,blanks_2,17.598831031250484,1,944,baseline,0,0
32,2,0.8641975308641975,checkpoints/sudoku_extreme_hf/checkpoint,11,1,blanks_2,17.598831031250484,0,945,baseline,1,0
32,2,0.5925925925925926,checkpoints/sudoku_extreme_hf/checkpoint,31,1,blanks_2,17.598831031250484,0,946,baseline,1,0
32,2,0.8518518518518519,checkpoints/sudoku_extreme_hf/checkpoint,12,1,blanks_2,17.598831031250484,0,947,baseline,1,0
32,2,0.6419753086419753,checkpoints/sudoku_extreme_hf/checkpoint,27,1,blanks_2,17.598831031250484,0,948,baseline,1,0
32,2,0.7530864197530864,checkpoints/sudoku_extreme_hf/checkpoint,18,1,blanks_2,17.598831031250484,0,949,baseline,1,0
32,2,0.9259259259259259,checkpoints/sudoku_extreme_hf/checkpoint,6,1,blanks_2,17.598831031250484,0,950,baseline,1,0
32,2,0.9506172839506173,checkpoints/sudoku_extreme_hf/checkpoint,4,1,blanks_2,17.598831031250484,0,951,baseline,1,0
32,2,0.8518518518518519,checkpoints/sudoku_extreme_hf/checkpoint,11,1,blanks_2,17.598831031250484,0,952,baseline,1,0
32,2,0.9506172839506173,checkpoints/sudoku_extreme_hf/checkpoint,4,1,blanks_2,17.598831031250484,0,953,baseline,1,0
32,2,0.8148148148148148,checkpoints/sudoku_extreme_hf/checkpoint,14,1,blanks_2,17.598831031250484,0,954,baseline,1,0
32,2,0.7777777777777778,checkpoints/sudoku_extreme_hf/checkpoint,17,1,blanks_2,17.598831031250484,0,955,baseline,1,0
32,2,0.6296296296296297,checkpoints/sudoku_extreme_hf/checkpoint,29,1,blanks_2,17.598831031250484,0,956,baseline,1,0
32,2,0.8765432098765432,checkpoints/sudoku_extreme_hf/checkpoint,10,1,blanks_2,17.598831031250484,0,957,baseline,1,0
32,2,0.7283950617283951,checkpoints/sudoku_extreme_hf/checkpoint,22,1,blanks_2,17.598831031250484,0,958,baseline,1,0
32,2,1.0,checkpoints/sudoku_extreme_hf/checkpoint,0,1,blanks_2,17.598831031250484,1,959,baseline,0,0
32,2,0.6296296296296297,checkpoints/sudoku_extreme_hf/checkpoint,30,1,blanks_2,18.132170937498415,0,960,baseline,1,0
32,2,0.8765432098765432,checkpoints/sudoku_extreme_hf/checkpoint,9,1,blanks_2,18.132170937498415,0,961,baseline,1,0
32,2,0.8395061728395061,checkpoints/sudoku_extreme_hf/checkpoint,12,1,blanks_2,18.132170937498415,0,962,baseline,1,0
32,2,0.7407407407407407,checkpoints/sudoku_extreme_hf/checkpoint,21,1,blanks_2,18.132170937498415,0,963,baseline,1,0
32,2,0.7530864197530864,checkpoints/sudoku_extreme_hf/checkpoint,19,1,blanks_2,18.132170937498415,0,964,baseline,1,0
32,2,0.8765432098765432,checkpoints/sudoku_extreme_hf/checkpoint,9,1,blanks_2,18.132170937498415,0,965,baseline,1,0
32,2,0.9259259259259259,checkpoints/sudoku_extreme_hf/checkpoint,6,1,blanks_2,18.132170937498415,0,966,baseline,1,0
32,2,0.8641975308641975,checkpoints/sudoku_extreme_hf/checkpoint,10,1,blanks_2,18.132170937498415,0,967,baseline,1,0
32,2,0.7160493827160493,checkpoints/sudoku_extreme_hf/checkpoint,21,1,blanks_2,18.132170937498415,0,968,baseline,1,0
32,2,0.7037037037037037,checkpoints/sudoku_extreme_hf/checkpoint,23,1,blanks_2,18.132170937498415,0,969,baseline,1,0
32,2,0.8765432098765432,checkpoints/sudoku_extreme_hf/checkpoint,10,1,blanks_2,18.132170937498415,0,970,baseline,1,0
32,2,0.8395061728395061,checkpoints/sudoku_extreme_hf/checkpoint,12,0,blanks_2,18.132170937498415,0,971,baseline,1,6
32,2,0.654320987654321,checkpoints/sudoku_extreme_hf/checkpoint,27,1,blanks_2,18.132170937498415,0,972,baseline,1,0
32,2,0.654320987654321,checkpoints/sudoku_extreme_hf/checkpoint,28,1,blanks_2,18.132170937498415,0,973,baseline,1,0
32,2,0.8518518518518519,checkpoints/sudoku_extreme_hf/checkpoint,11,1,blanks_2,18.132170937498415,0,974,baseline,1,0
32,2,0.6049382716049383,checkpoints/sudoku_extreme_hf/checkpoint,31,0,blanks_2,18.132170937498415,0,975,baseline,1,27
32,2,0.6790123456790124,checkpoints/sudoku_extreme_hf/checkpoint,25,1,blanks_2,18.132170937498415,0,976,baseline,1,0
32,2,0.8148148148148148,checkpoints/sudoku_extreme_hf/checkpoint,14,1,blanks_2,18.132170937498415,0,977,baseline,1,0
32,2,0.8024691358024691,checkpoints/sudoku_extreme_hf/checkpoint,14,1,blanks_2,18.132170937498415,0,978,baseline,1,0
32,2,0.691358024691358,checkpoints/sudoku_extreme_hf/checkpoint,24,1,blanks_2,18.132170937498415,0,979,baseline,1,0
32,2,1.0,checkpoints/sudoku_extreme_hf/checkpoint,0,1,blanks_2,18.132170937498415,1,980,baseline,0,0
32,2,0.8395061728395061,checkpoints/sudoku_extreme_hf/checkpoint,12,1,blanks_2,18.132170937498415,0,981,baseline,1,0
32,2,1.0,checkpoints/sudoku_extreme_hf/checkpoint,0,1,blanks_2,18.132170937498415,1,982,baseline,0,0
32,2,0.9259259259259259,checkpoints/sudoku_extreme_hf/checkpoint,5,1,blanks_2,18.132170937498415,0,983,baseline,1,0
32,2,0.691358024691358,checkpoints/sudoku_extreme_hf/checkpoint,23,1,blanks_2,18.132170937498415,0,984,baseline,1,0
32,2,0.9506172839506173,checkpoints/sudoku_extreme_hf/checkpoint,4,1,blanks_2,18.132170937498415,0,985,baseline,1,0
32,2,0.8148148148148148,checkpoints/sudoku_extreme_hf/checkpoint,15,1,blanks_2,18.132170937498415,0,986,baseline,1,0
32,2,0.7160493827160493,checkpoints/sudoku_extreme_hf/checkpoint,23,1,blanks_2,18.132170937498415,0,987,baseline,1,0
32,2,1.0,checkpoints/sudoku_extreme_hf/checkpoint,0,1,blanks_2,18.132170937498415,1,988,baseline,0,0
32,2,0.7654320987654321,checkpoints/sudoku_extreme_hf/checkpoint,19,0,blanks_2,18.132170937498415,0,989,baseline,1,14
32,2,1.0,checkpoints/sudoku_extreme_hf/checkpoint,0,1,blanks_2,18.132170937498415,1,990,baseline,0,0
32,2,0.8395061728395061,checkpoints/sudoku_extreme_hf/checkpoint,13,1,blanks_2,18.132170937498415,0,991,baseline,1,0
32,2,1.0,checkpoints/sudoku_extreme_hf/checkpoint,0,1,blanks_2,65.93122087500092,1,992,baseline,0,0
32,2,1.0,checkpoints/sudoku_extreme_hf/checkpoint,0,1,blanks_2,65.93122087500092,1,993,baseline,0,0
32,2,0.6419753086419753,checkpoints/sudoku_extreme_hf/checkpoint,28,1,blanks_2,65.93122087500092,0,994,baseline,1,0
32,2,0.7777777777777778,checkpoints/sudoku_extreme_hf/checkpoint,17,1,blanks_2,65.93122087500092,0,995,baseline,1,0
32,2,0.8148148148148148,checkpoints/sudoku_extreme_hf/checkpoint,15,1,blanks_2,65.93122087500092,0,996,baseline,1,0
32,2,0.7530864197530864,checkpoints/sudoku_extreme_hf/checkpoint,20,1,blanks_2,65.93122087500092,0,997,baseline,1,0
32,2,0.8518518518518519,checkpoints/sudoku_extreme_hf/checkpoint,11,1,blanks_2,65.93122087500092,0,998,baseline,1,0
32,2,0.9506172839506173,checkpoints/sudoku_extreme_hf/checkpoint,4,1,blanks_2,65.93122087500092,0,999,baseline,1,0
32,5,1.0,checkpoints/sudoku_extreme_hf/checkpoint,0,1,blanks_5,18.09552878124876,1,0,baseline,0,0
32,5,0.8765432098765432,checkpoints/sudoku_extreme_hf/checkpoint,8,1,blanks_5,18.09552878124876,0,1,baseline,1,0
32,5,1.0,checkpoints/sudoku_extreme_hf/checkpoint,0,1,blanks_5,18.09552878124876,1,2,baseline,0,0
32,5,1.0,checkpoints/sudoku_extreme_hf/checkpoint,0,1,blanks_5,18.09552878124876,1,3,baseline,0,0
32,5,1.0,checkpoints/sudoku_extreme_hf/checkpoint,0,1,blanks_5,18.09552878124876,1,4,baseline,0,0
32,5,1.0,checkpoints/sudoku_extreme_hf/checkpoint,0,1,blanks_5,18.09552878124876,1,5,baseline,0,0
32,5,0.8641975308641975,checkpoints/sudoku_extreme_hf/checkpoint,9,1,blanks_5,18.09552878124876,0,6,baseline,1,0
32,5,0.9012345679012346,checkpoints/sudoku_extreme_hf/checkpoint,7,1,blanks_5,18.09552878124876,0,7,baseline,1,0
32,5,0.8024691358024691,checkpoints/sudoku_extreme_hf/checkpoint,11,1,blanks_5,18.09552878124876,0,8,baseline,1,0
32,5,1.0,checkpoints/sudoku_extreme_hf/checkpoint,0,1,blanks_5,18.09552878124876,1,9,baseline,0,0
32,5,1.0,checkpoints/sudoku_extreme_hf/checkpoint,0,1,blanks_5,18.09552878124876,1,10,baseline,0,0
32,5,0.8518518518518519,checkpoints/sudoku_extreme_hf/checkpoint,9,1,blanks_5,18.09552878124876,0,11,baseline,1,0
32,5,0.9259259259259259,checkpoints/sudoku_extreme_hf/checkpoint,5,1,blanks_5,18.09552878124876,0,12,baseline,1,0
32,5,0.7037037037037037,checkpoints/sudoku_extreme_hf/checkpoint,21,0,blanks_5,18.09552878124876,0,13,baseline,1,8
32,5,1.0,checkpoints/sudoku_extreme_hf/checkpoint,0,1,blanks_5,18.09552878124876,1,14,baseline,0,0
32,5,0.7777777777777778,checkpoints/sudoku_extreme_hf/checkpoint,16,1,blanks_5,18.09552878124876,0,15,baseline,1,0
32,5,1.0,checkpoints/sudoku_extreme_hf/checkpoint,0,1,blanks_5,18.09552878124876,1,16,baseline,0,0
32,5,0.9506172839506173,checkpoints/sudoku_extreme_hf/checkpoint,4,1,blanks_5,18.09552878124876,0,17,baseline,1,0
32,5,0.9506172839506173,checkpoints/sudoku_extreme_hf/checkpoint,4,1,blanks_5,18.09552878124876,0,18,baseline,1,0
32,5,1.0,checkpoints/sudoku_extreme_hf/checkpoint,0,1,blanks_5,18.09552878124876,1,19,baseline,0,0
32,5,0.9506172839506173,checkpoints/sudoku_extreme_hf/checkpoint,3,1,blanks_5,18.09552878124876,0,20,baseline,1,0
32,5,1.0,checkpoints/sudoku_extreme_hf/checkpoint,0,1,blanks_5,18.09552878124876,1,21,baseline,0,0
32,5,0.9506172839506173,checkpoints/sudoku_extreme_hf/checkpoint,4,1,blanks_5,18.09552878124876,0,22,baseline,1,0
32,5,0.9259259259259259,checkpoints/sudoku_extreme_hf/checkpoint,4,1,blanks_5,18.09552878124876,0,23,baseline,1,0
32,5,0.9506172839506173,checkpoints/sudoku_extreme_hf/checkpoint,4,1,blanks_5,18.09552878124876,0,24,baseline,1,0
32,5,1.0,checkpoints/sudoku_extreme_hf/checkpoint,0,1,blanks_5,18.09552878124876,1,25,baseline,0,0
32,5,0.9506172839506173,checkpoints/sudoku_extreme_hf/checkpoint,4,1,blanks_5,18.09552878124876,0,26,baseline,1,0
32,5,1.0,checkpoints/sudoku_extreme_hf/checkpoint,0,1,blanks_5,18.09552878124876,1,27,baseline,0,0
32,5,1.0,checkpoints/sudoku_extreme_hf/checkpoint,0,1,blanks_5,18.09552878124876,1,28,baseline,0,0
32,5,1.0,checkpoints/sudoku_extreme_hf/checkpoint,0,1,blanks_5,18.09552878124876,1,29,baseline,0,0
32,5,1.0,checkpoints/sudoku_extreme_hf/checkpoint,0,1,blanks_5,18.09552878124876,1,30,baseline,0,0
32,5,0.9259259259259259,checkpoints/sudoku_extreme_hf/checkpoint,6,1,blanks_5,18.09552878124876,0,31,baseline,1,0
32,5,1.0,checkpoints/sudoku_extreme_hf/checkpoint,0,1,blanks_5,19.050283156250458,1,32,baseline,0,0
32,5,1.0,checkpoints/sudoku_extreme_hf/checkpoint,0,1,blanks_5,19.050283156250458,1,33,baseline,0,0
32,5,1.0,checkpoints/sudoku_extreme_hf/checkpoint,0,1,blanks_5,19.050283156250458,1,34,baseline,0,0
32,5,0.9259259259259259,checkpoints/sudoku_extreme_hf/checkpoint,6,1,blanks_5,19.050283156250458,0,35,baseline,1,0
32,5,0.9506172839506173,checkpoints/sudoku_extreme_hf/checkpoint,4,1,blanks_5,19.050283156250458,0,36,baseline,1,0
32,5,1.0,checkpoints/sudoku_extreme_hf/checkpoint,0,1,blanks_5,19.050283156250458,1,37,baseline,0,0
32,5,0.8148148148148148,checkpoints/sudoku_extreme_hf/checkpoint,13,0,blanks_5,19.050283156250458,0,38,baseline,1,8
32,5,0.9259259259259259,checkpoints/sudoku_extreme_hf/checkpoint,6,1,blanks_5,19.050283156250458,0,39,baseline,1,0
32,5,1.0,checkpoints/sudoku_extreme_hf/checkpoint,0,1,blanks_5,19.050283156250458,1,40,baseline,0,0
32,5,0.9259259259259259,checkpoints/sudoku_extreme_hf/checkpoint,5,1,blanks_5,19.050283156250458,0,41,baseline,1,0
32,5,1.0,checkpoints/sudoku_extreme_hf/checkpoint,0,1,blanks_5,19.050283156250458,1,42,baseline,0,0
32,5,1.0,checkpoints/sudoku_extreme_hf/checkpoint,0,1,blanks_5,19.050283156250458,1,43,baseline,0,0
32,5,0.9259259259259259,checkpoints/sudoku_extreme_hf/checkpoint,6,1,blanks_5,19.050283156250458,0,44,baseline,1,0
32,5,0.9506172839506173,checkpoints/sudoku_extreme_hf/checkpoint,4,1,blanks_5,19.050283156250458,0,45,baseline,1,0
32,5,0.8641975308641975,checkpoints/sudoku_extreme_hf/checkpoint,9,0,blanks_5,19.050283156250458,0,46,baseline,1,10
32,5,0.9506172839506173,checkpoints/sudoku_extreme_hf/checkpoint,4,1,blanks_5,19.050283156250458,0,47,baseline,1,0
32,5,1.0,checkpoints/sudoku_extreme_hf/checkpoint,0,1,blanks_5,19.050283156250458,1,48,baseline,0,0
32,5,0.9506172839506173,checkpoints/sudoku_extreme_hf/checkpoint,3,1,blanks_5,19.050283156250458,0,49,baseline,1,0
32,5,1.0,checkpoints/sudoku_extreme_hf/checkpoint,0,1,blanks_5,19.050283156250458,1,50,baseline,0,0
32,5,0.8888888888888888,checkpoints/sudoku_extreme_hf/checkpoint,8,1,blanks_5,19.050283156250458,0,51,baseline,1,0
32,5,0.8271604938271605,checkpoints/sudoku_extreme_hf/checkpoint,13,1,blanks_5,19.050283156250458,0,52,baseline,1,0
32,5,0.9506172839506173,checkpoints/sudoku_extreme_hf/checkpoint,2,1,blanks_5,19.050283156250458,0,53,baseline,1,0
32,5,0.9506172839506173,checkpoints/sudoku_extreme_hf/checkpoint,3,1,blanks_5,19.050283156250458,0,54,baseline,1,0
32,5,0.9259259259259259,checkpoints/sudoku_extreme_hf/checkpoint,6,1,blanks_5,19.050283156250458,0,55,baseline,1,0
32,5,1.0,checkpoints/sudoku_extreme_hf/checkpoint,0,1,blanks_5,19.050283156250458,1,56,baseline,0,0
32,5,1.0,checkpoints/sudoku_extreme_hf/checkpoint,0,1,blanks_5,19.050283156250458,1,57,baseline,0,0
32,5,0.9259259259259259,checkpoints/sudoku_extreme_hf/checkpoint,6,1,blanks_5,19.050283156250458,0,58,baseline,1,0
32,5,1.0,checkpoints/sudoku_extreme_hf/checkpoint,0,1,blanks_5,19.050283156250458,1,59,baseline,0,0
32,5,1.0,checkpoints/sudoku_extreme_hf/checkpoint,0,1,blanks_5,19.050283156250458,1,60,baseline,0,0
32,5,0.9259259259259259,checkpoints/sudoku_extreme_hf/checkpoint,5,1,blanks_5,19.050283156250458,0,61,baseline,1,0
32,5,1.0,checkpoints/sudoku_extreme_hf/checkpoint,0,1,blanks_5,19.050283156250458,1,62,baseline,0,0
32,5,1.0,checkpoints/sudoku_extreme_hf/checkpoint,0,1,blanks_5,19.050283156250458,1,63,baseline,0,0
32,5,1.0,checkpoints/sudoku_extreme_hf/checkpoint,0,1,blanks_5,18.10801993750033,1,64,baseline,0,0
32,5,1.0,checkpoints/sudoku_extreme_hf/checkpoint,0,1,blanks_5,18.10801993750033,1,65,baseline,0,0
32,5,1.0,checkpoints/sudoku_extreme_hf/checkpoint,0,1,blanks_5,18.10801993750033,1,66,baseline,0,0
32,5,0.9012345679012346,checkpoints/sudoku_extreme_hf/checkpoint,8,1,blanks_5,18.10801993750033,0,67,baseline,1,0
32,5,0.8765432098765432,checkpoints/sudoku_extreme_hf/checkpoint,8,1,blanks_5,18.10801993750033,0,68,baseline,1,0
32,5,1.0,checkpoints/sudoku_extreme_hf/checkpoint,0,1,blanks_5,18.10801993750033,1,69,baseline,0,0
32,5,1.0,checkpoints/sudoku_extreme_hf/checkpoint,0,1,blanks_5,18.10801993750033,1,70,baseline,0,0
32,5,1.0,checkpoints/sudoku_extreme_hf/checkpoint,0,1,blanks_5,18.10801993750033,1,71,baseline,0,0
32,5,1.0,checkpoints/sudoku_extreme_hf/checkpoint,0,1,blanks_5,18.10801993750033,1,72,baseline,0,0
32,5,1.0,checkpoints/sudoku_extreme_hf/checkpoint,0,1,blanks_5,18.10801993750033,1,73,baseline,0,0
32,5,1.0,checkpoints/sudoku_extreme_hf/checkpoint,0,1,blanks_5,18.10801993750033,1,74,baseline,0,0
32,5,0.8641975308641975,checkpoints/sudoku_extreme_hf/checkpoint,10,1,blanks_5,18.10801993750033,0,75,baseline,1,0
32,5,1.0,checkpoints/sudoku_extreme_hf/checkpoint,0,1,blanks_5,18.10801993750033,1,76,baseline,0,0
32,5,1.0,checkpoints/sudoku_extreme_hf/checkpoint,0,1,blanks_5,18.10801993750033,1,77,baseline,0,0
32,5,0.9506172839506173,checkpoints/sudoku_extreme_hf/checkpoint,3,1,blanks_5,18.10801993750033,0,78,baseline,1,0
32,5,1.0,checkpoints/sudoku_extreme_hf/checkpoint,0,1,blanks_5,18.10801993750033,1,79,baseline,0,0
32,5,1.0,checkpoints/sudoku_extreme_hf/checkpoint,0,1,blanks_5,18.10801993750033,1,80,baseline,0,0
32,5,1.0,checkpoints/sudoku_extreme_hf/checkpoint,0,1,blanks_5,18.10801993750033,1,81,baseline,0,0
32,5,1.0,checkpoints/sudoku_extreme_hf/checkpoint,0,1,blanks_5,18.10801993750033,1,82,baseline,0,0
32,5,0.8888888888888888,checkpoints/sudoku_extreme_hf/checkpoint,7,1,blanks_5,18.10801993750033,0,83,baseline,1,0
32,5,1.0,checkpoints/sudoku_extreme_hf/checkpoint,0,1,blanks_5,18.10801993750033,1,84,baseline,0,0
32,5,1.0,checkpoints/sudoku_extreme_hf/checkpoint,0,1,blanks_5,18.10801993750033,1,85,baseline,0,0
32,5,0.9259259259259259,checkpoints/sudoku_extreme_hf/checkpoint,6,1,blanks_5,18.10801993750033,0,86,baseline,1,0
32,5,1.0,checkpoints/sudoku_extreme_hf/checkpoint,0,1,blanks_5,18.10801993750033,1,87,baseline,0,0
32,5,0.9259259259259259,checkpoints/sudoku_extreme_hf/checkpoint,5,1,blanks_5,18.10801993750033,0,88,baseline,1,0
32,5,1.0,checkpoints/sudoku_extreme_hf/checkpoint,0,1,blanks_5,18.10801993750033,1,89,baseline,0,0
32,5,1.0,checkpoints/sudoku_extreme_hf/checkpoint,0,1,blanks_5,18.10801993750033,1,90,baseline,0,0
32,5,1.0,checkpoints/sudoku_extreme_hf/checkpoint,0,1,blanks_5,18.10801993750033,1,91,baseline,0,0
32,5,1.0,checkpoints/sudoku_extreme_hf/checkpoint,0,1,blanks_5,18.10801993750033,1,92,baseline,0,0
32,5,1.0,checkpoints/sudoku_extreme_hf/checkpoint,0,1,blanks_5,18.10801993750033,1,93,baseline,0,0
32,5,1.0,checkpoints/sudoku_extreme_hf/checkpoint,0,1,blanks_5,18.10801993750033,1,94,baseline,0,0
32,5,0.9259259259259259,checkpoints/sudoku_extreme_hf/checkpoint,4,1,blanks_5,18.10801993750033,0,95,baseline,1,0
32,5,0.9506172839506173,checkpoints/sudoku_extreme_hf/checkpoint,4,1,blanks_5,17.017186406249607,0,96,baseline,1,0
32,5,0.8641975308641975,checkpoints/sudoku_extreme_hf/checkpoint,11,1,blanks_5,17.017186406249607,0,97,baseline,1,0
32,5,1.0,checkpoints/sudoku_extreme_hf/checkpoint,0,1,blanks_5,17.017186406249607,1,98,baseline,0,0
32,5,1.0,checkpoints/sudoku_extreme_hf/checkpoint,0,1,blanks_5,17.017186406249607,1,99,baseline,0,0
32,5,1.0,checkpoints/sudoku_extreme_hf/checkpoint,0,1,blanks_5,17.017186406249607,1,100,baseline,0,0
32,5,1.0,checkpoints/sudoku_extreme_hf/checkpoint,0,1,blanks_5,17.017186406249607,1,101,baseline,0,0
32,5,1.0,checkpoints/sudoku_extreme_hf/checkpoint,0,1,blanks_5,17.017186406249607,1,102,baseline,0,0
32,5,0.9506172839506173,checkpoints/sudoku_extreme_hf/checkpoint,3,1,blanks_5,17.017186406249607,0,103,baseline,1,0
32,5,1.0,checkpoints/sudoku_extreme_hf/checkpoint,0,1,blanks_5,17.017186406249607,1,104,baseline,0,0
32,5,1.0,checkpoints/sudoku_extreme_hf/checkpoint,0,1,blanks_5,17.017186406249607,1,105,baseline,0,0
32,5,1.0,checkpoints/sudoku_extreme_hf/checkpoint,0,1,blanks_5,17.017186406249607,1,106,baseline,0,0
32,5,1.0,checkpoints/sudoku_extreme_hf/checkpoint,0,1,blanks_5,17.017186406249607,1,107,baseline,0,0
32,5,1.0,checkpoints/sudoku_extreme_hf/checkpoint,0,1,blanks_5,17.017186406249607,1,108,baseline,0,0
32,5,1.0,checkpoints/sudoku_extreme_hf/checkpoint,0,1,blanks_5,17.017186406249607,1,109,baseline,0,0
32,5,0.9506172839506173,checkpoints/sudoku_extreme_hf/checkpoint,3,1,blanks_5,17.017186406249607,0,110,baseline,1,0
32,5,1.0,checkpoints/sudoku_extreme_hf/checkpoint,0,1,blanks_5,17.017186406249607,1,111,baseline,0,0
32,5,0.8888888888888888,checkpoints/sudoku_extreme_hf/checkpoint,7,1,blanks_5,17.017186406249607,0,112,baseline,1,0
32,5,1.0,checkpoints/sudoku_extreme_hf/checkpoint,0,1,blanks_5,17.017186406249607,1,113,baseline,0,0
32,5,1.0,checkpoints/sudoku_extreme_hf/checkpoint,0,1,blanks_5,17.017186406249607,1,114,baseline,0,0
32,5,0.9259259259259259,checkpoints/sudoku_extreme_hf/checkpoint,6,1,blanks_5,17.017186406249607,0,115,baseline,1,0
32,5,1.0,checkpoints/sudoku_extreme_hf/checkpoint,0,1,blanks_5,17.017186406249607,1,116,baseline,0,0
32,5,0.9506172839506173,checkpoints/sudoku_extreme_hf/checkpoint,3,1,blanks_5,17.017186406249607,0,117,baseline,1,0
32,5,1.0,checkpoints/sudoku_extreme_hf/checkpoint,0,1,blanks_5,17.017186406249607,1,118,baseline,0,0
32,5,1.0,checkpoints/sudoku_extreme_hf/checkpoint,0,1,blanks_5,17.017186406249607,1,119,baseline,0,0
32,5,1.0,checkpoints/sudoku_extreme_hf/checkpoint,0,1,blanks_5,17.017186406249607,1,120,baseline,0,0
32,5,0.9012345679012346,checkpoints/sudoku_extreme_hf/checkpoint,7,1,blanks_5,17.017186406249607,0,121,baseline,1,0
32,5,1.0,checkpoints/sudoku_extreme_hf/checkpoint,0,1,blanks_5,17.017186406249607,1,122,baseline,0,0
32,5,0.9012345679012346,checkpoints/sudoku_extreme_hf/checkpoint,8,1,blanks_5,17.017186406249607,0,123,baseline,1,0
32,5,0.8765432098765432,checkpoints/sudoku_extreme_hf/checkpoint,6,1,blanks_5,17.017186406249607,0,124,baseline,1,0
32,5,0.9506172839506173,checkpoints/sudoku_extreme_hf/checkpoint,3,1,blanks_5,17.017186406249607,0,125,baseline,1,0
32,5,1.0,checkpoints/sudoku_extreme_hf/checkpoint,0,1,blanks_5,17.017186406249607,1,126,baseline,0,0
32,5,1.0,checkpoints/sudoku_extreme_hf/checkpoint,0,1,blanks_5,17.017186406249607,1,127,baseline,0,0
32,5,0.654320987654321,checkpoints/sudoku_extreme_hf/checkpoint,25,1,blanks_5,16.501350062499753,0,128,baseline,1,0
32,5,1.0,checkpoints/sudoku_extreme_hf/checkpoint,0,1,blanks_5,16.501350062499753,1,129,baseline,0,0
32,5,1.0,checkpoints/sudoku_extreme_hf/checkpoint,0,1,blanks_5,16.501350062499753,1,130,baseline,0,0
32,5,1.0,checkpoints/sudoku_extreme_hf/checkpoint,0,1,blanks_5,16.501350062499753,1,131,baseline,0,0
32,5,1.0,checkpoints/sudoku_extreme_hf/checkpoint,0,1,blanks_5,16.501350062499753,1,132,baseline,0,0
32,5,1.0,checkpoints/sudoku_extreme_hf/checkpoint,0,1,blanks_5,16.501350062499753,1,133,baseline,0,0
32,5,0.9506172839506173,checkpoints/sudoku_extreme_hf/checkpoint,4,1,blanks_5,16.501350062499753,0,134,baseline,1,0
32,5,0.9259259259259259,checkpoints/sudoku_extreme_hf/checkpoint,4,1,blanks_5,16.501350062499753,0,135,baseline,1,0
32,5,1.0,checkpoints/sudoku_extreme_hf/checkpoint,0,1,blanks_5,16.501350062499753,1,136,baseline,0,0
32,5,0.7777777777777778,checkpoints/sudoku_extreme_hf/checkpoint,16,1,blanks_5,16.501350062499753,0,137,baseline,1,0
32,5,1.0,checkpoints/sudoku_extreme_hf/checkpoint,0,1,blanks_5,16.501350062499753,1,138,baseline,0,0
32,5,1.0,checkpoints/sudoku_extreme_hf/checkpoint,0,1,blanks_5,16.501350062499753,1,139,baseline,0,0
32,5,0.9506172839506173,checkpoints/sudoku_extreme_hf/checkpoint,3,1,blanks_5,16.501350062499753,0,140,baseline,1,0
32,5,1.0,checkpoints/sudoku_extreme_hf/checkpoint,0,1,blanks_5,16.501350062499753,1,141,baseline,0,0
32,5,1.0,checkpoints/sudoku_extreme_hf/checkpoint,0,1,blanks_5,16.501350062499753,1,142,baseline,0,0
32,5,0.9506172839506173,checkpoints/sudoku_extreme_hf/checkpoint,4,1,blanks_5,16.501350062499753,0,143,baseline,1,0
32,5,0.9259259259259259,checkpoints/sudoku_extreme_hf/checkpoint,5,1,blanks_5,16.501350062499753,0,144,baseline,1,0
32,5,0.8888888888888888,checkpoints/sudoku_extreme_hf/checkpoint,7,1,blanks_5,16.501350062499753,0,145,baseline,1,0
32,5,1.0,checkpoints/sudoku_extreme_hf/checkpoint,0,1,blanks_5,16.501350062499753,1,146,baseline,0,0
32,5,1.0,checkpoints/sudoku_extreme_hf/checkpoint,0,1,blanks_5,16.501350062499753,1,147,baseline,0,0
32,5,1.0,checkpoints/sudoku_extreme_hf/checkpoint,0,1,blanks_5,16.501350062499753,1,148,baseline,0,0
32,5,1.0,checkpoints/sudoku_extreme_hf/checkpoint,0,1,blanks_5,16.501350062499753,1,149,baseline,0,0
32,5,1.0,checkpoints/sudoku_extreme_hf/checkpoint,0,1,blanks_5,16.501350062499753,1,150,baseline,0,0
32,5,0.8271604938271605,checkpoints/sudoku_extreme_hf/checkpoint,13,1,blanks_5,16.501350062499753,0,151,baseline,1,0
32,5,1.0,checkpoints/sudoku_extreme_hf/checkpoint,0,1,blanks_5,16.501350062499753,1,152,baseline,0,0
32,5,0.7037037037037037,checkpoints/sudoku_extreme_hf/checkpoint,22,1,blanks_5,16.501350062499753,0,153,baseline,1,0
32,5,1.0,checkpoints/sudoku_extreme_hf/checkpoint,0,1,blanks_5,16.501350062499753,1,154,baseline,0,0
32,5,0.8641975308641975,checkpoints/sudoku_extreme_hf/checkpoint,8,1,blanks_5,16.501350062499753,0,155,baseline,1,0
32,5,0.9259259259259259,checkpoints/sudoku_extreme_hf/checkpoint,6,1,blanks_5,16.501350062499753,0,156,baseline,1,0
32,5,1.0,checkpoints/sudoku_extreme_hf/checkpoint,0,1,blanks_5,16.501350062499753,1,157,baseline,0,0
32,5,0.9506172839506173,checkpoints/sudoku_extreme_hf/checkpoint,4,1,blanks_5,16.501350062499753,0,158,baseline,1,0
32,5,1.0,checkpoints/sudoku_extreme_hf/checkpoint,0,1,blanks_5,16.501350062499753,1,159,baseline,0,0
32,5,0.9259259259259259,checkpoints/sudoku_extreme_hf/checkpoint,5,1,blanks_5,16.570768718750628,0,160,baseline,1,0
32,5,0.9012345679012346,checkpoints/sudoku_extreme_hf/checkpoint,7,1,blanks_5,16.570768718750628,0,161,baseline,1,0
32,5,1.0,checkpoints/sudoku_extreme_hf/checkpoint,0,1,blanks_5,16.570768718750628,1,162,baseline,0,0
32,5,0.9506172839506173,checkpoints/sudoku_extreme_hf/checkpoint,3,1,blanks_5,16.570768718750628,0,163,baseline,1,0
32,5,0.9506172839506173,checkpoints/sudoku_extreme_hf/checkpoint,4,1,blanks_5,16.570768718750628,0,164,baseline,1,0
32,5,1.0,checkpoints/sudoku_extreme_hf/checkpoint,0,1,blanks_5,16.570768718750628,1,165,baseline,0,0
32,5,0.9259259259259259,checkpoints/sudoku_extreme_hf/checkpoint,5,1,blanks_5,16.570768718750628,0,166,baseline,1,0
32,5,0.9506172839506173,checkpoints/sudoku_extreme_hf/checkpoint,4,1,blanks_5,16.570768718750628,0,167,baseline,1,0
32,5,1.0,checkpoints/sudoku_extreme_hf/checkpoint,0,1,blanks_5,16.570768718750628,1,168,baseline,0,0
32,5,1.0,checkpoints/sudoku_extreme_hf/checkpoint,0,1,blanks_5,16.570768718750628,1,169,baseline,0,0
32,5,1.0,checkpoints/sudoku_extreme_hf/checkpoint,0,1,blanks_5,16.570768718750628,1,170,baseline,0,0
32,5,1.0,checkpoints/sudoku_extreme_hf/checkpoint,0,1,blanks_5,16.570768718750628,1,171,baseline,0,0
32,5,1.0,checkpoints/sudoku_extreme_hf/checkpoint,0,1,blanks_5,16.570768718750628,1,172,baseline,0,0
32,5,0.9506172839506173,checkpoints/sudoku_extreme_hf/checkpoint,4,1,blanks_5,16.570768718750628,0,173,baseline,1,0
32,5,0.9259259259259259,checkpoints/sudoku_extreme_hf/checkpoint,4,1,blanks_5,16.570768718750628,0,174,baseline,1,0
32,5,1.0,checkpoints/sudoku_extreme_hf/checkpoint,0,1,blanks_5,16.570768718750628,1,175,baseline,0,0
32,5,0.9506172839506173,checkpoints/sudoku_extreme_hf/checkpoint,4,1,blanks_5,16.570768718750628,0,176,baseline,1,0
32,5,1.0,checkpoints/sudoku_extreme_hf/checkpoint,0,1,blanks_5,16.570768718750628,1,177,baseline,0,0
32,5,1.0,checkpoints/sudoku_extreme_hf/checkpoint,0,1,blanks_5,16.570768718750628,1,178,baseline,0,0
32,5,1.0,checkpoints/sudoku_extreme_hf/checkpoint,0,1,blanks_5,16.570768718750628,1,179,baseline,0,0
32,5,1.0,checkpoints/sudoku_extreme_hf/checkpoint,0,1,blanks_5,16.570768718750628,1,180,baseline,0,0
32,5,1.0,checkpoints/sudoku_extreme_hf/checkpoint,0,1,blanks_5,16.570768718750628,1,181,baseline,0,0
32,5,0.9259259259259259,checkpoints/sudoku_extreme_hf/checkpoint,5,1,blanks_5,16.570768718750628,0,182,baseline,1,0
32,5,1.0,checkpoints/sudoku_extreme_hf/checkpoint,0,1,blanks_5,16.570768718750628,1,183,baseline,0,0
32,5,1.0,checkpoints/sudoku_extreme_hf/checkpoint,0,1,blanks_5,16.570768718750628,1,184,baseline,0,0
32,5,0.9506172839506173,checkpoints/sudoku_extreme_hf/checkpoint,4,1,blanks_5,16.570768718750628,0,185,baseline,1,0
32,5,0.8518518518518519,checkpoints/sudoku_extreme_hf/checkpoint,9,1,blanks_5,16.570768718750628,0,186,baseline,1,0
32,5,1.0,checkpoints/sudoku_extreme_hf/checkpoint,0,1,blanks_5,16.570768718750628,1,187,baseline,0,0
32,5,1.0,checkpoints/sudoku_extreme_hf/checkpoint,0,1,blanks_5,16.570768718750628,1,188,baseline,0,0
32,5,1.0,checkpoints/sudoku_extreme_hf/checkpoint,0,1,blanks_5,16.570768718750628,1,189,baseline,0,0
32,5,1.0,checkpoints/sudoku_extreme_hf/checkpoint,0,1,blanks_5,16.570768718750628,1,190,baseline,0,0
32,5,1.0,checkpoints/sudoku_extreme_hf/checkpoint,0,1,blanks_5,16.570768718750628,1,191,baseline,0,0
32,5,0.9259259259259259,checkpoints/sudoku_extreme_hf/checkpoint,3,1,blanks_5,16.456448718749073,0,192,baseline,1,0
32,5,1.0,checkpoints/sudoku_extreme_hf/checkpoint,0,1,blanks_5,16.456448718749073,1,193,baseline,0,0
32,5,0.9135802469135802,checkpoints/sudoku_extreme_hf/checkpoint,6,1,blanks_5,16.456448718749073,0,194,baseline,1,0
32,5,0.9259259259259259,checkpoints/sudoku_extreme_hf/checkpoint,5,1,blanks_5,16.456448718749073,0,195,baseline,1,0
32,5,0.9506172839506173,checkpoints/sudoku_extreme_hf/checkpoint,4,1,blanks_5,16.456448718749073,0,196,baseline,1,0
32,5,1.0,checkpoints/sudoku_extreme_hf/checkpoint,0,1,blanks_5,16.456448718749073,1,197,baseline,0,0
32,5,1.0,checkpoints/sudoku_extreme_hf/checkpoint,0,1,blanks_5,16.456448718749073,1,198,baseline,0,0
32,5,0.9259259259259259,checkpoints/sudoku_extreme_hf/checkpoint,5,1,blanks_5,16.456448718749073,0,199,baseline,1,0
32,5,0.9506172839506173,checkpoints/sudoku_extreme_hf/checkpoint,3,1,blanks_5,16.456448718749073,0,200,baseline,1,0
32,5,1.0,checkpoints/sudoku_extreme_hf/checkpoint,0,1,blanks_5,16.456448718749073,1,201,baseline,0,0
32,5,1.0,checkpoints/sudoku_extreme_hf/checkpoint,0,1,blanks_5,16.456448718749073,1,202,baseline,0,0
32,5,1.0,checkpoints/sudoku_extreme_hf/checkpoint,0,1,blanks_5,16.456448718749073,1,203,baseline,0,0
32,5,0.9506172839506173,checkpoints/sudoku_extreme_hf/checkpoint,3,1,blanks_5,16.456448718749073,0,204,baseline,1,0
32,5,1.0,checkpoints/sudoku_extreme_hf/checkpoint,0,1,blanks_5,16.456448718749073,1,205,baseline,0,0
32,5,0.8518518518518519,checkpoints/sudoku_extreme_hf/checkpoint,11,0,blanks_5,16.456448718749073,0,206,baseline,1,9
32,5,0.9259259259259259,checkpoints/sudoku_extreme_hf/checkpoint,6,1,blanks_5,16.456448718749073,0,207,baseline,1,0
32,5,1.0,checkpoints/sudoku_extreme_hf/checkpoint,0,1,blanks_5,16.456448718749073,1,208,baseline,0,0
32,5,0.9135802469135802,checkpoints/sudoku_extreme_hf/checkpoint,7,1,blanks_5,16.456448718749073,0,209,baseline,1,0
32,5,0.9259259259259259,checkpoints/sudoku_extreme_hf/checkpoint,5,1,blanks_5,16.456448718749073,0,210,baseline,1,0
32,5,1.0,checkpoints/sudoku_extreme_hf/checkpoint,0,1,blanks_5,16.456448718749073,1,211,baseline,0,0
32,5,0.9259259259259259,checkpoints/sudoku_extreme_hf/checkpoint,5,1,blanks_5,16.456448718749073,0,212,baseline,1,0
32,5,0.9012345679012346,checkpoints/sudoku_extreme_hf/checkpoint,7,1,blanks_5,16.456448718749073,0,213,baseline,1,0
32,5,1.0,checkpoints/sudoku_extreme_hf/checkpoint,0,1,blanks_5,16.456448718749073,1,214,baseline,0,0
32,5,1.0,checkpoints/sudoku_extreme_hf/checkpoint,0,1,blanks_5,16.456448718749073,1,215,baseline,0,0
32,5,1.0,checkpoints/sudoku_extreme_hf/checkpoint,0,1,blanks_5,16.456448718749073,1,216,baseline,0,0
32,5,1.0,checkpoints/sudoku_extreme_hf/checkpoint,0,1,blanks_5,16.456448718749073,1,217,baseline,0,0
32,5,1.0,checkpoints/sudoku_extreme_hf/checkpoint,0,1,blanks_5,16.456448718749073,1,218,baseline,0,0
32,5,1.0,checkpoints/sudoku_extreme_hf/checkpoint,0,1,blanks_5,16.456448718749073,1,219,baseline,0,0
32,5,1.0,checkpoints/sudoku_extreme_hf/checkpoint,0,1,blanks_5,16.456448718749073,1,220,baseline,0,0
32,5,1.0,checkpoints/sudoku_extreme_hf/checkpoint,0,1,blanks_5,16.456448718749073,1,221,baseline,0,0
32,5,0.9259259259259259,checkpoints/sudoku_extreme_hf/checkpoint,6,1,blanks_5,16.456448718749073,0,222,baseline,1,0
32,5,0.9506172839506173,checkpoints/sudoku_extreme_hf/checkpoint,3,1,blanks_5,16.456448718749073,0,223,baseline,1,0
32,5,1.0,checkpoints/sudoku_extreme_hf/checkpoint,0,1,blanks_5,17.66755975000045,1,224,baseline,0,0
32,5,0.9259259259259259,checkpoints/sudoku_extreme_hf/checkpoint,6,1,blanks_5,17.66755975000045,0,225,baseline,1,0
32,5,1.0,checkpoints/sudoku_extreme_hf/checkpoint,0,1,blanks_5,17.66755975000045,1,226,baseline,0,0
32,5,1.0,checkpoints/sudoku_extreme_hf/checkpoint,0,1,blanks_5,17.66755975000045,1,227,baseline,0,0
32,5,1.0,checkpoints/sudoku_extreme_hf/checkpoint,0,1,blanks_5,17.66755975000045,1,228,baseline,0,0
32,5,1.0,checkpoints/sudoku_extreme_hf/checkpoint,0,1,blanks_5,17.66755975000045,1,229,baseline,0,0
32,5,1.0,checkpoints/sudoku_extreme_hf/checkpoint,0,1,blanks_5,17.66755975000045,1,230,baseline,0,0
32,5,1.0,checkpoints/sudoku_extreme_hf/checkpoint,0,1,blanks_5,17.66755975000045,1,231,baseline,0,0
32,5,0.9259259259259259,checkpoints/sudoku_extreme_hf/checkpoint,6,1,blanks_5,17.66755975000045,0,232,baseline,1,0
32,5,0.9012345679012346,checkpoints/sudoku_extreme_hf/checkpoint,7,1,blanks_5,17.66755975000045,0,233,baseline,1,0
32,5,1.0,checkpoints/sudoku_extreme_hf/checkpoint,0,1,blanks_5,17.66755975000045,1,234,baseline,0,0
32,5,1.0,checkpoints/sudoku_extreme_hf/checkpoint,0,1,blanks_5,17.66755975000045,1,235,baseline,0,0
32,5,1.0,checkpoints/sudoku_extreme_hf/checkpoint,0,1,blanks_5,17.66755975000045,1,236,baseline,0,0
32,5,1.0,checkpoints/sudoku_extreme_hf/checkpoint,0,1,blanks_5,17.66755975000045,1,237,baseline,0,0
32,5,0.8888888888888888,checkpoints/sudoku_extreme_hf/checkpoint,8,1,blanks_5,17.66755975000045,0,238,baseline,1,0
32,5,1.0,checkpoints/sudoku_extreme_hf/checkpoint,0,1,blanks_5,17.66755975000045,1,239,baseline,0,0
32,5,1.0,checkpoints/sudoku_extreme_hf/checkpoint,0,1,blanks_5,17.66755975000045,1,240,baseline,0,0
32,5,0.7530864197530864,checkpoints/sudoku_extreme_hf/checkpoint,20,1,blanks_5,17.66755975000045,0,241,baseline,1,0
32,5,1.0,checkpoints/sudoku_extreme_hf/checkpoint,0,1,blanks_5,17.66755975000045,1,242,baseline,0,0
32,5,1.0,checkpoints/sudoku_extreme_hf/checkpoint,0,1,blanks_5,17.66755975000045,1,243,baseline,0,0
32,5,0.9506172839506173,checkpoints/sudoku_extreme_hf/checkpoint,3,1,blanks_5,17.66755975000045,0,244,baseline,1,0
32,5,1.0,checkpoints/sudoku_extreme_hf/checkpoint,0,1,blanks_5,17.66755975000045,1,245,baseline,0,0
32,5,1.0,checkpoints/sudoku_extreme_hf/checkpoint,0,1,blanks_5,17.66755975000045,1,246,baseline,0,0
32,5,1.0,checkpoints/sudoku_extreme_hf/checkpoint,0,1,blanks_5,17.66755975000045,1,247,baseline,0,0
32,5,1.0,checkpoints/sudoku_extreme_hf/checkpoint,0,1,blanks_5,17.66755975000045,1,248,baseline,0,0
32,5,1.0,checkpoints/sudoku_extreme_hf/checkpoint,0,1,blanks_5,17.66755975000045,1,249,baseline,0,0
32,5,1.0,checkpoints/sudoku_extreme_hf/checkpoint,0,1,blanks_5,17.66755975000045,1,250,baseline,0,0
32,5,0.9506172839506173,checkpoints/sudoku_extreme_hf/checkpoint,2,1,blanks_5,17.66755975000045,0,251,baseline,1,0
32,5,0.7777777777777778,checkpoints/sudoku_extreme_hf/checkpoint,17,1,blanks_5,17.66755975000045,0,252,baseline,1,0
32,5,0.9506172839506173,checkpoints/sudoku_extreme_hf/checkpoint,3,1,blanks_5,17.66755975000045,0,253,baseline,1,0
32,5,0.9506172839506173,checkpoints/sudoku_extreme_hf/checkpoint,4,1,blanks_5,17.66755975000045,0,254,baseline,1,0
32,5,1.0,checkpoints/sudoku_extreme_hf/checkpoint,0,1,blanks_5,17.66755975000045,1,255,baseline,0,0
32,5,1.0,checkpoints/sudoku_extreme_hf/checkpoint,0,1,blanks_5,16.33765887499905,1,256,baseline,0,0
32,5,0.8765432098765432,checkpoints/sudoku_extreme_hf/checkpoint,9,1,blanks_5,16.33765887499905,0,257,baseline,1,0
32,5,0.7777777777777778,checkpoints/sudoku_extreme_hf/checkpoint,17,0,blanks_5,16.33765887499905,0,258,baseline,1,17
32,5,0.8641975308641975,checkpoints/sudoku_extreme_hf/checkpoint,8,1,blanks_5,16.33765887499905,0,259,baseline,1,0
32,5,0.9506172839506173,checkpoints/sudoku_extreme_hf/checkpoint,2,1,blanks_5,16.33765887499905,0,260,baseline,1,0
32,5,0.9259259259259259,checkpoints/sudoku_extreme_hf/checkpoint,6,1,blanks_5,16.33765887499905,0,261,baseline,1,0
32,5,0.8148148148148148,checkpoints/sudoku_extreme_hf/checkpoint,13,1,blanks_5,16.33765887499905,0,262,baseline,1,0
32,5,0.7160493827160493,checkpoints/sudoku_extreme_hf/checkpoint,20,1,blanks_5,16.33765887499905,0,263,baseline,1,0
32,5,1.0,checkpoints/sudoku_extreme_hf/checkpoint,0,1,blanks_5,16.33765887499905,1,264,baseline,0,0
32,5,0.8518518518518519,checkpoints/sudoku_extreme_hf/checkpoint,10,1,blanks_5,16.33765887499905,0,265,baseline,1,0
32,5,1.0,checkpoints/sudoku_extreme_hf/checkpoint,0,1,blanks_5,16.33765887499905,1,266,baseline,0,0
32,5,1.0,checkpoints/sudoku_extreme_hf/checkpoint,0,1,blanks_5,16.33765887499905,1,267,baseline,0,0
32,5,1.0,checkpoints/sudoku_extreme_hf/checkpoint,0,1,blanks_5,16.33765887499905,1,268,baseline,0,0
32,5,0.8518518518518519,checkpoints/sudoku_extreme_hf/checkpoint,10,1,blanks_5,16.33765887499905,0,269,baseline,1,0
32,5,1.0,checkpoints/sudoku_extreme_hf/checkpoint,0,1,blanks_5,16.33765887499905,1,270,baseline,0,0
32,5,1.0,checkpoints/sudoku_extreme_hf/checkpoint,0,1,blanks_5,16.33765887499905,1,271,baseline,0,0
32,5,1.0,checkpoints/sudoku_extreme_hf/checkpoint,0,1,blanks_5,16.33765887499905,1,272,baseline,0,0
32,5,1.0,checkpoints/sudoku_extreme_hf/checkpoint,0,1,blanks_5,16.33765887499905,1,273,baseline,0,0
32,5,1.0,checkpoints/sudoku_extreme_hf/checkpoint,0,1,blanks_5,16.33765887499905,1,274,baseline,0,0
32,5,0.9506172839506173,checkpoints/sudoku_extreme_hf/checkpoint,3,1,blanks_5,16.33765887499905,0,275,baseline,1,0
32,5,0.9259259259259259,checkpoints/sudoku_extreme_hf/checkpoint,4,1,blanks_5,16.33765887499905,0,276,baseline,1,0
32,5,1.0,checkpoints/sudoku_extreme_hf/checkpoint,0,1,blanks_5,16.33765887499905,1,277,baseline,0,0
32,5,0.9506172839506173,checkpoints/sudoku_extreme_hf/checkpoint,1,1,blanks_5,16.33765887499905,0,278,baseline,1,0
32,5,0.9876543209876543,checkpoints/sudoku_extreme_hf/checkpoint,1,0,blanks_5,16.33765887499905,0,279,baseline,1,3
32,5,1.0,checkpoints/sudoku_extreme_hf/checkpoint,0,1,blanks_5,16.33765887499905,1,280,baseline,0,0
32,5,1.0,checkpoints/sudoku_extreme_hf/checkpoint,0,1,blanks_5,16.33765887499905,1,281,baseline,0,0
32,5,1.0,checkpoints/sudoku_extreme_hf/checkpoint,0,1,blanks_5,16.33765887499905,1,282,baseline,0,0
32,5,0.9135802469135802,checkpoints/sudoku_extreme_hf/checkpoint,6,1,blanks_5,16.33765887499905,0,283,baseline,1,0
32,5,0.9259259259259259,checkpoints/sudoku_extreme_hf/checkpoint,5,1,blanks_5,16.33765887499905,0,284,baseline,1,0
32,5,1.0,checkpoints/sudoku_extreme_hf/checkpoint,0,1,blanks_5,16.33765887499905,1,285,baseline,0,0
32,5,0.9012345679012346,checkpoints/sudoku_extreme_hf/checkpoint,8,1,blanks_5,16.33765887499905,0,286,baseline,1,0
32,5,1.0,checkpoints/sudoku_extreme_hf/checkpoint,0,1,blanks_5,16.33765887499905,1,287,baseline,0,0
32,5,1.0,checkpoints/sudoku_extreme_hf/checkpoint,0,1,blanks_5,16.553024656250415,1,288,baseline,0,0
32,5,1.0,checkpoints/sudoku_extreme_hf/checkpoint,0,1,blanks_5,16.553024656250415,1,289,baseline,0,0
32,5,0.9506172839506173,checkpoints/sudoku_extreme_hf/checkpoint,3,1,blanks_5,16.553024656250415,0,290,baseline,1,0
32,5,1.0,checkpoints/sudoku_extreme_hf/checkpoint,0,1,blanks_5,16.553024656250415,1,291,baseline,0,0
32,5,1.0,checkpoints/sudoku_extreme_hf/checkpoint,0,1,blanks_5,16.553024656250415,1,292,baseline,0,0
32,5,0.8641975308641975,checkpoints/sudoku_extreme_hf/checkpoint,11,1,blanks_5,16.553024656250415,0,293,baseline,1,0
32,5,1.0,checkpoints/sudoku_extreme_hf/checkpoint,0,1,blanks_5,16.553024656250415,1,294,baseline,0,0
32,5,0.8395061728395061,checkpoints/sudoku_extreme_hf/checkpoint,11,1,blanks_5,16.553024656250415,0,295,baseline,1,0
32,5,0.8888888888888888,checkpoints/sudoku_extreme_hf/checkpoint,8,1,blanks_5,16.553024656250415,0,296,baseline,1,0
32,5,0.9506172839506173,checkpoints/sudoku_extreme_hf/checkpoint,2,1,blanks_5,16.553024656250415,0,297,baseline,1,0
32,5,1.0,checkpoints/sudoku_extreme_hf/checkpoint,0,1,blanks_5,16.553024656250415,1,298,baseline,0,0
32,5,1.0,checkpoints/sudoku_extreme_hf/checkpoint,0,1,blanks_5,16.553024656250415,1,299,baseline,0,0
32,5,1.0,checkpoints/sudoku_extreme_hf/checkpoint,0,1,blanks_5,16.553024656250415,1,300,baseline,0,0
32,5,1.0,checkpoints/sudoku_extreme_hf/checkpoint,0,1,blanks_5,16.553024656250415,1,301,baseline,0,0
32,5,0.8024691358024691,checkpoints/sudoku_extreme_hf/checkpoint,15,1,blanks_5,16.553024656250415,0,302,baseline,1,0
32,5,1.0,checkpoints/sudoku_extreme_hf/checkpoint,0,1,blanks_5,16.553024656250415,1,303,baseline,0,0
32,5,1.0,checkpoints/sudoku_extreme_hf/checkpoint,0,1,blanks_5,16.553024656250415,1,304,baseline,0,0
32,5,0.9012345679012346,checkpoints/sudoku_extreme_hf/checkpoint,7,1,blanks_5,16.553024656250415,0,305,baseline,1,0
32,5,1.0,checkpoints/sudoku_extreme_hf/checkpoint,0,1,blanks_5,16.553024656250415,1,306,baseline,0,0
32,5,0.9506172839506173,checkpoints/sudoku_extreme_hf/checkpoint,4,1,blanks_5,16.553024656250415,0,307,baseline,1,0
32,5,1.0,checkpoints/sudoku_extreme_hf/checkpoint,0,1,blanks_5,16.553024656250415,1,308,baseline,0,0
32,5,0.7777777777777778,checkpoints/sudoku_extreme_hf/checkpoint,17,1,blanks_5,16.553024656250415,0,309,baseline,1,0
32,5,1.0,checkpoints/sudoku_extreme_hf/checkpoint,0,1,blanks_5,16.553024656250415,1,310,baseline,0,0
32,5,0.9506172839506173,checkpoints/sudoku_extreme_hf/checkpoint,4,1,blanks_5,16.553024656250415,0,311,baseline,1,0
32,5,0.9259259259259259,checkpoints/sudoku_extreme_hf/checkpoint,3,1,blanks_5,16.553024656250415,0,312,baseline,1,0
32,5,0.9506172839506173,checkpoints/sudoku_extreme_hf/checkpoint,4,1,blanks_5,16.553024656250415,0,313,baseline,1,0
32,5,1.0,checkpoints/sudoku_extreme_hf/checkpoint,0,1,blanks_5,16.553024656250415,1,314,baseline,0,0
32,5,1.0,checkpoints/sudoku_extreme_hf/checkpoint,0,1,blanks_5,16.553024656250415,1,315,baseline,0,0
32,5,1.0,checkpoints/sudoku_extreme_hf/checkpoint,0,1,blanks_5,16.553024656250415,1,316,baseline,0,0
32,5,1.0,checkpoints/sudoku_extreme_hf/checkpoint,0,1,blanks_5,16.553024656250415,1,317,baseline,0,0
32,5,1.0,checkpoints/sudoku_extreme_hf/checkpoint,0,1,blanks_5,16.553024656250415,1,318,baseline,0,0
32,5,1.0,checkpoints/sudoku_extreme_hf/checkpoint,0,1,blanks_5,16.553024656250415,1,319,baseline,0,0
32,5,0.9506172839506173,checkpoints/sudoku_extreme_hf/checkpoint,4,1,blanks_5,16.307856656249342,0,320,baseline,1,0
32,5,0.8888888888888888,checkpoints/sudoku_extreme_hf/checkpoint,7,1,blanks_5,16.307856656249342,0,321,baseline,1,0
32,5,1.0,checkpoints/sudoku_extreme_hf/checkpoint,0,1,blanks_5,16.307856656249342,1,322,baseline,0,0
32,5,0.9259259259259259,checkpoints/sudoku_extreme_hf/checkpoint,3,1,blanks_5,16.307856656249342,0,323,baseline,1,0
32,5,0.9506172839506173,checkpoints/sudoku_extreme_hf/checkpoint,3,1,blanks_5,16.307856656249342,0,324,baseline,1,0
32,5,1.0,checkpoints/sudoku_extreme_hf/checkpoint,0,1,blanks_5,16.307856656249342,1,325,baseline,0,0
32,5,1.0,checkpoints/sudoku_extreme_hf/checkpoint,0,1,blanks_5,16.307856656249342,1,326,baseline,0,0
32,5,1.0,checkpoints/sudoku_extreme_hf/checkpoint,0,1,blanks_5,16.307856656249342,1,327,baseline,0,0
32,5,1.0,checkpoints/sudoku_extreme_hf/checkpoint,0,1,blanks_5,16.307856656249342,1,328,baseline,0,0
32,5,0.8024691358024691,checkpoints/sudoku_extreme_hf/checkpoint,14,1,blanks_5,16.307856656249342,0,329,baseline,1,0
32,5,1.0,checkpoints/sudoku_extreme_hf/checkpoint,0,1,blanks_5,16.307856656249342,1,330,baseline,0,0
32,5,0.8641975308641975,checkpoints/sudoku_extreme_hf/checkpoint,9,1,blanks_5,16.307856656249342,0,331,baseline,1,0
32,5,1.0,checkpoints/sudoku_extreme_hf/checkpoint,0,1,blanks_5,16.307856656249342,1,332,baseline,0,0
32,5,0.9259259259259259,checkpoints/sudoku_extreme_hf/checkpoint,6,1,blanks_5,16.307856656249342,0,333,baseline,1,0
32,5,1.0,checkpoints/sudoku_extreme_hf/checkpoint,0,1,blanks_5,16.307856656249342,1,334,baseline,0,0
32,5,1.0,checkpoints/sudoku_extreme_hf/checkpoint,0,1,blanks_5,16.307856656249342,1,335,baseline,0,0
32,5,0.9506172839506173,checkpoints/sudoku_extreme_hf/checkpoint,3,1,blanks_5,16.307856656249342,0,336,baseline,1,0
32,5,0.9259259259259259,checkpoints/sudoku_extreme_hf/checkpoint,5,1,blanks_5,16.307856656249342,0,337,baseline,1,0
32,5,1.0,checkpoints/sudoku_extreme_hf/checkpoint,0,1,blanks_5,16.307856656249342,1,338,baseline,0,0
32,5,1.0,checkpoints/sudoku_extreme_hf/checkpoint,0,1,blanks_5,16.307856656249342,1,339,baseline,0,0
32,5,1.0,checkpoints/sudoku_extreme_hf/checkpoint,0,1,blanks_5,16.307856656249342,1,340,baseline,0,0
32,5,0.9506172839506173,checkpoints/sudoku_extreme_hf/checkpoint,2,1,blanks_5,16.307856656249342,0,341,baseline,1,0
32,5,1.0,checkpoints/sudoku_extreme_hf/checkpoint,0,1,blanks_5,16.307856656249342,1,342,baseline,0,0
32,5,0.8395061728395061,checkpoints/sudoku_extreme_hf/checkpoint,11,1,blanks_5,16.307856656249342,0,343,baseline,1,0
32,5,1.0,checkpoints/sudoku_extreme_hf/checkpoint,0,1,blanks_5,16.307856656249342,1,344,baseline,0,0
32,5,1.0,checkpoints/sudoku_extreme_hf/checkpoint,0,1,blanks_5,16.307856656249342,1,345,baseline,0,0
32,5,0.9506172839506173,checkpoints/sudoku_extreme_hf/checkpoint,4,1,blanks_5,16.307856656249342,0,346,baseline,1,0
32,5,1.0,checkpoints/sudoku_extreme_hf/checkpoint,0,1,blanks_5,16.307856656249342,1,347,baseline,0,0
32,5,0.9135802469135802,checkpoints/sudoku_extreme_hf/checkpoint,7,1,blanks_5,16.307856656249342,0,348,baseline,1,0
32,5,1.0,checkpoints/sudoku_extreme_hf/checkpoint,0,1,blanks_5,16.307856656249342,1,349,baseline,0,0
32,5,1.0,checkpoints/sudoku_extreme_hf/checkpoint,0,1,blanks_5,16.307856656249342,1,350,baseline,0,0
32,5,0.9506172839506173,checkpoints/sudoku_extreme_hf/checkpoint,4,1,blanks_5,16.307856656249342,0,351,baseline,1,0
32,5,0.9506172839506173,checkpoints/sudoku_extreme_hf/checkpoint,3,1,blanks_5,16.740850562500853,0,352,baseline,1,0
32,5,1.0,checkpoints/sudoku_extreme_hf/checkpoint,0,1,blanks_5,16.740850562500853,1,353,baseline,0,0
32,5,1.0,checkpoints/sudoku_extreme_hf/checkpoint,0,1,blanks_5,16.740850562500853,1,354,baseline,0,0
32,5,0.9506172839506173,checkpoints/sudoku_extreme_hf/checkpoint,3,1,blanks_5,16.740850562500853,0,355,baseline,1,0
32,5,0.9135802469135802,checkpoints/sudoku_extreme_hf/checkpoint,7,1,blanks_5,16.740850562500853,0,356,baseline,1,0
32,5,0.7654320987654321,checkpoints/sudoku_extreme_hf/checkpoint,16,1,blanks_5,16.740850562500853,0,357,baseline,1,0
32,5,1.0,checkpoints/sudoku_extreme_hf/checkpoint,0,1,blanks_5,16.740850562500853,1,358,baseline,0,0
32,5,1.0,checkpoints/sudoku_extreme_hf/checkpoint,0,1,blanks_5,16.740850562500853,1,359,baseline,0,0
32,5,1.0,checkpoints/sudoku_extreme_hf/checkpoint,0,1,blanks_5,16.740850562500853,1,360,baseline,0,0
32,5,1.0,checkpoints/sudoku_extreme_hf/checkpoint,0,1,blanks_5,16.740850562500853,1,361,baseline,0,0
32,5,1.0,checkpoints/sudoku_extreme_hf/checkpoint,0,1,blanks_5,16.740850562500853,1,362,baseline,0,0
32,5,0.9259259259259259,checkpoints/sudoku_extreme_hf/checkpoint,4,1,blanks_5,16.740850562500853,0,363,baseline,1,0
32,5,1.0,checkpoints/sudoku_extreme_hf/checkpoint,0,1,blanks_5,16.740850562500853,1,364,baseline,0,0
32,5,0.9259259259259259,checkpoints/sudoku_extreme_hf/checkpoint,4,1,blanks_5,16.740850562500853,0,365,baseline,1,0
32,5,1.0,checkpoints/sudoku_extreme_hf/checkpoint,0,1,blanks_5,16.740850562500853,1,366,baseline,0,0
32,5,1.0,checkpoints/sudoku_extreme_hf/checkpoint,0,1,blanks_5,16.740850562500853,1,367,baseline,0,0
32,5,0.7654320987654321,checkpoints/sudoku_extreme_hf/checkpoint,18,1,blanks_5,16.740850562500853,0,368,baseline,1,0
32,5,1.0,checkpoints/sudoku_extreme_hf/checkpoint,0,1,blanks_5,16.740850562500853,1,369,baseline,0,0
32,5,0.8765432098765432,checkpoints/sudoku_extreme_hf/checkpoint,9,1,blanks_5,16.740850562500853,0,370,baseline,1,0
32,5,0.9506172839506173,checkpoints/sudoku_extreme_hf/checkpoint,4,1,blanks_5,16.740850562500853,0,371,baseline,1,0
32,5,1.0,checkpoints/sudoku_extreme_hf/checkpoint,0,1,blanks_5,16.740850562500853,1,372,baseline,0,0
32,5,1.0,checkpoints/sudoku_extreme_hf/checkpoint,0,1,blanks_5,16.740850562500853,1,373,baseline,0,0
32,5,0.9506172839506173,checkpoints/sudoku_extreme_hf/checkpoint,4,1,blanks_5,16.740850562500853,0,374,baseline,1,0
32,5,0.9506172839506173,checkpoints/sudoku_extreme_hf/checkpoint,4,1,blanks_5,16.740850562500853,0,375,baseline,1,0
32,5,1.0,checkpoints/sudoku_extreme_hf/checkpoint,0,1,blanks_5,16.740850562500853,1,376,baseline,0,0
32,5,1.0,checkpoints/sudoku_extreme_hf/checkpoint,0,1,blanks_5,16.740850562500853,1,377,baseline,0,0
32,5,1.0,checkpoints/sudoku_extreme_hf/checkpoint,0,1,blanks_5,16.740850562500853,1,378,baseline,0,0
32,5,1.0,checkpoints/sudoku_extreme_hf/checkpoint,0,1,blanks_5,16.740850562500853,1,379,baseline,0,0
32,5,1.0,checkpoints/sudoku_extreme_hf/checkpoint,0,1,blanks_5,16.740850562500853,1,380,baseline,0,0
32,5,0.9012345679012346,checkpoints/sudoku_extreme_hf/checkpoint,6,1,blanks_5,16.740850562500853,0,381,baseline,1,0
32,5,0.9135802469135802,checkpoints/sudoku_extreme_hf/checkpoint,6,1,blanks_5,16.740850562500853,0,382,baseline,1,0
32,5,0.9259259259259259,checkpoints/sudoku_extreme_hf/checkpoint,6,1,blanks_5,16.740850562500853,0,383,baseline,1,0
32,5,0.9506172839506173,checkpoints/sudoku_extreme_hf/checkpoint,1,1,blanks_5,16.815437374999576,0,384,baseline,1,0
32,5,1.0,checkpoints/sudoku_extreme_hf/checkpoint,0,1,blanks_5,16.815437374999576,1,385,baseline,0,0
32,5,1.0,checkpoints/sudoku_extreme_hf/checkpoint,0,1,blanks_5,16.815437374999576,1,386,baseline,0,0
32,5,1.0,checkpoints/sudoku_extreme_hf/checkpoint,0,1,blanks_5,16.815437374999576,1,387,baseline,0,0
32,5,0.7037037037037037,checkpoints/sudoku_extreme_hf/checkpoint,21,1,blanks_5,16.815437374999576,0,388,baseline,1,0
32,5,1.0,checkpoints/sudoku_extreme_hf/checkpoint,0,1,blanks_5,16.815437374999576,1,389,baseline,0,0
32,5,0.9506172839506173,checkpoints/sudoku_extreme_hf/checkpoint,4,1,blanks_5,16.815437374999576,0,390,baseline,1,0
32,5,0.9506172839506173,checkpoints/sudoku_extreme_hf/checkpoint,3,1,blanks_5,16.815437374999576,0,391,baseline,1,0
32,5,0.9506172839506173,checkpoints/sudoku_extreme_hf/checkpoint,4,1,blanks_5,16.815437374999576,0,392,baseline,1,0
32,5,1.0,checkpoints/sudoku_extreme_hf/checkpoint,0,1,blanks_5,16.815437374999576,1,393,baseline,0,0
32,5,1.0,checkpoints/sudoku_extreme_hf/checkpoint,0,1,blanks_5,16.815437374999576,1,394,baseline,0,0
32,5,1.0,checkpoints/sudoku_extreme_hf/checkpoint,0,1,blanks_5,16.815437374999576,1,395,baseline,0,0
32,5,1.0,checkpoints/sudoku_extreme_hf/checkpoint,0,1,blanks_5,16.815437374999576,1,396,baseline,0,0
32,5,0.8888888888888888,checkpoints/sudoku_extreme_hf/checkpoint,9,1,blanks_5,16.815437374999576,0,397,baseline,1,0
32,5,1.0,checkpoints/sudoku_extreme_hf/checkpoint,0,1,blanks_5,16.815437374999576,1,398,baseline,0,0
32,5,0.9506172839506173,checkpoints/sudoku_extreme_hf/checkpoint,4,1,blanks_5,16.815437374999576,0,399,baseline,1,0
32,5,1.0,checkpoints/sudoku_extreme_hf/checkpoint,0,1,blanks_5,16.815437374999576,1,400,baseline,0,0
32,5,1.0,checkpoints/sudoku_extreme_hf/checkpoint,0,1,blanks_5,16.815437374999576,1,401,baseline,0,0
32,5,0.9506172839506173,checkpoints/sudoku_extreme_hf/checkpoint,4,1,blanks_5,16.815437374999576,0,402,baseline,1,0
32,5,1.0,checkpoints/sudoku_extreme_hf/checkpoint,0,1,blanks_5,16.815437374999576,1,403,baseline,0,0
32,5,1.0,checkpoints/sudoku_extreme_hf/checkpoint,0,1,blanks_5,16.815437374999576,1,404,baseline,0,0
32,5,0.9259259259259259,checkpoints/sudoku_extreme_hf/checkpoint,5,1,blanks_5,16.815437374999576,0,405,baseline,1,0
32,5,0.9506172839506173,checkpoints/sudoku_extreme_hf/checkpoint,4,1,blanks_5,16.815437374999576,0,406,baseline,1,0
32,5,0.7530864197530864,checkpoints/sudoku_extreme_hf/checkpoint,17,1,blanks_5,16.815437374999576,0,407,baseline,1,0
32,5,0.9506172839506173,checkpoints/sudoku_extreme_hf/checkpoint,2,1,blanks_5,16.815437374999576,0,408,baseline,1,0
32,5,0.8518518518518519,checkpoints/sudoku_extreme_hf/checkpoint,10,1,blanks_5,16.815437374999576,0,409,baseline,1,0
32,5,1.0,checkpoints/sudoku_extreme_hf/checkpoint,0,1,blanks_5,16.815437374999576,1,410,baseline,0,0
32,5,0.8888888888888888,checkpoints/sudoku_extreme_hf/checkpoint,8,1,blanks_5,16.815437374999576,0,411,baseline,1,0
32,5,0.9259259259259259,checkpoints/sudoku_extreme_hf/checkpoint,6,1,blanks_5,16.815437374999576,0,412,baseline,1,0
32,5,1.0,checkpoints/sudoku_extreme_hf/checkpoint,0,1,blanks_5,16.815437374999576,1,413,baseline,0,0
32,5,1.0,checkpoints/sudoku_extreme_hf/checkpoint,0,1,blanks_5,16.815437374999576,1,414,baseline,0,0
32,5,0.9506172839506173,checkpoints/sudoku_extreme_hf/checkpoint,4,1,blanks_5,16.815437374999576,0,415,baseline,1,0
32,5,0.9506172839506173,checkpoints/sudoku_extreme_hf/checkpoint,3,1,blanks_5,18.817688812500677,0,416,baseline,1,0
32,5,1.0,checkpoints/sudoku_extreme_hf/checkpoint,0,1,blanks_5,18.817688812500677,1,417,baseline,0,0
32,5,1.0,checkpoints/sudoku_extreme_hf/checkpoint,0,1,blanks_5,18.817688812500677,1,418,baseline,0,0
32,5,1.0,checkpoints/sudoku_extreme_hf/checkpoint,0,1,blanks_5,18.817688812500677,1,419,baseline,0,0
32,5,0.9012345679012346,checkpoints/sudoku_extreme_hf/checkpoint,7,1,blanks_5,18.817688812500677,0,420,baseline,1,0
32,5,1.0,checkpoints/sudoku_extreme_hf/checkpoint,0,1,blanks_5,18.817688812500677,1,421,baseline,0,0
32,5,0.9506172839506173,checkpoints/sudoku_extreme_hf/checkpoint,4,1,blanks_5,18.817688812500677,0,422,baseline,1,0
32,5,0.8271604938271605,checkpoints/sudoku_extreme_hf/checkpoint,11,1,blanks_5,18.817688812500677,0,423,baseline,1,0
32,5,1.0,checkpoints/sudoku_extreme_hf/checkpoint,0,1,blanks_5,18.817688812500677,1,424,baseline,0,0
32,5,0.9506172839506173,checkpoints/sudoku_extreme_hf/checkpoint,4,1,blanks_5,18.817688812500677,0,425,baseline,1,0
32,5,1.0,checkpoints/sudoku_extreme_hf/checkpoint,0,1,blanks_5,18.817688812500677,1,426,baseline,0,0
32,5,1.0,checkpoints/sudoku_extreme_hf/checkpoint,0,1,blanks_5,18.817688812500677,1,427,baseline,0,0
32,5,1.0,checkpoints/sudoku_extreme_hf/checkpoint,0,1,blanks_5,18.817688812500677,1,428,baseline,0,0
32,5,1.0,checkpoints/sudoku_extreme_hf/checkpoint,0,1,blanks_5,18.817688812500677,1,429,baseline,0,0
32,5,1.0,checkpoints/sudoku_extreme_hf/checkpoint,0,1,blanks_5,18.817688812500677,1,430,baseline,0,0
32,5,1.0,checkpoints/sudoku_extreme_hf/checkpoint,0,1,blanks_5,18.817688812500677,1,431,baseline,0,0
32,5,0.9506172839506173,checkpoints/sudoku_extreme_hf/checkpoint,3,1,blanks_5,18.817688812500677,0,432,baseline,1,0
32,5,1.0,checkpoints/sudoku_extreme_hf/checkpoint,0,1,blanks_5,18.817688812500677,1,433,baseline,0,0
32,5,1.0,checkpoints/sudoku_extreme_hf/checkpoint,0,1,blanks_5,18.817688812500677,1,434,baseline,0,0
32,5,0.9135802469135802,checkpoints/sudoku_extreme_hf/checkpoint,7,1,blanks_5,18.817688812500677,0,435,baseline,1,0
32,5,1.0,checkpoints/sudoku_extreme_hf/checkpoint,0,1,blanks_5,18.817688812500677,1,436,baseline,0,0
32,5,0.7654320987654321,checkpoints/sudoku_extreme_hf/checkpoint,16,1,blanks_5,18.817688812500677,0,437,baseline,1,0
32,5,1.0,checkpoints/sudoku_extreme_hf/checkpoint,0,1,blanks_5,18.817688812500677,1,438,baseline,0,0
32,5,1.0,checkpoints/sudoku_extreme_hf/checkpoint,0,1,blanks_5,18.817688812500677,1,439,baseline,0,0
32,5,1.0,checkpoints/sudoku_extreme_hf/checkpoint,0,1,blanks_5,18.817688812500677,1,440,baseline,0,0
32,5,0.6666666666666666,checkpoints/sudoku_extreme_hf/checkpoint,22,1,blanks_5,18.817688812500677,0,441,baseline,1,0
32,5,0.9259259259259259,checkpoints/sudoku_extreme_hf/checkpoint,6,1,blanks_5,18.817688812500677,0,442,baseline,1,0
32,5,1.0,checkpoints/sudoku_extreme_hf/checkpoint,0,1,blanks_5,18.817688812500677,1,443,baseline,0,0
32,5,0.6666666666666666,checkpoints/sudoku_extreme_hf/checkpoint,25,1,blanks_5,18.817688812500677,0,444,baseline,1,0
32,5,1.0,checkpoints/sudoku_extreme_hf/checkpoint,0,1,blanks_5,18.817688812500677,1,445,baseline,0,0
32,5,1.0,checkpoints/sudoku_extreme_hf/checkpoint,0,1,blanks_5,18.817688812500677,1,446,baseline,0,0
32,5,0.8765432098765432,checkpoints/sudoku_extreme_hf/checkpoint,9,1,blanks_5,18.817688812500677,0,447,baseline,1,0
32,5,0.7530864197530864,checkpoints/sudoku_extreme_hf/checkpoint,17,1,blanks_5,19.41570446874863,0,448,baseline,1,0
32,5,1.0,checkpoints/sudoku_extreme_hf/checkpoint,0,1,blanks_5,19.41570446874863,1,449,baseline,0,0
32,5,0.8271604938271605,checkpoints/sudoku_extreme_hf/checkpoint,12,0,blanks_5,19.41570446874863,0,450,baseline,1,18
32,5,0.9012345679012346,checkpoints/sudoku_extreme_hf/checkpoint,7,1,blanks_5,19.41570446874863,0,451,baseline,1,0
32,5,1.0,checkpoints/sudoku_extreme_hf/checkpoint,0,1,blanks_5,19.41570446874863,1,452,baseline,0,0
32,5,0.9012345679012346,checkpoints/sudoku_extreme_hf/checkpoint,7,1,blanks_5,19.41570446874863,0,453,baseline,1,0
32,5,1.0,checkpoints/sudoku_extreme_hf/checkpoint,0,1,blanks_5,19.41570446874863,1,454,baseline,0,0
32,5,1.0,checkpoints/sudoku_extreme_hf/checkpoint,0,1,blanks_5,19.41570446874863,1,455,baseline,0,0
32,5,1.0,checkpoints/sudoku_extreme_hf/checkpoint,0,1,blanks_5,19.41570446874863,1,456,baseline,0,0
32,5,0.9506172839506173,checkpoints/sudoku_extreme_hf/checkpoint,4,1,blanks_5,19.41570446874863,0,457,baseline,1,0
32,5,0.9259259259259259,checkpoints/sudoku_extreme_hf/checkpoint,6,1,blanks_5,19.41570446874863,0,458,baseline,1,0
32,5,1.0,checkpoints/sudoku_extreme_hf/checkpoint,0,1,blanks_5,19.41570446874863,1,459,baseline,0,0
32,5,1.0,checkpoints/sudoku_extreme_hf/checkpoint,0,1,blanks_5,19.41570446874863,1,460,baseline,0,0
32,5,1.0,checkpoints/sudoku_extreme_hf/checkpoint,0,1,blanks_5,19.41570446874863,1,461,baseline,0,0
32,5,0.9506172839506173,checkpoints/sudoku_extreme_hf/checkpoint,4,1,blanks_5,19.41570446874863,0,462,baseline,1,0
32,5,1.0,checkpoints/sudoku_extreme_hf/checkpoint,0,1,blanks_5,19.41570446874863,1,463,baseline,0,0
32,5,0.8024691358024691,checkpoints/sudoku_extreme_hf/checkpoint,14,1,blanks_5,19.41570446874863,0,464,baseline,1,0
32,5,1.0,checkpoints/sudoku_extreme_hf/checkpoint,0,1,blanks_5,19.41570446874863,1,465,baseline,0,0
32,5,1.0,checkpoints/sudoku_extreme_hf/checkpoint,0,1,blanks_5,19.41570446874863,1,466,baseline,0,0
32,5,1.0,checkpoints/sudoku_extreme_hf/checkpoint,0,1,blanks_5,19.41570446874863,1,467,baseline,0,0
32,5,0.9259259259259259,checkpoints/sudoku_extreme_hf/checkpoint,6,1,blanks_5,19.41570446874863,0,468,baseline,1,0
32,5,0.9506172839506173,checkpoints/sudoku_extreme_hf/checkpoint,3,1,blanks_5,19.41570446874863,0,469,baseline,1,0
32,5,0.8888888888888888,checkpoints/sudoku_extreme_hf/checkpoint,7,1,blanks_5,19.41570446874863,0,470,baseline,1,0
32,5,1.0,checkpoints/sudoku_extreme_hf/checkpoint,0,1,blanks_5,19.41570446874863,1,471,baseline,0,0
32,5,0.9506172839506173,checkpoints/sudoku_extreme_hf/checkpoint,4,1,blanks_5,19.41570446874863,0,472,baseline,1,0
32,5,0.7654320987654321,checkpoints/sudoku_extreme_hf/checkpoint,15,1,blanks_5,19.41570446874863,0,473,baseline,1,0
32,5,0.8765432098765432,checkpoints/sudoku_extreme_hf/checkpoint,9,1,blanks_5,19.41570446874863,0,474,baseline,1,0
32,5,1.0,checkpoints/sudoku_extreme_hf/checkpoint,0,1,blanks_5,19.41570446874863,1,475,baseline,0,0
32,5,0.9506172839506173,checkpoints/sudoku_extreme_hf/checkpoint,3,1,blanks_5,19.41570446874863,0,476,baseline,1,0
32,5,1.0,checkpoints/sudoku_extreme_hf/checkpoint,0,1,blanks_5,19.41570446874863,1,477,baseline,0,0
32,5,1.0,checkpoints/sudoku_extreme_hf/checkpoint,0,1,blanks_5,19.41570446874863,1,478,baseline,0,0
32,5,0.8518518518518519,checkpoints/sudoku_extreme_hf/checkpoint,12,1,blanks_5,19.41570446874863,0,479,baseline,1,0
32,5,1.0,checkpoints/sudoku_extreme_hf/checkpoint,0,1,blanks_5,20.914687468749804,1,480,baseline,0,0
32,5,1.0,checkpoints/sudoku_extreme_hf/checkpoint,0,1,blanks_5,20.914687468749804,1,481,baseline,0,0
32,5,1.0,checkpoints/sudoku_extreme_hf/checkpoint,0,1,blanks_5,20.914687468749804,1,482,baseline,0,0
32,5,0.9506172839506173,checkpoints/sudoku_extreme_hf/checkpoint,3,1,blanks_5,20.914687468749804,0,483,baseline,1,0
32,5,1.0,checkpoints/sudoku_extreme_hf/checkpoint,0,1,blanks_5,20.914687468749804,1,484,baseline,0,0
32,5,0.9135802469135802,checkpoints/sudoku_extreme_hf/checkpoint,7,1,blanks_5,20.914687468749804,0,485,baseline,1,0
32,5,1.0,checkpoints/sudoku_extreme_hf/checkpoint,0,1,blanks_5,20.914687468749804,1,486,baseline,0,0
32,5,1.0,checkpoints/sudoku_extreme_hf/checkpoint,0,1,blanks_5,20.914687468749804,1,487,baseline,0,0
32,5,0.8271604938271605,checkpoints/sudoku_extreme_hf/checkpoint,13,1,blanks_5,20.914687468749804,0,488,baseline,1,0
32,5,0.9506172839506173,checkpoints/sudoku_extreme_hf/checkpoint,4,1,blanks_5,20.914687468749804,0,489,baseline,1,0
32,5,0.7530864197530864,checkpoints/sudoku_extreme_hf/checkpoint,19,1,blanks_5,20.914687468749804,0,490,baseline,1,0
32,5,0.9135802469135802,checkpoints/sudoku_extreme_hf/checkpoint,7,1,blanks_5,20.914687468749804,0,491,baseline,1,0
32,5,1.0,checkpoints/sudoku_extreme_hf/checkpoint,0,1,blanks_5,20.914687468749804,1,492,baseline,0,0
32,5,1.0,checkpoints/sudoku_extreme_hf/checkpoint,0,1,blanks_5,20.914687468749804,1,493,baseline,0,0
32,5,1.0,checkpoints/sudoku_extreme_hf/checkpoint,0,1,blanks_5,20.914687468749804,1,494,baseline,0,0
32,5,0.9506172839506173,checkpoints/sudoku_extreme_hf/checkpoint,4,1,blanks_5,20.914687468749804,0,495,baseline,1,0
32,5,1.0,checkpoints/sudoku_extreme_hf/checkpoint,0,1,blanks_5,20.914687468749804,1,496,baseline,0,0
32,5,0.9506172839506173,checkpoints/sudoku_extreme_hf/checkpoint,3,1,blanks_5,20.914687468749804,0,497,baseline,1,0
32,5,1.0,checkpoints/sudoku_extreme_hf/checkpoint,0,1,blanks_5,20.914687468749804,1,498,baseline,0,0
32,5,0.8765432098765432,checkpoints/sudoku_extreme_hf/checkpoint,10,1,blanks_5,20.914687468749804,0,499,baseline,1,0
32,5,0.9259259259259259,checkpoints/sudoku_extreme_hf/checkpoint,4,1,blanks_5,20.914687468749804,0,500,baseline,1,0
32,5,1.0,checkpoints/sudoku_extreme_hf/checkpoint,0,1,blanks_5,20.914687468749804,1,501,baseline,0,0
32,5,1.0,checkpoints/sudoku_extreme_hf/checkpoint,0,1,blanks_5,20.914687468749804,1,502,baseline,0,0
32,5,1.0,checkpoints/sudoku_extreme_hf/checkpoint,0,1,blanks_5,20.914687468749804,1,503,baseline,0,0
32,5,0.9506172839506173,checkpoints/sudoku_extreme_hf/checkpoint,3,1,blanks_5,20.914687468749804,0,504,baseline,1,0
32,5,0.9012345679012346,checkpoints/sudoku_extreme_hf/checkpoint,7,1,blanks_5,20.914687468749804,0,505,baseline,1,0
32,5,1.0,checkpoints/sudoku_extreme_hf/checkpoint,0,1,blanks_5,20.914687468749804,1,506,baseline,0,0
32,5,1.0,checkpoints/sudoku_extreme_hf/checkpoint,0,1,blanks_5,20.914687468749804,1,507,baseline,0,0
32,5,1.0,checkpoints/sudoku_extreme_hf/checkpoint,0,1,blanks_5,20.914687468749804,1,508,baseline,0,0
32,5,1.0,checkpoints/sudoku_extreme_hf/checkpoint,0,1,blanks_5,20.914687468749804,1,509,baseline,0,0
32,5,0.8888888888888888,checkpoints/sudoku_extreme_hf/checkpoint,8,1,blanks_5,20.914687468749804,0,510,baseline,1,0
32,5,0.9259259259259259,checkpoints/sudoku_extreme_hf/checkpoint,5,1,blanks_5,20.914687468749804,0,511,baseline,1,0
32,5,1.0,checkpoints/sudoku_extreme_hf/checkpoint,0,1,blanks_5,20.97194512499989,1,512,baseline,0,0
32,5,0.9506172839506173,checkpoints/sudoku_extreme_hf/checkpoint,3,1,blanks_5,20.97194512499989,0,513,baseline,1,0
32,5,1.0,checkpoints/sudoku_extreme_hf/checkpoint,0,1,blanks_5,20.97194512499989,1,514,baseline,0,0
32,5,1.0,checkpoints/sudoku_extreme_hf/checkpoint,0,1,blanks_5,20.97194512499989,1,515,baseline,0,0
32,5,1.0,checkpoints/sudoku_extreme_hf/checkpoint,0,1,blanks_5,20.97194512499989,1,516,baseline,0,0
32,5,1.0,checkpoints/sudoku_extreme_hf/checkpoint,0,1,blanks_5,20.97194512499989,1,517,baseline,0,0
32,5,1.0,checkpoints/sudoku_extreme_hf/checkpoint,0,1,blanks_5,20.97194512499989,1,518,baseline,0,0
32,5,0.9506172839506173,checkpoints/sudoku_extreme_hf/checkpoint,4,1,blanks_5,20.97194512499989,0,519,baseline,1,0
32,5,0.9259259259259259,checkpoints/sudoku_extreme_hf/checkpoint,6,1,blanks_5,20.97194512499989,0,520,baseline,1,0
32,5,0.9259259259259259,checkpoints/sudoku_extreme_hf/checkpoint,4,1,blanks_5,20.97194512499989,0,521,baseline,1,0
32,5,1.0,checkpoints/sudoku_extreme_hf/checkpoint,0,1,blanks_5,20.97194512499989,1,522,baseline,0,0
32,5,1.0,checkpoints/sudoku_extreme_hf/checkpoint,0,1,blanks_5,20.97194512499989,1,523,baseline,0,0
32,5,1.0,checkpoints/sudoku_extreme_hf/checkpoint,0,1,blanks_5,20.97194512499989,1,524,baseline,0,0
32,5,1.0,checkpoints/sudoku_extreme_hf/checkpoint,0,1,blanks_5,20.97194512499989,1,525,baseline,0,0
32,5,1.0,checkpoints/sudoku_extreme_hf/checkpoint,0,1,blanks_5,20.97194512499989,1,526,baseline,0,0
32,5,1.0,checkpoints/sudoku_extreme_hf/checkpoint,0,1,blanks_5,20.97194512499989,1,527,baseline,0,0
32,5,0.8024691358024691,checkpoints/sudoku_extreme_hf/checkpoint,13,1,blanks_5,20.97194512499989,0,528,baseline,1,0
32,5,1.0,checkpoints/sudoku_extreme_hf/checkpoint,0,1,blanks_5,20.97194512499989,1,529,baseline,0,0
32,5,1.0,checkpoints/sudoku_extreme_hf/checkpoint,0,1,blanks_5,20.97194512499989,1,530,baseline,0,0
32,5,0.8765432098765432,checkpoints/sudoku_extreme_hf/checkpoint,9,1,blanks_5,20.97194512499989,0,531,baseline,1,0
32,5,0.9012345679012346,checkpoints/sudoku_extreme_hf/checkpoint,8,1,blanks_5,20.97194512499989,0,532,baseline,1,0
32,5,0.9506172839506173,checkpoints/sudoku_extreme_hf/checkpoint,4,1,blanks_5,20.97194512499989,0,533,baseline,1,0
32,5,1.0,checkpoints/sudoku_extreme_hf/checkpoint,0,1,blanks_5,20.97194512499989,1,534,baseline,0,0
32,5,1.0,checkpoints/sudoku_extreme_hf/checkpoint,0,1,blanks_5,20.97194512499989,1,535,baseline,0,0
32,5,0.7901234567901234,checkpoints/sudoku_extreme_hf/checkpoint,12,1,blanks_5,20.97194512499989,0,536,baseline,1,0
32,5,1.0,checkpoints/sudoku_extreme_hf/checkpoint,0,1,blanks_5,20.97194512499989,1,537,baseline,0,0
32,5,0.8765432098765432,checkpoints/sudoku_extreme_hf/checkpoint,9,1,blanks_5,20.97194512499989,0,538,baseline,1,0
32,5,0.7901234567901234,checkpoints/sudoku_extreme_hf/checkpoint,16,1,blanks_5,20.97194512499989,0,539,baseline,1,0
32,5,0.9135802469135802,checkpoints/sudoku_extreme_hf/checkpoint,7,1,blanks_5,20.97194512499989,0,540,baseline,1,0
32,5,0.9506172839506173,checkpoints/sudoku_extreme_hf/checkpoint,3,1,blanks_5,20.97194512499989,0,541,baseline,1,0
32,5,0.8271604938271605,checkpoints/sudoku_extreme_hf/checkpoint,12,1,blanks_5,20.97194512499989,0,542,baseline,1,0
32,5,1.0,checkpoints/sudoku_extreme_hf/checkpoint,0,1,blanks_5,20.97194512499989,1,543,baseline,0,0
32,5,1.0,checkpoints/sudoku_extreme_hf/checkpoint,0,1,blanks_5,21.11810956250082,1,544,baseline,0,0
32,5,0.8271604938271605,checkpoints/sudoku_extreme_hf/checkpoint,14,1,blanks_5,21.11810956250082,0,545,baseline,1,0
32,5,0.9259259259259259,checkpoints/sudoku_extreme_hf/checkpoint,6,1,blanks_5,21.11810956250082,0,546,baseline,1,0
32,5,1.0,checkpoints/sudoku_extreme_hf/checkpoint,0,1,blanks_5,21.11810956250082,1,547,baseline,0,0
32,5,0.7407407407407407,checkpoints/sudoku_extreme_hf/checkpoint,20,1,blanks_5,21.11810956250082,0,548,baseline,1,0
32,5,1.0,checkpoints/sudoku_extreme_hf/checkpoint,0,1,blanks_5,21.11810956250082,1,549,baseline,0,0
32,5,1.0,checkpoints/sudoku_extreme_hf/checkpoint,0,1,blanks_5,21.11810956250082,1,550,baseline,0,0
32,5,0.9012345679012346,checkpoints/sudoku_extreme_hf/checkpoint,7,1,blanks_5,21.11810956250082,0,551,baseline,1,0
32,5,1.0,checkpoints/sudoku_extreme_hf/checkpoint,0,1,blanks_5,21.11810956250082,1,552,baseline,0,0
32,5,0.9506172839506173,checkpoints/sudoku_extreme_hf/checkpoint,3,1,blanks_5,21.11810956250082,0,553,baseline,1,0
32,5,0.8641975308641975,checkpoints/sudoku_extreme_hf/checkpoint,11,1,blanks_5,21.11810956250082,0,554,baseline,1,0
32,5,1.0,checkpoints/sudoku_extreme_hf/checkpoint,0,1,blanks_5,21.11810956250082,1,555,baseline,0,0
32,5,0.9506172839506173,checkpoints/sudoku_extreme_hf/checkpoint,2,1,blanks_5,21.11810956250082,0,556,baseline,1,0
32,5,0.9259259259259259,checkpoints/sudoku_extreme_hf/checkpoint,5,1,blanks_5,21.11810956250082,0,557,baseline,1,0
32,5,1.0,checkpoints/sudoku_extreme_hf/checkpoint,0,1,blanks_5,21.11810956250082,1,558,baseline,0,0
32,5,1.0,checkpoints/sudoku_extreme_hf/checkpoint,0,1,blanks_5,21.11810956250082,1,559,baseline,0,0
32,5,0.8888888888888888,checkpoints/sudoku_extreme_hf/checkpoint,8,1,blanks_5,21.11810956250082,0,560,baseline,1,0
32,5,1.0,checkpoints/sudoku_extreme_hf/checkpoint,0,1,blanks_5,21.11810956250082,1,561,baseline,0,0
32,5,1.0,checkpoints/sudoku_extreme_hf/checkpoint,0,1,blanks_5,21.11810956250082,1,562,baseline,0,0
32,5,1.0,checkpoints/sudoku_extreme_hf/checkpoint,0,1,blanks_5,21.11810956250082,1,563,baseline,0,0
32,5,1.0,checkpoints/sudoku_extreme_hf/checkpoint,0,1,blanks_5,21.11810956250082,1,564,baseline,0,0
32,5,0.8518518518518519,checkpoints/sudoku_extreme_hf/checkpoint,11,1,blanks_5,21.11810956250082,0,565,baseline,1,0
32,5,1.0,checkpoints/sudoku_extreme_hf/checkpoint,0,1,blanks_5,21.11810956250082,1,566,baseline,0,0
32,5,1.0,checkpoints/sudoku_extreme_hf/checkpoint,0,1,blanks_5,21.11810956250082,1,567,baseline,0,0
32,5,1.0,checkpoints/sudoku_extreme_hf/checkpoint,0,1,blanks_5,21.11810956250082,1,568,baseline,0,0
32,5,1.0,checkpoints/sudoku_extreme_hf/checkpoint,0,1,blanks_5,21.11810956250082,1,569,baseline,0,0
32,5,1.0,checkpoints/sudoku_extreme_hf/checkpoint,0,1,blanks_5,21.11810956250082,1,570,baseline,0,0
32,5,1.0,checkpoints/sudoku_extreme_hf/checkpoint,0,1,blanks_5,21.11810956250082,1,571,baseline,0,0
32,5,0.9506172839506173,checkpoints/sudoku_extreme_hf/checkpoint,2,1,blanks_5,21.11810956250082,0,572,baseline,1,0
32,5,0.9259259259259259,checkpoints/sudoku_extreme_hf/checkpoint,5,1,blanks_5,21.11810956250082,0,573,baseline,1,0
32,5,0.8024691358024691,checkpoints/sudoku_extreme_hf/checkpoint,13,1,blanks_5,21.11810956250082,0,574,baseline,1,0
32,5,1.0,checkpoints/sudoku_extreme_hf/checkpoint,0,1,blanks_5,21.11810956250082,1,575,baseline,0,0
32,5,0.9259259259259259,checkpoints/sudoku_extreme_hf/checkpoint,5,1,blanks_5,19.819816500000087,0,576,baseline,1,0
32,5,0.8765432098765432,checkpoints/sudoku_extreme_hf/checkpoint,8,1,blanks_5,19.819816500000087,0,577,baseline,1,0
32,5,1.0,checkpoints/sudoku_extreme_hf/checkpoint,0,1,blanks_5,19.819816500000087,1,578,baseline,0,0
32,5,1.0,checkpoints/sudoku_extreme_hf/checkpoint,0,1,blanks_5,19.819816500000087,1,579,baseline,0,0
32,5,0.9506172839506173,checkpoints/sudoku_extreme_hf/checkpoint,3,1,blanks_5,19.819816500000087,0,580,baseline,1,0
32,5,1.0,checkpoints/sudoku_extreme_hf/checkpoint,0,1,blanks_5,19.819816500000087,1,581,baseline,0,0
32,5,0.9259259259259259,checkpoints/sudoku_extreme_hf/checkpoint,6,1,blanks_5,19.819816500000087,0,582,baseline,1,0
32,5,0.8641975308641975,checkpoints/sudoku_extreme_hf/checkpoint,9,1,blanks_5,19.819816500000087,0,583,baseline,1,0
32,5,0.8888888888888888,checkpoints/sudoku_extreme_hf/checkpoint,9,1,blanks_5,19.819816500000087,0,584,baseline,1,0
32,5,1.0,checkpoints/sudoku_extreme_hf/checkpoint,0,1,blanks_5,19.819816500000087,1,585,baseline,0,0
32,5,0.8765432098765432,checkpoints/sudoku_extreme_hf/checkpoint,9,1,blanks_5,19.819816500000087,0,586,baseline,1,0
32,5,1.0,checkpoints/sudoku_extreme_hf/checkpoint,0,1,blanks_5,19.819816500000087,1,587,baseline,0,0
32,5,0.9012345679012346,checkpoints/sudoku_extreme_hf/checkpoint,6,1,blanks_5,19.819816500000087,0,588,baseline,1,0
32,5,1.0,checkpoints/sudoku_extreme_hf/checkpoint,0,1,blanks_5,19.819816500000087,1,589,baseline,0,0
32,5,1.0,checkpoints/sudoku_extreme_hf/checkpoint,0,1,blanks_5,19.819816500000087,1,590,baseline,0,0
32,5,1.0,checkpoints/sudoku_extreme_hf/checkpoint,0,1,blanks_5,19.819816500000087,1,591,baseline,0,0
32,5,1.0,checkpoints/sudoku_extreme_hf/checkpoint,0,1,blanks_5,19.819816500000087,1,592,baseline,0,0
32,5,1.0,checkpoints/sudoku_extreme_hf/checkpoint,0,1,blanks_5,19.819816500000087,1,593,baseline,0,0
32,5,0.9506172839506173,checkpoints/sudoku_extreme_hf/checkpoint,3,1,blanks_5,19.819816500000087,0,594,baseline,1,0
32,5,0.9506172839506173,checkpoints/sudoku_extreme_hf/checkpoint,4,1,blanks_5,19.819816500000087,0,595,baseline,1,0
32,5,0.9506172839506173,checkpoints/sudoku_extreme_hf/checkpoint,4,1,blanks_5,19.819816500000087,0,596,baseline,1,0
32,5,1.0,checkpoints/sudoku_extreme_hf/checkpoint,0,1,blanks_5,19.819816500000087,1,597,baseline,0,0
32,5,1.0,checkpoints/sudoku_extreme_hf/checkpoint,0,1,blanks_5,19.819816500000087,1,598,baseline,0,0
32,5,1.0,checkpoints/sudoku_extreme_hf/checkpoint,0,1,blanks_5,19.819816500000087,1,599,baseline,0,0
32,5,0.8765432098765432,checkpoints/sudoku_extreme_hf/checkpoint,9,1,blanks_5,19.819816500000087,0,600,baseline,1,0
32,5,1.0,checkpoints/sudoku_extreme_hf/checkpoint,0,1,blanks_5,19.819816500000087,1,601,baseline,0,0
32,5,1.0,checkpoints/sudoku_extreme_hf/checkpoint,0,1,blanks_5,19.819816500000087,1,602,baseline,0,0
32,5,1.0,checkpoints/sudoku_extreme_hf/checkpoint,0,1,blanks_5,19.819816500000087,1,603,baseline,0,0
32,5,1.0,checkpoints/sudoku_extreme_hf/checkpoint,0,1,blanks_5,19.819816500000087,1,604,baseline,0,0
32,5,0.9135802469135802,checkpoints/sudoku_extreme_hf/checkpoint,7,1,blanks_5,19.819816500000087,0,605,baseline,1,0
32,5,0.9259259259259259,checkpoints/sudoku_extreme_hf/checkpoint,5,1,blanks_5,19.819816500000087,0,606,baseline,1,0
32,5,0.9135802469135802,checkpoints/sudoku_extreme_hf/checkpoint,7,1,blanks_5,19.819816500000087,0,607,baseline,1,0
32,5,1.0,checkpoints/sudoku_extreme_hf/checkpoint,0,1,blanks_5,19.42024734375103,1,608,baseline,0,0
32,5,1.0,checkpoints/sudoku_extreme_hf/checkpoint,0,1,blanks_5,19.42024734375103,1,609,baseline,0,0
32,5,1.0,checkpoints/sudoku_extreme_hf/checkpoint,0,1,blanks_5,19.42024734375103,1,610,baseline,0,0
32,5,1.0,checkpoints/sudoku_extreme_hf/checkpoint,0,1,blanks_5,19.42024734375103,1,611,baseline,0,0
32,5,1.0,checkpoints/sudoku_extreme_hf/checkpoint,0,1,blanks_5,19.42024734375103,1,612,baseline,0,0
32,5,0.9506172839506173,checkpoints/sudoku_extreme_hf/checkpoint,3,1,blanks_5,19.42024734375103,0,613,baseline,1,0
32,5,1.0,checkpoints/sudoku_extreme_hf/checkpoint,0,1,blanks_5,19.42024734375103,1,614,baseline,0,0
32,5,1.0,checkpoints/sudoku_extreme_hf/checkpoint,0,1,blanks_5,19.42024734375103,1,615,baseline,0,0
32,5,1.0,checkpoints/sudoku_extreme_hf/checkpoint,0,1,blanks_5,19.42024734375103,1,616,baseline,0,0
32,5,1.0,checkpoints/sudoku_extreme_hf/checkpoint,0,1,blanks_5,19.42024734375103,1,617,baseline,0,0
32,5,0.9753086419753086,checkpoints/sudoku_extreme_hf/checkpoint,2,0,blanks_5,19.42024734375103,0,618,baseline,1,5
32,5,0.9506172839506173,checkpoints/sudoku_extreme_hf/checkpoint,2,1,blanks_5,19.42024734375103,0,619,baseline,1,0
32,5,0.8641975308641975,checkpoints/sudoku_extreme_hf/checkpoint,10,1,blanks_5,19.42024734375103,0,620,baseline,1,0
32,5,1.0,checkpoints/sudoku_extreme_hf/checkpoint,0,1,blanks_5,19.42024734375103,1,621,baseline,0,0
32,5,0.9506172839506173,checkpoints/sudoku_extreme_hf/checkpoint,4,1,blanks_5,19.42024734375103,0,622,baseline,1,0
32,5,1.0,checkpoints/sudoku_extreme_hf/checkpoint,0,1,blanks_5,19.42024734375103,1,623,baseline,0,0
32,5,0.9259259259259259,checkpoints/sudoku_extreme_hf/checkpoint,6,1,blanks_5,19.42024734375103,0,624,baseline,1,0
32,5,1.0,checkpoints/sudoku_extreme_hf/checkpoint,0,1,blanks_5,19.42024734375103,1,625,baseline,0,0
32,5,1.0,checkpoints/sudoku_extreme_hf/checkpoint,0,1,blanks_5,19.42024734375103,1,626,baseline,0,0
32,5,1.0,checkpoints/sudoku_extreme_hf/checkpoint,0,1,blanks_5,19.42024734375103,1,627,baseline,0,0
32,5,0.9259259259259259,checkpoints/sudoku_extreme_hf/checkpoint,5,1,blanks_5,19.42024734375103,0,628,baseline,1,0
32,5,1.0,checkpoints/sudoku_extreme_hf/checkpoint,0,1,blanks_5,19.42024734375103,1,629,baseline,0,0
32,5,1.0,checkpoints/sudoku_extreme_hf/checkpoint,0,1,blanks_5,19.42024734375103,1,630,baseline,0,0
32,5,1.0,checkpoints/sudoku_extreme_hf/checkpoint,0,1,blanks_5,19.42024734375103,1,631,baseline,0,0
32,5,0.6419753086419753,checkpoints/sudoku_extreme_hf/checkpoint,26,1,blanks_5,19.42024734375103,0,632,baseline,1,0
32,5,0.9259259259259259,checkpoints/sudoku_extreme_hf/checkpoint,3,1,blanks_5,19.42024734375103,0,633,baseline,1,0
32,5,0.9259259259259259,checkpoints/sudoku_extreme_hf/checkpoint,4,1,blanks_5,19.42024734375103,0,634,baseline,1,0
32,5,0.8271604938271605,checkpoints/sudoku_extreme_hf/checkpoint,12,1,blanks_5,19.42024734375103,0,635,baseline,1,0
32,5,1.0,checkpoints/sudoku_extreme_hf/checkpoint,0,1,blanks_5,19.42024734375103,1,636,baseline,0,0
32,5,0.6790123456790124,checkpoints/sudoku_extreme_hf/checkpoint,24,1,blanks_5,19.42024734375103,0,637,baseline,1,0
32,5,0.9012345679012346,checkpoints/sudoku_extreme_hf/checkpoint,7,1,blanks_5,19.42024734375103,0,638,baseline,1,0
32,5,0.9506172839506173,checkpoints/sudoku_extreme_hf/checkpoint,4,1,blanks_5,19.42024734375103,0,639,baseline,1,0
32,5,1.0,checkpoints/sudoku_extreme_hf/checkpoint,0,1,blanks_5,22.50031531250052,1,640,baseline,0,0
32,5,0.8395061728395061,checkpoints/sudoku_extreme_hf/checkpoint,12,1,blanks_5,22.50031531250052,0,641,baseline,1,0
32,5,0.9506172839506173,checkpoints/sudoku_extreme_hf/checkpoint,2,1,blanks_5,22.50031531250052,0,642,baseline,1,0
32,5,1.0,checkpoints/sudoku_extreme_hf/checkpoint,0,1,blanks_5,22.50031531250052,1,643,baseline,0,0
32,5,0.8641975308641975,checkpoints/sudoku_extreme_hf/checkpoint,8,1,blanks_5,22.50031531250052,0,644,baseline,1,0
32,5,0.9012345679012346,checkpoints/sudoku_extreme_hf/checkpoint,7,1,blanks_5,22.50031531250052,0,645,baseline,1,0
32,5,1.0,checkpoints/sudoku_extreme_hf/checkpoint,0,1,blanks_5,22.50031531250052,1,646,baseline,0,0
32,5,1.0,checkpoints/sudoku_extreme_hf/checkpoint,0,1,blanks_5,22.50031531250052,1,647,baseline,0,0
32,5,0.9506172839506173,checkpoints/sudoku_extreme_hf/checkpoint,4,1,blanks_5,22.50031531250052,0,648,baseline,1,0
32,5,1.0,checkpoints/sudoku_extreme_hf/checkpoint,0,1,blanks_5,22.50031531250052,1,649,baseline,0,0
32,5,1.0,checkpoints/sudoku_extreme_hf/checkpoint,0,1,blanks_5,22.50031531250052,1,650,baseline,0,0
32,5,0.9506172839506173,checkpoints/sudoku_extreme_hf/checkpoint,2,1,blanks_5,22.50031531250052,0,651,baseline,1,0
32,5,1.0,checkpoints/sudoku_extreme_hf/checkpoint,0,1,blanks_5,22.50031531250052,1,652,baseline,0,0
32,5,1.0,checkpoints/sudoku_extreme_hf/checkpoint,0,1,blanks_5,22.50031531250052,1,653,baseline,0,0
32,5,0.9506172839506173,checkpoints/sudoku_extreme_hf/checkpoint,4,1,blanks_5,22.50031531250052,0,654,baseline,1,0
32,5,1.0,checkpoints/sudoku_extreme_hf/checkpoint,0,1,blanks_5,22.50031531250052,1,655,baseline,0,0
32,5,1.0,checkpoints/sudoku_extreme_hf/checkpoint,0,1,blanks_5,22.50031531250052,1,656,baseline,0,0
32,5,1.0,checkpoints/sudoku_extreme_hf/checkpoint,0,1,blanks_5,22.50031531250052,1,657,baseline,0,0
32,5,1.0,checkpoints/sudoku_extreme_hf/checkpoint,0,1,blanks_5,22.50031531250052,1,658,baseline,0,0
32,5,0.7530864197530864,checkpoints/sudoku_extreme_hf/checkpoint,17,1,blanks_5,22.50031531250052,0,659,baseline,1,0
32,5,1.0,checkpoints/sudoku_extreme_hf/checkpoint,0,1,blanks_5,22.50031531250052,1,660,baseline,0,0
32,5,1.0,checkpoints/sudoku_extreme_hf/checkpoint,0,1,blanks_5,22.50031531250052,1,661,baseline,0,0
32,5,0.8395061728395061,checkpoints/sudoku_extreme_hf/checkpoint,12,1,blanks_5,22.50031531250052,0,662,baseline,1,0
32,5,1.0,checkpoints/sudoku_extreme_hf/checkpoint,0,1,blanks_5,22.50031531250052,1,663,baseline,0,0
32,5,0.9135802469135802,checkpoints/sudoku_extreme_hf/checkpoint,6,1,blanks_5,22.50031531250052,0,664,baseline,1,0
32,5,1.0,checkpoints/sudoku_extreme_hf/checkpoint,0,1,blanks_5,22.50031531250052,1,665,baseline,0,0
32,5,1.0,checkpoints/sudoku_extreme_hf/checkpoint,0,1,blanks_5,22.50031531250052,1,666,baseline,0,0
32,5,1.0,checkpoints/sudoku_extreme_hf/checkpoint,0,1,blanks_5,22.50031531250052,1,667,baseline,0,0
32,5,1.0,checkpoints/sudoku_extreme_hf/checkpoint,0,1,blanks_5,22.50031531250052,1,668,baseline,0,0
32,5,1.0,checkpoints/sudoku_extreme_hf/checkpoint,0,1,blanks_5,22.50031531250052,1,669,baseline,0,0
32,5,0.9506172839506173,checkpoints/sudoku_extreme_hf/checkpoint,3,1,blanks_5,22.50031531250052,0,670,baseline,1,0
32,5,1.0,checkpoints/sudoku_extreme_hf/checkpoint,0,1,blanks_5,22.50031531250052,1,671,baseline,0,0
32,5,0.7037037037037037,checkpoints/sudoku_extreme_hf/checkpoint,23,1,blanks_5,18.236814562500925,0,672,baseline,1,0
32,5,0.9259259259259259,checkpoints/sudoku_extreme_hf/checkpoint,6,1,blanks_5,18.236814562500925,0,673,baseline,1,0
32,5,0.8765432098765432,checkpoints/sudoku_extreme_hf/checkpoint,10,1,blanks_5,18.236814562500925,0,674,baseline,1,0
32,5,0.9135802469135802,checkpoints/sudoku_extreme_hf/checkpoint,7,1,blanks_5,18.236814562500925,0,675,baseline,1,0
32,5,1.0,checkpoints/sudoku_extreme_hf/checkpoint,0,1,blanks_5,18.236814562500925,1,676,baseline,0,0
32,5,1.0,checkpoints/sudoku_extreme_hf/checkpoint,0,1,blanks_5,18.236814562500925,1,677,baseline,0,0
32,5,0.9259259259259259,checkpoints/sudoku_extreme_hf/checkpoint,5,1,blanks_5,18.236814562500925,0,678,baseline,1,0
32,5,1.0,checkpoints/sudoku_extreme_hf/checkpoint,0,1,blanks_5,18.236814562500925,1,679,baseline,0,0
32,5,0.8395061728395061,checkpoints/sudoku_extreme_hf/checkpoint,11,1,blanks_5,18.236814562500925,0,680,baseline,1,0
32,5,1.0,checkpoints/sudoku_extreme_hf/checkpoint,0,1,blanks_5,18.236814562500925,1,681,baseline,0,0
32,5,1.0,checkpoints/sudoku_extreme_hf/checkpoint,0,1,blanks_5,18.236814562500925,1,682,baseline,0,0
32,5,1.0,checkpoints/sudoku_extreme_hf/checkpoint,0,1,blanks_5,18.236814562500925,1,683,baseline,0,0
32,5,0.9259259259259259,checkpoints/sudoku_extreme_hf/checkpoint,5,1,blanks_5,18.236814562500925,0,684,baseline,1,0
32,5,1.0,checkpoints/sudoku_extreme_hf/checkpoint,0,1,blanks_5,18.236814562500925,1,685,baseline,0,0
32,5,0.9506172839506173,checkpoints/sudoku_extreme_hf/checkpoint,4,1,blanks_5,18.236814562500925,0,686,baseline,1,0
32,5,1.0,checkpoints/sudoku_extreme_hf/checkpoint,0,1,blanks_5,18.236814562500925,1,687,baseline,0,0
32,5,1.0,checkpoints/sudoku_extreme_hf/checkpoint,0,1,blanks_5,18.236814562500925,1,688,baseline,0,0
32,5,0.9506172839506173,checkpoints/sudoku_extreme_hf/checkpoint,3,1,blanks_5,18.236814562500925,0,689,baseline,1,0
32,5,1.0,checkpoints/sudoku_extreme_hf/checkpoint,0,1,blanks_5,18.236814562500925,1,690,baseline,0,0
32,5,1.0,checkpoints/sudoku_extreme_hf/checkpoint,0,1,blanks_5,18.236814562500925,1,691,baseline,0,0
32,5,0.9506172839506173,checkpoints/sudoku_extreme_hf/checkpoint,4,1,blanks_5,18.236814562500925,0,692,baseline,1,0
32,5,1.0,checkpoints/sudoku_extreme_hf/checkpoint,0,1,blanks_5,18.236814562500925,1,693,baseline,0,0
32,5,0.9506172839506173,checkpoints/sudoku_extreme_hf/checkpoint,3,1,blanks_5,18.236814562500925,0,694,baseline,1,0
32,5,1.0,checkpoints/sudoku_extreme_hf/checkpoint,0,1,blanks_5,18.236814562500925,1,695,baseline,0,0
32,5,0.9012345679012346,checkpoints/sudoku_extreme_hf/checkpoint,6,1,blanks_5,18.236814562500925,0,696,baseline,1,0
32,5,1.0,checkpoints/sudoku_extreme_hf/checkpoint,0,1,blanks_5,18.236814562500925,1,697,baseline,0,0
32,5,0.8641975308641975,checkpoints/sudoku_extreme_hf/checkpoint,7,1,blanks_5,18.236814562500925,0,698,baseline,1,0
32,5,0.9506172839506173,checkpoints/sudoku_extreme_hf/checkpoint,4,1,blanks_5,18.236814562500925,0,699,baseline,1,0
32,5,0.8148148148148148,checkpoints/sudoku_extreme_hf/checkpoint,12,1,blanks_5,18.236814562500925,0,700,baseline,1,0
32,5,0.9012345679012346,checkpoints/sudoku_extreme_hf/checkpoint,6,1,blanks_5,18.236814562500925,0,701,baseline,1,0
32,5,1.0,checkpoints/sudoku_extreme_hf/checkpoint,0,1,blanks_5,18.236814562500925,1,702,baseline,0,0
32,5,0.9506172839506173,checkpoints/sudoku_extreme_hf/checkpoint,4,1,blanks_5,18.236814562500925,0,703,baseline,1,0
32,5,0.8024691358024691,checkpoints/sudoku_extreme_hf/checkpoint,15,0,blanks_5,16.6833800937507,0,704,baseline,1,23
32,5,0.8765432098765432,checkpoints/sudoku_extreme_hf/checkpoint,8,1,blanks_5,16.6833800937507,0,705,baseline,1,0
32,5,1.0,checkpoints/sudoku_extreme_hf/checkpoint,0,1,blanks_5,16.6833800937507,1,706,baseline,0,0
32,5,0.7777777777777778,checkpoints/sudoku_extreme_hf/checkpoint,16,1,blanks_5,16.6833800937507,0,707,baseline,1,0
32,5,0.9259259259259259,checkpoints/sudoku_extreme_hf/checkpoint,6,1,blanks_5,16.6833800937507,0,708,baseline,1,0
32,5,1.0,checkpoints/sudoku_extreme_hf/checkpoint,0,1,blanks_5,16.6833800937507,1,709,baseline,0,0
32,5,0.9012345679012346,checkpoints/sudoku_extreme_hf/checkpoint,8,1,blanks_5,16.6833800937507,0,710,baseline,1,0
32,5,0.8765432098765432,checkpoints/sudoku_extreme_hf/checkpoint,8,1,blanks_5,16.6833800937507,0,711,baseline,1,0
32,5,1.0,checkpoints/sudoku_extreme_hf/checkpoint,0,1,blanks_5,16.6833800937507,1,712,baseline,0,0
32,5,1.0,checkpoints/sudoku_extreme_hf/checkpoint,0,1,blanks_5,16.6833800937507,1,713,baseline,0,0
32,5,1.0,checkpoints/sudoku_extreme_hf/checkpoint,0,1,blanks_5,16.6833800937507,1,714,baseline,0,0
32,5,1.0,checkpoints/sudoku_extreme_hf/checkpoint,0,1,blanks_5,16.6833800937507,1,715,baseline,0,0
32,5,1.0,checkpoints/sudoku_extreme_hf/checkpoint,0,1,blanks_5,16.6833800937507,1,716,baseline,0,0
32,5,1.0,checkpoints/sudoku_extreme_hf/checkpoint,0,1,blanks_5,16.6833800937507,1,717,baseline,0,0
32,5,0.9506172839506173,checkpoints/sudoku_extreme_hf/checkpoint,4,1,blanks_5,16.6833800937507,0,718,baseline,1,0
32,5,1.0,checkpoints/sudoku_extreme_hf/checkpoint,0,1,blanks_5,16.6833800937507,1,719,baseline,0,0
32,5,1.0,checkpoints/sudoku_extreme_hf/checkpoint,0,1,blanks_5,16.6833800937507,1,720,baseline,0,0
32,5,1.0,checkpoints/sudoku_extreme_hf/checkpoint,0,1,blanks_5,16.6833800937507,1,721,baseline,0,0
32,5,1.0,checkpoints/sudoku_extreme_hf/checkpoint,0,1,blanks_5,16.6833800937507,1,722,baseline,0,0
32,5,0.9135802469135802,checkpoints/sudoku_extreme_hf/checkpoint,7,1,blanks_5,16.6833800937507,0,723,baseline,1,0
32,5,1.0,checkpoints/sudoku_extreme_hf/checkpoint,0,1,blanks_5,16.6833800937507,1,724,baseline,0,0
32,5,0.9259259259259259,checkpoints/sudoku_extreme_hf/checkpoint,5,1,blanks_5,16.6833800937507,0,725,baseline,1,0
32,5,1.0,checkpoints/sudoku_extreme_hf/checkpoint,0,1,blanks_5,16.6833800937507,1,726,baseline,0,0
32,5,1.0,checkpoints/sudoku_extreme_hf/checkpoint,0,1,blanks_5,16.6833800937507,1,727,baseline,0,0
32,5,1.0,checkpoints/sudoku_extreme_hf/checkpoint,0,1,blanks_5,16.6833800937507,1,728,baseline,0,0
32,5,1.0,checkpoints/sudoku_extreme_hf/checkpoint,0,1,blanks_5,16.6833800937507,1,729,baseline,0,0
32,5,1.0,checkpoints/sudoku_extreme_hf/checkpoint,0,1,blanks_5,16.6833800937507,1,730,baseline,0,0
32,5,0.9506172839506173,checkpoints/sudoku_extreme_hf/checkpoint,3,1,blanks_5,16.6833800937507,0,731,baseline,1,0
32,5,1.0,checkpoints/sudoku_extreme_hf/checkpoint,0,1,blanks_5,16.6833800937507,1,732,baseline,0,0
32,5,0.9506172839506173,checkpoints/sudoku_extreme_hf/checkpoint,4,1,blanks_5,16.6833800937507,0,733,baseline,1,0
32,5,0.7777777777777778,checkpoints/sudoku_extreme_hf/checkpoint,18,1,blanks_5,16.6833800937507,0,734,baseline,1,0
32,5,0.9506172839506173,checkpoints/sudoku_extreme_hf/checkpoint,4,1,blanks_5,16.6833800937507,0,735,baseline,1,0
32,5,0.9506172839506173,checkpoints/sudoku_extreme_hf/checkpoint,4,1,blanks_5,16.485654281250817,0,736,baseline,1,0
32,5,1.0,checkpoints/sudoku_extreme_hf/checkpoint,0,1,blanks_5,16.485654281250817,1,737,baseline,0,0
32,5,0.9012345679012346,checkpoints/sudoku_extreme_hf/checkpoint,7,1,blanks_5,16.485654281250817,0,738,baseline,1,0
32,5,0.7654320987654321,checkpoints/sudoku_extreme_hf/checkpoint,15,1,blanks_5,16.485654281250817,0,739,baseline,1,0
32,5,1.0,checkpoints/sudoku_extreme_hf/checkpoint,0,1,blanks_5,16.485654281250817,1,740,baseline,0,0
32,5,1.0,checkpoints/sudoku_extreme_hf/checkpoint,0,1,blanks_5,16.485654281250817,1,741,baseline,0,0
32,5,0.9506172839506173,checkpoints/sudoku_extreme_hf/checkpoint,3,1,blanks_5,16.485654281250817,0,742,baseline,1,0
32,5,1.0,checkpoints/sudoku_extreme_hf/checkpoint,0,1,blanks_5,16.485654281250817,1,743,baseline,0,0
32,5,0.9506172839506173,checkpoints/sudoku_extreme_hf/checkpoint,4,1,blanks_5,16.485654281250817,0,744,baseline,1,0
32,5,0.8271604938271605,checkpoints/sudoku_extreme_hf/checkpoint,12,1,blanks_5,16.485654281250817,0,745,baseline,1,0
32,5,1.0,checkpoints/sudoku_extreme_hf/checkpoint,0,1,blanks_5,16.485654281250817,1,746,baseline,0,0
32,5,0.9012345679012346,checkpoints/sudoku_extreme_hf/checkpoint,8,1,blanks_5,16.485654281250817,0,747,baseline,1,0
32,5,1.0,checkpoints/sudoku_extreme_hf/checkpoint,0,1,blanks_5,16.485654281250817,1,748,baseline,0,0
32,5,1.0,checkpoints/sudoku_extreme_hf/checkpoint,0,1,blanks_5,16.485654281250817,1,749,baseline,0,0
32,5,0.9135802469135802,checkpoints/sudoku_extreme_hf/checkpoint,6,1,blanks_5,16.485654281250817,0,750,baseline,1,0
32,5,0.9506172839506173,checkpoints/sudoku_extreme_hf/checkpoint,4,1,blanks_5,16.485654281250817,0,751,baseline,1,0
32,5,1.0,checkpoints/sudoku_extreme_hf/checkpoint,0,1,blanks_5,16.485654281250817,1,752,baseline,0,0
32,5,1.0,checkpoints/sudoku_extreme_hf/checkpoint,0,1,blanks_5,16.485654281250817,1,753,baseline,0,0
32,5,0.9259259259259259,checkpoints/sudoku_extreme_hf/checkpoint,6,1,blanks_5,16.485654281250817,0,754,baseline,1,0
32,5,0.8888888888888888,checkpoints/sudoku_extreme_hf/checkpoint,9,1,blanks_5,16.485654281250817,0,755,baseline,1,0
32,5,0.8024691358024691,checkpoints/sudoku_extreme_hf/checkpoint,14,0,blanks_5,16.485654281250817,0,756,baseline,1,21
32,5,1.0,checkpoints/sudoku_extreme_hf/checkpoint,0,1,blanks_5,16.485654281250817,1,757,baseline,0,0
32,5,1.0,checkpoints/sudoku_extreme_hf/checkpoint,0,1,blanks_5,16.485654281250817,1,758,baseline,0,0
32,5,0.9259259259259259,checkpoints/sudoku_extreme_hf/checkpoint,5,1,blanks_5,16.485654281250817,0,759,baseline,1,0
32,5,0.9135802469135802,checkpoints/sudoku_extreme_hf/checkpoint,6,1,blanks_5,16.485654281250817,0,760,baseline,1,0
32,5,1.0,checkpoints/sudoku_extreme_hf/checkpoint,0,1,blanks_5,16.485654281250817,1,761,baseline,0,0
32,5,1.0,checkpoints/sudoku_extreme_hf/checkpoint,0,1,blanks_5,16.485654281250817,1,762,baseline,0,0
32,5,1.0,checkpoints/sudoku_extreme_hf/checkpoint,0,1,blanks_5,16.485654281250817,1,763,baseline,0,0
32,5,0.8148148148148148,checkpoints/sudoku_extreme_hf/checkpoint,14,1,blanks_5,16.485654281250817,0,764,baseline,1,0
32,5,1.0,checkpoints/sudoku_extreme_hf/checkpoint,0,1,blanks_5,16.485654281250817,1,765,baseline,0,0
32,5,0.9506172839506173,checkpoints/sudoku_extreme_hf/checkpoint,4,1,blanks_5,16.485654281250817,0,766,baseline,1,0
32,5,1.0,checkpoints/sudoku_extreme_hf/checkpoint,0,1,blanks_5,16.485654281250817,1,767,baseline,0,0
32,5,1.0,checkpoints/sudoku_extreme_hf/checkpoint,0,1,blanks_5,17.543533906248854,1,768,baseline,0,0
32,5,0.9506172839506173,checkpoints/sudoku_extreme_hf/checkpoint,3,1,blanks_5,17.543533906248854,0,769,baseline,1,0
32,5,0.9506172839506173,checkpoints/sudoku_extreme_hf/checkpoint,4,1,blanks_5,17.543533906248854,0,770,baseline,1,0
32,5,1.0,checkpoints/sudoku_extreme_hf/checkpoint,0,1,blanks_5,17.543533906248854,1,771,baseline,0,0
32,5,1.0,checkpoints/sudoku_extreme_hf/checkpoint,0,1,blanks_5,17.543533906248854,1,772,baseline,0,0
32,5,1.0,checkpoints/sudoku_extreme_hf/checkpoint,0,1,blanks_5,17.543533906248854,1,773,baseline,0,0
32,5,0.8024691358024691,checkpoints/sudoku_extreme_hf/checkpoint,15,1,blanks_5,17.543533906248854,0,774,baseline,1,0
32,5,1.0,checkpoints/sudoku_extreme_hf/checkpoint,0,1,blanks_5,17.543533906248854,1,775,baseline,0,0
32,5,1.0,checkpoints/sudoku_extreme_hf/checkpoint,0,1,blanks_5,17.543533906248854,1,776,baseline,0,0
32,5,0.9506172839506173,checkpoints/sudoku_extreme_hf/checkpoint,4,1,blanks_5,17.543533906248854,0,777,baseline,1,0
32,5,0.8765432098765432,checkpoints/sudoku_extreme_hf/checkpoint,9,1,blanks_5,17.543533906248854,0,778,baseline,1,0
32,5,0.9259259259259259,checkpoints/sudoku_extreme_hf/checkpoint,5,1,blanks_5,17.543533906248854,0,779,baseline,1,0
32,5,1.0,checkpoints/sudoku_extreme_hf/checkpoint,0,1,blanks_5,17.543533906248854,1,780,baseline,0,0
32,5,1.0,checkpoints/sudoku_extreme_hf/checkpoint,0,1,blanks_5,17.543533906248854,1,781,baseline,0,0
32,5,1.0,checkpoints/sudoku_extreme_hf/checkpoint,0,1,blanks_5,17.543533906248854,1,782,baseline,0,0
32,5,1.0,checkpoints/sudoku_extreme_hf/checkpoint,0,1,blanks_5,17.543533906248854,1,783,baseline,0,0
32,5,1.0,checkpoints/sudoku_extreme_hf/checkpoint,0,1,blanks_5,17.543533906248854,1,784,baseline,0,0
32,5,1.0,checkpoints/sudoku_extreme_hf/checkpoint,0,1,blanks_5,17.543533906248854,1,785,baseline,0,0
32,5,0.8888888888888888,checkpoints/sudoku_extreme_hf/checkpoint,7,1,blanks_5,17.543533906248854,0,786,baseline,1,0
32,5,1.0,checkpoints/sudoku_extreme_hf/checkpoint,0,1,blanks_5,17.543533906248854,1,787,baseline,0,0
32,5,0.9259259259259259,checkpoints/sudoku_extreme_hf/checkpoint,5,1,blanks_5,17.543533906248854,0,788,baseline,1,0
32,5,1.0,checkpoints/sudoku_extreme_hf/checkpoint,0,1,blanks_5,17.543533906248854,1,789,baseline,0,0
32,5,1.0,checkpoints/sudoku_extreme_hf/checkpoint,0,1,blanks_5,17.543533906248854,1,790,baseline,0,0
32,5,1.0,checkpoints/sudoku_extreme_hf/checkpoint,0,1,blanks_5,17.543533906248854,1,791,baseline,0,0
32,5,1.0,checkpoints/sudoku_extreme_hf/checkpoint,0,1,blanks_5,17.543533906248854,1,792,baseline,0,0
32,5,0.7283950617283951,checkpoints/sudoku_extreme_hf/checkpoint,19,1,blanks_5,17.543533906248854,0,793,baseline,1,0
32,5,1.0,checkpoints/sudoku_extreme_hf/checkpoint,0,1,blanks_5,17.543533906248854,1,794,baseline,0,0
32,5,1.0,checkpoints/sudoku_extreme_hf/checkpoint,0,1,blanks_5,17.543533906248854,1,795,baseline,0,0
32,5,1.0,checkpoints/sudoku_extreme_hf/checkpoint,0,1,blanks_5,17.543533906248854,1,796,baseline,0,0
32,5,0.8395061728395061,checkpoints/sudoku_extreme_hf/checkpoint,12,1,blanks_5,17.543533906248854,0,797,baseline,1,0
32,5,1.0,checkpoints/sudoku_extreme_hf/checkpoint,0,1,blanks_5,17.543533906248854,1,798,baseline,0,0
32,5,0.9012345679012346,checkpoints/sudoku_extreme_hf/checkpoint,8,1,blanks_5,17.543533906248854,0,799,baseline,1,0
32,5,1.0,checkpoints/sudoku_extreme_hf/checkpoint,0,1,blanks_5,16.660358375000683,1,800,baseline,0,0
32,5,1.0,checkpoints/sudoku_extreme_hf/checkpoint,0,1,blanks_5,16.660358375000683,1,801,baseline,0,0
32,5,1.0,checkpoints/sudoku_extreme_hf/checkpoint,0,1,blanks_5,16.660358375000683,1,802,baseline,0,0
32,5,1.0,checkpoints/sudoku_extreme_hf/checkpoint,0,1,blanks_5,16.660358375000683,1,803,baseline,0,0
32,5,1.0,checkpoints/sudoku_extreme_hf/checkpoint,0,1,blanks_5,16.660358375000683,1,804,baseline,0,0
32,5,0.9135802469135802,checkpoints/sudoku_extreme_hf/checkpoint,6,1,blanks_5,16.660358375000683,0,805,baseline,1,0
32,5,1.0,checkpoints/sudoku_extreme_hf/checkpoint,0,1,blanks_5,16.660358375000683,1,806,baseline,0,0
32,5,1.0,checkpoints/sudoku_extreme_hf/checkpoint,0,1,blanks_5,16.660358375000683,1,807,baseline,0,0
32,5,1.0,checkpoints/sudoku_extreme_hf/checkpoint,0,1,blanks_5,16.660358375000683,1,808,baseline,0,0
32,5,1.0,checkpoints/sudoku_extreme_hf/checkpoint,0,1,blanks_5,16.660358375000683,1,809,baseline,0,0
32,5,1.0,checkpoints/sudoku_extreme_hf/checkpoint,0,1,blanks_5,16.660358375000683,1,810,baseline,0,0
32,5,0.8395061728395061,checkpoints/sudoku_extreme_hf/checkpoint,12,1,blanks_5,16.660358375000683,0,811,baseline,1,0
32,5,0.9259259259259259,checkpoints/sudoku_extreme_hf/checkpoint,6,1,blanks_5,16.660358375000683,0,812,baseline,1,0
32,5,0.9012345679012346,checkpoints/sudoku_extreme_hf/checkpoint,8,1,blanks_5,16.660358375000683,0,813,baseline,1,0
32,5,1.0,checkpoints/sudoku_extreme_hf/checkpoint,0,1,blanks_5,16.660358375000683,1,814,baseline,0,0
32,5,1.0,checkpoints/sudoku_extreme_hf/checkpoint,0,1,blanks_5,16.660358375000683,1,815,baseline,0,0
32,5,1.0,checkpoints/sudoku_extreme_hf/checkpoint,0,1,blanks_5,16.660358375000683,1,816,baseline,0,0
32,5,0.9259259259259259,checkpoints/sudoku_extreme_hf/checkpoint,5,1,blanks_5,16.660358375000683,0,817,baseline,1,0
32,5,0.9259259259259259,checkpoints/sudoku_extreme_hf/checkpoint,6,1,blanks_5,16.660358375000683,0,818,baseline,1,0
32,5,0.9506172839506173,checkpoints/sudoku_extreme_hf/checkpoint,3,1,blanks_5,16.660358375000683,0,819,baseline,1,0
32,5,0.9506172839506173,checkpoints/sudoku_extreme_hf/checkpoint,4,1,blanks_5,16.660358375000683,0,820,baseline,1,0
32,5,1.0,checkpoints/sudoku_extreme_hf/checkpoint,0,1,blanks_5,16.660358375000683,1,821,baseline,0,0
32,5,0.8518518518518519,checkpoints/sudoku_extreme_hf/checkpoint,11,1,blanks_5,16.660358375000683,0,822,baseline,1,0
32,5,1.0,checkpoints/sudoku_extreme_hf/checkpoint,0,1,blanks_5,16.660358375000683,1,823,baseline,0,0
32,5,0.8518518518518519,checkpoints/sudoku_extreme_hf/checkpoint,12,1,blanks_5,16.660358375000683,0,824,baseline,1,0
32,5,1.0,checkpoints/sudoku_extreme_hf/checkpoint,0,1,blanks_5,16.660358375000683,1,825,baseline,0,0
32,5,1.0,checkpoints/sudoku_extreme_hf/checkpoint,0,1,blanks_5,16.660358375000683,1,826,baseline,0,0
32,5,0.9506172839506173,checkpoints/sudoku_extreme_hf/checkpoint,2,1,blanks_5,16.660358375000683,0,827,baseline,1,0
32,5,0.6419753086419753,checkpoints/sudoku_extreme_hf/checkpoint,27,1,blanks_5,16.660358375000683,0,828,baseline,1,0
32,5,0.9012345679012346,checkpoints/sudoku_extreme_hf/checkpoint,5,1,blanks_5,16.660358375000683,0,829,baseline,1,0
32,5,1.0,checkpoints/sudoku_extreme_hf/checkpoint,0,1,blanks_5,16.660358375000683,1,830,baseline,0,0
32,5,0.9259259259259259,checkpoints/sudoku_extreme_hf/checkpoint,6,1,blanks_5,16.660358375000683,0,831,baseline,1,0
32,5,1.0,checkpoints/sudoku_extreme_hf/checkpoint,0,1,blanks_5,16.577434750001174,1,832,baseline,0,0
32,5,1.0,checkpoints/sudoku_extreme_hf/checkpoint,0,1,blanks_5,16.577434750001174,1,833,baseline,0,0
32,5,1.0,checkpoints/sudoku_extreme_hf/checkpoint,0,1,blanks_5,16.577434750001174,1,834,baseline,0,0
32,5,1.0,checkpoints/sudoku_extreme_hf/checkpoint,0,1,blanks_5,16.577434750001174,1,835,baseline,0,0
32,5,1.0,checkpoints/sudoku_extreme_hf/checkpoint,0,1,blanks_5,16.577434750001174,1,836,baseline,0,0
32,5,1.0,checkpoints/sudoku_extreme_hf/checkpoint,0,1,blanks_5,16.577434750001174,1,837,baseline,0,0
32,5,1.0,checkpoints/sudoku_extreme_hf/checkpoint,0,1,blanks_5,16.577434750001174,1,838,baseline,0,0
32,5,0.7530864197530864,checkpoints/sudoku_extreme_hf/checkpoint,18,1,blanks_5,16.577434750001174,0,839,baseline,1,0
32,5,0.9506172839506173,checkpoints/sudoku_extreme_hf/checkpoint,4,1,blanks_5,16.577434750001174,0,840,baseline,1,0
32,5,1.0,checkpoints/sudoku_extreme_hf/checkpoint,0,1,blanks_5,16.577434750001174,1,841,baseline,0,0
32,5,1.0,checkpoints/sudoku_extreme_hf/checkpoint,0,1,blanks_5,16.577434750001174,1,842,baseline,0,0
32,5,1.0,checkpoints/sudoku_extreme_hf/checkpoint,0,1,blanks_5,16.577434750001174,1,843,baseline,0,0
32,5,1.0,checkpoints/sudoku_extreme_hf/checkpoint,0,1,blanks_5,16.577434750001174,1,844,baseline,0,0
32,5,1.0,checkpoints/sudoku_extreme_hf/checkpoint,0,1,blanks_5,16.577434750001174,1,845,baseline,0,0
32,5,0.8641975308641975,checkpoints/sudoku_extreme_hf/checkpoint,9,1,blanks_5,16.577434750001174,0,846,baseline,1,0
32,5,1.0,checkpoints/sudoku_extreme_hf/checkpoint,0,1,blanks_5,16.577434750001174,1,847,baseline,0,0
32,5,1.0,checkpoints/sudoku_extreme_hf/checkpoint,0,1,blanks_5,16.577434750001174,1,848,baseline,0,0
32,5,0.9259259259259259,checkpoints/sudoku_extreme_hf/checkpoint,5,1,blanks_5,16.577434750001174,0,849,baseline,1,0
32,5,1.0,checkpoints/sudoku_extreme_hf/checkpoint,0,1,blanks_5,16.577434750001174,1,850,baseline,0,0
32,5,0.7654320987654321,checkpoints/sudoku_extreme_hf/checkpoint,17,1,blanks_5,16.577434750001174,0,851,baseline,1,0
32,5,1.0,checkpoints/sudoku_extreme_hf/checkpoint,0,1,blanks_5,16.577434750001174,1,852,baseline,0,0
32,5,0.8518518518518519,checkpoints/sudoku_extreme_hf/checkpoint,9,1,blanks_5,16.577434750001174,0,853,baseline,1,0
32,5,0.6790123456790124,checkpoints/sudoku_extreme_hf/checkpoint,22,0,blanks_5,16.577434750001174,0,854,baseline,1,24
32,5,1.0,checkpoints/sudoku_extreme_hf/checkpoint,0,1,blanks_5,16.577434750001174,1,855,baseline,0,0
32,5,0.9506172839506173,checkpoints/sudoku_extreme_hf/checkpoint,4,1,blanks_5,16.577434750001174,0,856,baseline,1,0
32,5,1.0,checkpoints/sudoku_extreme_hf/checkpoint,0,1,blanks_5,16.577434750001174,1,857,baseline,0,0
32,5,1.0,checkpoints/sudoku_extreme_hf/checkpoint,0,1,blanks_5,16.577434750001174,1,858,baseline,0,0
32,5,1.0,checkpoints/sudoku_extreme_hf/checkpoint,0,1,blanks_5,16.577434750001174,1,859,baseline,0,0
32,5,1.0,checkpoints/sudoku_extreme_hf/checkpoint,0,1,blanks_5,16.577434750001174,1,860,baseline,0,0
32,5,0.9506172839506173,checkpoints/sudoku_extreme_hf/checkpoint,4,1,blanks_5,16.577434750001174,0,861,baseline,1,0
32,5,0.9135802469135802,checkpoints/sudoku_extreme_hf/checkpoint,5,1,blanks_5,16.577434750001174,0,862,baseline,1,0
32,5,0.9012345679012346,checkpoints/sudoku_extreme_hf/checkpoint,7,1,blanks_5,16.577434750001174,0,863,baseline,1,0
32,5,1.0,checkpoints/sudoku_extreme_hf/checkpoint,0,1,blanks_5,16.46283299999851,1,864,baseline,0,0
32,5,0.8148148148148148,checkpoints/sudoku_extreme_hf/checkpoint,15,1,blanks_5,16.46283299999851,0,865,baseline,1,0
32,5,1.0,checkpoints/sudoku_extreme_hf/checkpoint,0,1,blanks_5,16.46283299999851,1,866,baseline,0,0
32,5,0.7777777777777778,checkpoints/sudoku_extreme_hf/checkpoint,16,1,blanks_5,16.46283299999851,0,867,baseline,1,0
32,5,0.9506172839506173,checkpoints/sudoku_extreme_hf/checkpoint,4,1,blanks_5,16.46283299999851,0,868,baseline,1,0
32,5,1.0,checkpoints/sudoku_extreme_hf/checkpoint,0,1,blanks_5,16.46283299999851,1,869,baseline,0,0
32,5,1.0,checkpoints/sudoku_extreme_hf/checkpoint,0,1,blanks_5,16.46283299999851,1,870,baseline,0,0
32,5,1.0,checkpoints/sudoku_extreme_hf/checkpoint,0,1,blanks_5,16.46283299999851,1,871,baseline,0,0
32,5,0.691358024691358,checkpoints/sudoku_extreme_hf/checkpoint,22,1,blanks_5,16.46283299999851,0,872,baseline,1,0
32,5,1.0,checkpoints/sudoku_extreme_hf/checkpoint,0,1,blanks_5,16.46283299999851,1,873,baseline,0,0
32,5,1.0,checkpoints/sudoku_extreme_hf/checkpoint,0,1,blanks_5,16.46283299999851,1,874,baseline,0,0
32,5,0.7901234567901234,checkpoints/sudoku_extreme_hf/checkpoint,15,1,blanks_5,16.46283299999851,0,875,baseline,1,0
32,5,0.8888888888888888,checkpoints/sudoku_extreme_hf/checkpoint,8,1,blanks_5,16.46283299999851,0,876,baseline,1,0
32,5,0.8641975308641975,checkpoints/sudoku_extreme_hf/checkpoint,10,1,blanks_5,16.46283299999851,0,877,baseline,1,0
32,5,0.9506172839506173,checkpoints/sudoku_extreme_hf/checkpoint,3,1,blanks_5,16.46283299999851,0,878,baseline,1,0
32,5,1.0,checkpoints/sudoku_extreme_hf/checkpoint,0,1,blanks_5,16.46283299999851,1,879,baseline,0,0
32,5,0.8888888888888888,checkpoints/sudoku_extreme_hf/checkpoint,8,1,blanks_5,16.46283299999851,0,880,baseline,1,0
32,5,1.0,checkpoints/sudoku_extreme_hf/checkpoint,0,1,blanks_5,16.46283299999851,1,881,baseline,0,0
32,5,0.7160493827160493,checkpoints/sudoku_extreme_hf/checkpoint,21,1,blanks_5,16.46283299999851,0,882,baseline,1,0
32,5,1.0,checkpoints/sudoku_extreme_hf/checkpoint,0,1,blanks_5,16.46283299999851,1,883,baseline,0,0
32,5,1.0,checkpoints/sudoku_extreme_hf/checkpoint,0,1,blanks_5,16.46283299999851,1,884,baseline,0,0
32,5,1.0,checkpoints/sudoku_extreme_hf/checkpoint,0,1,blanks_5,16.46283299999851,1,885,baseline,0,0
32,5,0.9506172839506173,checkpoints/sudoku_extreme_hf/checkpoint,4,1,blanks_5,16.46283299999851,0,886,baseline,1,0
32,5,0.8641975308641975,checkpoints/sudoku_extreme_hf/checkpoint,10,1,blanks_5,16.46283299999851,0,887,baseline,1,0
32,5,0.9259259259259259,checkpoints/sudoku_extreme_hf/checkpoint,6,1,blanks_5,16.46283299999851,0,888,baseline,1,0
32,5,1.0,checkpoints/sudoku_extreme_hf/checkpoint,0,1,blanks_5,16.46283299999851,1,889,baseline,0,0
32,5,0.9506172839506173,checkpoints/sudoku_extreme_hf/checkpoint,4,1,blanks_5,16.46283299999851,0,890,baseline,1,0
32,5,0.9506172839506173,checkpoints/sudoku_extreme_hf/checkpoint,4,1,blanks_5,16.46283299999851,0,891,baseline,1,0
32,5,1.0,checkpoints/sudoku_extreme_hf/checkpoint,0,1,blanks_5,16.46283299999851,1,892,baseline,0,0
32,5,0.8148148148148148,checkpoints/sudoku_extreme_hf/checkpoint,13,1,blanks_5,16.46283299999851,0,893,baseline,1,0
32,5,1.0,checkpoints/sudoku_extreme_hf/checkpoint,0,1,blanks_5,16.46283299999851,1,894,baseline,0,0
32,5,0.8271604938271605,checkpoints/sudoku_extreme_hf/checkpoint,13,1,blanks_5,16.46283299999851,0,895,baseline,1,0
32,5,0.8765432098765432,checkpoints/sudoku_extreme_hf/checkpoint,8,1,blanks_5,16.614372687499213,0,896,baseline,1,0
32,5,0.6666666666666666,checkpoints/sudoku_extreme_hf/checkpoint,24,1,blanks_5,16.614372687499213,0,897,baseline,1,0
32,5,0.9259259259259259,checkpoints/sudoku_extreme_hf/checkpoint,6,1,blanks_5,16.614372687499213,0,898,baseline,1,0
32,5,1.0,checkpoints/sudoku_extreme_hf/checkpoint,0,1,blanks_5,16.614372687499213,1,899,baseline,0,0
32,5,0.9259259259259259,checkpoints/sudoku_extreme_hf/checkpoint,5,1,blanks_5,16.614372687499213,0,900,baseline,1,0
32,5,1.0,checkpoints/sudoku_extreme_hf/checkpoint,0,1,blanks_5,16.614372687499213,1,901,baseline,0,0
32,5,1.0,checkpoints/sudoku_extreme_hf/checkpoint,0,1,blanks_5,16.614372687499213,1,902,baseline,0,0
32,5,0.9506172839506173,checkpoints/sudoku_extreme_hf/checkpoint,3,1,blanks_5,16.614372687499213,0,903,baseline,1,0
32,5,1.0,checkpoints/sudoku_extreme_hf/checkpoint,0,1,blanks_5,16.614372687499213,1,904,baseline,0,0
32,5,0.9135802469135802,checkpoints/sudoku_extreme_hf/checkpoint,7,1,blanks_5,16.614372687499213,0,905,baseline,1,0
32,5,1.0,checkpoints/sudoku_extreme_hf/checkpoint,0,1,blanks_5,16.614372687499213,1,906,baseline,0,0
32,5,0.8024691358024691,checkpoints/sudoku_extreme_hf/checkpoint,14,1,blanks_5,16.614372687499213,0,907,baseline,1,0
32,5,1.0,checkpoints/sudoku_extreme_hf/checkpoint,0,1,blanks_5,16.614372687499213,1,908,baseline,0,0
32,5,1.0,checkpoints/sudoku_extreme_hf/checkpoint,0,1,blanks_5,16.614372687499213,1,909,baseline,0,0
32,5,1.0,checkpoints/sudoku_extreme_hf/checkpoint,0,1,blanks_5,16.614372687499213,1,910,baseline,0,0
32,5,1.0,checkpoints/sudoku_extreme_hf/checkpoint,0,1,blanks_5,16.614372687499213,1,911,baseline,0,0
32,5,1.0,checkpoints/sudoku_extreme_hf/checkpoint,0,1,blanks_5,16.614372687499213,1,912,baseline,0,0
32,5,1.0,checkpoints/sudoku_extreme_hf/checkpoint,0,1,blanks_5,16.614372687499213,1,913,baseline,0,0
32,5,1.0,checkpoints/sudoku_extreme_hf/checkpoint,0,1,blanks_5,16.614372687499213,1,914,baseline,0,0
32,5,0.6666666666666666,checkpoints/sudoku_extreme_hf/checkpoint,23,0,blanks_5,16.614372687499213,0,915,baseline,1,19
32,5,1.0,checkpoints/sudoku_extreme_hf/checkpoint,0,1,blanks_5,16.614372687499213,1,916,baseline,0,0
32,5,1.0,checkpoints/sudoku_extreme_hf/checkpoint,0,1,blanks_5,16.614372687499213,1,917,baseline,0,0
32,5,1.0,checkpoints/sudoku_extreme_hf/checkpoint,0,1,blanks_5,16.614372687499213,1,918,baseline,0,0
32,5,0.9012345679012346,checkpoints/sudoku_extreme_hf/checkpoint,6,1,blanks_5,16.614372687499213,0,919,baseline,1,0
32,5,0.9506172839506173,checkpoints/sudoku_extreme_hf/checkpoint,4,1,blanks_5,16.614372687499213,0,920,baseline,1,0
32,5,1.0,checkpoints/sudoku_extreme_hf/checkpoint,0,1,blanks_5,16.614372687499213,1,921,baseline,0,0
32,5,0.7777777777777778,checkpoints/sudoku_extreme_hf/checkpoint,16,1,blanks_5,16.614372687499213,0,922,baseline,1,0
32,5,1.0,checkpoints/sudoku_extreme_hf/checkpoint,0,1,blanks_5,16.614372687499213,1,923,baseline,0,0
32,5,0.9506172839506173,checkpoints/sudoku_extreme_hf/checkpoint,4,1,blanks_5,16.614372687499213,0,924,baseline,1,0
32,5,0.8888888888888888,checkpoints/sudoku_extreme_hf/checkpoint,8,1,blanks_5,16.614372687499213,0,925,baseline,1,0
32,5,1.0,checkpoints/sudoku_extreme_hf/checkpoint,0,1,blanks_5,16.614372687499213,1,926,baseline,0,0
32,5,1.0,checkpoints/sudoku_extreme_hf/checkpoint,0,1,blanks_5,16.614372687499213,1,927,baseline,0,0
32,5,0.8765432098765432,checkpoints/sudoku_extreme_hf/checkpoint,10,1,blanks_5,18.09110162500005,0,928,baseline,1,0
32,5,1.0,checkpoints/sudoku_extreme_hf/checkpoint,0,1,blanks_5,18.09110162500005,1,929,baseline,0,0
32,5,1.0,checkpoints/sudoku_extreme_hf/checkpoint,0,1,blanks_5,18.09110162500005,1,930,baseline,0,0
32,5,0.9012345679012346,checkpoints/sudoku_extreme_hf/checkpoint,8,1,blanks_5,18.09110162500005,0,931,baseline,1,0
32,5,1.0,checkpoints/sudoku_extreme_hf/checkpoint,0,1,blanks_5,18.09110162500005,1,932,baseline,0,0
32,5,1.0,checkpoints/sudoku_extreme_hf/checkpoint,0,1,blanks_5,18.09110162500005,1,933,baseline,0,0
32,5,0.9259259259259259,checkpoints/sudoku_extreme_hf/checkpoint,5,1,blanks_5,18.09110162500005,0,934,baseline,1,0
32,5,0.9259259259259259,checkpoints/sudoku_extreme_hf/checkpoint,5,1,blanks_5,18.09110162500005,0,935,baseline,1,0
32,5,0.9506172839506173,checkpoints/sudoku_extreme_hf/checkpoint,4,1,blanks_5,18.09110162500005,0,936,baseline,1,0
32,5,0.9259259259259259,checkpoints/sudoku_extreme_hf/checkpoint,5,1,blanks_5,18.09110162500005,0,937,baseline,1,0
32,5,1.0,checkpoints/sudoku_extreme_hf/checkpoint,0,1,blanks_5,18.09110162500005,1,938,baseline,0,0
32,5,1.0,checkpoints/sudoku_extreme_hf/checkpoint,0,1,blanks_5,18.09110162500005,1,939,baseline,0,0
32,5,0.9506172839506173,checkpoints/sudoku_extreme_hf/checkpoint,4,1,blanks_5,18.09110162500005,0,940,baseline,1,0
32,5,1.0,checkpoints/sudoku_extreme_hf/checkpoint,0,1,blanks_5,18.09110162500005,1,941,baseline,0,0
32,5,0.9012345679012346,checkpoints/sudoku_extreme_hf/checkpoint,8,1,blanks_5,18.09110162500005,0,942,baseline,1,0
32,5,0.9506172839506173,checkpoints/sudoku_extreme_hf/checkpoint,4,1,blanks_5,18.09110162500005,0,943,baseline,1,0
32,5,1.0,checkpoints/sudoku_extreme_hf/checkpoint,0,1,blanks_5,18.09110162500005,1,944,baseline,0,0
32,5,1.0,checkpoints/sudoku_extreme_hf/checkpoint,0,1,blanks_5,18.09110162500005,1,945,baseline,0,0
32,5,0.6790123456790124,checkpoints/sudoku_extreme_hf/checkpoint,24,1,blanks_5,18.09110162500005,0,946,baseline,1,0
32,5,0.6419753086419753,checkpoints/sudoku_extreme_hf/checkpoint,26,1,blanks_5,18.09110162500005,0,947,baseline,1,0
32,5,0.9506172839506173,checkpoints/sudoku_extreme_hf/checkpoint,4,1,blanks_5,18.09110162500005,0,948,baseline,1,0
32,5,0.7901234567901234,checkpoints/sudoku_extreme_hf/checkpoint,16,1,blanks_5,18.09110162500005,0,949,baseline,1,0
32,5,0.9135802469135802,checkpoints/sudoku_extreme_hf/checkpoint,5,1,blanks_5,18.09110162500005,0,950,baseline,1,0
32,5,1.0,checkpoints/sudoku_extreme_hf/checkpoint,0,1,blanks_5,18.09110162500005,1,951,baseline,0,0
32,5,1.0,checkpoints/sudoku_extreme_hf/checkpoint,0,1,blanks_5,18.09110162500005,1,952,baseline,0,0
32,5,1.0,checkpoints/sudoku_extreme_hf/checkpoint,0,1,blanks_5,18.09110162500005,1,953,baseline,0,0
32,5,0.8888888888888888,checkpoints/sudoku_extreme_hf/checkpoint,7,1,blanks_5,18.09110162500005,0,954,baseline,1,0
32,5,1.0,checkpoints/sudoku_extreme_hf/checkpoint,0,1,blanks_5,18.09110162500005,1,955,baseline,0,0
32,5,0.9259259259259259,checkpoints/sudoku_extreme_hf/checkpoint,6,1,blanks_5,18.09110162500005,0,956,baseline,1,0
32,5,0.8888888888888888,checkpoints/sudoku_extreme_hf/checkpoint,9,1,blanks_5,18.09110162500005,0,957,baseline,1,0
32,5,0.9259259259259259,checkpoints/sudoku_extreme_hf/checkpoint,6,1,blanks_5,18.09110162500005,0,958,baseline,1,0
32,5,0.9506172839506173,checkpoints/sudoku_extreme_hf/checkpoint,4,1,blanks_5,18.09110162500005,0,959,baseline,1,0
32,5,0.7901234567901234,checkpoints/sudoku_extreme_hf/checkpoint,16,1,blanks_5,17.750353906249572,0,960,baseline,1,0
32,5,1.0,checkpoints/sudoku_extreme_hf/checkpoint,0,1,blanks_5,17.750353906249572,1,961,baseline,0,0
32,5,0.9506172839506173,checkpoints/sudoku_extreme_hf/checkpoint,3,1,blanks_5,17.750353906249572,0,962,baseline,1,0
32,5,1.0,checkpoints/sudoku_extreme_hf/checkpoint,0,1,blanks_5,17.750353906249572,1,963,baseline,0,0
32,5,0.7654320987654321,checkpoints/sudoku_extreme_hf/checkpoint,17,1,blanks_5,17.750353906249572,0,964,baseline,1,0
32,5,0.9506172839506173,checkpoints/sudoku_extreme_hf/checkpoint,4,1,blanks_5,17.750353906249572,0,965,baseline,1,0
32,5,0.9259259259259259,checkpoints/sudoku_extreme_hf/checkpoint,6,1,blanks_5,17.750353906249572,0,966,baseline,1,0
32,5,0.9135802469135802,checkpoints/sudoku_extreme_hf/checkpoint,7,1,blanks_5,17.750353906249572,0,967,baseline,1,0
32,5,1.0,checkpoints/sudoku_extreme_hf/checkpoint,0,1,blanks_5,17.750353906249572,1,968,baseline,0,0
32,5,1.0,checkpoints/sudoku_extreme_hf/checkpoint,0,1,blanks_5,17.750353906249572,1,969,baseline,0,0
32,5,0.9135802469135802,checkpoints/sudoku_extreme_hf/checkpoint,5,1,blanks_5,17.750353906249572,0,970,baseline,1,0
32,5,0.9506172839506173,checkpoints/sudoku_extreme_hf/checkpoint,4,1,blanks_5,17.750353906249572,0,971,baseline,1,0
32,5,1.0,checkpoints/sudoku_extreme_hf/checkpoint,0,1,blanks_5,17.750353906249572,1,972,baseline,0,0
32,5,0.8024691358024691,checkpoints/sudoku_extreme_hf/checkpoint,13,1,blanks_5,17.750353906249572,0,973,baseline,1,0
32,5,1.0,checkpoints/sudoku_extreme_hf/checkpoint,0,1,blanks_5,17.750353906249572,1,974,baseline,0,0
32,5,0.9506172839506173,checkpoints/sudoku_extreme_hf/checkpoint,4,1,blanks_5,17.750353906249572,0,975,baseline,1,0
32,5,0.9506172839506173,checkpoints/sudoku_extreme_hf/checkpoint,3,1,blanks_5,17.750353906249572,0,976,baseline,1,0
32,5,0.9259259259259259,checkpoints/sudoku_extreme_hf/checkpoint,6,1,blanks_5,17.750353906249572,0,977,baseline,1,0
32,5,1.0,checkpoints/sudoku_extreme_hf/checkpoint,0,1,blanks_5,17.750353906249572,1,978,baseline,0,0
32,5,1.0,checkpoints/sudoku_extreme_hf/checkpoint,0,1,blanks_5,17.750353906249572,1,979,baseline,0,0
32,5,1.0,checkpoints/sudoku_extreme_hf/checkpoint,0,1,blanks_5,17.750353906249572,1,980,baseline,0,0
32,5,1.0,checkpoints/sudoku_extreme_hf/checkpoint,0,1,blanks_5,17.750353906249572,1,981,baseline,0,0
32,5,0.8518518518518519,checkpoints/sudoku_extreme_hf/checkpoint,10,1,blanks_5,17.750353906249572,0,982,baseline,1,0
32,5,1.0,checkpoints/sudoku_extreme_hf/checkpoint,0,1,blanks_5,17.750353906249572,1,983,baseline,0,0
32,5,0.9506172839506173,checkpoints/sudoku_extreme_hf/checkpoint,3,1,blanks_5,17.750353906249572,0,984,baseline,1,0
32,5,1.0,checkpoints/sudoku_extreme_hf/checkpoint,0,1,blanks_5,17.750353906249572,1,985,baseline,0,0
32,5,1.0,checkpoints/sudoku_extreme_hf/checkpoint,0,1,blanks_5,17.750353906249572,1,986,baseline,0,0
32,5,1.0,checkpoints/sudoku_extreme_hf/checkpoint,0,1,blanks_5,17.750353906249572,1,987,baseline,0,0
32,5,1.0,checkpoints/sudoku_extreme_hf/checkpoint,0,1,blanks_5,17.750353906249572,1,988,baseline,0,0
32,5,0.9506172839506173,checkpoints/sudoku_extreme_hf/checkpoint,4,1,blanks_5,17.750353906249572,0,989,baseline,1,0
32,5,1.0,checkpoints/sudoku_extreme_hf/checkpoint,0,1,blanks_5,17.750353906249572,1,990,baseline,0,0
32,5,0.8888888888888888,checkpoints/sudoku_extreme_hf/checkpoint,7,1,blanks_5,17.750353906249572,0,991,baseline,1,0
32,5,1.0,checkpoints/sudoku_extreme_hf/checkpoint,0,1,blanks_5,66.2155145000014,1,992,baseline,0,0
32,5,1.0,checkpoints/sudoku_extreme_hf/checkpoint,0,1,blanks_5,66.2155145000014,1,993,baseline,0,0
32,5,0.9259259259259259,checkpoints/sudoku_extreme_hf/checkpoint,5,1,blanks_5,66.2155145000014,0,994,baseline,1,0
32,5,0.8518518518518519,checkpoints/sudoku_extreme_hf/checkpoint,10,1,blanks_5,66.2155145000014,0,995,baseline,1,0
32,5,1.0,checkpoints/sudoku_extreme_hf/checkpoint,0,1,blanks_5,66.2155145000014,1,996,baseline,0,0
32,5,0.7777777777777778,checkpoints/sudoku_extreme_hf/checkpoint,16,1,blanks_5,66.2155145000014,0,997,baseline,1,0
32,5,1.0,checkpoints/sudoku_extreme_hf/checkpoint,0,1,blanks_5,66.2155145000014,1,998,baseline,0,0
32,5,1.0,checkpoints/sudoku_extreme_hf/checkpoint,0,1,blanks_5,66.2155145000014,1,999,baseline,0,0
32,10,1.0,checkpoints/sudoku_extreme_hf/checkpoint,0,1,blanks_10,17.448110218751367,1,0,baseline,0,0
32,10,1.0,checkpoints/sudoku_extreme_hf/checkpoint,0,1,blanks_10,17.448110218751367,1,1,baseline,0,0
32,10,1.0,checkpoints/sudoku_extreme_hf/checkpoint,0,1,blanks_10,17.448110218751367,1,2,baseline,0,0
32,10,1.0,checkpoints/sudoku_extreme_hf/checkpoint,0,1,blanks_10,17.448110218751367,1,3,baseline,0,0
32,10,0.9506172839506173,checkpoints/sudoku_extreme_hf/checkpoint,2,1,blanks_10,17.448110218751367,0,4,baseline,1,0
32,10,1.0,checkpoints/sudoku_extreme_hf/checkpoint,0,1,blanks_10,17.448110218751367,1,5,baseline,0,0
32,10,1.0,checkpoints/sudoku_extreme_hf/checkpoint,0,1,blanks_10,17.448110218751367,1,6,baseline,0,0
32,10,1.0,checkpoints/sudoku_extreme_hf/checkpoint,0,1,blanks_10,17.448110218751367,1,7,baseline,0,0
32,10,1.0,checkpoints/sudoku_extreme_hf/checkpoint,0,1,blanks_10,17.448110218751367,1,8,baseline,0,0
32,10,1.0,checkpoints/sudoku_extreme_hf/checkpoint,0,1,blanks_10,17.448110218751367,1,9,baseline,0,0
32,10,1.0,checkpoints/sudoku_extreme_hf/checkpoint,0,1,blanks_10,17.448110218751367,1,10,baseline,0,0
32,10,1.0,checkpoints/sudoku_extreme_hf/checkpoint,0,1,blanks_10,17.448110218751367,1,11,baseline,0,0
32,10,1.0,checkpoints/sudoku_extreme_hf/checkpoint,0,1,blanks_10,17.448110218751367,1,12,baseline,0,0
32,10,1.0,checkpoints/sudoku_extreme_hf/checkpoint,0,1,blanks_10,17.448110218751367,1,13,baseline,0,0
32,10,1.0,checkpoints/sudoku_extreme_hf/checkpoint,0,1,blanks_10,17.448110218751367,1,14,baseline,0,0
32,10,1.0,checkpoints/sudoku_extreme_hf/checkpoint,0,1,blanks_10,17.448110218751367,1,15,baseline,0,0
32,10,1.0,checkpoints/sudoku_extreme_hf/checkpoint,0,1,blanks_10,17.448110218751367,1,16,baseline,0,0
32,10,1.0,checkpoints/sudoku_extreme_hf/checkpoint,0,1,blanks_10,17.448110218751367,1,17,baseline,0,0
32,10,1.0,checkpoints/sudoku_extreme_hf/checkpoint,0,1,blanks_10,17.448110218751367,1,18,baseline,0,0
32,10,1.0,checkpoints/sudoku_extreme_hf/checkpoint,0,1,blanks_10,17.448110218751367,1,19,baseline,0,0
32,10,1.0,checkpoints/sudoku_extreme_hf/checkpoint,0,1,blanks_10,17.448110218751367,1,20,baseline,0,0
32,10,1.0,checkpoints/sudoku_extreme_hf/checkpoint,0,1,blanks_10,17.448110218751367,1,21,baseline,0,0
32,10,1.0,checkpoints/sudoku_extreme_hf/checkpoint,0,1,blanks_10,17.448110218751367,1,22,baseline,0,0
32,10,1.0,checkpoints/sudoku_extreme_hf/checkpoint,0,1,blanks_10,17.448110218751367,1,23,baseline,0,0
32,10,1.0,checkpoints/sudoku_extreme_hf/checkpoint,0,1,blanks_10,17.448110218751367,1,24,baseline,0,0
32,10,1.0,checkpoints/sudoku_extreme_hf/checkpoint,0,1,blanks_10,17.448110218751367,1,25,baseline,0,0
32,10,0.9506172839506173,checkpoints/sudoku_extreme_hf/checkpoint,2,1,blanks_10,17.448110218751367,0,26,baseline,1,0
32,10,1.0,checkpoints/sudoku_extreme_hf/checkpoint,0,1,blanks_10,17.448110218751367,1,27,baseline,0,0
32,10,1.0,checkpoints/sudoku_extreme_hf/checkpoint,0,1,blanks_10,17.448110218751367,1,28,baseline,0,0
32,10,1.0,checkpoints/sudoku_extreme_hf/checkpoint,0,1,blanks_10,17.448110218751367,1,29,baseline,0,0
32,10,1.0,checkpoints/sudoku_extreme_hf/checkpoint,0,1,blanks_10,17.448110218751367,1,30,baseline,0,0
32,10,1.0,checkpoints/sudoku_extreme_hf/checkpoint,0,1,blanks_10,17.448110218751367,1,31,baseline,0,0
32,10,1.0,checkpoints/sudoku_extreme_hf/checkpoint,0,1,blanks_10,18.02780771874879,1,32,baseline,0,0
32,10,1.0,checkpoints/sudoku_extreme_hf/checkpoint,0,1,blanks_10,18.02780771874879,1,33,baseline,0,0
32,10,1.0,checkpoints/sudoku_extreme_hf/checkpoint,0,1,blanks_10,18.02780771874879,1,34,baseline,0,0
32,10,1.0,checkpoints/sudoku_extreme_hf/checkpoint,0,1,blanks_10,18.02780771874879,1,35,baseline,0,0
32,10,1.0,checkpoints/sudoku_extreme_hf/checkpoint,0,1,blanks_10,18.02780771874879,1,36,baseline,0,0
32,10,1.0,checkpoints/sudoku_extreme_hf/checkpoint,0,1,blanks_10,18.02780771874879,1,37,baseline,0,0
32,10,1.0,checkpoints/sudoku_extreme_hf/checkpoint,0,1,blanks_10,18.02780771874879,1,38,baseline,0,0
32,10,1.0,checkpoints/sudoku_extreme_hf/checkpoint,0,1,blanks_10,18.02780771874879,1,39,baseline,0,0
32,10,1.0,checkpoints/sudoku_extreme_hf/checkpoint,0,1,blanks_10,18.02780771874879,1,40,baseline,0,0
32,10,1.0,checkpoints/sudoku_extreme_hf/checkpoint,0,1,blanks_10,18.02780771874879,1,41,baseline,0,0
32,10,1.0,checkpoints/sudoku_extreme_hf/checkpoint,0,1,blanks_10,18.02780771874879,1,42,baseline,0,0
32,10,1.0,checkpoints/sudoku_extreme_hf/checkpoint,0,1,blanks_10,18.02780771874879,1,43,baseline,0,0
32,10,1.0,checkpoints/sudoku_extreme_hf/checkpoint,0,1,blanks_10,18.02780771874879,1,44,baseline,0,0
32,10,1.0,checkpoints/sudoku_extreme_hf/checkpoint,0,1,blanks_10,18.02780771874879,1,45,baseline,0,0
32,10,1.0,checkpoints/sudoku_extreme_hf/checkpoint,0,1,blanks_10,18.02780771874879,1,46,baseline,0,0
32,10,0.9506172839506173,checkpoints/sudoku_extreme_hf/checkpoint,2,1,blanks_10,18.02780771874879,0,47,baseline,1,0
32,10,0.9259259259259259,checkpoints/sudoku_extreme_hf/checkpoint,4,1,blanks_10,18.02780771874879,0,48,baseline,1,0
32,10,1.0,checkpoints/sudoku_extreme_hf/checkpoint,0,1,blanks_10,18.02780771874879,1,49,baseline,0,0
32,10,1.0,checkpoints/sudoku_extreme_hf/checkpoint,0,1,blanks_10,18.02780771874879,1,50,baseline,0,0
32,10,1.0,checkpoints/sudoku_extreme_hf/checkpoint,0,1,blanks_10,18.02780771874879,1,51,baseline,0,0
32,10,1.0,checkpoints/sudoku_extreme_hf/checkpoint,0,1,blanks_10,18.02780771874879,1,52,baseline,0,0
32,10,1.0,checkpoints/sudoku_extreme_hf/checkpoint,0,1,blanks_10,18.02780771874879,1,53,baseline,0,0
32,10,1.0,checkpoints/sudoku_extreme_hf/checkpoint,0,1,blanks_10,18.02780771874879,1,54,baseline,0,0
32,10,1.0,checkpoints/sudoku_extreme_hf/checkpoint,0,1,blanks_10,18.02780771874879,1,55,baseline,0,0
32,10,1.0,checkpoints/sudoku_extreme_hf/checkpoint,0,1,blanks_10,18.02780771874879,1,56,baseline,0,0
32,10,1.0,checkpoints/sudoku_extreme_hf/checkpoint,0,1,blanks_10,18.02780771874879,1,57,baseline,0,0
32,10,1.0,checkpoints/sudoku_extreme_hf/checkpoint,0,1,blanks_10,18.02780771874879,1,58,baseline,0,0
32,10,1.0,checkpoints/sudoku_extreme_hf/checkpoint,0,1,blanks_10,18.02780771874879,1,59,baseline,0,0
32,10,1.0,checkpoints/sudoku_extreme_hf/checkpoint,0,1,blanks_10,18.02780771874879,1,60,baseline,0,0
32,10,1.0,checkpoints/sudoku_extreme_hf/checkpoint,0,1,blanks_10,18.02780771874879,1,61,baseline,0,0
32,10,1.0,checkpoints/sudoku_extreme_hf/checkpoint,0,1,blanks_10,18.02780771874879,1,62,baseline,0,0
32,10,1.0,checkpoints/sudoku_extreme_hf/checkpoint,0,1,blanks_10,18.02780771874879,1,63,baseline,0,0
32,10,1.0,checkpoints/sudoku_extreme_hf/checkpoint,0,1,blanks_10,19.34043387499962,1,64,baseline,0,0
32,10,1.0,checkpoints/sudoku_extreme_hf/checkpoint,0,1,blanks_10,19.34043387499962,1,65,baseline,0,0
32,10,1.0,checkpoints/sudoku_extreme_hf/checkpoint,0,1,blanks_10,19.34043387499962,1,66,baseline,0,0
32,10,1.0,checkpoints/sudoku_extreme_hf/checkpoint,0,1,blanks_10,19.34043387499962,1,67,baseline,0,0
32,10,1.0,checkpoints/sudoku_extreme_hf/checkpoint,0,1,blanks_10,19.34043387499962,1,68,baseline,0,0
32,10,1.0,checkpoints/sudoku_extreme_hf/checkpoint,0,1,blanks_10,19.34043387499962,1,69,baseline,0,0
32,10,1.0,checkpoints/sudoku_extreme_hf/checkpoint,0,1,blanks_10,19.34043387499962,1,70,baseline,0,0
32,10,1.0,checkpoints/sudoku_extreme_hf/checkpoint,0,1,blanks_10,19.34043387499962,1,71,baseline,0,0
32,10,1.0,checkpoints/sudoku_extreme_hf/checkpoint,0,1,blanks_10,19.34043387499962,1,72,baseline,0,0
32,10,1.0,checkpoints/sudoku_extreme_hf/checkpoint,0,1,blanks_10,19.34043387499962,1,73,baseline,0,0
32,10,1.0,checkpoints/sudoku_extreme_hf/checkpoint,0,1,blanks_10,19.34043387499962,1,74,baseline,0,0
32,10,1.0,checkpoints/sudoku_extreme_hf/checkpoint,0,1,blanks_10,19.34043387499962,1,75,baseline,0,0
32,10,1.0,checkpoints/sudoku_extreme_hf/checkpoint,0,1,blanks_10,19.34043387499962,1,76,baseline,0,0
32,10,1.0,checkpoints/sudoku_extreme_hf/checkpoint,0,1,blanks_10,19.34043387499962,1,77,baseline,0,0
32,10,1.0,checkpoints/sudoku_extreme_hf/checkpoint,0,1,blanks_10,19.34043387499962,1,78,baseline,0,0
32,10,1.0,checkpoints/sudoku_extreme_hf/checkpoint,0,1,blanks_10,19.34043387499962,1,79,baseline,0,0
32,10,1.0,checkpoints/sudoku_extreme_hf/checkpoint,0,1,blanks_10,19.34043387499962,1,80,baseline,0,0
32,10,1.0,checkpoints/sudoku_extreme_hf/checkpoint,0,1,blanks_10,19.34043387499962,1,81,baseline,0,0
32,10,1.0,checkpoints/sudoku_extreme_hf/checkpoint,0,1,blanks_10,19.34043387499962,1,82,baseline,0,0
32,10,1.0,checkpoints/sudoku_extreme_hf/checkpoint,0,1,blanks_10,19.34043387499962,1,83,baseline,0,0
32,10,0.9506172839506173,checkpoints/sudoku_extreme_hf/checkpoint,1,1,blanks_10,19.34043387499962,0,84,baseline,1,0
32,10,1.0,checkpoints/sudoku_extreme_hf/checkpoint,0,1,blanks_10,19.34043387499962,1,85,baseline,0,0
32,10,1.0,checkpoints/sudoku_extreme_hf/checkpoint,0,1,blanks_10,19.34043387499962,1,86,baseline,0,0
32,10,1.0,checkpoints/sudoku_extreme_hf/checkpoint,0,1,blanks_10,19.34043387499962,1,87,baseline,0,0
32,10,0.9506172839506173,checkpoints/sudoku_extreme_hf/checkpoint,2,1,blanks_10,19.34043387499962,0,88,baseline,1,0
32,10,0.9506172839506173,checkpoints/sudoku_extreme_hf/checkpoint,2,1,blanks_10,19.34043387499962,0,89,baseline,1,0
32,10,1.0,checkpoints/sudoku_extreme_hf/checkpoint,0,1,blanks_10,19.34043387499962,1,90,baseline,0,0
32,10,1.0,checkpoints/sudoku_extreme_hf/checkpoint,0,1,blanks_10,19.34043387499962,1,91,baseline,0,0
32,10,1.0,checkpoints/sudoku_extreme_hf/checkpoint,0,1,blanks_10,19.34043387499962,1,92,baseline,0,0
32,10,1.0,checkpoints/sudoku_extreme_hf/checkpoint,0,1,blanks_10,19.34043387499962,1,93,baseline,0,0
32,10,1.0,checkpoints/sudoku_extreme_hf/checkpoint,0,1,blanks_10,19.34043387499962,1,94,baseline,0,0
32,10,1.0,checkpoints/sudoku_extreme_hf/checkpoint,0,1,blanks_10,19.34043387499962,1,95,baseline,0,0
32,10,1.0,checkpoints/sudoku_extreme_hf/checkpoint,0,1,blanks_10,18.545852375000393,1,96,baseline,0,0
32,10,0.9506172839506173,checkpoints/sudoku_extreme_hf/checkpoint,3,1,blanks_10,18.545852375000393,0,97,baseline,1,0
32,10,1.0,checkpoints/sudoku_extreme_hf/checkpoint,0,1,blanks_10,18.545852375000393,1,98,baseline,0,0
32,10,0.9506172839506173,checkpoints/sudoku_extreme_hf/checkpoint,2,1,blanks_10,18.545852375000393,0,99,baseline,1,0
32,10,1.0,checkpoints/sudoku_extreme_hf/checkpoint,0,1,blanks_10,18.545852375000393,1,100,baseline,0,0
32,10,1.0,checkpoints/sudoku_extreme_hf/checkpoint,0,1,blanks_10,18.545852375000393,1,101,baseline,0,0
32,10,1.0,checkpoints/sudoku_extreme_hf/checkpoint,0,1,blanks_10,18.545852375000393,1,102,baseline,0,0
32,10,1.0,checkpoints/sudoku_extreme_hf/checkpoint,0,1,blanks_10,18.545852375000393,1,103,baseline,0,0
32,10,1.0,checkpoints/sudoku_extreme_hf/checkpoint,0,1,blanks_10,18.545852375000393,1,104,baseline,0,0
32,10,1.0,checkpoints/sudoku_extreme_hf/checkpoint,0,1,blanks_10,18.545852375000393,1,105,baseline,0,0
32,10,1.0,checkpoints/sudoku_extreme_hf/checkpoint,0,1,blanks_10,18.545852375000393,1,106,baseline,0,0
32,10,1.0,checkpoints/sudoku_extreme_hf/checkpoint,0,1,blanks_10,18.545852375000393,1,107,baseline,0,0
32,10,1.0,checkpoints/sudoku_extreme_hf/checkpoint,0,1,blanks_10,18.545852375000393,1,108,baseline,0,0
32,10,1.0,checkpoints/sudoku_extreme_hf/checkpoint,0,1,blanks_10,18.545852375000393,1,109,baseline,0,0
32,10,1.0,checkpoints/sudoku_extreme_hf/checkpoint,0,1,blanks_10,18.545852375000393,1,110,baseline,0,0
32,10,1.0,checkpoints/sudoku_extreme_hf/checkpoint,0,1,blanks_10,18.545852375000393,1,111,baseline,0,0
32,10,1.0,checkpoints/sudoku_extreme_hf/checkpoint,0,1,blanks_10,18.545852375000393,1,112,baseline,0,0
32,10,1.0,checkpoints/sudoku_extreme_hf/checkpoint,0,1,blanks_10,18.545852375000393,1,113,baseline,0,0
32,10,1.0,checkpoints/sudoku_extreme_hf/checkpoint,0,1,blanks_10,18.545852375000393,1,114,baseline,0,0
32,10,1.0,checkpoints/sudoku_extreme_hf/checkpoint,0,1,blanks_10,18.545852375000393,1,115,baseline,0,0
32,10,1.0,checkpoints/sudoku_extreme_hf/checkpoint,0,1,blanks_10,18.545852375000393,1,116,baseline,0,0
32,10,0.9506172839506173,checkpoints/sudoku_extreme_hf/checkpoint,3,1,blanks_10,18.545852375000393,0,117,baseline,1,0
32,10,1.0,checkpoints/sudoku_extreme_hf/checkpoint,0,1,blanks_10,18.545852375000393,1,118,baseline,0,0
32,10,1.0,checkpoints/sudoku_extreme_hf/checkpoint,0,1,blanks_10,18.545852375000393,1,119,baseline,0,0
32,10,1.0,checkpoints/sudoku_extreme_hf/checkpoint,0,1,blanks_10,18.545852375000393,1,120,baseline,0,0
32,10,1.0,checkpoints/sudoku_extreme_hf/checkpoint,0,1,blanks_10,18.545852375000393,1,121,baseline,0,0
32,10,1.0,checkpoints/sudoku_extreme_hf/checkpoint,0,1,blanks_10,18.545852375000393,1,122,baseline,0,0
32,10,1.0,checkpoints/sudoku_extreme_hf/checkpoint,0,1,blanks_10,18.545852375000393,1,123,baseline,0,0
32,10,0.9506172839506173,checkpoints/sudoku_extreme_hf/checkpoint,3,1,blanks_10,18.545852375000393,0,124,baseline,1,0
32,10,1.0,checkpoints/sudoku_extreme_hf/checkpoint,0,1,blanks_10,18.545852375000393,1,125,baseline,0,0
32,10,1.0,checkpoints/sudoku_extreme_hf/checkpoint,0,1,blanks_10,18.545852375000393,1,126,baseline,0,0
32,10,1.0,checkpoints/sudoku_extreme_hf/checkpoint,0,1,blanks_10,18.545852375000393,1,127,baseline,0,0
32,10,1.0,checkpoints/sudoku_extreme_hf/checkpoint,0,1,blanks_10,19.800136749999808,1,128,baseline,0,0
32,10,1.0,checkpoints/sudoku_extreme_hf/checkpoint,0,1,blanks_10,19.800136749999808,1,129,baseline,0,0
32,10,1.0,checkpoints/sudoku_extreme_hf/checkpoint,0,1,blanks_10,19.800136749999808,1,130,baseline,0,0
32,10,1.0,checkpoints/sudoku_extreme_hf/checkpoint,0,1,blanks_10,19.800136749999808,1,131,baseline,0,0
32,10,1.0,checkpoints/sudoku_extreme_hf/checkpoint,0,1,blanks_10,19.800136749999808,1,132,baseline,0,0
32,10,1.0,checkpoints/sudoku_extreme_hf/checkpoint,0,1,blanks_10,19.800136749999808,1,133,baseline,0,0
32,10,1.0,checkpoints/sudoku_extreme_hf/checkpoint,0,1,blanks_10,19.800136749999808,1,134,baseline,0,0
32,10,1.0,checkpoints/sudoku_extreme_hf/checkpoint,0,1,blanks_10,19.800136749999808,1,135,baseline,0,0
32,10,1.0,checkpoints/sudoku_extreme_hf/checkpoint,0,1,blanks_10,19.800136749999808,1,136,baseline,0,0
32,10,1.0,checkpoints/sudoku_extreme_hf/checkpoint,0,1,blanks_10,19.800136749999808,1,137,baseline,0,0
32,10,1.0,checkpoints/sudoku_extreme_hf/checkpoint,0,1,blanks_10,19.800136749999808,1,138,baseline,0,0
32,10,0.9506172839506173,checkpoints/sudoku_extreme_hf/checkpoint,2,1,blanks_10,19.800136749999808,0,139,baseline,1,0
32,10,0.9506172839506173,checkpoints/sudoku_extreme_hf/checkpoint,3,1,blanks_10,19.800136749999808,0,140,baseline,1,0
32,10,1.0,checkpoints/sudoku_extreme_hf/checkpoint,0,1,blanks_10,19.800136749999808,1,141,baseline,0,0
32,10,1.0,checkpoints/sudoku_extreme_hf/checkpoint,0,1,blanks_10,19.800136749999808,1,142,baseline,0,0
32,10,0.9506172839506173,checkpoints/sudoku_extreme_hf/checkpoint,4,1,blanks_10,19.800136749999808,0,143,baseline,1,0
32,10,1.0,checkpoints/sudoku_extreme_hf/checkpoint,0,1,blanks_10,19.800136749999808,1,144,baseline,0,0
32,10,1.0,checkpoints/sudoku_extreme_hf/checkpoint,0,1,blanks_10,19.800136749999808,1,145,baseline,0,0
32,10,1.0,checkpoints/sudoku_extreme_hf/checkpoint,0,1,blanks_10,19.800136749999808,1,146,baseline,0,0
32,10,1.0,checkpoints/sudoku_extreme_hf/checkpoint,0,1,blanks_10,19.800136749999808,1,147,baseline,0,0
32,10,1.0,checkpoints/sudoku_extreme_hf/checkpoint,0,1,blanks_10,19.800136749999808,1,148,baseline,0,0
32,10,1.0,checkpoints/sudoku_extreme_hf/checkpoint,0,1,blanks_10,19.800136749999808,1,149,baseline,0,0
32,10,1.0,checkpoints/sudoku_extreme_hf/checkpoint,0,1,blanks_10,19.800136749999808,1,150,baseline,0,0
32,10,1.0,checkpoints/sudoku_extreme_hf/checkpoint,0,1,blanks_10,19.800136749999808,1,151,baseline,0,0
32,10,1.0,checkpoints/sudoku_extreme_hf/checkpoint,0,1,blanks_10,19.800136749999808,1,152,baseline,0,0
32,10,1.0,checkpoints/sudoku_extreme_hf/checkpoint,0,1,blanks_10,19.800136749999808,1,153,baseline,0,0
32,10,1.0,checkpoints/sudoku_extreme_hf/checkpoint,0,1,blanks_10,19.800136749999808,1,154,baseline,0,0
32,10,1.0,checkpoints/sudoku_extreme_hf/checkpoint,0,1,blanks_10,19.800136749999808,1,155,baseline,0,0
32,10,1.0,checkpoints/sudoku_extreme_hf/checkpoint,0,1,blanks_10,19.800136749999808,1,156,baseline,0,0
32,10,1.0,checkpoints/sudoku_extreme_hf/checkpoint,0,1,blanks_10,19.800136749999808,1,157,baseline,0,0
32,10,1.0,checkpoints/sudoku_extreme_hf/checkpoint,0,1,blanks_10,19.800136749999808,1,158,baseline,0,0
32,10,1.0,checkpoints/sudoku_extreme_hf/checkpoint,0,1,blanks_10,19.800136749999808,1,159,baseline,0,0
32,10,1.0,checkpoints/sudoku_extreme_hf/checkpoint,0,1,blanks_10,17.905378062499366,1,160,baseline,0,0
32,10,1.0,checkpoints/sudoku_extreme_hf/checkpoint,0,1,blanks_10,17.905378062499366,1,161,baseline,0,0
32,10,1.0,checkpoints/sudoku_extreme_hf/checkpoint,0,1,blanks_10,17.905378062499366,1,162,baseline,0,0
32,10,1.0,checkpoints/sudoku_extreme_hf/checkpoint,0,1,blanks_10,17.905378062499366,1,163,baseline,0,0
32,10,1.0,checkpoints/sudoku_extreme_hf/checkpoint,0,1,blanks_10,17.905378062499366,1,164,baseline,0,0
32,10,1.0,checkpoints/sudoku_extreme_hf/checkpoint,0,1,blanks_10,17.905378062499366,1,165,baseline,0,0
32,10,1.0,checkpoints/sudoku_extreme_hf/checkpoint,0,1,blanks_10,17.905378062499366,1,166,baseline,0,0
32,10,1.0,checkpoints/sudoku_extreme_hf/checkpoint,0,1,blanks_10,17.905378062499366,1,167,baseline,0,0
32,10,1.0,checkpoints/sudoku_extreme_hf/checkpoint,0,1,blanks_10,17.905378062499366,1,168,baseline,0,0
32,10,1.0,checkpoints/sudoku_extreme_hf/checkpoint,0,1,blanks_10,17.905378062499366,1,169,baseline,0,0
32,10,1.0,checkpoints/sudoku_extreme_hf/checkpoint,0,1,blanks_10,17.905378062499366,1,170,baseline,0,0
32,10,1.0,checkpoints/sudoku_extreme_hf/checkpoint,0,1,blanks_10,17.905378062499366,1,171,baseline,0,0
32,10,1.0,checkpoints/sudoku_extreme_hf/checkpoint,0,1,blanks_10,17.905378062499366,1,172,baseline,0,0
32,10,1.0,checkpoints/sudoku_extreme_hf/checkpoint,0,1,blanks_10,17.905378062499366,1,173,baseline,0,0
32,10,1.0,checkpoints/sudoku_extreme_hf/checkpoint,0,1,blanks_10,17.905378062499366,1,174,baseline,0,0
32,10,1.0,checkpoints/sudoku_extreme_hf/checkpoint,0,1,blanks_10,17.905378062499366,1,175,baseline,0,0
32,10,1.0,checkpoints/sudoku_extreme_hf/checkpoint,0,1,blanks_10,17.905378062499366,1,176,baseline,0,0
32,10,1.0,checkpoints/sudoku_extreme_hf/checkpoint,0,1,blanks_10,17.905378062499366,1,177,baseline,0,0
32,10,1.0,checkpoints/sudoku_extreme_hf/checkpoint,0,1,blanks_10,17.905378062499366,1,178,baseline,0,0
32,10,1.0,checkpoints/sudoku_extreme_hf/checkpoint,0,1,blanks_10,17.905378062499366,1,179,baseline,0,0
32,10,1.0,checkpoints/sudoku_extreme_hf/checkpoint,0,1,blanks_10,17.905378062499366,1,180,baseline,0,0
32,10,1.0,checkpoints/sudoku_extreme_hf/checkpoint,0,1,blanks_10,17.905378062499366,1,181,baseline,0,0
32,10,1.0,checkpoints/sudoku_extreme_hf/checkpoint,0,1,blanks_10,17.905378062499366,1,182,baseline,0,0
32,10,1.0,checkpoints/sudoku_extreme_hf/checkpoint,0,1,blanks_10,17.905378062499366,1,183,baseline,0,0
32,10,0.9506172839506173,checkpoints/sudoku_extreme_hf/checkpoint,1,1,blanks_10,17.905378062499366,0,184,baseline,1,0
32,10,1.0,checkpoints/sudoku_extreme_hf/checkpoint,0,1,blanks_10,17.905378062499366,1,185,baseline,0,0
32,10,1.0,checkpoints/sudoku_extreme_hf/checkpoint,0,1,blanks_10,17.905378062499366,1,186,baseline,0,0
32,10,1.0,checkpoints/sudoku_extreme_hf/checkpoint,0,1,blanks_10,17.905378062499366,1,187,baseline,0,0
32,10,1.0,checkpoints/sudoku_extreme_hf/checkpoint,0,1,blanks_10,17.905378062499366,1,188,baseline,0,0
32,10,1.0,checkpoints/sudoku_extreme_hf/checkpoint,0,1,blanks_10,17.905378062499366,1,189,baseline,0,0
32,10,1.0,checkpoints/sudoku_extreme_hf/checkpoint,0,1,blanks_10,17.905378062499366,1,190,baseline,0,0
32,10,1.0,checkpoints/sudoku_extreme_hf/checkpoint,0,1,blanks_10,17.905378062499366,1,191,baseline,0,0
32,10,1.0,checkpoints/sudoku_extreme_hf/checkpoint,0,1,blanks_10,17.95788037499868,1,192,baseline,0,0
32,10,1.0,checkpoints/sudoku_extreme_hf/checkpoint,0,1,blanks_10,17.95788037499868,1,193,baseline,0,0
32,10,1.0,checkpoints/sudoku_extreme_hf/checkpoint,0,1,blanks_10,17.95788037499868,1,194,baseline,0,0
32,10,1.0,checkpoints/sudoku_extreme_hf/checkpoint,0,1,blanks_10,17.95788037499868,1,195,baseline,0,0
32,10,1.0,checkpoints/sudoku_extreme_hf/checkpoint,0,1,blanks_10,17.95788037499868,1,196,baseline,0,0
32,10,1.0,checkpoints/sudoku_extreme_hf/checkpoint,0,1,blanks_10,17.95788037499868,1,197,baseline,0,0
32,10,1.0,checkpoints/sudoku_extreme_hf/checkpoint,0,1,blanks_10,17.95788037499868,1,198,baseline,0,0
32,10,1.0,checkpoints/sudoku_extreme_hf/checkpoint,0,1,blanks_10,17.95788037499868,1,199,baseline,0,0
32,10,1.0,checkpoints/sudoku_extreme_hf/checkpoint,0,1,blanks_10,17.95788037499868,1,200,baseline,0,0
32,10,1.0,checkpoints/sudoku_extreme_hf/checkpoint,0,1,blanks_10,17.95788037499868,1,201,baseline,0,0
32,10,1.0,checkpoints/sudoku_extreme_hf/checkpoint,0,1,blanks_10,17.95788037499868,1,202,baseline,0,0
32,10,1.0,checkpoints/sudoku_extreme_hf/checkpoint,0,1,blanks_10,17.95788037499868,1,203,baseline,0,0
32,10,1.0,checkpoints/sudoku_extreme_hf/checkpoint,0,1,blanks_10,17.95788037499868,1,204,baseline,0,0
32,10,1.0,checkpoints/sudoku_extreme_hf/checkpoint,0,1,blanks_10,17.95788037499868,1,205,baseline,0,0
32,10,1.0,checkpoints/sudoku_extreme_hf/checkpoint,0,1,blanks_10,17.95788037499868,1,206,baseline,0,0
32,10,1.0,checkpoints/sudoku_extreme_hf/checkpoint,0,1,blanks_10,17.95788037499868,1,207,baseline,0,0
32,10,1.0,checkpoints/sudoku_extreme_hf/checkpoint,0,1,blanks_10,17.95788037499868,1,208,baseline,0,0
32,10,1.0,checkpoints/sudoku_extreme_hf/checkpoint,0,1,blanks_10,17.95788037499868,1,209,baseline,0,0
32,10,1.0,checkpoints/sudoku_extreme_hf/checkpoint,0,1,blanks_10,17.95788037499868,1,210,baseline,0,0
32,10,1.0,checkpoints/sudoku_extreme_hf/checkpoint,0,1,blanks_10,17.95788037499868,1,211,baseline,0,0
32,10,1.0,checkpoints/sudoku_extreme_hf/checkpoint,0,1,blanks_10,17.95788037499868,1,212,baseline,0,0
32,10,1.0,checkpoints/sudoku_extreme_hf/checkpoint,0,1,blanks_10,17.95788037499868,1,213,baseline,0,0
32,10,1.0,checkpoints/sudoku_extreme_hf/checkpoint,0,1,blanks_10,17.95788037499868,1,214,baseline,0,0
32,10,1.0,checkpoints/sudoku_extreme_hf/checkpoint,0,1,blanks_10,17.95788037499868,1,215,baseline,0,0
32,10,1.0,checkpoints/sudoku_extreme_hf/checkpoint,0,1,blanks_10,17.95788037499868,1,216,baseline,0,0
32,10,1.0,checkpoints/sudoku_extreme_hf/checkpoint,0,1,blanks_10,17.95788037499868,1,217,baseline,0,0
32,10,1.0,checkpoints/sudoku_extreme_hf/checkpoint,0,1,blanks_10,17.95788037499868,1,218,baseline,0,0
32,10,1.0,checkpoints/sudoku_extreme_hf/checkpoint,0,1,blanks_10,17.95788037499868,1,219,baseline,0,0
32,10,1.0,checkpoints/sudoku_extreme_hf/checkpoint,0,1,blanks_10,17.95788037499868,1,220,baseline,0,0
32,10,1.0,checkpoints/sudoku_extreme_hf/checkpoint,0,1,blanks_10,17.95788037499868,1,221,baseline,0,0
32,10,1.0,checkpoints/sudoku_extreme_hf/checkpoint,0,1,blanks_10,17.95788037499868,1,222,baseline,0,0
32,10,1.0,checkpoints/sudoku_extreme_hf/checkpoint,0,1,blanks_10,17.95788037499868,1,223,baseline,0,0
32,10,1.0,checkpoints/sudoku_extreme_hf/checkpoint,0,1,blanks_10,19.436899593751278,1,224,baseline,0,0
32,10,1.0,checkpoints/sudoku_extreme_hf/checkpoint,0,1,blanks_10,19.436899593751278,1,225,baseline,0,0
32,10,1.0,checkpoints/sudoku_extreme_hf/checkpoint,0,1,blanks_10,19.436899593751278,1,226,baseline,0,0
32,10,1.0,checkpoints/sudoku_extreme_hf/checkpoint,0,1,blanks_10,19.436899593751278,1,227,baseline,0,0
32,10,1.0,checkpoints/sudoku_extreme_hf/checkpoint,0,1,blanks_10,19.436899593751278,1,228,baseline,0,0
32,10,1.0,checkpoints/sudoku_extreme_hf/checkpoint,0,1,blanks_10,19.436899593751278,1,229,baseline,0,0
32,10,1.0,checkpoints/sudoku_extreme_hf/checkpoint,0,1,blanks_10,19.436899593751278,1,230,baseline,0,0
32,10,1.0,checkpoints/sudoku_extreme_hf/checkpoint,0,1,blanks_10,19.436899593751278,1,231,baseline,0,0
32,10,1.0,checkpoints/sudoku_extreme_hf/checkpoint,0,1,blanks_10,19.436899593751278,1,232,baseline,0,0
32,10,1.0,checkpoints/sudoku_extreme_hf/checkpoint,0,1,blanks_10,19.436899593751278,1,233,baseline,0,0
32,10,1.0,checkpoints/sudoku_extreme_hf/checkpoint,0,1,blanks_10,19.436899593751278,1,234,baseline,0,0
32,10,1.0,checkpoints/sudoku_extreme_hf/checkpoint,0,1,blanks_10,19.436899593751278,1,235,baseline,0,0
32,10,1.0,checkpoints/sudoku_extreme_hf/checkpoint,0,1,blanks_10,19.436899593751278,1,236,baseline,0,0
32,10,1.0,checkpoints/sudoku_extreme_hf/checkpoint,0,1,blanks_10,19.436899593751278,1,237,baseline,0,0
32,10,1.0,checkpoints/sudoku_extreme_hf/checkpoint,0,1,blanks_10,19.436899593751278,1,238,baseline,0,0
32,10,1.0,checkpoints/sudoku_extreme_hf/checkpoint,0,1,blanks_10,19.436899593751278,1,239,baseline,0,0
32,10,1.0,checkpoints/sudoku_extreme_hf/checkpoint,0,1,blanks_10,19.436899593751278,1,240,baseline,0,0
32,10,1.0,checkpoints/sudoku_extreme_hf/checkpoint,0,1,blanks_10,19.436899593751278,1,241,baseline,0,0
32,10,1.0,checkpoints/sudoku_extreme_hf/checkpoint,0,1,blanks_10,19.436899593751278,1,242,baseline,0,0
32,10,1.0,checkpoints/sudoku_extreme_hf/checkpoint,0,1,blanks_10,19.436899593751278,1,243,baseline,0,0
32,10,1.0,checkpoints/sudoku_extreme_hf/checkpoint,0,1,blanks_10,19.436899593751278,1,244,baseline,0,0
32,10,1.0,checkpoints/sudoku_extreme_hf/checkpoint,0,1,blanks_10,19.436899593751278,1,245,baseline,0,0
32,10,1.0,checkpoints/sudoku_extreme_hf/checkpoint,0,1,blanks_10,19.436899593751278,1,246,baseline,0,0
32,10,1.0,checkpoints/sudoku_extreme_hf/checkpoint,0,1,blanks_10,19.436899593751278,1,247,baseline,0,0
32,10,1.0,checkpoints/sudoku_extreme_hf/checkpoint,0,1,blanks_10,19.436899593751278,1,248,baseline,0,0
32,10,1.0,checkpoints/sudoku_extreme_hf/checkpoint,0,1,blanks_10,19.436899593751278,1,249,baseline,0,0
32,10,1.0,checkpoints/sudoku_extreme_hf/checkpoint,0,1,blanks_10,19.436899593751278,1,250,baseline,0,0
32,10,1.0,checkpoints/sudoku_extreme_hf/checkpoint,0,1,blanks_10,19.436899593751278,1,251,baseline,0,0
32,10,1.0,checkpoints/sudoku_extreme_hf/checkpoint,0,1,blanks_10,19.436899593751278,1,252,baseline,0,0
32,10,1.0,checkpoints/sudoku_extreme_hf/checkpoint,0,1,blanks_10,19.436899593751278,1,253,baseline,0,0
32,10,1.0,checkpoints/sudoku_extreme_hf/checkpoint,0,1,blanks_10,19.436899593751278,1,254,baseline,0,0
32,10,1.0,checkpoints/sudoku_extreme_hf/checkpoint,0,1,blanks_10,19.436899593751278,1,255,baseline,0,0
32,10,1.0,checkpoints/sudoku_extreme_hf/checkpoint,0,1,blanks_10,21.430278531250124,1,256,baseline,0,0
32,10,1.0,checkpoints/sudoku_extreme_hf/checkpoint,0,1,blanks_10,21.430278531250124,1,257,baseline,0,0
32,10,0.9506172839506173,checkpoints/sudoku_extreme_hf/checkpoint,4,1,blanks_10,21.430278531250124,0,258,baseline,1,0
32,10,1.0,checkpoints/sudoku_extreme_hf/checkpoint,0,1,blanks_10,21.430278531250124,1,259,baseline,0,0
32,10,1.0,checkpoints/sudoku_extreme_hf/checkpoint,0,1,blanks_10,21.430278531250124,1,260,baseline,0,0
32,10,1.0,checkpoints/sudoku_extreme_hf/checkpoint,0,1,blanks_10,21.430278531250124,1,261,baseline,0,0
32,10,1.0,checkpoints/sudoku_extreme_hf/checkpoint,0,1,blanks_10,21.430278531250124,1,262,baseline,0,0
32,10,1.0,checkpoints/sudoku_extreme_hf/checkpoint,0,1,blanks_10,21.430278531250124,1,263,baseline,0,0
32,10,1.0,checkpoints/sudoku_extreme_hf/checkpoint,0,1,blanks_10,21.430278531250124,1,264,baseline,0,0
32,10,1.0,checkpoints/sudoku_extreme_hf/checkpoint,0,1,blanks_10,21.430278531250124,1,265,baseline,0,0
32,10,1.0,checkpoints/sudoku_extreme_hf/checkpoint,0,1,blanks_10,21.430278531250124,1,266,baseline,0,0
32,10,1.0,checkpoints/sudoku_extreme_hf/checkpoint,0,1,blanks_10,21.430278531250124,1,267,baseline,0,0
32,10,1.0,checkpoints/sudoku_extreme_hf/checkpoint,0,1,blanks_10,21.430278531250124,1,268,baseline,0,0
32,10,1.0,checkpoints/sudoku_extreme_hf/checkpoint,0,1,blanks_10,21.430278531250124,1,269,baseline,0,0
32,10,1.0,checkpoints/sudoku_extreme_hf/checkpoint,0,1,blanks_10,21.430278531250124,1,270,baseline,0,0
32,10,1.0,checkpoints/sudoku_extreme_hf/checkpoint,0,1,blanks_10,21.430278531250124,1,271,baseline,0,0
32,10,1.0,checkpoints/sudoku_extreme_hf/checkpoint,0,1,blanks_10,21.430278531250124,1,272,baseline,0,0
32,10,0.9259259259259259,checkpoints/sudoku_extreme_hf/checkpoint,3,1,blanks_10,21.430278531250124,0,273,baseline,1,0
32,10,1.0,checkpoints/sudoku_extreme_hf/checkpoint,0,1,blanks_10,21.430278531250124,1,274,baseline,0,0
32,10,1.0,checkpoints/sudoku_extreme_hf/checkpoint,0,1,blanks_10,21.430278531250124,1,275,baseline,0,0
32,10,1.0,checkpoints/sudoku_extreme_hf/checkpoint,0,1,blanks_10,21.430278531250124,1,276,baseline,0,0
32,10,1.0,checkpoints/sudoku_extreme_hf/checkpoint,0,1,blanks_10,21.430278531250124,1,277,baseline,0,0
32,10,1.0,checkpoints/sudoku_extreme_hf/checkpoint,0,1,blanks_10,21.430278531250124,1,278,baseline,0,0
32,10,1.0,checkpoints/sudoku_extreme_hf/checkpoint,0,1,blanks_10,21.430278531250124,1,279,baseline,0,0
32,10,1.0,checkpoints/sudoku_extreme_hf/checkpoint,0,1,blanks_10,21.430278531250124,1,280,baseline,0,0
32,10,0.8888888888888888,checkpoints/sudoku_extreme_hf/checkpoint,7,1,blanks_10,21.430278531250124,0,281,baseline,1,0
32,10,1.0,checkpoints/sudoku_extreme_hf/checkpoint,0,1,blanks_10,21.430278531250124,1,282,baseline,0,0
32,10,1.0,checkpoints/sudoku_extreme_hf/checkpoint,0,1,blanks_10,21.430278531250124,1,283,baseline,0,0
32,10,1.0,checkpoints/sudoku_extreme_hf/checkpoint,0,1,blanks_10,21.430278531250124,1,284,baseline,0,0
32,10,1.0,checkpoints/sudoku_extreme_hf/checkpoint,0,1,blanks_10,21.430278531250124,1,285,baseline,0,0
32,10,1.0,checkpoints/sudoku_extreme_hf/checkpoint,0,1,blanks_10,21.430278531250124,1,286,baseline,0,0
32,10,1.0,checkpoints/sudoku_extreme_hf/checkpoint,0,1,blanks_10,21.430278531250124,1,287,baseline,0,0
32,10,1.0,checkpoints/sudoku_extreme_hf/checkpoint,0,1,blanks_10,22.853784593749538,1,288,baseline,0,0
32,10,1.0,checkpoints/sudoku_extreme_hf/checkpoint,0,1,blanks_10,22.853784593749538,1,289,baseline,0,0
32,10,1.0,checkpoints/sudoku_extreme_hf/checkpoint,0,1,blanks_10,22.853784593749538,1,290,baseline,0,0
32,10,1.0,checkpoints/sudoku_extreme_hf/checkpoint,0,1,blanks_10,22.853784593749538,1,291,baseline,0,0
32,10,1.0,checkpoints/sudoku_extreme_hf/checkpoint,0,1,blanks_10,22.853784593749538,1,292,baseline,0,0
32,10,1.0,checkpoints/sudoku_extreme_hf/checkpoint,0,1,blanks_10,22.853784593749538,1,293,baseline,0,0
32,10,1.0,checkpoints/sudoku_extreme_hf/checkpoint,0,1,blanks_10,22.853784593749538,1,294,baseline,0,0
32,10,0.9506172839506173,checkpoints/sudoku_extreme_hf/checkpoint,3,1,blanks_10,22.853784593749538,0,295,baseline,1,0
32,10,0.9506172839506173,checkpoints/sudoku_extreme_hf/checkpoint,2,1,blanks_10,22.853784593749538,0,296,baseline,1,0
32,10,1.0,checkpoints/sudoku_extreme_hf/checkpoint,0,1,blanks_10,22.853784593749538,1,297,baseline,0,0
32,10,1.0,checkpoints/sudoku_extreme_hf/checkpoint,0,1,blanks_10,22.853784593749538,1,298,baseline,0,0
32,10,1.0,checkpoints/sudoku_extreme_hf/checkpoint,0,1,blanks_10,22.853784593749538,1,299,baseline,0,0
32,10,1.0,checkpoints/sudoku_extreme_hf/checkpoint,0,1,blanks_10,22.853784593749538,1,300,baseline,0,0
32,10,1.0,checkpoints/sudoku_extreme_hf/checkpoint,0,1,blanks_10,22.853784593749538,1,301,baseline,0,0
32,10,1.0,checkpoints/sudoku_extreme_hf/checkpoint,0,1,blanks_10,22.853784593749538,1,302,baseline,0,0
32,10,1.0,checkpoints/sudoku_extreme_hf/checkpoint,0,1,blanks_10,22.853784593749538,1,303,baseline,0,0
32,10,1.0,checkpoints/sudoku_extreme_hf/checkpoint,0,1,blanks_10,22.853784593749538,1,304,baseline,0,0
32,10,0.9506172839506173,checkpoints/sudoku_extreme_hf/checkpoint,4,1,blanks_10,22.853784593749538,0,305,baseline,1,0
32,10,1.0,checkpoints/sudoku_extreme_hf/checkpoint,0,1,blanks_10,22.853784593749538,1,306,baseline,0,0
32,10,1.0,checkpoints/sudoku_extreme_hf/checkpoint,0,1,blanks_10,22.853784593749538,1,307,baseline,0,0
32,10,0.9506172839506173,checkpoints/sudoku_extreme_hf/checkpoint,2,1,blanks_10,22.853784593749538,0,308,baseline,1,0
32,10,1.0,checkpoints/sudoku_extreme_hf/checkpoint,0,1,blanks_10,22.853784593749538,1,309,baseline,0,0
32,10,1.0,checkpoints/sudoku_extreme_hf/checkpoint,0,1,blanks_10,22.853784593749538,1,310,baseline,0,0
32,10,1.0,checkpoints/sudoku_extreme_hf/checkpoint,0,1,blanks_10,22.853784593749538,1,311,baseline,0,0
32,10,1.0,checkpoints/sudoku_extreme_hf/checkpoint,0,1,blanks_10,22.853784593749538,1,312,baseline,0,0
32,10,0.9506172839506173,checkpoints/sudoku_extreme_hf/checkpoint,4,1,blanks_10,22.853784593749538,0,313,baseline,1,0
32,10,1.0,checkpoints/sudoku_extreme_hf/checkpoint,0,1,blanks_10,22.853784593749538,1,314,baseline,0,0
32,10,1.0,checkpoints/sudoku_extreme_hf/checkpoint,0,1,blanks_10,22.853784593749538,1,315,baseline,0,0
32,10,1.0,checkpoints/sudoku_extreme_hf/checkpoint,0,1,blanks_10,22.853784593749538,1,316,baseline,0,0
32,10,1.0,checkpoints/sudoku_extreme_hf/checkpoint,0,1,blanks_10,22.853784593749538,1,317,baseline,0,0
32,10,1.0,checkpoints/sudoku_extreme_hf/checkpoint,0,1,blanks_10,22.853784593749538,1,318,baseline,0,0
32,10,1.0,checkpoints/sudoku_extreme_hf/checkpoint,0,1,blanks_10,22.853784593749538,1,319,baseline,0,0
32,10,1.0,checkpoints/sudoku_extreme_hf/checkpoint,0,1,blanks_10,19.934702625000966,1,320,baseline,0,0
32,10,1.0,checkpoints/sudoku_extreme_hf/checkpoint,0,1,blanks_10,19.934702625000966,1,321,baseline,0,0
32,10,1.0,checkpoints/sudoku_extreme_hf/checkpoint,0,1,blanks_10,19.934702625000966,1,322,baseline,0,0
32,10,1.0,checkpoints/sudoku_extreme_hf/checkpoint,0,1,blanks_10,19.934702625000966,1,323,baseline,0,0
32,10,1.0,checkpoints/sudoku_extreme_hf/checkpoint,0,1,blanks_10,19.934702625000966,1,324,baseline,0,0
32,10,1.0,checkpoints/sudoku_extreme_hf/checkpoint,0,1,blanks_10,19.934702625000966,1,325,baseline,0,0
32,10,1.0,checkpoints/sudoku_extreme_hf/checkpoint,0,1,blanks_10,19.934702625000966,1,326,baseline,0,0
32,10,1.0,checkpoints/sudoku_extreme_hf/checkpoint,0,1,blanks_10,19.934702625000966,1,327,baseline,0,0
32,10,1.0,checkpoints/sudoku_extreme_hf/checkpoint,0,1,blanks_10,19.934702625000966,1,328,baseline,0,0
32,10,1.0,checkpoints/sudoku_extreme_hf/checkpoint,0,1,blanks_10,19.934702625000966,1,329,baseline,0,0
32,10,1.0,checkpoints/sudoku_extreme_hf/checkpoint,0,1,blanks_10,19.934702625000966,1,330,baseline,0,0
32,10,1.0,checkpoints/sudoku_extreme_hf/checkpoint,0,1,blanks_10,19.934702625000966,1,331,baseline,0,0
32,10,1.0,checkpoints/sudoku_extreme_hf/checkpoint,0,1,blanks_10,19.934702625000966,1,332,baseline,0,0
32,10,0.9259259259259259,checkpoints/sudoku_extreme_hf/checkpoint,4,1,blanks_10,19.934702625000966,0,333,baseline,1,0
32,10,1.0,checkpoints/sudoku_extreme_hf/checkpoint,0,1,blanks_10,19.934702625000966,1,334,baseline,0,0
32,10,1.0,checkpoints/sudoku_extreme_hf/checkpoint,0,1,blanks_10,19.934702625000966,1,335,baseline,0,0
32,10,1.0,checkpoints/sudoku_extreme_hf/checkpoint,0,1,blanks_10,19.934702625000966,1,336,baseline,0,0
32,10,1.0,checkpoints/sudoku_extreme_hf/checkpoint,0,1,blanks_10,19.934702625000966,1,337,baseline,0,0
32,10,1.0,checkpoints/sudoku_extreme_hf/checkpoint,0,1,blanks_10,19.934702625000966,1,338,baseline,0,0
32,10,1.0,checkpoints/sudoku_extreme_hf/checkpoint,0,1,blanks_10,19.934702625000966,1,339,baseline,0,0
32,10,1.0,checkpoints/sudoku_extreme_hf/checkpoint,0,1,blanks_10,19.934702625000966,1,340,baseline,0,0
32,10,1.0,checkpoints/sudoku_extreme_hf/checkpoint,0,1,blanks_10,19.934702625000966,1,341,baseline,0,0
32,10,1.0,checkpoints/sudoku_extreme_hf/checkpoint,0,1,blanks_10,19.934702625000966,1,342,baseline,0,0
32,10,1.0,checkpoints/sudoku_extreme_hf/checkpoint,0,1,blanks_10,19.934702625000966,1,343,baseline,0,0
32,10,1.0,checkpoints/sudoku_extreme_hf/checkpoint,0,1,blanks_10,19.934702625000966,1,344,baseline,0,0
32,10,1.0,checkpoints/sudoku_extreme_hf/checkpoint,0,1,blanks_10,19.934702625000966,1,345,baseline,0,0
32,10,1.0,checkpoints/sudoku_extreme_hf/checkpoint,0,1,blanks_10,19.934702625000966,1,346,baseline,0,0
32,10,1.0,checkpoints/sudoku_extreme_hf/checkpoint,0,1,blanks_10,19.934702625000966,1,347,baseline,0,0
32,10,1.0,checkpoints/sudoku_extreme_hf/checkpoint,0,1,blanks_10,19.934702625000966,1,348,baseline,0,0
32,10,1.0,checkpoints/sudoku_extreme_hf/checkpoint,0,1,blanks_10,19.934702625000966,1,349,baseline,0,0
32,10,1.0,checkpoints/sudoku_extreme_hf/checkpoint,0,1,blanks_10,19.934702625000966,1,350,baseline,0,0
32,10,0.9506172839506173,checkpoints/sudoku_extreme_hf/checkpoint,3,1,blanks_10,19.934702625000966,0,351,baseline,1,0
32,10,1.0,checkpoints/sudoku_extreme_hf/checkpoint,0,1,blanks_10,17.51601709374917,1,352,baseline,0,0
32,10,1.0,checkpoints/sudoku_extreme_hf/checkpoint,0,1,blanks_10,17.51601709374917,1,353,baseline,0,0
32,10,1.0,checkpoints/sudoku_extreme_hf/checkpoint,0,1,blanks_10,17.51601709374917,1,354,baseline,0,0
32,10,1.0,checkpoints/sudoku_extreme_hf/checkpoint,0,1,blanks_10,17.51601709374917,1,355,baseline,0,0
32,10,1.0,checkpoints/sudoku_extreme_hf/checkpoint,0,1,blanks_10,17.51601709374917,1,356,baseline,0,0
32,10,1.0,checkpoints/sudoku_extreme_hf/checkpoint,0,1,blanks_10,17.51601709374917,1,357,baseline,0,0
32,10,1.0,checkpoints/sudoku_extreme_hf/checkpoint,0,1,blanks_10,17.51601709374917,1,358,baseline,0,0
32,10,1.0,checkpoints/sudoku_extreme_hf/checkpoint,0,1,blanks_10,17.51601709374917,1,359,baseline,0,0
32,10,1.0,checkpoints/sudoku_extreme_hf/checkpoint,0,1,blanks_10,17.51601709374917,1,360,baseline,0,0
32,10,1.0,checkpoints/sudoku_extreme_hf/checkpoint,0,1,blanks_10,17.51601709374917,1,361,baseline,0,0
32,10,1.0,checkpoints/sudoku_extreme_hf/checkpoint,0,1,blanks_10,17.51601709374917,1,362,baseline,0,0
32,10,1.0,checkpoints/sudoku_extreme_hf/checkpoint,0,1,blanks_10,17.51601709374917,1,363,baseline,0,0
32,10,1.0,checkpoints/sudoku_extreme_hf/checkpoint,0,1,blanks_10,17.51601709374917,1,364,baseline,0,0
32,10,1.0,checkpoints/sudoku_extreme_hf/checkpoint,0,1,blanks_10,17.51601709374917,1,365,baseline,0,0
32,10,0.9012345679012346,checkpoints/sudoku_extreme_hf/checkpoint,5,1,blanks_10,17.51601709374917,0,366,baseline,1,0
32,10,1.0,checkpoints/sudoku_extreme_hf/checkpoint,0,1,blanks_10,17.51601709374917,1,367,baseline,0,0
32,10,1.0,checkpoints/sudoku_extreme_hf/checkpoint,0,1,blanks_10,17.51601709374917,1,368,baseline,0,0
32,10,1.0,checkpoints/sudoku_extreme_hf/checkpoint,0,1,blanks_10,17.51601709374917,1,369,baseline,0,0
32,10,1.0,checkpoints/sudoku_extreme_hf/checkpoint,0,1,blanks_10,17.51601709374917,1,370,baseline,0,0
32,10,1.0,checkpoints/sudoku_extreme_hf/checkpoint,0,1,blanks_10,17.51601709374917,1,371,baseline,0,0
32,10,1.0,checkpoints/sudoku_extreme_hf/checkpoint,0,1,blanks_10,17.51601709374917,1,372,baseline,0,0
32,10,1.0,checkpoints/sudoku_extreme_hf/checkpoint,0,1,blanks_10,17.51601709374917,1,373,baseline,0,0
32,10,1.0,checkpoints/sudoku_extreme_hf/checkpoint,0,1,blanks_10,17.51601709374917,1,374,baseline,0,0
32,10,1.0,checkpoints/sudoku_extreme_hf/checkpoint,0,1,blanks_10,17.51601709374917,1,375,baseline,0,0
32,10,1.0,checkpoints/sudoku_extreme_hf/checkpoint,0,1,blanks_10,17.51601709374917,1,376,baseline,0,0
32,10,1.0,checkpoints/sudoku_extreme_hf/checkpoint,0,1,blanks_10,17.51601709374917,1,377,baseline,0,0
32,10,1.0,checkpoints/sudoku_extreme_hf/checkpoint,0,1,blanks_10,17.51601709374917,1,378,baseline,0,0
32,10,1.0,checkpoints/sudoku_extreme_hf/checkpoint,0,1,blanks_10,17.51601709374917,1,379,baseline,0,0
32,10,1.0,checkpoints/sudoku_extreme_hf/checkpoint,0,1,blanks_10,17.51601709374917,1,380,baseline,0,0
32,10,0.9506172839506173,checkpoints/sudoku_extreme_hf/checkpoint,3,1,blanks_10,17.51601709374917,0,381,baseline,1,0
32,10,1.0,checkpoints/sudoku_extreme_hf/checkpoint,0,1,blanks_10,17.51601709374917,1,382,baseline,0,0
32,10,1.0,checkpoints/sudoku_extreme_hf/checkpoint,0,1,blanks_10,17.51601709374917,1,383,baseline,0,0
32,10,1.0,checkpoints/sudoku_extreme_hf/checkpoint,0,1,blanks_10,16.510512562501134,1,384,baseline,0,0
32,10,1.0,checkpoints/sudoku_extreme_hf/checkpoint,0,1,blanks_10,16.510512562501134,1,385,baseline,0,0
32,10,1.0,checkpoints/sudoku_extreme_hf/checkpoint,0,1,blanks_10,16.510512562501134,1,386,baseline,0,0
32,10,1.0,checkpoints/sudoku_extreme_hf/checkpoint,0,1,blanks_10,16.510512562501134,1,387,baseline,0,0
32,10,1.0,checkpoints/sudoku_extreme_hf/checkpoint,0,1,blanks_10,16.510512562501134,1,388,baseline,0,0
32,10,1.0,checkpoints/sudoku_extreme_hf/checkpoint,0,1,blanks_10,16.510512562501134,1,389,baseline,0,0
32,10,1.0,checkpoints/sudoku_extreme_hf/checkpoint,0,1,blanks_10,16.510512562501134,1,390,baseline,0,0
32,10,1.0,checkpoints/sudoku_extreme_hf/checkpoint,0,1,blanks_10,16.510512562501134,1,391,baseline,0,0
32,10,1.0,checkpoints/sudoku_extreme_hf/checkpoint,0,1,blanks_10,16.510512562501134,1,392,baseline,0,0
32,10,1.0,checkpoints/sudoku_extreme_hf/checkpoint,0,1,blanks_10,16.510512562501134,1,393,baseline,0,0
32,10,1.0,checkpoints/sudoku_extreme_hf/checkpoint,0,1,blanks_10,16.510512562501134,1,394,baseline,0,0
32,10,1.0,checkpoints/sudoku_extreme_hf/checkpoint,0,1,blanks_10,16.510512562501134,1,395,baseline,0,0
32,10,1.0,checkpoints/sudoku_extreme_hf/checkpoint,0,1,blanks_10,16.510512562501134,1,396,baseline,0,0
32,10,1.0,checkpoints/sudoku_extreme_hf/checkpoint,0,1,blanks_10,16.510512562501134,1,397,baseline,0,0
32,10,1.0,checkpoints/sudoku_extreme_hf/checkpoint,0,1,blanks_10,16.510512562501134,1,398,baseline,0,0
32,10,1.0,checkpoints/sudoku_extreme_hf/checkpoint,0,1,blanks_10,16.510512562501134,1,399,baseline,0,0
32,10,1.0,checkpoints/sudoku_extreme_hf/checkpoint,0,1,blanks_10,16.510512562501134,1,400,baseline,0,0
32,10,0.9506172839506173,checkpoints/sudoku_extreme_hf/checkpoint,2,1,blanks_10,16.510512562501134,0,401,baseline,1,0
32,10,1.0,checkpoints/sudoku_extreme_hf/checkpoint,0,1,blanks_10,16.510512562501134,1,402,baseline,0,0
32,10,0.9506172839506173,checkpoints/sudoku_extreme_hf/checkpoint,2,1,blanks_10,16.510512562501134,0,403,baseline,1,0
32,10,1.0,checkpoints/sudoku_extreme_hf/checkpoint,0,1,blanks_10,16.510512562501134,1,404,baseline,0,0
32,10,1.0,checkpoints/sudoku_extreme_hf/checkpoint,0,1,blanks_10,16.510512562501134,1,405,baseline,0,0
32,10,1.0,checkpoints/sudoku_extreme_hf/checkpoint,0,1,blanks_10,16.510512562501134,1,406,baseline,0,0
32,10,1.0,checkpoints/sudoku_extreme_hf/checkpoint,0,1,blanks_10,16.510512562501134,1,407,baseline,0,0
32,10,1.0,checkpoints/sudoku_extreme_hf/checkpoint,0,1,blanks_10,16.510512562501134,1,408,baseline,0,0
32,10,1.0,checkpoints/sudoku_extreme_hf/checkpoint,0,1,blanks_10,16.510512562501134,1,409,baseline,0,0
32,10,1.0,checkpoints/sudoku_extreme_hf/checkpoint,0,1,blanks_10,16.510512562501134,1,410,baseline,0,0
32,10,1.0,checkpoints/sudoku_extreme_hf/checkpoint,0,1,blanks_10,16.510512562501134,1,411,baseline,0,0
32,10,1.0,checkpoints/sudoku_extreme_hf/checkpoint,0,1,blanks_10,16.510512562501134,1,412,baseline,0,0
32,10,1.0,checkpoints/sudoku_extreme_hf/checkpoint,0,1,blanks_10,16.510512562501134,1,413,baseline,0,0
32,10,1.0,checkpoints/sudoku_extreme_hf/checkpoint,0,1,blanks_10,16.510512562501134,1,414,baseline,0,0
32,10,1.0,checkpoints/sudoku_extreme_hf/checkpoint,0,1,blanks_10,16.510512562501134,1,415,baseline,0,0
32,10,1.0,checkpoints/sudoku_extreme_hf/checkpoint,0,1,blanks_10,17.194535343749706,1,416,baseline,0,0
32,10,1.0,checkpoints/sudoku_extreme_hf/checkpoint,0,1,blanks_10,17.194535343749706,1,417,baseline,0,0
32,10,1.0,checkpoints/sudoku_extreme_hf/checkpoint,0,1,blanks_10,17.194535343749706,1,418,baseline,0,0
32,10,1.0,checkpoints/sudoku_extreme_hf/checkpoint,0,1,blanks_10,17.194535343749706,1,419,baseline,0,0
32,10,1.0,checkpoints/sudoku_extreme_hf/checkpoint,0,1,blanks_10,17.194535343749706,1,420,baseline,0,0
32,10,1.0,checkpoints/sudoku_extreme_hf/checkpoint,0,1,blanks_10,17.194535343749706,1,421,baseline,0,0
32,10,0.9259259259259259,checkpoints/sudoku_extreme_hf/checkpoint,3,1,blanks_10,17.194535343749706,0,422,baseline,1,0
32,10,0.9506172839506173,checkpoints/sudoku_extreme_hf/checkpoint,4,1,blanks_10,17.194535343749706,0,423,baseline,1,0
32,10,1.0,checkpoints/sudoku_extreme_hf/checkpoint,0,1,blanks_10,17.194535343749706,1,424,baseline,0,0
32,10,1.0,checkpoints/sudoku_extreme_hf/checkpoint,0,1,blanks_10,17.194535343749706,1,425,baseline,0,0
32,10,1.0,checkpoints/sudoku_extreme_hf/checkpoint,0,1,blanks_10,17.194535343749706,1,426,baseline,0,0
32,10,1.0,checkpoints/sudoku_extreme_hf/checkpoint,0,1,blanks_10,17.194535343749706,1,427,baseline,0,0
32,10,1.0,checkpoints/sudoku_extreme_hf/checkpoint,0,1,blanks_10,17.194535343749706,1,428,baseline,0,0
32,10,1.0,checkpoints/sudoku_extreme_hf/checkpoint,0,1,blanks_10,17.194535343749706,1,429,baseline,0,0
32,10,1.0,checkpoints/sudoku_extreme_hf/checkpoint,0,1,blanks_10,17.194535343749706,1,430,baseline,0,0
32,10,1.0,checkpoints/sudoku_extreme_hf/checkpoint,0,1,blanks_10,17.194535343749706,1,431,baseline,0,0
32,10,1.0,checkpoints/sudoku_extreme_hf/checkpoint,0,1,blanks_10,17.194535343749706,1,432,baseline,0,0
32,10,1.0,checkpoints/sudoku_extreme_hf/checkpoint,0,1,blanks_10,17.194535343749706,1,433,baseline,0,0
32,10,1.0,checkpoints/sudoku_extreme_hf/checkpoint,0,1,blanks_10,17.194535343749706,1,434,baseline,0,0
32,10,1.0,checkpoints/sudoku_extreme_hf/checkpoint,0,1,blanks_10,17.194535343749706,1,435,baseline,0,0
32,10,1.0,checkpoints/sudoku_extreme_hf/checkpoint,0,1,blanks_10,17.194535343749706,1,436,baseline,0,0
32,10,0.9506172839506173,checkpoints/sudoku_extreme_hf/checkpoint,2,1,blanks_10,17.194535343749706,0,437,baseline,1,0
32,10,1.0,checkpoints/sudoku_extreme_hf/checkpoint,0,1,blanks_10,17.194535343749706,1,438,baseline,0,0
32,10,1.0,checkpoints/sudoku_extreme_hf/checkpoint,0,1,blanks_10,17.194535343749706,1,439,baseline,0,0
32,10,1.0,checkpoints/sudoku_extreme_hf/checkpoint,0,1,blanks_10,17.194535343749706,1,440,baseline,0,0
32,10,1.0,checkpoints/sudoku_extreme_hf/checkpoint,0,1,blanks_10,17.194535343749706,1,441,baseline,0,0
32,10,1.0,checkpoints/sudoku_extreme_hf/checkpoint,0,1,blanks_10,17.194535343749706,1,442,baseline,0,0
32,10,1.0,checkpoints/sudoku_extreme_hf/checkpoint,0,1,blanks_10,17.194535343749706,1,443,baseline,0,0
32,10,1.0,checkpoints/sudoku_extreme_hf/checkpoint,0,1,blanks_10,17.194535343749706,1,444,baseline,0,0
32,10,1.0,checkpoints/sudoku_extreme_hf/checkpoint,0,1,blanks_10,17.194535343749706,1,445,baseline,0,0
32,10,0.9506172839506173,checkpoints/sudoku_extreme_hf/checkpoint,2,1,blanks_10,17.194535343749706,0,446,baseline,1,0
32,10,1.0,checkpoints/sudoku_extreme_hf/checkpoint,0,1,blanks_10,17.194535343749706,1,447,baseline,0,0
32,10,1.0,checkpoints/sudoku_extreme_hf/checkpoint,0,1,blanks_10,17.125317531251127,1,448,baseline,0,0
32,10,1.0,checkpoints/sudoku_extreme_hf/checkpoint,0,1,blanks_10,17.125317531251127,1,449,baseline,0,0
32,10,1.0,checkpoints/sudoku_extreme_hf/checkpoint,0,1,blanks_10,17.125317531251127,1,450,baseline,0,0
32,10,1.0,checkpoints/sudoku_extreme_hf/checkpoint,0,1,blanks_10,17.125317531251127,1,451,baseline,0,0
32,10,1.0,checkpoints/sudoku_extreme_hf/checkpoint,0,1,blanks_10,17.125317531251127,1,452,baseline,0,0
32,10,1.0,checkpoints/sudoku_extreme_hf/checkpoint,0,1,blanks_10,17.125317531251127,1,453,baseline,0,0
32,10,1.0,checkpoints/sudoku_extreme_hf/checkpoint,0,1,blanks_10,17.125317531251127,1,454,baseline,0,0
32,10,1.0,checkpoints/sudoku_extreme_hf/checkpoint,0,1,blanks_10,17.125317531251127,1,455,baseline,0,0
32,10,1.0,checkpoints/sudoku_extreme_hf/checkpoint,0,1,blanks_10,17.125317531251127,1,456,baseline,0,0
32,10,1.0,checkpoints/sudoku_extreme_hf/checkpoint,0,1,blanks_10,17.125317531251127,1,457,baseline,0,0
32,10,1.0,checkpoints/sudoku_extreme_hf/checkpoint,0,1,blanks_10,17.125317531251127,1,458,baseline,0,0
32,10,1.0,checkpoints/sudoku_extreme_hf/checkpoint,0,1,blanks_10,17.125317531251127,1,459,baseline,0,0
32,10,1.0,checkpoints/sudoku_extreme_hf/checkpoint,0,1,blanks_10,17.125317531251127,1,460,baseline,0,0
32,10,1.0,checkpoints/sudoku_extreme_hf/checkpoint,0,1,blanks_10,17.125317531251127,1,461,baseline,0,0
32,10,1.0,checkpoints/sudoku_extreme_hf/checkpoint,0,1,blanks_10,17.125317531251127,1,462,baseline,0,0
32,10,1.0,checkpoints/sudoku_extreme_hf/checkpoint,0,1,blanks_10,17.125317531251127,1,463,baseline,0,0
32,10,1.0,checkpoints/sudoku_extreme_hf/checkpoint,0,1,blanks_10,17.125317531251127,1,464,baseline,0,0
32,10,1.0,checkpoints/sudoku_extreme_hf/checkpoint,0,1,blanks_10,17.125317531251127,1,465,baseline,0,0
32,10,1.0,checkpoints/sudoku_extreme_hf/checkpoint,0,1,blanks_10,17.125317531251127,1,466,baseline,0,0
32,10,1.0,checkpoints/sudoku_extreme_hf/checkpoint,0,1,blanks_10,17.125317531251127,1,467,baseline,0,0
32,10,1.0,checkpoints/sudoku_extreme_hf/checkpoint,0,1,blanks_10,17.125317531251127,1,468,baseline,0,0
32,10,1.0,checkpoints/sudoku_extreme_hf/checkpoint,0,1,blanks_10,17.125317531251127,1,469,baseline,0,0
32,10,0.9506172839506173,checkpoints/sudoku_extreme_hf/checkpoint,2,1,blanks_10,17.125317531251127,0,470,baseline,1,0
32,10,1.0,checkpoints/sudoku_extreme_hf/checkpoint,0,1,blanks_10,17.125317531251127,1,471,baseline,0,0
32,10,1.0,checkpoints/sudoku_extreme_hf/checkpoint,0,1,blanks_10,17.125317531251127,1,472,baseline,0,0
32,10,0.9506172839506173,checkpoints/sudoku_extreme_hf/checkpoint,2,1,blanks_10,17.125317531251127,0,473,baseline,1,0
32,10,1.0,checkpoints/sudoku_extreme_hf/checkpoint,0,1,blanks_10,17.125317531251127,1,474,baseline,0,0
32,10,1.0,checkpoints/sudoku_extreme_hf/checkpoint,0,1,blanks_10,17.125317531251127,1,475,baseline,0,0
32,10,1.0,checkpoints/sudoku_extreme_hf/checkpoint,0,1,blanks_10,17.125317531251127,1,476,baseline,0,0
32,10,1.0,checkpoints/sudoku_extreme_hf/checkpoint,0,1,blanks_10,17.125317531251127,1,477,baseline,0,0
32,10,1.0,checkpoints/sudoku_extreme_hf/checkpoint,0,1,blanks_10,17.125317531251127,1,478,baseline,0,0
32,10,1.0,checkpoints/sudoku_extreme_hf/checkpoint,0,1,blanks_10,17.125317531251127,1,479,baseline,0,0
32,10,1.0,checkpoints/sudoku_extreme_hf/checkpoint,0,1,blanks_10,16.479963750001048,1,480,baseline,0,0
32,10,1.0,checkpoints/sudoku_extreme_hf/checkpoint,0,1,blanks_10,16.479963750001048,1,481,baseline,0,0
32,10,1.0,checkpoints/sudoku_extreme_hf/checkpoint,0,1,blanks_10,16.479963750001048,1,482,baseline,0,0
32,10,1.0,checkpoints/sudoku_extreme_hf/checkpoint,0,1,blanks_10,16.479963750001048,1,483,baseline,0,0
32,10,1.0,checkpoints/sudoku_extreme_hf/checkpoint,0,1,blanks_10,16.479963750001048,1,484,baseline,0,0
32,10,1.0,checkpoints/sudoku_extreme_hf/checkpoint,0,1,blanks_10,16.479963750001048,1,485,baseline,0,0
32,10,1.0,checkpoints/sudoku_extreme_hf/checkpoint,0,1,blanks_10,16.479963750001048,1,486,baseline,0,0
32,10,1.0,checkpoints/sudoku_extreme_hf/checkpoint,0,1,blanks_10,16.479963750001048,1,487,baseline,0,0
32,10,1.0,checkpoints/sudoku_extreme_hf/checkpoint,0,1,blanks_10,16.479963750001048,1,488,baseline,0,0
32,10,1.0,checkpoints/sudoku_extreme_hf/checkpoint,0,1,blanks_10,16.479963750001048,1,489,baseline,0,0
32,10,1.0,checkpoints/sudoku_extreme_hf/checkpoint,0,1,blanks_10,16.479963750001048,1,490,baseline,0,0
32,10,1.0,checkpoints/sudoku_extreme_hf/checkpoint,0,1,blanks_10,16.479963750001048,1,491,baseline,0,0
32,10,1.0,checkpoints/sudoku_extreme_hf/checkpoint,0,1,blanks_10,16.479963750001048,1,492,baseline,0,0
32,10,1.0,checkpoints/sudoku_extreme_hf/checkpoint,0,1,blanks_10,16.479963750001048,1,493,baseline,0,0
32,10,1.0,checkpoints/sudoku_extreme_hf/checkpoint,0,1,blanks_10,16.479963750001048,1,494,baseline,0,0
32,10,1.0,checkpoints/sudoku_extreme_hf/checkpoint,0,1,blanks_10,16.479963750001048,1,495,baseline,0,0
32,10,1.0,checkpoints/sudoku_extreme_hf/checkpoint,0,1,blanks_10,16.479963750001048,1,496,baseline,0,0
32,10,0.9506172839506173,checkpoints/sudoku_extreme_hf/checkpoint,2,1,blanks_10,16.479963750001048,0,497,baseline,1,0
32,10,1.0,checkpoints/sudoku_extreme_hf/checkpoint,0,1,blanks_10,16.479963750001048,1,498,baseline,0,0
32,10,1.0,checkpoints/sudoku_extreme_hf/checkpoint,0,1,blanks_10,16.479963750001048,1,499,baseline,0,0
32,10,1.0,checkpoints/sudoku_extreme_hf/checkpoint,0,1,blanks_10,16.479963750001048,1,500,baseline,0,0
32,10,0.9259259259259259,checkpoints/sudoku_extreme_hf/checkpoint,5,1,blanks_10,16.479963750001048,0,501,baseline,1,0
32,10,1.0,checkpoints/sudoku_extreme_hf/checkpoint,0,1,blanks_10,16.479963750001048,1,502,baseline,0,0
32,10,1.0,checkpoints/sudoku_extreme_hf/checkpoint,0,1,blanks_10,16.479963750001048,1,503,baseline,0,0
32,10,1.0,checkpoints/sudoku_extreme_hf/checkpoint,0,1,blanks_10,16.479963750001048,1,504,baseline,0,0
32,10,1.0,checkpoints/sudoku_extreme_hf/checkpoint,0,1,blanks_10,16.479963750001048,1,505,baseline,0,0
32,10,0.9135802469135802,checkpoints/sudoku_extreme_hf/checkpoint,6,1,blanks_10,16.479963750001048,0,506,baseline,1,0
32,10,0.9506172839506173,checkpoints/sudoku_extreme_hf/checkpoint,2,1,blanks_10,16.479963750001048,0,507,baseline,1,0
32,10,0.9506172839506173,checkpoints/sudoku_extreme_hf/checkpoint,3,1,blanks_10,16.479963750001048,0,508,baseline,1,0
32,10,1.0,checkpoints/sudoku_extreme_hf/checkpoint,0,1,blanks_10,16.479963750001048,1,509,baseline,0,0
32,10,1.0,checkpoints/sudoku_extreme_hf/checkpoint,0,1,blanks_10,16.479963750001048,1,510,baseline,0,0
32,10,1.0,checkpoints/sudoku_extreme_hf/checkpoint,0,1,blanks_10,16.479963750001048,1,511,baseline,0,0
32,10,1.0,checkpoints/sudoku_extreme_hf/checkpoint,0,1,blanks_10,16.595714218748725,1,512,baseline,0,0
32,10,1.0,checkpoints/sudoku_extreme_hf/checkpoint,0,1,blanks_10,16.595714218748725,1,513,baseline,0,0
32,10,1.0,checkpoints/sudoku_extreme_hf/checkpoint,0,1,blanks_10,16.595714218748725,1,514,baseline,0,0
32,10,1.0,checkpoints/sudoku_extreme_hf/checkpoint,0,1,blanks_10,16.595714218748725,1,515,baseline,0,0
32,10,1.0,checkpoints/sudoku_extreme_hf/checkpoint,0,1,blanks_10,16.595714218748725,1,516,baseline,0,0
32,10,1.0,checkpoints/sudoku_extreme_hf/checkpoint,0,1,blanks_10,16.595714218748725,1,517,baseline,0,0
32,10,1.0,checkpoints/sudoku_extreme_hf/checkpoint,0,1,blanks_10,16.595714218748725,1,518,baseline,0,0
32,10,1.0,checkpoints/sudoku_extreme_hf/checkpoint,0,1,blanks_10,16.595714218748725,1,519,baseline,0,0
32,10,1.0,checkpoints/sudoku_extreme_hf/checkpoint,0,1,blanks_10,16.595714218748725,1,520,baseline,0,0
32,10,1.0,checkpoints/sudoku_extreme_hf/checkpoint,0,1,blanks_10,16.595714218748725,1,521,baseline,0,0
32,10,1.0,checkpoints/sudoku_extreme_hf/checkpoint,0,1,blanks_10,16.595714218748725,1,522,baseline,0,0
32,10,1.0,checkpoints/sudoku_extreme_hf/checkpoint,0,1,blanks_10,16.595714218748725,1,523,baseline,0,0
32,10,1.0,checkpoints/sudoku_extreme_hf/checkpoint,0,1,blanks_10,16.595714218748725,1,524,baseline,0,0
32,10,1.0,checkpoints/sudoku_extreme_hf/checkpoint,0,1,blanks_10,16.595714218748725,1,525,baseline,0,0
32,10,1.0,checkpoints/sudoku_extreme_hf/checkpoint,0,1,blanks_10,16.595714218748725,1,526,baseline,0,0
32,10,0.9259259259259259,checkpoints/sudoku_extreme_hf/checkpoint,3,1,blanks_10,16.595714218748725,0,527,baseline,1,0
32,10,1.0,checkpoints/sudoku_extreme_hf/checkpoint,0,1,blanks_10,16.595714218748725,1,528,baseline,0,0
32,10,1.0,checkpoints/sudoku_extreme_hf/checkpoint,0,1,blanks_10,16.595714218748725,1,529,baseline,0,0
32,10,1.0,checkpoints/sudoku_extreme_hf/checkpoint,0,1,blanks_10,16.595714218748725,1,530,baseline,0,0
32,10,1.0,checkpoints/sudoku_extreme_hf/checkpoint,0,1,blanks_10,16.595714218748725,1,531,baseline,0,0
32,10,1.0,checkpoints/sudoku_extreme_hf/checkpoint,0,1,blanks_10,16.595714218748725,1,532,baseline,0,0
32,10,1.0,checkpoints/sudoku_extreme_hf/checkpoint,0,1,blanks_10,16.595714218748725,1,533,baseline,0,0
32,10,1.0,checkpoints/sudoku_extreme_hf/checkpoint,0,1,blanks_10,16.595714218748725,1,534,baseline,0,0
32,10,1.0,checkpoints/sudoku_extreme_hf/checkpoint,0,1,blanks_10,16.595714218748725,1,535,baseline,0,0
32,10,1.0,checkpoints/sudoku_extreme_hf/checkpoint,0,1,blanks_10,16.595714218748725,1,536,baseline,0,0
32,10,1.0,checkpoints/sudoku_extreme_hf/checkpoint,0,1,blanks_10,16.595714218748725,1,537,baseline,0,0
32,10,1.0,checkpoints/sudoku_extreme_hf/checkpoint,0,1,blanks_10,16.595714218748725,1,538,baseline,0,0
32,10,1.0,checkpoints/sudoku_extreme_hf/checkpoint,0,1,blanks_10,16.595714218748725,1,539,baseline,0,0
32,10,1.0,checkpoints/sudoku_extreme_hf/checkpoint,0,1,blanks_10,16.595714218748725,1,540,baseline,0,0
32,10,1.0,checkpoints/sudoku_extreme_hf/checkpoint,0,1,blanks_10,16.595714218748725,1,541,baseline,0,0
32,10,0.9506172839506173,checkpoints/sudoku_extreme_hf/checkpoint,1,1,blanks_10,16.595714218748725,0,542,baseline,1,0
32,10,1.0,checkpoints/sudoku_extreme_hf/checkpoint,0,1,blanks_10,16.595714218748725,1,543,baseline,0,0
32,10,1.0,checkpoints/sudoku_extreme_hf/checkpoint,0,1,blanks_10,16.29418209375011,1,544,baseline,0,0
32,10,1.0,checkpoints/sudoku_extreme_hf/checkpoint,0,1,blanks_10,16.29418209375011,1,545,baseline,0,0
32,10,1.0,checkpoints/sudoku_extreme_hf/checkpoint,0,1,blanks_10,16.29418209375011,1,546,baseline,0,0
32,10,1.0,checkpoints/sudoku_extreme_hf/checkpoint,0,1,blanks_10,16.29418209375011,1,547,baseline,0,0
32,10,0.9506172839506173,checkpoints/sudoku_extreme_hf/checkpoint,2,1,blanks_10,16.29418209375011,0,548,baseline,1,0
32,10,1.0,checkpoints/sudoku_extreme_hf/checkpoint,0,1,blanks_10,16.29418209375011,1,549,baseline,0,0
32,10,1.0,checkpoints/sudoku_extreme_hf/checkpoint,0,1,blanks_10,16.29418209375011,1,550,baseline,0,0
32,10,0.9506172839506173,checkpoints/sudoku_extreme_hf/checkpoint,3,1,blanks_10,16.29418209375011,0,551,baseline,1,0
32,10,0.9506172839506173,checkpoints/sudoku_extreme_hf/checkpoint,3,1,blanks_10,16.29418209375011,0,552,baseline,1,0
32,10,1.0,checkpoints/sudoku_extreme_hf/checkpoint,0,1,blanks_10,16.29418209375011,1,553,baseline,0,0
32,10,1.0,checkpoints/sudoku_extreme_hf/checkpoint,0,1,blanks_10,16.29418209375011,1,554,baseline,0,0
32,10,1.0,checkpoints/sudoku_extreme_hf/checkpoint,0,1,blanks_10,16.29418209375011,1,555,baseline,0,0
32,10,1.0,checkpoints/sudoku_extreme_hf/checkpoint,0,1,blanks_10,16.29418209375011,1,556,baseline,0,0
32,10,1.0,checkpoints/sudoku_extreme_hf/checkpoint,0,1,blanks_10,16.29418209375011,1,557,baseline,0,0
32,10,1.0,checkpoints/sudoku_extreme_hf/checkpoint,0,1,blanks_10,16.29418209375011,1,558,baseline,0,0
32,10,1.0,checkpoints/sudoku_extreme_hf/checkpoint,0,1,blanks_10,16.29418209375011,1,559,baseline,0,0
32,10,1.0,checkpoints/sudoku_extreme_hf/checkpoint,0,1,blanks_10,16.29418209375011,1,560,baseline,0,0
32,10,1.0,checkpoints/sudoku_extreme_hf/checkpoint,0,1,blanks_10,16.29418209375011,1,561,baseline,0,0
32,10,1.0,checkpoints/sudoku_extreme_hf/checkpoint,0,1,blanks_10,16.29418209375011,1,562,baseline,0,0
32,10,1.0,checkpoints/sudoku_extreme_hf/checkpoint,0,1,blanks_10,16.29418209375011,1,563,baseline,0,0
32,10,1.0,checkpoints/sudoku_extreme_hf/checkpoint,0,1,blanks_10,16.29418209375011,1,564,baseline,0,0
32,10,1.0,checkpoints/sudoku_extreme_hf/checkpoint,0,1,blanks_10,16.29418209375011,1,565,baseline,0,0
32,10,1.0,checkpoints/sudoku_extreme_hf/checkpoint,0,1,blanks_10,16.29418209375011,1,566,baseline,0,0
32,10,1.0,checkpoints/sudoku_extreme_hf/checkpoint,0,1,blanks_10,16.29418209375011,1,567,baseline,0,0
32,10,1.0,checkpoints/sudoku_extreme_hf/checkpoint,0,1,blanks_10,16.29418209375011,1,568,baseline,0,0
32,10,1.0,checkpoints/sudoku_extreme_hf/checkpoint,0,1,blanks_10,16.29418209375011,1,569,baseline,0,0
32,10,0.9506172839506173,checkpoints/sudoku_extreme_hf/checkpoint,2,1,blanks_10,16.29418209375011,0,570,baseline,1,0
32,10,1.0,checkpoints/sudoku_extreme_hf/checkpoint,0,1,blanks_10,16.29418209375011,1,571,baseline,0,0
32,10,1.0,checkpoints/sudoku_extreme_hf/checkpoint,0,1,blanks_10,16.29418209375011,1,572,baseline,0,0
32,10,1.0,checkpoints/sudoku_extreme_hf/checkpoint,0,1,blanks_10,16.29418209375011,1,573,baseline,0,0
32,10,1.0,checkpoints/sudoku_extreme_hf/checkpoint,0,1,blanks_10,16.29418209375011,1,574,baseline,0,0
32,10,1.0,checkpoints/sudoku_extreme_hf/checkpoint,0,1,blanks_10,16.29418209375011,1,575,baseline,0,0
32,10,1.0,checkpoints/sudoku_extreme_hf/checkpoint,0,1,blanks_10,16.641491593748725,1,576,baseline,0,0
32,10,1.0,checkpoints/sudoku_extreme_hf/checkpoint,0,1,blanks_10,16.641491593748725,1,577,baseline,0,0
32,10,1.0,checkpoints/sudoku_extreme_hf/checkpoint,0,1,blanks_10,16.641491593748725,1,578,baseline,0,0
32,10,1.0,checkpoints/sudoku_extreme_hf/checkpoint,0,1,blanks_10,16.641491593748725,1,579,baseline,0,0
32,10,0.9506172839506173,checkpoints/sudoku_extreme_hf/checkpoint,3,1,blanks_10,16.641491593748725,0,580,baseline,1,0
32,10,1.0,checkpoints/sudoku_extreme_hf/checkpoint,0,1,blanks_10,16.641491593748725,1,581,baseline,0,0
32,10,1.0,checkpoints/sudoku_extreme_hf/checkpoint,0,1,blanks_10,16.641491593748725,1,582,baseline,0,0
32,10,1.0,checkpoints/sudoku_extreme_hf/checkpoint,0,1,blanks_10,16.641491593748725,1,583,baseline,0,0
32,10,1.0,checkpoints/sudoku_extreme_hf/checkpoint,0,1,blanks_10,16.641491593748725,1,584,baseline,0,0
32,10,1.0,checkpoints/sudoku_extreme_hf/checkpoint,0,1,blanks_10,16.641491593748725,1,585,baseline,0,0
32,10,1.0,checkpoints/sudoku_extreme_hf/checkpoint,0,1,blanks_10,16.641491593748725,1,586,baseline,0,0
32,10,1.0,checkpoints/sudoku_extreme_hf/checkpoint,0,1,blanks_10,16.641491593748725,1,587,baseline,0,0
32,10,1.0,checkpoints/sudoku_extreme_hf/checkpoint,0,1,blanks_10,16.641491593748725,1,588,baseline,0,0
32,10,1.0,checkpoints/sudoku_extreme_hf/checkpoint,0,1,blanks_10,16.641491593748725,1,589,baseline,0,0
32,10,1.0,checkpoints/sudoku_extreme_hf/checkpoint,0,1,blanks_10,16.641491593748725,1,590,baseline,0,0
32,10,1.0,checkpoints/sudoku_extreme_hf/checkpoint,0,1,blanks_10,16.641491593748725,1,591,baseline,0,0
32,10,1.0,checkpoints/sudoku_extreme_hf/checkpoint,0,1,blanks_10,16.641491593748725,1,592,baseline,0,0
32,10,1.0,checkpoints/sudoku_extreme_hf/checkpoint,0,1,blanks_10,16.641491593748725,1,593,baseline,0,0
32,10,1.0,checkpoints/sudoku_extreme_hf/checkpoint,0,1,blanks_10,16.641491593748725,1,594,baseline,0,0
32,10,1.0,checkpoints/sudoku_extreme_hf/checkpoint,0,1,blanks_10,16.641491593748725,1,595,baseline,0,0
32,10,1.0,checkpoints/sudoku_extreme_hf/checkpoint,0,1,blanks_10,16.641491593748725,1,596,baseline,0,0
32,10,1.0,checkpoints/sudoku_extreme_hf/checkpoint,0,1,blanks_10,16.641491593748725,1,597,baseline,0,0
32,10,1.0,checkpoints/sudoku_extreme_hf/checkpoint,0,1,blanks_10,16.641491593748725,1,598,baseline,0,0
32,10,1.0,checkpoints/sudoku_extreme_hf/checkpoint,0,1,blanks_10,16.641491593748725,1,599,baseline,0,0
32,10,1.0,checkpoints/sudoku_extreme_hf/checkpoint,0,1,blanks_10,16.641491593748725,1,600,baseline,0,0
32,10,1.0,checkpoints/sudoku_extreme_hf/checkpoint,0,1,blanks_10,16.641491593748725,1,601,baseline,0,0
32,10,1.0,checkpoints/sudoku_extreme_hf/checkpoint,0,1,blanks_10,16.641491593748725,1,602,baseline,0,0
32,10,1.0,checkpoints/sudoku_extreme_hf/checkpoint,0,1,blanks_10,16.641491593748725,1,603,baseline,0,0
32,10,1.0,checkpoints/sudoku_extreme_hf/checkpoint,0,1,blanks_10,16.641491593748725,1,604,baseline,0,0
32,10,0.9506172839506173,checkpoints/sudoku_extreme_hf/checkpoint,3,1,blanks_10,16.641491593748725,0,605,baseline,1,0
32,10,1.0,checkpoints/sudoku_extreme_hf/checkpoint,0,1,blanks_10,16.641491593748725,1,606,baseline,0,0
32,10,1.0,checkpoints/sudoku_extreme_hf/checkpoint,0,1,blanks_10,16.641491593748725,1,607,baseline,0,0
32,10,0.9506172839506173,checkpoints/sudoku_extreme_hf/checkpoint,2,1,blanks_10,19.332616812500092,0,608,baseline,1,0
32,10,1.0,checkpoints/sudoku_extreme_hf/checkpoint,0,1,blanks_10,19.332616812500092,1,609,baseline,0,0
32,10,1.0,checkpoints/sudoku_extreme_hf/checkpoint,0,1,blanks_10,19.332616812500092,1,610,baseline,0,0
32,10,1.0,checkpoints/sudoku_extreme_hf/checkpoint,0,1,blanks_10,19.332616812500092,1,611,baseline,0,0
32,10,1.0,checkpoints/sudoku_extreme_hf/checkpoint,0,1,blanks_10,19.332616812500092,1,612,baseline,0,0
32,10,1.0,checkpoints/sudoku_extreme_hf/checkpoint,0,1,blanks_10,19.332616812500092,1,613,baseline,0,0
32,10,1.0,checkpoints/sudoku_extreme_hf/checkpoint,0,1,blanks_10,19.332616812500092,1,614,baseline,0,0
32,10,1.0,checkpoints/sudoku_extreme_hf/checkpoint,0,1,blanks_10,19.332616812500092,1,615,baseline,0,0
32,10,1.0,checkpoints/sudoku_extreme_hf/checkpoint,0,1,blanks_10,19.332616812500092,1,616,baseline,0,0
32,10,1.0,checkpoints/sudoku_extreme_hf/checkpoint,0,1,blanks_10,19.332616812500092,1,617,baseline,0,0
32,10,1.0,checkpoints/sudoku_extreme_hf/checkpoint,0,1,blanks_10,19.332616812500092,1,618,baseline,0,0
32,10,1.0,checkpoints/sudoku_extreme_hf/checkpoint,0,1,blanks_10,19.332616812500092,1,619,baseline,0,0
32,10,1.0,checkpoints/sudoku_extreme_hf/checkpoint,0,1,blanks_10,19.332616812500092,1,620,baseline,0,0
32,10,1.0,checkpoints/sudoku_extreme_hf/checkpoint,0,1,blanks_10,19.332616812500092,1,621,baseline,0,0
32,10,1.0,checkpoints/sudoku_extreme_hf/checkpoint,0,1,blanks_10,19.332616812500092,1,622,baseline,0,0
32,10,1.0,checkpoints/sudoku_extreme_hf/checkpoint,0,1,blanks_10,19.332616812500092,1,623,baseline,0,0
32,10,1.0,checkpoints/sudoku_extreme_hf/checkpoint,0,1,blanks_10,19.332616812500092,1,624,baseline,0,0
32,10,1.0,checkpoints/sudoku_extreme_hf/checkpoint,0,1,blanks_10,19.332616812500092,1,625,baseline,0,0
32,10,1.0,checkpoints/sudoku_extreme_hf/checkpoint,0,1,blanks_10,19.332616812500092,1,626,baseline,0,0
32,10,1.0,checkpoints/sudoku_extreme_hf/checkpoint,0,1,blanks_10,19.332616812500092,1,627,baseline,0,0
32,10,1.0,checkpoints/sudoku_extreme_hf/checkpoint,0,1,blanks_10,19.332616812500092,1,628,baseline,0,0
32,10,1.0,checkpoints/sudoku_extreme_hf/checkpoint,0,1,blanks_10,19.332616812500092,1,629,baseline,0,0
32,10,1.0,checkpoints/sudoku_extreme_hf/checkpoint,0,1,blanks_10,19.332616812500092,1,630,baseline,0,0
32,10,0.9506172839506173,checkpoints/sudoku_extreme_hf/checkpoint,2,1,blanks_10,19.332616812500092,0,631,baseline,1,0
32,10,1.0,checkpoints/sudoku_extreme_hf/checkpoint,0,1,blanks_10,19.332616812500092,1,632,baseline,0,0
32,10,1.0,checkpoints/sudoku_extreme_hf/checkpoint,0,1,blanks_10,19.332616812500092,1,633,baseline,0,0
32,10,1.0,checkpoints/sudoku_extreme_hf/checkpoint,0,1,blanks_10,19.332616812500092,1,634,baseline,0,0
32,10,1.0,checkpoints/sudoku_extreme_hf/checkpoint,0,1,blanks_10,19.332616812500092,1,635,baseline,0,0
32,10,1.0,checkpoints/sudoku_extreme_hf/checkpoint,0,1,blanks_10,19.332616812500092,1,636,baseline,0,0
32,10,0.9506172839506173,checkpoints/sudoku_extreme_hf/checkpoint,2,1,blanks_10,19.332616812500092,0,637,baseline,1,0
32,10,1.0,checkpoints/sudoku_extreme_hf/checkpoint,0,1,blanks_10,19.332616812500092,1,638,baseline,0,0
32,10,1.0,checkpoints/sudoku_extreme_hf/checkpoint,0,1,blanks_10,19.332616812500092,1,639,baseline,0,0
32,10,1.0,checkpoints/sudoku_extreme_hf/checkpoint,0,1,blanks_10,19.687024468749925,1,640,baseline,0,0
32,10,1.0,checkpoints/sudoku_extreme_hf/checkpoint,0,1,blanks_10,19.687024468749925,1,641,baseline,0,0
32,10,1.0,checkpoints/sudoku_extreme_hf/checkpoint,0,1,blanks_10,19.687024468749925,1,642,baseline,0,0
32,10,1.0,checkpoints/sudoku_extreme_hf/checkpoint,0,1,blanks_10,19.687024468749925,1,643,baseline,0,0
32,10,1.0,checkpoints/sudoku_extreme_hf/checkpoint,0,1,blanks_10,19.687024468749925,1,644,baseline,0,0
32,10,1.0,checkpoints/sudoku_extreme_hf/checkpoint,0,1,blanks_10,19.687024468749925,1,645,baseline,0,0
32,10,1.0,checkpoints/sudoku_extreme_hf/checkpoint,0,1,blanks_10,19.687024468749925,1,646,baseline,0,0
32,10,1.0,checkpoints/sudoku_extreme_hf/checkpoint,0,1,blanks_10,19.687024468749925,1,647,baseline,0,0
32,10,1.0,checkpoints/sudoku_extreme_hf/checkpoint,0,1,blanks_10,19.687024468749925,1,648,baseline,0,0
32,10,0.9506172839506173,checkpoints/sudoku_extreme_hf/checkpoint,2,1,blanks_10,19.687024468749925,0,649,baseline,1,0
32,10,1.0,checkpoints/sudoku_extreme_hf/checkpoint,0,1,blanks_10,19.687024468749925,1,650,baseline,0,0
32,10,1.0,checkpoints/sudoku_extreme_hf/checkpoint,0,1,blanks_10,19.687024468749925,1,651,baseline,0,0
32,10,1.0,checkpoints/sudoku_extreme_hf/checkpoint,0,1,blanks_10,19.687024468749925,1,652,baseline,0,0
32,10,1.0,checkpoints/sudoku_extreme_hf/checkpoint,0,1,blanks_10,19.687024468749925,1,653,baseline,0,0
32,10,1.0,checkpoints/sudoku_extreme_hf/checkpoint,0,1,blanks_10,19.687024468749925,1,654,baseline,0,0
32,10,1.0,checkpoints/sudoku_extreme_hf/checkpoint,0,1,blanks_10,19.687024468749925,1,655,baseline,0,0
32,10,1.0,checkpoints/sudoku_extreme_hf/checkpoint,0,1,blanks_10,19.687024468749925,1,656,baseline,0,0
32,10,1.0,checkpoints/sudoku_extreme_hf/checkpoint,0,1,blanks_10,19.687024468749925,1,657,baseline,0,0
32,10,1.0,checkpoints/sudoku_extreme_hf/checkpoint,0,1,blanks_10,19.687024468749925,1,658,baseline,0,0
32,10,1.0,checkpoints/sudoku_extreme_hf/checkpoint,0,1,blanks_10,19.687024468749925,1,659,baseline,0,0
32,10,1.0,checkpoints/sudoku_extreme_hf/checkpoint,0,1,blanks_10,19.687024468749925,1,660,baseline,0,0
32,10,1.0,checkpoints/sudoku_extreme_hf/checkpoint,0,1,blanks_10,19.687024468749925,1,661,baseline,0,0
32,10,1.0,checkpoints/sudoku_extreme_hf/checkpoint,0,1,blanks_10,19.687024468749925,1,662,baseline,0,0
32,10,1.0,checkpoints/sudoku_extreme_hf/checkpoint,0,1,blanks_10,19.687024468749925,1,663,baseline,0,0
32,10,1.0,checkpoints/sudoku_extreme_hf/checkpoint,0,1,blanks_10,19.687024468749925,1,664,baseline,0,0
32,10,1.0,checkpoints/sudoku_extreme_hf/checkpoint,0,1,blanks_10,19.687024468749925,1,665,baseline,0,0
32,10,1.0,checkpoints/sudoku_extreme_hf/checkpoint,0,1,blanks_10,19.687024468749925,1,666,baseline,0,0
32,10,1.0,checkpoints/sudoku_extreme_hf/checkpoint,0,1,blanks_10,19.687024468749925,1,667,baseline,0,0
32,10,1.0,checkpoints/sudoku_extreme_hf/checkpoint,0,1,blanks_10,19.687024468749925,1,668,baseline,0,0
32,10,1.0,checkpoints/sudoku_extreme_hf/checkpoint,0,1,blanks_10,19.687024468749925,1,669,baseline,0,0
32,10,1.0,checkpoints/sudoku_extreme_hf/checkpoint,0,1,blanks_10,19.687024468749925,1,670,baseline,0,0
32,10,1.0,checkpoints/sudoku_extreme_hf/checkpoint,0,1,blanks_10,19.687024468749925,1,671,baseline,0,0
32,10,1.0,checkpoints/sudoku_extreme_hf/checkpoint,0,1,blanks_10,17.50485343749908,1,672,baseline,0,0
32,10,1.0,checkpoints/sudoku_extreme_hf/checkpoint,0,1,blanks_10,17.50485343749908,1,673,baseline,0,0
32,10,1.0,checkpoints/sudoku_extreme_hf/checkpoint,0,1,blanks_10,17.50485343749908,1,674,baseline,0,0
32,10,1.0,checkpoints/sudoku_extreme_hf/checkpoint,0,1,blanks_10,17.50485343749908,1,675,baseline,0,0
32,10,1.0,checkpoints/sudoku_extreme_hf/checkpoint,0,1,blanks_10,17.50485343749908,1,676,baseline,0,0
32,10,1.0,checkpoints/sudoku_extreme_hf/checkpoint,0,1,blanks_10,17.50485343749908,1,677,baseline,0,0
32,10,1.0,checkpoints/sudoku_extreme_hf/checkpoint,0,1,blanks_10,17.50485343749908,1,678,baseline,0,0
32,10,1.0,checkpoints/sudoku_extreme_hf/checkpoint,0,1,blanks_10,17.50485343749908,1,679,baseline,0,0
32,10,1.0,checkpoints/sudoku_extreme_hf/checkpoint,0,1,blanks_10,17.50485343749908,1,680,baseline,0,0
32,10,1.0,checkpoints/sudoku_extreme_hf/checkpoint,0,1,blanks_10,17.50485343749908,1,681,baseline,0,0
32,10,1.0,checkpoints/sudoku_extreme_hf/checkpoint,0,1,blanks_10,17.50485343749908,1,682,baseline,0,0
32,10,1.0,checkpoints/sudoku_extreme_hf/checkpoint,0,1,blanks_10,17.50485343749908,1,683,baseline,0,0
32,10,1.0,checkpoints/sudoku_extreme_hf/checkpoint,0,1,blanks_10,17.50485343749908,1,684,baseline,0,0
32,10,1.0,checkpoints/sudoku_extreme_hf/checkpoint,0,1,blanks_10,17.50485343749908,1,685,baseline,0,0
32,10,1.0,checkpoints/sudoku_extreme_hf/checkpoint,0,1,blanks_10,17.50485343749908,1,686,baseline,0,0
32,10,1.0,checkpoints/sudoku_extreme_hf/checkpoint,0,1,blanks_10,17.50485343749908,1,687,baseline,0,0
32,10,1.0,checkpoints/sudoku_extreme_hf/checkpoint,0,1,blanks_10,17.50485343749908,1,688,baseline,0,0
32,10,1.0,checkpoints/sudoku_extreme_hf/checkpoint,0,1,blanks_10,17.50485343749908,1,689,baseline,0,0
32,10,1.0,checkpoints/sudoku_extreme_hf/checkpoint,0,1,blanks_10,17.50485343749908,1,690,baseline,0,0
32,10,1.0,checkpoints/sudoku_extreme_hf/checkpoint,0,1,blanks_10,17.50485343749908,1,691,baseline,0,0
32,10,1.0,checkpoints/sudoku_extreme_hf/checkpoint,0,1,blanks_10,17.50485343749908,1,692,baseline,0,0
32,10,1.0,checkpoints/sudoku_extreme_hf/checkpoint,0,1,blanks_10,17.50485343749908,1,693,baseline,0,0
32,10,1.0,checkpoints/sudoku_extreme_hf/checkpoint,0,1,blanks_10,17.50485343749908,1,694,baseline,0,0
32,10,1.0,checkpoints/sudoku_extreme_hf/checkpoint,0,1,blanks_10,17.50485343749908,1,695,baseline,0,0
32,10,1.0,checkpoints/sudoku_extreme_hf/checkpoint,0,1,blanks_10,17.50485343749908,1,696,baseline,0,0
32,10,1.0,checkpoints/sudoku_extreme_hf/checkpoint,0,1,blanks_10,17.50485343749908,1,697,baseline,0,0
32,10,1.0,checkpoints/sudoku_extreme_hf/checkpoint,0,1,blanks_10,17.50485343749908,1,698,baseline,0,0
32,10,1.0,checkpoints/sudoku_extreme_hf/checkpoint,0,1,blanks_10,17.50485343749908,1,699,baseline,0,0
32,10,1.0,checkpoints/sudoku_extreme_hf/checkpoint,0,1,blanks_10,17.50485343749908,1,700,baseline,0,0
32,10,1.0,checkpoints/sudoku_extreme_hf/checkpoint,0,1,blanks_10,17.50485343749908,1,701,baseline,0,0
32,10,1.0,checkpoints/sudoku_extreme_hf/checkpoint,0,1,blanks_10,17.50485343749908,1,702,baseline,0,0
32,10,0.9506172839506173,checkpoints/sudoku_extreme_hf/checkpoint,3,1,blanks_10,17.50485343749908,0,703,baseline,1,0
32,10,1.0,checkpoints/sudoku_extreme_hf/checkpoint,0,1,blanks_10,19.790929843749083,1,704,baseline,0,0
32,10,1.0,checkpoints/sudoku_extreme_hf/checkpoint,0,1,blanks_10,19.790929843749083,1,705,baseline,0,0
32,10,1.0,checkpoints/sudoku_extreme_hf/checkpoint,0,1,blanks_10,19.790929843749083,1,706,baseline,0,0
32,10,1.0,checkpoints/sudoku_extreme_hf/checkpoint,0,1,blanks_10,19.790929843749083,1,707,baseline,0,0
32,10,1.0,checkpoints/sudoku_extreme_hf/checkpoint,0,1,blanks_10,19.790929843749083,1,708,baseline,0,0
32,10,1.0,checkpoints/sudoku_extreme_hf/checkpoint,0,1,blanks_10,19.790929843749083,1,709,baseline,0,0
32,10,1.0,checkpoints/sudoku_extreme_hf/checkpoint,0,1,blanks_10,19.790929843749083,1,710,baseline,0,0
32,10,1.0,checkpoints/sudoku_extreme_hf/checkpoint,0,1,blanks_10,19.790929843749083,1,711,baseline,0,0
32,10,1.0,checkpoints/sudoku_extreme_hf/checkpoint,0,1,blanks_10,19.790929843749083,1,712,baseline,0,0
32,10,1.0,checkpoints/sudoku_extreme_hf/checkpoint,0,1,blanks_10,19.790929843749083,1,713,baseline,0,0
32,10,1.0,checkpoints/sudoku_extreme_hf/checkpoint,0,1,blanks_10,19.790929843749083,1,714,baseline,0,0
32,10,1.0,checkpoints/sudoku_extreme_hf/checkpoint,0,1,blanks_10,19.790929843749083,1,715,baseline,0,0
32,10,1.0,checkpoints/sudoku_extreme_hf/checkpoint,0,1,blanks_10,19.790929843749083,1,716,baseline,0,0
32,10,1.0,checkpoints/sudoku_extreme_hf/checkpoint,0,1,blanks_10,19.790929843749083,1,717,baseline,0,0
32,10,1.0,checkpoints/sudoku_extreme_hf/checkpoint,0,1,blanks_10,19.790929843749083,1,718,baseline,0,0
32,10,1.0,checkpoints/sudoku_extreme_hf/checkpoint,0,1,blanks_10,19.790929843749083,1,719,baseline,0,0
32,10,1.0,checkpoints/sudoku_extreme_hf/checkpoint,0,1,blanks_10,19.790929843749083,1,720,baseline,0,0
32,10,1.0,checkpoints/sudoku_extreme_hf/checkpoint,0,1,blanks_10,19.790929843749083,1,721,baseline,0,0
32,10,1.0,checkpoints/sudoku_extreme_hf/checkpoint,0,1,blanks_10,19.790929843749083,1,722,baseline,0,0
32,10,1.0,checkpoints/sudoku_extreme_hf/checkpoint,0,1,blanks_10,19.790929843749083,1,723,baseline,0,0
32,10,1.0,checkpoints/sudoku_extreme_hf/checkpoint,0,1,blanks_10,19.790929843749083,1,724,baseline,0,0
32,10,1.0,checkpoints/sudoku_extreme_hf/checkpoint,0,1,blanks_10,19.790929843749083,1,725,baseline,0,0
32,10,1.0,checkpoints/sudoku_extreme_hf/checkpoint,0,1,blanks_10,19.790929843749083,1,726,baseline,0,0
32,10,1.0,checkpoints/sudoku_extreme_hf/checkpoint,0,1,blanks_10,19.790929843749083,1,727,baseline,0,0
32,10,1.0,checkpoints/sudoku_extreme_hf/checkpoint,0,1,blanks_10,19.790929843749083,1,728,baseline,0,0
32,10,1.0,checkpoints/sudoku_extreme_hf/checkpoint,0,1,blanks_10,19.790929843749083,1,729,baseline,0,0
32,10,1.0,checkpoints/sudoku_extreme_hf/checkpoint,0,1,blanks_10,19.790929843749083,1,730,baseline,0,0
32,10,1.0,checkpoints/sudoku_extreme_hf/checkpoint,0,1,blanks_10,19.790929843749083,1,731,baseline,0,0
32,10,1.0,checkpoints/sudoku_extreme_hf/checkpoint,0,1,blanks_10,19.790929843749083,1,732,baseline,0,0
32,10,0.9506172839506173,checkpoints/sudoku_extreme_hf/checkpoint,1,1,blanks_10,19.790929843749083,0,733,baseline,1,0
32,10,1.0,checkpoints/sudoku_extreme_hf/checkpoint,0,1,blanks_10,19.790929843749083,1,734,baseline,0,0
32,10,1.0,checkpoints/sudoku_extreme_hf/checkpoint,0,1,blanks_10,19.790929843749083,1,735,baseline,0,0
32,10,1.0,checkpoints/sudoku_extreme_hf/checkpoint,0,1,blanks_10,18.458040343750426,1,736,baseline,0,0
32,10,0.9506172839506173,checkpoints/sudoku_extreme_hf/checkpoint,2,1,blanks_10,18.458040343750426,0,737,baseline,1,0
32,10,1.0,checkpoints/sudoku_extreme_hf/checkpoint,0,1,blanks_10,18.458040343750426,1,738,baseline,0,0
32,10,1.0,checkpoints/sudoku_extreme_hf/checkpoint,0,1,blanks_10,18.458040343750426,1,739,baseline,0,0
32,10,1.0,checkpoints/sudoku_extreme_hf/checkpoint,0,1,blanks_10,18.458040343750426,1,740,baseline,0,0
32,10,1.0,checkpoints/sudoku_extreme_hf/checkpoint,0,1,blanks_10,18.458040343750426,1,741,baseline,0,0
32,10,1.0,checkpoints/sudoku_extreme_hf/checkpoint,0,1,blanks_10,18.458040343750426,1,742,baseline,0,0
32,10,1.0,checkpoints/sudoku_extreme_hf/checkpoint,0,1,blanks_10,18.458040343750426,1,743,baseline,0,0
32,10,1.0,checkpoints/sudoku_extreme_hf/checkpoint,0,1,blanks_10,18.458040343750426,1,744,baseline,0,0
32,10,1.0,checkpoints/sudoku_extreme_hf/checkpoint,0,1,blanks_10,18.458040343750426,1,745,baseline,0,0
32,10,1.0,checkpoints/sudoku_extreme_hf/checkpoint,0,1,blanks_10,18.458040343750426,1,746,baseline,0,0
32,10,0.9506172839506173,checkpoints/sudoku_extreme_hf/checkpoint,4,1,blanks_10,18.458040343750426,0,747,baseline,1,0
32,10,0.691358024691358,checkpoints/sudoku_extreme_hf/checkpoint,21,1,blanks_10,18.458040343750426,0,748,baseline,1,0
32,10,1.0,checkpoints/sudoku_extreme_hf/checkpoint,0,1,blanks_10,18.458040343750426,1,749,baseline,0,0
32,10,0.9506172839506173,checkpoints/sudoku_extreme_hf/checkpoint,3,1,blanks_10,18.458040343750426,0,750,baseline,1,0
32,10,1.0,checkpoints/sudoku_extreme_hf/checkpoint,0,1,blanks_10,18.458040343750426,1,751,baseline,0,0
32,10,1.0,checkpoints/sudoku_extreme_hf/checkpoint,0,1,blanks_10,18.458040343750426,1,752,baseline,0,0
32,10,1.0,checkpoints/sudoku_extreme_hf/checkpoint,0,1,blanks_10,18.458040343750426,1,753,baseline,0,0
32,10,1.0,checkpoints/sudoku_extreme_hf/checkpoint,0,1,blanks_10,18.458040343750426,1,754,baseline,0,0
32,10,1.0,checkpoints/sudoku_extreme_hf/checkpoint,0,1,blanks_10,18.458040343750426,1,755,baseline,0,0
32,10,1.0,checkpoints/sudoku_extreme_hf/checkpoint,0,1,blanks_10,18.458040343750426,1,756,baseline,0,0
32,10,1.0,checkpoints/sudoku_extreme_hf/checkpoint,0,1,blanks_10,18.458040343750426,1,757,baseline,0,0
32,10,1.0,checkpoints/sudoku_extreme_hf/checkpoint,0,1,blanks_10,18.458040343750426,1,758,baseline,0,0
32,10,1.0,checkpoints/sudoku_extreme_hf/checkpoint,0,1,blanks_10,18.458040343750426,1,759,baseline,0,0
32,10,1.0,checkpoints/sudoku_extreme_hf/checkpoint,0,1,blanks_10,18.458040343750426,1,760,baseline,0,0
32,10,1.0,checkpoints/sudoku_extreme_hf/checkpoint,0,1,blanks_10,18.458040343750426,1,761,baseline,0,0
32,10,1.0,checkpoints/sudoku_extreme_hf/checkpoint,0,1,blanks_10,18.458040343750426,1,762,baseline,0,0
32,10,1.0,checkpoints/sudoku_extreme_hf/checkpoint,0,1,blanks_10,18.458040343750426,1,763,baseline,0,0
32,10,1.0,checkpoints/sudoku_extreme_hf/checkpoint,0,1,blanks_10,18.458040343750426,1,764,baseline,0,0
32,10,1.0,checkpoints/sudoku_extreme_hf/checkpoint,0,1,blanks_10,18.458040343750426,1,765,baseline,0,0
32,10,1.0,checkpoints/sudoku_extreme_hf/checkpoint,0,1,blanks_10,18.458040343750426,1,766,baseline,0,0
32,10,1.0,checkpoints/sudoku_extreme_hf/checkpoint,0,1,blanks_10,18.458040343750426,1,767,baseline,0,0
32,10,1.0,checkpoints/sudoku_extreme_hf/checkpoint,0,1,blanks_10,20.78182403124984,1,768,baseline,0,0
32,10,1.0,checkpoints/sudoku_extreme_hf/checkpoint,0,1,blanks_10,20.78182403124984,1,769,baseline,0,0
32,10,1.0,checkpoints/sudoku_extreme_hf/checkpoint,0,1,blanks_10,20.78182403124984,1,770,baseline,0,0
32,10,1.0,checkpoints/sudoku_extreme_hf/checkpoint,0,1,blanks_10,20.78182403124984,1,771,baseline,0,0
32,10,1.0,checkpoints/sudoku_extreme_hf/checkpoint,0,1,blanks_10,20.78182403124984,1,772,baseline,0,0
32,10,1.0,checkpoints/sudoku_extreme_hf/checkpoint,0,1,blanks_10,20.78182403124984,1,773,baseline,0,0
32,10,1.0,checkpoints/sudoku_extreme_hf/checkpoint,0,1,blanks_10,20.78182403124984,1,774,baseline,0,0
32,10,1.0,checkpoints/sudoku_extreme_hf/checkpoint,0,1,blanks_10,20.78182403124984,1,775,baseline,0,0
32,10,1.0,checkpoints/sudoku_extreme_hf/checkpoint,0,1,blanks_10,20.78182403124984,1,776,baseline,0,0
32,10,1.0,checkpoints/sudoku_extreme_hf/checkpoint,0,1,blanks_10,20.78182403124984,1,777,baseline,0,0
32,10,1.0,checkpoints/sudoku_extreme_hf/checkpoint,0,1,blanks_10,20.78182403124984,1,778,baseline,0,0
32,10,1.0,checkpoints/sudoku_extreme_hf/checkpoint,0,1,blanks_10,20.78182403124984,1,779,baseline,0,0
32,10,1.0,checkpoints/sudoku_extreme_hf/checkpoint,0,1,blanks_10,20.78182403124984,1,780,baseline,0,0
32,10,1.0,checkpoints/sudoku_extreme_hf/checkpoint,0,1,blanks_10,20.78182403124984,1,781,baseline,0,0
32,10,1.0,checkpoints/sudoku_extreme_hf/checkpoint,0,1,blanks_10,20.78182403124984,1,782,baseline,0,0
32,10,1.0,checkpoints/sudoku_extreme_hf/checkpoint,0,1,blanks_10,20.78182403124984,1,783,baseline,0,0
32,10,1.0,checkpoints/sudoku_extreme_hf/checkpoint,0,1,blanks_10,20.78182403124984,1,784,baseline,0,0
32,10,1.0,checkpoints/sudoku_extreme_hf/checkpoint,0,1,blanks_10,20.78182403124984,1,785,baseline,0,0
32,10,1.0,checkpoints/sudoku_extreme_hf/checkpoint,0,1,blanks_10,20.78182403124984,1,786,baseline,0,0
32,10,1.0,checkpoints/sudoku_extreme_hf/checkpoint,0,1,blanks_10,20.78182403124984,1,787,baseline,0,0
32,10,1.0,checkpoints/sudoku_extreme_hf/checkpoint,0,1,blanks_10,20.78182403124984,1,788,baseline,0,0
32,10,1.0,checkpoints/sudoku_extreme_hf/checkpoint,0,1,blanks_10,20.78182403124984,1,789,baseline,0,0
32,10,1.0,checkpoints/sudoku_extreme_hf/checkpoint,0,1,blanks_10,20.78182403124984,1,790,baseline,0,0
32,10,1.0,checkpoints/sudoku_extreme_hf/checkpoint,0,1,blanks_10,20.78182403124984,1,791,baseline,0,0
32,10,1.0,checkpoints/sudoku_extreme_hf/checkpoint,0,1,blanks_10,20.78182403124984,1,792,baseline,0,0
32,10,1.0,checkpoints/sudoku_extreme_hf/checkpoint,0,1,blanks_10,20.78182403124984,1,793,baseline,0,0
32,10,1.0,checkpoints/sudoku_extreme_hf/checkpoint,0,1,blanks_10,20.78182403124984,1,794,baseline,0,0
32,10,1.0,checkpoints/sudoku_extreme_hf/checkpoint,0,1,blanks_10,20.78182403124984,1,795,baseline,0,0
32,10,1.0,checkpoints/sudoku_extreme_hf/checkpoint,0,1,blanks_10,20.78182403124984,1,796,baseline,0,0
32,10,1.0,checkpoints/sudoku_extreme_hf/checkpoint,0,1,blanks_10,20.78182403124984,1,797,baseline,0,0
32,10,1.0,checkpoints/sudoku_extreme_hf/checkpoint,0,1,blanks_10,20.78182403124984,1,798,baseline,0,0
32,10,1.0,checkpoints/sudoku_extreme_hf/checkpoint,0,1,blanks_10,20.78182403124984,1,799,baseline,0,0
32,10,1.0,checkpoints/sudoku_extreme_hf/checkpoint,0,1,blanks_10,19.521238187500956,1,800,baseline,0,0
32,10,1.0,checkpoints/sudoku_extreme_hf/checkpoint,0,1,blanks_10,19.521238187500956,1,801,baseline,0,0
32,10,1.0,checkpoints/sudoku_extreme_hf/checkpoint,0,1,blanks_10,19.521238187500956,1,802,baseline,0,0
32,10,1.0,checkpoints/sudoku_extreme_hf/checkpoint,0,1,blanks_10,19.521238187500956,1,803,baseline,0,0
32,10,1.0,checkpoints/sudoku_extreme_hf/checkpoint,0,1,blanks_10,19.521238187500956,1,804,baseline,0,0
32,10,1.0,checkpoints/sudoku_extreme_hf/checkpoint,0,1,blanks_10,19.521238187500956,1,805,baseline,0,0
32,10,1.0,checkpoints/sudoku_extreme_hf/checkpoint,0,1,blanks_10,19.521238187500956,1,806,baseline,0,0
32,10,1.0,checkpoints/sudoku_extreme_hf/checkpoint,0,1,blanks_10,19.521238187500956,1,807,baseline,0,0
32,10,1.0,checkpoints/sudoku_extreme_hf/checkpoint,0,1,blanks_10,19.521238187500956,1,808,baseline,0,0
32,10,1.0,checkpoints/sudoku_extreme_hf/checkpoint,0,1,blanks_10,19.521238187500956,1,809,baseline,0,0
32,10,1.0,checkpoints/sudoku_extreme_hf/checkpoint,0,1,blanks_10,19.521238187500956,1,810,baseline,0,0
32,10,1.0,checkpoints/sudoku_extreme_hf/checkpoint,0,1,blanks_10,19.521238187500956,1,811,baseline,0,0
32,10,1.0,checkpoints/sudoku_extreme_hf/checkpoint,0,1,blanks_10,19.521238187500956,1,812,baseline,0,0
32,10,1.0,checkpoints/sudoku_extreme_hf/checkpoint,0,1,blanks_10,19.521238187500956,1,813,baseline,0,0
32,10,1.0,checkpoints/sudoku_extreme_hf/checkpoint,0,1,blanks_10,19.521238187500956,1,814,baseline,0,0
32,10,1.0,checkpoints/sudoku_extreme_hf/checkpoint,0,1,blanks_10,19.521238187500956,1,815,baseline,0,0
32,10,1.0,checkpoints/sudoku_extreme_hf/checkpoint,0,1,blanks_10,19.521238187500956,1,816,baseline,0,0
32,10,1.0,checkpoints/sudoku_extreme_hf/checkpoint,0,1,blanks_10,19.521238187500956,1,817,baseline,0,0
32,10,1.0,checkpoints/sudoku_extreme_hf/checkpoint,0,1,blanks_10,19.521238187500956,1,818,baseline,0,0
32,10,1.0,checkpoints/sudoku_extreme_hf/checkpoint,0,1,blanks_10,19.521238187500956,1,819,baseline,0,0
32,10,1.0,checkpoints/sudoku_extreme_hf/checkpoint,0,1,blanks_10,19.521238187500956,1,820,baseline,0,0
32,10,1.0,checkpoints/sudoku_extreme_hf/checkpoint,0,1,blanks_10,19.521238187500956,1,821,baseline,0,0
32,10,1.0,checkpoints/sudoku_extreme_hf/checkpoint,0,1,blanks_10,19.521238187500956,1,822,baseline,0,0
32,10,1.0,checkpoints/sudoku_extreme_hf/checkpoint,0,1,blanks_10,19.521238187500956,1,823,baseline,0,0
32,10,1.0,checkpoints/sudoku_extreme_hf/checkpoint,0,1,blanks_10,19.521238187500956,1,824,baseline,0,0
32,10,1.0,checkpoints/sudoku_extreme_hf/checkpoint,0,1,blanks_10,19.521238187500956,1,825,baseline,0,0
32,10,1.0,checkpoints/sudoku_extreme_hf/checkpoint,0,1,blanks_10,19.521238187500956,1,826,baseline,0,0
32,10,1.0,checkpoints/sudoku_extreme_hf/checkpoint,0,1,blanks_10,19.521238187500956,1,827,baseline,0,0
32,10,1.0,checkpoints/sudoku_extreme_hf/checkpoint,0,1,blanks_10,19.521238187500956,1,828,baseline,0,0
32,10,0.9259259259259259,checkpoints/sudoku_extreme_hf/checkpoint,4,1,blanks_10,19.521238187500956,0,829,baseline,1,0
32,10,1.0,checkpoints/sudoku_extreme_hf/checkpoint,0,1,blanks_10,19.521238187500956,1,830,baseline,0,0
32,10,1.0,checkpoints/sudoku_extreme_hf/checkpoint,0,1,blanks_10,19.521238187500956,1,831,baseline,0,0
32,10,1.0,checkpoints/sudoku_extreme_hf/checkpoint,0,1,blanks_10,21.987529875000078,1,832,baseline,0,0
32,10,1.0,checkpoints/sudoku_extreme_hf/checkpoint,0,1,blanks_10,21.987529875000078,1,833,baseline,0,0
32,10,1.0,checkpoints/sudoku_extreme_hf/checkpoint,0,1,blanks_10,21.987529875000078,1,834,baseline,0,0
32,10,0.9506172839506173,checkpoints/sudoku_extreme_hf/checkpoint,3,1,blanks_10,21.987529875000078,0,835,baseline,1,0
32,10,1.0,checkpoints/sudoku_extreme_hf/checkpoint,0,1,blanks_10,21.987529875000078,1,836,baseline,0,0
32,10,1.0,checkpoints/sudoku_extreme_hf/checkpoint,0,1,blanks_10,21.987529875000078,1,837,baseline,0,0
32,10,1.0,checkpoints/sudoku_extreme_hf/checkpoint,0,1,blanks_10,21.987529875000078,1,838,baseline,0,0
32,10,1.0,checkpoints/sudoku_extreme_hf/checkpoint,0,1,blanks_10,21.987529875000078,1,839,baseline,0,0
32,10,1.0,checkpoints/sudoku_extreme_hf/checkpoint,0,1,blanks_10,21.987529875000078,1,840,baseline,0,0
32,10,1.0,checkpoints/sudoku_extreme_hf/checkpoint,0,1,blanks_10,21.987529875000078,1,841,baseline,0,0
32,10,1.0,checkpoints/sudoku_extreme_hf/checkpoint,0,1,blanks_10,21.987529875000078,1,842,baseline,0,0
32,10,1.0,checkpoints/sudoku_extreme_hf/checkpoint,0,1,blanks_10,21.987529875000078,1,843,baseline,0,0
32,10,1.0,checkpoints/sudoku_extreme_hf/checkpoint,0,1,blanks_10,21.987529875000078,1,844,baseline,0,0
32,10,1.0,checkpoints/sudoku_extreme_hf/checkpoint,0,1,blanks_10,21.987529875000078,1,845,baseline,0,0
32,10,1.0,checkpoints/sudoku_extreme_hf/checkpoint,0,1,blanks_10,21.987529875000078,1,846,baseline,0,0
32,10,1.0,checkpoints/sudoku_extreme_hf/checkpoint,0,1,blanks_10,21.987529875000078,1,847,baseline,0,0
32,10,1.0,checkpoints/sudoku_extreme_hf/checkpoint,0,1,blanks_10,21.987529875000078,1,848,baseline,0,0
32,10,0.9259259259259259,checkpoints/sudoku_extreme_hf/checkpoint,6,1,blanks_10,21.987529875000078,0,849,baseline,1,0
32,10,1.0,checkpoints/sudoku_extreme_hf/checkpoint,0,1,blanks_10,21.987529875000078,1,850,baseline,0,0
32,10,1.0,checkpoints/sudoku_extreme_hf/checkpoint,0,1,blanks_10,21.987529875000078,1,851,baseline,0,0
32,10,1.0,checkpoints/sudoku_extreme_hf/checkpoint,0,1,blanks_10,21.987529875000078,1,852,baseline,0,0
32,10,1.0,checkpoints/sudoku_extreme_hf/checkpoint,0,1,blanks_10,21.987529875000078,1,853,baseline,0,0
32,10,1.0,checkpoints/sudoku_extreme_hf/checkpoint,0,1,blanks_10,21.987529875000078,1,854,baseline,0,0
32,10,1.0,checkpoints/sudoku_extreme_hf/checkpoint,0,1,blanks_10,21.987529875000078,1,855,baseline,0,0
32,10,1.0,checkpoints/sudoku_extreme_hf/checkpoint,0,1,blanks_10,21.987529875000078,1,856,baseline,0,0
32,10,1.0,checkpoints/sudoku_extreme_hf/checkpoint,0,1,blanks_10,21.987529875000078,1,857,baseline,0,0
32,10,1.0,checkpoints/sudoku_extreme_hf/checkpoint,0,1,blanks_10,21.987529875000078,1,858,baseline,0,0
32,10,1.0,checkpoints/sudoku_extreme_hf/checkpoint,0,1,blanks_10,21.987529875000078,1,859,baseline,0,0
32,10,1.0,checkpoints/sudoku_extreme_hf/checkpoint,0,1,blanks_10,21.987529875000078,1,860,baseline,0,0
32,10,1.0,checkpoints/sudoku_extreme_hf/checkpoint,0,1,blanks_10,21.987529875000078,1,861,baseline,0,0
32,10,1.0,checkpoints/sudoku_extreme_hf/checkpoint,0,1,blanks_10,21.987529875000078,1,862,baseline,0,0
32,10,1.0,checkpoints/sudoku_extreme_hf/checkpoint,0,1,blanks_10,21.987529875000078,1,863,baseline,0,0
32,10,1.0,checkpoints/sudoku_extreme_hf/checkpoint,0,1,blanks_10,17.556335218749552,1,864,baseline,0,0
32,10,1.0,checkpoints/sudoku_extreme_hf/checkpoint,0,1,blanks_10,17.556335218749552,1,865,baseline,0,0
32,10,1.0,checkpoints/sudoku_extreme_hf/checkpoint,0,1,blanks_10,17.556335218749552,1,866,baseline,0,0
32,10,1.0,checkpoints/sudoku_extreme_hf/checkpoint,0,1,blanks_10,17.556335218749552,1,867,baseline,0,0
32,10,1.0,checkpoints/sudoku_extreme_hf/checkpoint,0,1,blanks_10,17.556335218749552,1,868,baseline,0,0
32,10,1.0,checkpoints/sudoku_extreme_hf/checkpoint,0,1,blanks_10,17.556335218749552,1,869,baseline,0,0
32,10,1.0,checkpoints/sudoku_extreme_hf/checkpoint,0,1,blanks_10,17.556335218749552,1,870,baseline,0,0
32,10,1.0,checkpoints/sudoku_extreme_hf/checkpoint,0,1,blanks_10,17.556335218749552,1,871,baseline,0,0
32,10,1.0,checkpoints/sudoku_extreme_hf/checkpoint,0,1,blanks_10,17.556335218749552,1,872,baseline,0,0
32,10,1.0,checkpoints/sudoku_extreme_hf/checkpoint,0,1,blanks_10,17.556335218749552,1,873,baseline,0,0
32,10,1.0,checkpoints/sudoku_extreme_hf/checkpoint,0,1,blanks_10,17.556335218749552,1,874,baseline,0,0
32,10,1.0,checkpoints/sudoku_extreme_hf/checkpoint,0,1,blanks_10,17.556335218749552,1,875,baseline,0,0
32,10,1.0,checkpoints/sudoku_extreme_hf/checkpoint,0,1,blanks_10,17.556335218749552,1,876,baseline,0,0
32,10,1.0,checkpoints/sudoku_extreme_hf/checkpoint,0,1,blanks_10,17.556335218749552,1,877,baseline,0,0
32,10,0.9506172839506173,checkpoints/sudoku_extreme_hf/checkpoint,2,1,blanks_10,17.556335218749552,0,878,baseline,1,0
32,10,1.0,checkpoints/sudoku_extreme_hf/checkpoint,0,1,blanks_10,17.556335218749552,1,879,baseline,0,0
32,10,1.0,checkpoints/sudoku_extreme_hf/checkpoint,0,1,blanks_10,17.556335218749552,1,880,baseline,0,0
32,10,1.0,checkpoints/sudoku_extreme_hf/checkpoint,0,1,blanks_10,17.556335218749552,1,881,baseline,0,0
32,10,1.0,checkpoints/sudoku_extreme_hf/checkpoint,0,1,blanks_10,17.556335218749552,1,882,baseline,0,0
32,10,1.0,checkpoints/sudoku_extreme_hf/checkpoint,0,1,blanks_10,17.556335218749552,1,883,baseline,0,0
32,10,1.0,checkpoints/sudoku_extreme_hf/checkpoint,0,1,blanks_10,17.556335218749552,1,884,baseline,0,0
32,10,0.9506172839506173,checkpoints/sudoku_extreme_hf/checkpoint,3,1,blanks_10,17.556335218749552,0,885,baseline,1,0
32,10,1.0,checkpoints/sudoku_extreme_hf/checkpoint,0,1,blanks_10,17.556335218749552,1,886,baseline,0,0
32,10,1.0,checkpoints/sudoku_extreme_hf/checkpoint,0,1,blanks_10,17.556335218749552,1,887,baseline,0,0
32,10,0.9135802469135802,checkpoints/sudoku_extreme_hf/checkpoint,4,1,blanks_10,17.556335218749552,0,888,baseline,1,0
32,10,1.0,checkpoints/sudoku_extreme_hf/checkpoint,0,1,blanks_10,17.556335218749552,1,889,baseline,0,0
32,10,1.0,checkpoints/sudoku_extreme_hf/checkpoint,0,1,blanks_10,17.556335218749552,1,890,baseline,0,0
32,10,1.0,checkpoints/sudoku_extreme_hf/checkpoint,0,1,blanks_10,17.556335218749552,1,891,baseline,0,0
32,10,1.0,checkpoints/sudoku_extreme_hf/checkpoint,0,1,blanks_10,17.556335218749552,1,892,baseline,0,0
32,10,1.0,checkpoints/sudoku_extreme_hf/checkpoint,0,1,blanks_10,17.556335218749552,1,893,baseline,0,0
32,10,1.0,checkpoints/sudoku_extreme_hf/checkpoint,0,1,blanks_10,17.556335218749552,1,894,baseline,0,0
32,10,1.0,checkpoints/sudoku_extreme_hf/checkpoint,0,1,blanks_10,17.556335218749552,1,895,baseline,0,0
32,10,1.0,checkpoints/sudoku_extreme_hf/checkpoint,0,1,blanks_10,16.683453937499593,1,896,baseline,0,0
32,10,1.0,checkpoints/sudoku_extreme_hf/checkpoint,0,1,blanks_10,16.683453937499593,1,897,baseline,0,0
32,10,0.9506172839506173,checkpoints/sudoku_extreme_hf/checkpoint,2,1,blanks_10,16.683453937499593,0,898,baseline,1,0
32,10,1.0,checkpoints/sudoku_extreme_hf/checkpoint,0,1,blanks_10,16.683453937499593,1,899,baseline,0,0
32,10,1.0,checkpoints/sudoku_extreme_hf/checkpoint,0,1,blanks_10,16.683453937499593,1,900,baseline,0,0
32,10,1.0,checkpoints/sudoku_extreme_hf/checkpoint,0,1,blanks_10,16.683453937499593,1,901,baseline,0,0
32,10,1.0,checkpoints/sudoku_extreme_hf/checkpoint,0,1,blanks_10,16.683453937499593,1,902,baseline,0,0
32,10,1.0,checkpoints/sudoku_extreme_hf/checkpoint,0,1,blanks_10,16.683453937499593,1,903,baseline,0,0
32,10,1.0,checkpoints/sudoku_extreme_hf/checkpoint,0,1,blanks_10,16.683453937499593,1,904,baseline,0,0
32,10,1.0,checkpoints/sudoku_extreme_hf/checkpoint,0,1,blanks_10,16.683453937499593,1,905,baseline,0,0
32,10,1.0,checkpoints/sudoku_extreme_hf/checkpoint,0,1,blanks_10,16.683453937499593,1,906,baseline,0,0
32,10,1.0,checkpoints/sudoku_extreme_hf/checkpoint,0,1,blanks_10,16.683453937499593,1,907,baseline,0,0
32,10,1.0,checkpoints/sudoku_extreme_hf/checkpoint,0,1,blanks_10,16.683453937499593,1,908,baseline,0,0
32,10,1.0,checkpoints/sudoku_extreme_hf/checkpoint,0,1,blanks_10,16.683453937499593,1,909,baseline,0,0
32,10,1.0,checkpoints/sudoku_extreme_hf/checkpoint,0,1,blanks_10,16.683453937499593,1,910,baseline,0,0
32,10,1.0,checkpoints/sudoku_extreme_hf/checkpoint,0,1,blanks_10,16.683453937499593,1,911,baseline,0,0
32,10,1.0,checkpoints/sudoku_extreme_hf/checkpoint,0,1,blanks_10,16.683453937499593,1,912,baseline,0,0
32,10,1.0,checkpoints/sudoku_extreme_hf/checkpoint,0,1,blanks_10,16.683453937499593,1,913,baseline,0,0
32,10,1.0,checkpoints/sudoku_extreme_hf/checkpoint,0,1,blanks_10,16.683453937499593,1,914,baseline,0,0
32,10,1.0,checkpoints/sudoku_extreme_hf/checkpoint,0,1,blanks_10,16.683453937499593,1,915,baseline,0,0
32,10,1.0,checkpoints/sudoku_extreme_hf/checkpoint,0,1,blanks_10,16.683453937499593,1,916,baseline,0,0
32,10,1.0,checkpoints/sudoku_extreme_hf/checkpoint,0,1,blanks_10,16.683453937499593,1,917,baseline,0,0
32,10,0.9506172839506173,checkpoints/sudoku_extreme_hf/checkpoint,1,1,blanks_10,16.683453937499593,0,918,baseline,1,0
32,10,1.0,checkpoints/sudoku_extreme_hf/checkpoint,0,1,blanks_10,16.683453937499593,1,919,baseline,0,0
32,10,1.0,checkpoints/sudoku_extreme_hf/checkpoint,0,1,blanks_10,16.683453937499593,1,920,baseline,0,0
32,10,1.0,checkpoints/sudoku_extreme_hf/checkpoint,0,1,blanks_10,16.683453937499593,1,921,baseline,0,0
32,10,1.0,checkpoints/sudoku_extreme_hf/checkpoint,0,1,blanks_10,16.683453937499593,1,922,baseline,0,0
32,10,1.0,checkpoints/sudoku_extreme_hf/checkpoint,0,1,blanks_10,16.683453937499593,1,923,baseline,0,0
32,10,1.0,checkpoints/sudoku_extreme_hf/checkpoint,0,1,blanks_10,16.683453937499593,1,924,baseline,0,0
32,10,1.0,checkpoints/sudoku_extreme_hf/checkpoint,0,1,blanks_10,16.683453937499593,1,925,baseline,0,0
32,10,1.0,checkpoints/sudoku_extreme_hf/checkpoint,0,1,blanks_10,16.683453937499593,1,926,baseline,0,0
32,10,1.0,checkpoints/sudoku_extreme_hf/checkpoint,0,1,blanks_10,16.683453937499593,1,927,baseline,0,0
32,10,1.0,checkpoints/sudoku_extreme_hf/checkpoint,0,1,blanks_10,16.458907437499448,1,928,baseline,0,0
32,10,1.0,checkpoints/sudoku_extreme_hf/checkpoint,0,1,blanks_10,16.458907437499448,1,929,baseline,0,0
32,10,1.0,checkpoints/sudoku_extreme_hf/checkpoint,0,1,blanks_10,16.458907437499448,1,930,baseline,0,0
32,10,1.0,checkpoints/sudoku_extreme_hf/checkpoint,0,1,blanks_10,16.458907437499448,1,931,baseline,0,0
32,10,1.0,checkpoints/sudoku_extreme_hf/checkpoint,0,1,blanks_10,16.458907437499448,1,932,baseline,0,0
32,10,1.0,checkpoints/sudoku_extreme_hf/checkpoint,0,1,blanks_10,16.458907437499448,1,933,baseline,0,0
32,10,1.0,checkpoints/sudoku_extreme_hf/checkpoint,0,1,blanks_10,16.458907437499448,1,934,baseline,0,0
32,10,1.0,checkpoints/sudoku_extreme_hf/checkpoint,0,1,blanks_10,16.458907437499448,1,935,baseline,0,0
32,10,1.0,checkpoints/sudoku_extreme_hf/checkpoint,0,1,blanks_10,16.458907437499448,1,936,baseline,0,0
32,10,1.0,checkpoints/sudoku_extreme_hf/checkpoint,0,1,blanks_10,16.458907437499448,1,937,baseline,0,0
32,10,1.0,checkpoints/sudoku_extreme_hf/checkpoint,0,1,blanks_10,16.458907437499448,1,938,baseline,0,0
32,10,1.0,checkpoints/sudoku_extreme_hf/checkpoint,0,1,blanks_10,16.458907437499448,1,939,baseline,0,0
32,10,1.0,checkpoints/sudoku_extreme_hf/checkpoint,0,1,blanks_10,16.458907437499448,1,940,baseline,0,0
32,10,1.0,checkpoints/sudoku_extreme_hf/checkpoint,0,1,blanks_10,16.458907437499448,1,941,baseline,0,0
32,10,1.0,checkpoints/sudoku_extreme_hf/checkpoint,0,1,blanks_10,16.458907437499448,1,942,baseline,0,0
32,10,1.0,checkpoints/sudoku_extreme_hf/checkpoint,0,1,blanks_10,16.458907437499448,1,943,baseline,0,0
32,10,0.9259259259259259,checkpoints/sudoku_extreme_hf/checkpoint,3,1,blanks_10,16.458907437499448,0,944,baseline,1,0
32,10,1.0,checkpoints/sudoku_extreme_hf/checkpoint,0,1,blanks_10,16.458907437499448,1,945,baseline,0,0
32,10,0.8641975308641975,checkpoints/sudoku_extreme_hf/checkpoint,5,0,blanks_10,16.458907437499448,0,946,baseline,1,19
32,10,1.0,checkpoints/sudoku_extreme_hf/checkpoint,0,1,blanks_10,16.458907437499448,1,947,baseline,0,0
32,10,0.9506172839506173,checkpoints/sudoku_extreme_hf/checkpoint,3,1,blanks_10,16.458907437499448,0,948,baseline,1,0
32,10,1.0,checkpoints/sudoku_extreme_hf/checkpoint,0,1,blanks_10,16.458907437499448,1,949,baseline,0,0
32,10,1.0,checkpoints/sudoku_extreme_hf/checkpoint,0,1,blanks_10,16.458907437499448,1,950,baseline,0,0
32,10,0.9506172839506173,checkpoints/sudoku_extreme_hf/checkpoint,2,1,blanks_10,16.458907437499448,0,951,baseline,1,0
32,10,1.0,checkpoints/sudoku_extreme_hf/checkpoint,0,1,blanks_10,16.458907437499448,1,952,baseline,0,0
32,10,1.0,checkpoints/sudoku_extreme_hf/checkpoint,0,1,blanks_10,16.458907437499448,1,953,baseline,0,0
32,10,1.0,checkpoints/sudoku_extreme_hf/checkpoint,0,1,blanks_10,16.458907437499448,1,954,baseline,0,0
32,10,1.0,checkpoints/sudoku_extreme_hf/checkpoint,0,1,blanks_10,16.458907437499448,1,955,baseline,0,0
32,10,1.0,checkpoints/sudoku_extreme_hf/checkpoint,0,1,blanks_10,16.458907437499448,1,956,baseline,0,0
32,10,1.0,checkpoints/sudoku_extreme_hf/checkpoint,0,1,blanks_10,16.458907437499448,1,957,baseline,0,0
32,10,1.0,checkpoints/sudoku_extreme_hf/checkpoint,0,1,blanks_10,16.458907437499448,1,958,baseline,0,0
32,10,1.0,checkpoints/sudoku_extreme_hf/checkpoint,0,1,blanks_10,16.458907437499448,1,959,baseline,0,0
32,10,1.0,checkpoints/sudoku_extreme_hf/checkpoint,0,1,blanks_10,17.874637749999422,1,960,baseline,0,0
32,10,1.0,checkpoints/sudoku_extreme_hf/checkpoint,0,1,blanks_10,17.874637749999422,1,961,baseline,0,0
32,10,1.0,checkpoints/sudoku_extreme_hf/checkpoint,0,1,blanks_10,17.874637749999422,1,962,baseline,0,0
32,10,1.0,checkpoints/sudoku_extreme_hf/checkpoint,0,1,blanks_10,17.874637749999422,1,963,baseline,0,0
32,10,1.0,checkpoints/sudoku_extreme_hf/checkpoint,0,1,blanks_10,17.874637749999422,1,964,baseline,0,0
32,10,1.0,checkpoints/sudoku_extreme_hf/checkpoint,0,1,blanks_10,17.874637749999422,1,965,baseline,0,0
32,10,1.0,checkpoints/sudoku_extreme_hf/checkpoint,0,1,blanks_10,17.874637749999422,1,966,baseline,0,0
32,10,1.0,checkpoints/sudoku_extreme_hf/checkpoint,0,1,blanks_10,17.874637749999422,1,967,baseline,0,0
32,10,1.0,checkpoints/sudoku_extreme_hf/checkpoint,0,1,blanks_10,17.874637749999422,1,968,baseline,0,0
32,10,1.0,checkpoints/sudoku_extreme_hf/checkpoint,0,1,blanks_10,17.874637749999422,1,969,baseline,0,0
32,10,1.0,checkpoints/sudoku_extreme_hf/checkpoint,0,1,blanks_10,17.874637749999422,1,970,baseline,0,0
32,10,1.0,checkpoints/sudoku_extreme_hf/checkpoint,0,1,blanks_10,17.874637749999422,1,971,baseline,0,0
32,10,1.0,checkpoints/sudoku_extreme_hf/checkpoint,0,1,blanks_10,17.874637749999422,1,972,baseline,0,0
32,10,1.0,checkpoints/sudoku_extreme_hf/checkpoint,0,1,blanks_10,17.874637749999422,1,973,baseline,0,0
32,10,0.9506172839506173,checkpoints/sudoku_extreme_hf/checkpoint,2,1,blanks_10,17.874637749999422,0,974,baseline,1,0
32,10,1.0,checkpoints/sudoku_extreme_hf/checkpoint,0,1,blanks_10,17.874637749999422,1,975,baseline,0,0
32,10,1.0,checkpoints/sudoku_extreme_hf/checkpoint,0,1,blanks_10,17.874637749999422,1,976,baseline,0,0
32,10,1.0,checkpoints/sudoku_extreme_hf/checkpoint,0,1,blanks_10,17.874637749999422,1,977,baseline,0,0
32,10,1.0,checkpoints/sudoku_extreme_hf/checkpoint,0,1,blanks_10,17.874637749999422,1,978,baseline,0,0
32,10,1.0,checkpoints/sudoku_extreme_hf/checkpoint,0,1,blanks_10,17.874637749999422,1,979,baseline,0,0
32,10,1.0,checkpoints/sudoku_extreme_hf/checkpoint,0,1,blanks_10,17.874637749999422,1,980,baseline,0,0
32,10,1.0,checkpoints/sudoku_extreme_hf/checkpoint,0,1,blanks_10,17.874637749999422,1,981,baseline,0,0
32,10,1.0,checkpoints/sudoku_extreme_hf/checkpoint,0,1,blanks_10,17.874637749999422,1,982,baseline,0,0
32,10,1.0,checkpoints/sudoku_extreme_hf/checkpoint,0,1,blanks_10,17.874637749999422,1,983,baseline,0,0
32,10,1.0,checkpoints/sudoku_extreme_hf/checkpoint,0,1,blanks_10,17.874637749999422,1,984,baseline,0,0
32,10,1.0,checkpoints/sudoku_extreme_hf/checkpoint,0,1,blanks_10,17.874637749999422,1,985,baseline,0,0
32,10,1.0,checkpoints/sudoku_extreme_hf/checkpoint,0,1,blanks_10,17.874637749999422,1,986,baseline,0,0
32,10,1.0,checkpoints/sudoku_extreme_hf/checkpoint,0,1,blanks_10,17.874637749999422,1,987,baseline,0,0
32,10,1.0,checkpoints/sudoku_extreme_hf/checkpoint,0,1,blanks_10,17.874637749999422,1,988,baseline,0,0
32,10,0.9506172839506173,checkpoints/sudoku_extreme_hf/checkpoint,3,1,blanks_10,17.874637749999422,0,989,baseline,1,0
32,10,1.0,checkpoints/sudoku_extreme_hf/checkpoint,0,1,blanks_10,17.874637749999422,1,990,baseline,0,0
32,10,1.0,checkpoints/sudoku_extreme_hf/checkpoint,0,1,blanks_10,17.874637749999422,1,991,baseline,0,0
32,10,1.0,checkpoints/sudoku_extreme_hf/checkpoint,0,1,blanks_10,67.33066612500238,1,992,baseline,0,0
32,10,1.0,checkpoints/sudoku_extreme_hf/checkpoint,0,1,blanks_10,67.33066612500238,1,993,baseline,0,0
32,10,0.9506172839506173,checkpoints/sudoku_extreme_hf/checkpoint,2,1,blanks_10,67.33066612500238,0,994,baseline,1,0
32,10,0.9259259259259259,checkpoints/sudoku_extreme_hf/checkpoint,3,1,blanks_10,67.33066612500238,0,995,baseline,1,0
32,10,1.0,checkpoints/sudoku_extreme_hf/checkpoint,0,1,blanks_10,67.33066612500238,1,996,baseline,0,0
32,10,1.0,checkpoints/sudoku_extreme_hf/checkpoint,0,1,blanks_10,67.33066612500238,1,997,baseline,0,0
32,10,1.0,checkpoints/sudoku_extreme_hf/checkpoint,0,1,blanks_10,67.33066612500238,1,998,baseline,0,0
32,10,0.9506172839506173,checkpoints/sudoku_extreme_hf/checkpoint,2,1,blanks_10,67.33066612500238,0,999,baseline,1,0
32,20,1.0,checkpoints/sudoku_extreme_hf/checkpoint,0,1,blanks_20,16.70233590625081,1,0,baseline,0,0
32,20,1.0,checkpoints/sudoku_extreme_hf/checkpoint,0,1,blanks_20,16.70233590625081,1,1,baseline,0,0
32,20,1.0,checkpoints/sudoku_extreme_hf/checkpoint,0,1,blanks_20,16.70233590625081,1,2,baseline,0,0
32,20,1.0,checkpoints/sudoku_extreme_hf/checkpoint,0,1,blanks_20,16.70233590625081,1,3,baseline,0,0
32,20,1.0,checkpoints/sudoku_extreme_hf/checkpoint,0,1,blanks_20,16.70233590625081,1,4,baseline,0,0
32,20,1.0,checkpoints/sudoku_extreme_hf/checkpoint,0,1,blanks_20,16.70233590625081,1,5,baseline,0,0
32,20,1.0,checkpoints/sudoku_extreme_hf/checkpoint,0,1,blanks_20,16.70233590625081,1,6,baseline,0,0
32,20,1.0,checkpoints/sudoku_extreme_hf/checkpoint,0,1,blanks_20,16.70233590625081,1,7,baseline,0,0
32,20,1.0,checkpoints/sudoku_extreme_hf/checkpoint,0,1,blanks_20,16.70233590625081,1,8,baseline,0,0
32,20,1.0,checkpoints/sudoku_extreme_hf/checkpoint,0,1,blanks_20,16.70233590625081,1,9,baseline,0,0
32,20,1.0,checkpoints/sudoku_extreme_hf/checkpoint,0,1,blanks_20,16.70233590625081,1,10,baseline,0,0
32,20,1.0,checkpoints/sudoku_extreme_hf/checkpoint,0,1,blanks_20,16.70233590625081,1,11,baseline,0,0
32,20,1.0,checkpoints/sudoku_extreme_hf/checkpoint,0,1,blanks_20,16.70233590625081,1,12,baseline,0,0
32,20,1.0,checkpoints/sudoku_extreme_hf/checkpoint,0,1,blanks_20,16.70233590625081,1,13,baseline,0,0
32,20,1.0,checkpoints/sudoku_extreme_hf/checkpoint,0,1,blanks_20,16.70233590625081,1,14,baseline,0,0
32,20,1.0,checkpoints/sudoku_extreme_hf/checkpoint,0,1,blanks_20,16.70233590625081,1,15,baseline,0,0
32,20,1.0,checkpoints/sudoku_extreme_hf/checkpoint,0,1,blanks_20,16.70233590625081,1,16,baseline,0,0
32,20,1.0,checkpoints/sudoku_extreme_hf/checkpoint,0,1,blanks_20,16.70233590625081,1,17,baseline,0,0
32,20,1.0,checkpoints/sudoku_extreme_hf/checkpoint,0,1,blanks_20,16.70233590625081,1,18,baseline,0,0
32,20,1.0,checkpoints/sudoku_extreme_hf/checkpoint,0,1,blanks_20,16.70233590625081,1,19,baseline,0,0
32,20,1.0,checkpoints/sudoku_extreme_hf/checkpoint,0,1,blanks_20,16.70233590625081,1,20,baseline,0,0
32,20,1.0,checkpoints/sudoku_extreme_hf/checkpoint,0,1,blanks_20,16.70233590625081,1,21,baseline,0,0
32,20,1.0,checkpoints/sudoku_extreme_hf/checkpoint,0,1,blanks_20,16.70233590625081,1,22,baseline,0,0
32,20,1.0,checkpoints/sudoku_extreme_hf/checkpoint,0,1,blanks_20,16.70233590625081,1,23,baseline,0,0
32,20,1.0,checkpoints/sudoku_extreme_hf/checkpoint,0,1,blanks_20,16.70233590625081,1,24,baseline,0,0
32,20,1.0,checkpoints/sudoku_extreme_hf/checkpoint,0,1,blanks_20,16.70233590625081,1,25,baseline,0,0
32,20,0.9506172839506173,checkpoints/sudoku_extreme_hf/checkpoint,1,1,blanks_20,16.70233590625081,0,26,baseline,1,0
32,20,1.0,checkpoints/sudoku_extreme_hf/checkpoint,0,1,blanks_20,16.70233590625081,1,27,baseline,0,0
32,20,1.0,checkpoints/sudoku_extreme_hf/checkpoint,0,1,blanks_20,16.70233590625081,1,28,baseline,0,0
32,20,1.0,checkpoints/sudoku_extreme_hf/checkpoint,0,1,blanks_20,16.70233590625081,1,29,baseline,0,0
32,20,1.0,checkpoints/sudoku_extreme_hf/checkpoint,0,1,blanks_20,16.70233590625081,1,30,baseline,0,0
32,20,1.0,checkpoints/sudoku_extreme_hf/checkpoint,0,1,blanks_20,16.70233590625081,1,31,baseline,0,0
32,20,1.0,checkpoints/sudoku_extreme_hf/checkpoint,0,1,blanks_20,16.70261525000072,1,32,baseline,0,0
32,20,1.0,checkpoints/sudoku_extreme_hf/checkpoint,0,1,blanks_20,16.70261525000072,1,33,baseline,0,0
32,20,1.0,checkpoints/sudoku_extreme_hf/checkpoint,0,1,blanks_20,16.70261525000072,1,34,baseline,0,0
32,20,1.0,checkpoints/sudoku_extreme_hf/checkpoint,0,1,blanks_20,16.70261525000072,1,35,baseline,0,0
32,20,1.0,checkpoints/sudoku_extreme_hf/checkpoint,0,1,blanks_20,16.70261525000072,1,36,baseline,0,0
32,20,1.0,checkpoints/sudoku_extreme_hf/checkpoint,0,1,blanks_20,16.70261525000072,1,37,baseline,0,0
32,20,1.0,checkpoints/sudoku_extreme_hf/checkpoint,0,1,blanks_20,16.70261525000072,1,38,baseline,0,0
32,20,1.0,checkpoints/sudoku_extreme_hf/checkpoint,0,1,blanks_20,16.70261525000072,1,39,baseline,0,0
32,20,1.0,checkpoints/sudoku_extreme_hf/checkpoint,0,1,blanks_20,16.70261525000072,1,40,baseline,0,0
32,20,1.0,checkpoints/sudoku_extreme_hf/checkpoint,0,1,blanks_20,16.70261525000072,1,41,baseline,0,0
32,20,1.0,checkpoints/sudoku_extreme_hf/checkpoint,0,1,blanks_20,16.70261525000072,1,42,baseline,0,0
32,20,1.0,checkpoints/sudoku_extreme_hf/checkpoint,0,1,blanks_20,16.70261525000072,1,43,baseline,0,0
32,20,1.0,checkpoints/sudoku_extreme_hf/checkpoint,0,1,blanks_20,16.70261525000072,1,44,baseline,0,0
32,20,1.0,checkpoints/sudoku_extreme_hf/checkpoint,0,1,blanks_20,16.70261525000072,1,45,baseline,0,0
32,20,1.0,checkpoints/sudoku_extreme_hf/checkpoint,0,1,blanks_20,16.70261525000072,1,46,baseline,0,0
32,20,1.0,checkpoints/sudoku_extreme_hf/checkpoint,0,1,blanks_20,16.70261525000072,1,47,baseline,0,0
32,20,1.0,checkpoints/sudoku_extreme_hf/checkpoint,0,1,blanks_20,16.70261525000072,1,48,baseline,0,0
32,20,1.0,checkpoints/sudoku_extreme_hf/checkpoint,0,1,blanks_20,16.70261525000072,1,49,baseline,0,0
32,20,1.0,checkpoints/sudoku_extreme_hf/checkpoint,0,1,blanks_20,16.70261525000072,1,50,baseline,0,0
32,20,1.0,checkpoints/sudoku_extreme_hf/checkpoint,0,1,blanks_20,16.70261525000072,1,51,baseline,0,0
32,20,1.0,checkpoints/sudoku_extreme_hf/checkpoint,0,1,blanks_20,16.70261525000072,1,52,baseline,0,0
32,20,1.0,checkpoints/sudoku_extreme_hf/checkpoint,0,1,blanks_20,16.70261525000072,1,53,baseline,0,0
32,20,1.0,checkpoints/sudoku_extreme_hf/checkpoint,0,1,blanks_20,16.70261525000072,1,54,baseline,0,0
32,20,1.0,checkpoints/sudoku_extreme_hf/checkpoint,0,1,blanks_20,16.70261525000072,1,55,baseline,0,0
32,20,1.0,checkpoints/sudoku_extreme_hf/checkpoint,0,1,blanks_20,16.70261525000072,1,56,baseline,0,0
32,20,1.0,checkpoints/sudoku_extreme_hf/checkpoint,0,1,blanks_20,16.70261525000072,1,57,baseline,0,0
32,20,1.0,checkpoints/sudoku_extreme_hf/checkpoint,0,1,blanks_20,16.70261525000072,1,58,baseline,0,0
32,20,1.0,checkpoints/sudoku_extreme_hf/checkpoint,0,1,blanks_20,16.70261525000072,1,59,baseline,0,0
32,20,1.0,checkpoints/sudoku_extreme_hf/checkpoint,0,1,blanks_20,16.70261525000072,1,60,baseline,0,0
32,20,1.0,checkpoints/sudoku_extreme_hf/checkpoint,0,1,blanks_20,16.70261525000072,1,61,baseline,0,0
32,20,1.0,checkpoints/sudoku_extreme_hf/checkpoint,0,1,blanks_20,16.70261525000072,1,62,baseline,0,0
32,20,1.0,checkpoints/sudoku_extreme_hf/checkpoint,0,1,blanks_20,16.70261525000072,1,63,baseline,0,0
32,20,1.0,checkpoints/sudoku_extreme_hf/checkpoint,0,1,blanks_20,16.65924393750018,1,64,baseline,0,0
32,20,1.0,checkpoints/sudoku_extreme_hf/checkpoint,0,1,blanks_20,16.65924393750018,1,65,baseline,0,0
32,20,1.0,checkpoints/sudoku_extreme_hf/checkpoint,0,1,blanks_20,16.65924393750018,1,66,baseline,0,0
32,20,1.0,checkpoints/sudoku_extreme_hf/checkpoint,0,1,blanks_20,16.65924393750018,1,67,baseline,0,0
32,20,1.0,checkpoints/sudoku_extreme_hf/checkpoint,0,1,blanks_20,16.65924393750018,1,68,baseline,0,0
32,20,1.0,checkpoints/sudoku_extreme_hf/checkpoint,0,1,blanks_20,16.65924393750018,1,69,baseline,0,0
32,20,1.0,checkpoints/sudoku_extreme_hf/checkpoint,0,1,blanks_20,16.65924393750018,1,70,baseline,0,0
32,20,1.0,checkpoints/sudoku_extreme_hf/checkpoint,0,1,blanks_20,16.65924393750018,1,71,baseline,0,0
32,20,1.0,checkpoints/sudoku_extreme_hf/checkpoint,0,1,blanks_20,16.65924393750018,1,72,baseline,0,0
32,20,1.0,checkpoints/sudoku_extreme_hf/checkpoint,0,1,blanks_20,16.65924393750018,1,73,baseline,0,0
32,20,1.0,checkpoints/sudoku_extreme_hf/checkpoint,0,1,blanks_20,16.65924393750018,1,74,baseline,0,0
32,20,1.0,checkpoints/sudoku_extreme_hf/checkpoint,0,1,blanks_20,16.65924393750018,1,75,baseline,0,0
32,20,1.0,checkpoints/sudoku_extreme_hf/checkpoint,0,1,blanks_20,16.65924393750018,1,76,baseline,0,0
32,20,1.0,checkpoints/sudoku_extreme_hf/checkpoint,0,1,blanks_20,16.65924393750018,1,77,baseline,0,0
32,20,1.0,checkpoints/sudoku_extreme_hf/checkpoint,0,1,blanks_20,16.65924393750018,1,78,baseline,0,0
32,20,1.0,checkpoints/sudoku_extreme_hf/checkpoint,0,1,blanks_20,16.65924393750018,1,79,baseline,0,0
32,20,1.0,checkpoints/sudoku_extreme_hf/checkpoint,0,1,blanks_20,16.65924393750018,1,80,baseline,0,0
32,20,1.0,checkpoints/sudoku_extreme_hf/checkpoint,0,1,blanks_20,16.65924393750018,1,81,baseline,0,0
32,20,1.0,checkpoints/sudoku_extreme_hf/checkpoint,0,1,blanks_20,16.65924393750018,1,82,baseline,0,0
32,20,1.0,checkpoints/sudoku_extreme_hf/checkpoint,0,1,blanks_20,16.65924393750018,1,83,baseline,0,0
32,20,1.0,checkpoints/sudoku_extreme_hf/checkpoint,0,1,blanks_20,16.65924393750018,1,84,baseline,0,0
32,20,1.0,checkpoints/sudoku_extreme_hf/checkpoint,0,1,blanks_20,16.65924393750018,1,85,baseline,0,0
32,20,0.9506172839506173,checkpoints/sudoku_extreme_hf/checkpoint,1,1,blanks_20,16.65924393750018,0,86,baseline,1,0
32,20,1.0,checkpoints/sudoku_extreme_hf/checkpoint,0,1,blanks_20,16.65924393750018,1,87,baseline,0,0
32,20,1.0,checkpoints/sudoku_extreme_hf/checkpoint,0,1,blanks_20,16.65924393750018,1,88,baseline,0,0
32,20,1.0,checkpoints/sudoku_extreme_hf/checkpoint,0,1,blanks_20,16.65924393750018,1,89,baseline,0,0
32,20,1.0,checkpoints/sudoku_extreme_hf/checkpoint,0,1,blanks_20,16.65924393750018,1,90,baseline,0,0
32,20,1.0,checkpoints/sudoku_extreme_hf/checkpoint,0,1,blanks_20,16.65924393750018,1,91,baseline,0,0
32,20,1.0,checkpoints/sudoku_extreme_hf/checkpoint,0,1,blanks_20,16.65924393750018,1,92,baseline,0,0
32,20,1.0,checkpoints/sudoku_extreme_hf/checkpoint,0,1,blanks_20,16.65924393750018,1,93,baseline,0,0
32,20,1.0,checkpoints/sudoku_extreme_hf/checkpoint,0,1,blanks_20,16.65924393750018,1,94,baseline,0,0
32,20,1.0,checkpoints/sudoku_extreme_hf/checkpoint,0,1,blanks_20,16.65924393750018,1,95,baseline,0,0
32,20,1.0,checkpoints/sudoku_extreme_hf/checkpoint,0,1,blanks_20,18.924188843751466,1,96,baseline,0,0
32,20,1.0,checkpoints/sudoku_extreme_hf/checkpoint,0,1,blanks_20,18.924188843751466,1,97,baseline,0,0
32,20,1.0,checkpoints/sudoku_extreme_hf/checkpoint,0,1,blanks_20,18.924188843751466,1,98,baseline,0,0
32,20,1.0,checkpoints/sudoku_extreme_hf/checkpoint,0,1,blanks_20,18.924188843751466,1,99,baseline,0,0
32,20,1.0,checkpoints/sudoku_extreme_hf/checkpoint,0,1,blanks_20,18.924188843751466,1,100,baseline,0,0
32,20,1.0,checkpoints/sudoku_extreme_hf/checkpoint,0,1,blanks_20,18.924188843751466,1,101,baseline,0,0
32,20,1.0,checkpoints/sudoku_extreme_hf/checkpoint,0,1,blanks_20,18.924188843751466,1,102,baseline,0,0
32,20,1.0,checkpoints/sudoku_extreme_hf/checkpoint,0,1,blanks_20,18.924188843751466,1,103,baseline,0,0
32,20,1.0,checkpoints/sudoku_extreme_hf/checkpoint,0,1,blanks_20,18.924188843751466,1,104,baseline,0,0
32,20,1.0,checkpoints/sudoku_extreme_hf/checkpoint,0,1,blanks_20,18.924188843751466,1,105,baseline,0,0
32,20,1.0,checkpoints/sudoku_extreme_hf/checkpoint,0,1,blanks_20,18.924188843751466,1,106,baseline,0,0
32,20,1.0,checkpoints/sudoku_extreme_hf/checkpoint,0,1,blanks_20,18.924188843751466,1,107,baseline,0,0
32,20,1.0,checkpoints/sudoku_extreme_hf/checkpoint,0,1,blanks_20,18.924188843751466,1,108,baseline,0,0
32,20,1.0,checkpoints/sudoku_extreme_hf/checkpoint,0,1,blanks_20,18.924188843751466,1,109,baseline,0,0
32,20,1.0,checkpoints/sudoku_extreme_hf/checkpoint,0,1,blanks_20,18.924188843751466,1,110,baseline,0,0
32,20,1.0,checkpoints/sudoku_extreme_hf/checkpoint,0,1,blanks_20,18.924188843751466,1,111,baseline,0,0
32,20,1.0,checkpoints/sudoku_extreme_hf/checkpoint,0,1,blanks_20,18.924188843751466,1,112,baseline,0,0
32,20,1.0,checkpoints/sudoku_extreme_hf/checkpoint,0,1,blanks_20,18.924188843751466,1,113,baseline,0,0
32,20,1.0,checkpoints/sudoku_extreme_hf/checkpoint,0,1,blanks_20,18.924188843751466,1,114,baseline,0,0
32,20,1.0,checkpoints/sudoku_extreme_hf/checkpoint,0,1,blanks_20,18.924188843751466,1,115,baseline,0,0
32,20,1.0,checkpoints/sudoku_extreme_hf/checkpoint,0,1,blanks_20,18.924188843751466,1,116,baseline,0,0
32,20,1.0,checkpoints/sudoku_extreme_hf/checkpoint,0,1,blanks_20,18.924188843751466,1,117,baseline,0,0
32,20,1.0,checkpoints/sudoku_extreme_hf/checkpoint,0,1,blanks_20,18.924188843751466,1,118,baseline,0,0
32,20,1.0,checkpoints/sudoku_extreme_hf/checkpoint,0,1,blanks_20,18.924188843751466,1,119,baseline,0,0
32,20,1.0,checkpoints/sudoku_extreme_hf/checkpoint,0,1,blanks_20,18.924188843751466,1,120,baseline,0,0
32,20,1.0,checkpoints/sudoku_extreme_hf/checkpoint,0,1,blanks_20,18.924188843751466,1,121,baseline,0,0
32,20,1.0,checkpoints/sudoku_extreme_hf/checkpoint,0,1,blanks_20,18.924188843751466,1,122,baseline,0,0
32,20,1.0,checkpoints/sudoku_extreme_hf/checkpoint,0,1,blanks_20,18.924188843751466,1,123,baseline,0,0
32,20,1.0,checkpoints/sudoku_extreme_hf/checkpoint,0,1,blanks_20,18.924188843751466,1,124,baseline,0,0
32,20,1.0,checkpoints/sudoku_extreme_hf/checkpoint,0,1,blanks_20,18.924188843751466,1,125,baseline,0,0
32,20,1.0,checkpoints/sudoku_extreme_hf/checkpoint,0,1,blanks_20,18.924188843751466,1,126,baseline,0,0
32,20,1.0,checkpoints/sudoku_extreme_hf/checkpoint,0,1,blanks_20,18.924188843751466,1,127,baseline,0,0
32,20,1.0,checkpoints/sudoku_extreme_hf/checkpoint,0,1,blanks_20,18.034996749999976,1,128,baseline,0,0
32,20,1.0,checkpoints/sudoku_extreme_hf/checkpoint,0,1,blanks_20,18.034996749999976,1,129,baseline,0,0
32,20,1.0,checkpoints/sudoku_extreme_hf/checkpoint,0,1,blanks_20,18.034996749999976,1,130,baseline,0,0
32,20,1.0,checkpoints/sudoku_extreme_hf/checkpoint,0,1,blanks_20,18.034996749999976,1,131,baseline,0,0
32,20,1.0,checkpoints/sudoku_extreme_hf/checkpoint,0,1,blanks_20,18.034996749999976,1,132,baseline,0,0
32,20,1.0,checkpoints/sudoku_extreme_hf/checkpoint,0,1,blanks_20,18.034996749999976,1,133,baseline,0,0
32,20,1.0,checkpoints/sudoku_extreme_hf/checkpoint,0,1,blanks_20,18.034996749999976,1,134,baseline,0,0
32,20,1.0,checkpoints/sudoku_extreme_hf/checkpoint,0,1,blanks_20,18.034996749999976,1,135,baseline,0,0
32,20,1.0,checkpoints/sudoku_extreme_hf/checkpoint,0,1,blanks_20,18.034996749999976,1,136,baseline,0,0
32,20,1.0,checkpoints/sudoku_extreme_hf/checkpoint,0,1,blanks_20,18.034996749999976,1,137,baseline,0,0
32,20,1.0,checkpoints/sudoku_extreme_hf/checkpoint,0,1,blanks_20,18.034996749999976,1,138,baseline,0,0
32,20,1.0,checkpoints/sudoku_extreme_hf/checkpoint,0,1,blanks_20,18.034996749999976,1,139,baseline,0,0
32,20,1.0,checkpoints/sudoku_extreme_hf/checkpoint,0,1,blanks_20,18.034996749999976,1,140,baseline,0,0
32,20,1.0,checkpoints/sudoku_extreme_hf/checkpoint,0,1,blanks_20,18.034996749999976,1,141,baseline,0,0
32,20,1.0,checkpoints/sudoku_extreme_hf/checkpoint,0,1,blanks_20,18.034996749999976,1,142,baseline,0,0
32,20,1.0,checkpoints/sudoku_extreme_hf/checkpoint,0,1,blanks_20,18.034996749999976,1,143,baseline,0,0
32,20,1.0,checkpoints/sudoku_extreme_hf/checkpoint,0,1,blanks_20,18.034996749999976,1,144,baseline,0,0
32,20,1.0,checkpoints/sudoku_extreme_hf/checkpoint,0,1,blanks_20,18.034996749999976,1,145,baseline,0,0
32,20,1.0,checkpoints/sudoku_extreme_hf/checkpoint,0,1,blanks_20,18.034996749999976,1,146,baseline,0,0
32,20,1.0,checkpoints/sudoku_extreme_hf/checkpoint,0,1,blanks_20,18.034996749999976,1,147,baseline,0,0
32,20,1.0,checkpoints/sudoku_extreme_hf/checkpoint,0,1,blanks_20,18.034996749999976,1,148,baseline,0,0
32,20,1.0,checkpoints/sudoku_extreme_hf/checkpoint,0,1,blanks_20,18.034996749999976,1,149,baseline,0,0
32,20,1.0,checkpoints/sudoku_extreme_hf/checkpoint,0,1,blanks_20,18.034996749999976,1,150,baseline,0,0
32,20,1.0,checkpoints/sudoku_extreme_hf/checkpoint,0,1,blanks_20,18.034996749999976,1,151,baseline,0,0
32,20,1.0,checkpoints/sudoku_extreme_hf/checkpoint,0,1,blanks_20,18.034996749999976,1,152,baseline,0,0
32,20,0.9876543209876543,checkpoints/sudoku_extreme_hf/checkpoint,1,0,blanks_20,18.034996749999976,0,153,baseline,1,3
32,20,1.0,checkpoints/sudoku_extreme_hf/checkpoint,0,1,blanks_20,18.034996749999976,1,154,baseline,0,0
32,20,1.0,checkpoints/sudoku_extreme_hf/checkpoint,0,1,blanks_20,18.034996749999976,1,155,baseline,0,0
32,20,1.0,checkpoints/sudoku_extreme_hf/checkpoint,0,1,blanks_20,18.034996749999976,1,156,baseline,0,0
32,20,1.0,checkpoints/sudoku_extreme_hf/checkpoint,0,1,blanks_20,18.034996749999976,1,157,baseline,0,0
32,20,1.0,checkpoints/sudoku_extreme_hf/checkpoint,0,1,blanks_20,18.034996749999976,1,158,baseline,0,0
32,20,1.0,checkpoints/sudoku_extreme_hf/checkpoint,0,1,blanks_20,18.034996749999976,1,159,baseline,0,0
32,20,1.0,checkpoints/sudoku_extreme_hf/checkpoint,0,1,blanks_20,17.35043575000006,1,160,baseline,0,0
32,20,1.0,checkpoints/sudoku_extreme_hf/checkpoint,0,1,blanks_20,17.35043575000006,1,161,baseline,0,0
32,20,1.0,checkpoints/sudoku_extreme_hf/checkpoint,0,1,blanks_20,17.35043575000006,1,162,baseline,0,0
32,20,1.0,checkpoints/sudoku_extreme_hf/checkpoint,0,1,blanks_20,17.35043575000006,1,163,baseline,0,0
32,20,1.0,checkpoints/sudoku_extreme_hf/checkpoint,0,1,blanks_20,17.35043575000006,1,164,baseline,0,0
32,20,1.0,checkpoints/sudoku_extreme_hf/checkpoint,0,1,blanks_20,17.35043575000006,1,165,baseline,0,0
32,20,1.0,checkpoints/sudoku_extreme_hf/checkpoint,0,1,blanks_20,17.35043575000006,1,166,baseline,0,0
32,20,1.0,checkpoints/sudoku_extreme_hf/checkpoint,0,1,blanks_20,17.35043575000006,1,167,baseline,0,0
32,20,1.0,checkpoints/sudoku_extreme_hf/checkpoint,0,1,blanks_20,17.35043575000006,1,168,baseline,0,0
32,20,1.0,checkpoints/sudoku_extreme_hf/checkpoint,0,1,blanks_20,17.35043575000006,1,169,baseline,0,0
32,20,1.0,checkpoints/sudoku_extreme_hf/checkpoint,0,1,blanks_20,17.35043575000006,1,170,baseline,0,0
32,20,1.0,checkpoints/sudoku_extreme_hf/checkpoint,0,1,blanks_20,17.35043575000006,1,171,baseline,0,0
32,20,1.0,checkpoints/sudoku_extreme_hf/checkpoint,0,1,blanks_20,17.35043575000006,1,172,baseline,0,0
32,20,1.0,checkpoints/sudoku_extreme_hf/checkpoint,0,1,blanks_20,17.35043575000006,1,173,baseline,0,0
32,20,1.0,checkpoints/sudoku_extreme_hf/checkpoint,0,1,blanks_20,17.35043575000006,1,174,baseline,0,0
32,20,1.0,checkpoints/sudoku_extreme_hf/checkpoint,0,1,blanks_20,17.35043575000006,1,175,baseline,0,0
32,20,1.0,checkpoints/sudoku_extreme_hf/checkpoint,0,1,blanks_20,17.35043575000006,1,176,baseline,0,0
32,20,1.0,checkpoints/sudoku_extreme_hf/checkpoint,0,1,blanks_20,17.35043575000006,1,177,baseline,0,0
32,20,1.0,checkpoints/sudoku_extreme_hf/checkpoint,0,1,blanks_20,17.35043575000006,1,178,baseline,0,0
32,20,1.0,checkpoints/sudoku_extreme_hf/checkpoint,0,1,blanks_20,17.35043575000006,1,179,baseline,0,0
32,20,1.0,checkpoints/sudoku_extreme_hf/checkpoint,0,1,blanks_20,17.35043575000006,1,180,baseline,0,0
32,20,1.0,checkpoints/sudoku_extreme_hf/checkpoint,0,1,blanks_20,17.35043575000006,1,181,baseline,0,0
32,20,1.0,checkpoints/sudoku_extreme_hf/checkpoint,0,1,blanks_20,17.35043575000006,1,182,baseline,0,0
32,20,1.0,checkpoints/sudoku_extreme_hf/checkpoint,0,1,blanks_20,17.35043575000006,1,183,baseline,0,0
32,20,1.0,checkpoints/sudoku_extreme_hf/checkpoint,0,1,blanks_20,17.35043575000006,1,184,baseline,0,0
32,20,1.0,checkpoints/sudoku_extreme_hf/checkpoint,0,1,blanks_20,17.35043575000006,1,185,baseline,0,0
32,20,1.0,checkpoints/sudoku_extreme_hf/checkpoint,0,1,blanks_20,17.35043575000006,1,186,baseline,0,0
32,20,1.0,checkpoints/sudoku_extreme_hf/checkpoint,0,1,blanks_20,17.35043575000006,1,187,baseline,0,0
32,20,1.0,checkpoints/sudoku_extreme_hf/checkpoint,0,1,blanks_20,17.35043575000006,1,188,baseline,0,0
32,20,1.0,checkpoints/sudoku_extreme_hf/checkpoint,0,1,blanks_20,17.35043575000006,1,189,baseline,0,0
32,20,1.0,checkpoints/sudoku_extreme_hf/checkpoint,0,1,blanks_20,17.35043575000006,1,190,baseline,0,0
32,20,1.0,checkpoints/sudoku_extreme_hf/checkpoint,0,1,blanks_20,17.35043575000006,1,191,baseline,0,0
32,20,1.0,checkpoints/sudoku_extreme_hf/checkpoint,0,1,blanks_20,20.55432778124988,1,192,baseline,0,0
32,20,1.0,checkpoints/sudoku_extreme_hf/checkpoint,0,1,blanks_20,20.55432778124988,1,193,baseline,0,0
32,20,1.0,checkpoints/sudoku_extreme_hf/checkpoint,0,1,blanks_20,20.55432778124988,1,194,baseline,0,0
32,20,1.0,checkpoints/sudoku_extreme_hf/checkpoint,0,1,blanks_20,20.55432778124988,1,195,baseline,0,0
32,20,1.0,checkpoints/sudoku_extreme_hf/checkpoint,0,1,blanks_20,20.55432778124988,1,196,baseline,0,0
32,20,1.0,checkpoints/sudoku_extreme_hf/checkpoint,0,1,blanks_20,20.55432778124988,1,197,baseline,0,0
32,20,1.0,checkpoints/sudoku_extreme_hf/checkpoint,0,1,blanks_20,20.55432778124988,1,198,baseline,0,0
32,20,1.0,checkpoints/sudoku_extreme_hf/checkpoint,0,1,blanks_20,20.55432778124988,1,199,baseline,0,0
32,20,1.0,checkpoints/sudoku_extreme_hf/checkpoint,0,1,blanks_20,20.55432778124988,1,200,baseline,0,0
32,20,1.0,checkpoints/sudoku_extreme_hf/checkpoint,0,1,blanks_20,20.55432778124988,1,201,baseline,0,0
32,20,1.0,checkpoints/sudoku_extreme_hf/checkpoint,0,1,blanks_20,20.55432778124988,1,202,baseline,0,0
32,20,1.0,checkpoints/sudoku_extreme_hf/checkpoint,0,1,blanks_20,20.55432778124988,1,203,baseline,0,0
32,20,1.0,checkpoints/sudoku_extreme_hf/checkpoint,0,1,blanks_20,20.55432778124988,1,204,baseline,0,0
32,20,1.0,checkpoints/sudoku_extreme_hf/checkpoint,0,1,blanks_20,20.55432778124988,1,205,baseline,0,0
32,20,1.0,checkpoints/sudoku_extreme_hf/checkpoint,0,1,blanks_20,20.55432778124988,1,206,baseline,0,0
32,20,1.0,checkpoints/sudoku_extreme_hf/checkpoint,0,1,blanks_20,20.55432778124988,1,207,baseline,0,0
32,20,0.9506172839506173,checkpoints/sudoku_extreme_hf/checkpoint,1,1,blanks_20,20.55432778124988,0,208,baseline,1,0
32,20,1.0,checkpoints/sudoku_extreme_hf/checkpoint,0,1,blanks_20,20.55432778124988,1,209,baseline,0,0
32,20,1.0,checkpoints/sudoku_extreme_hf/checkpoint,0,1,blanks_20,20.55432778124988,1,210,baseline,0,0
32,20,1.0,checkpoints/sudoku_extreme_hf/checkpoint,0,1,blanks_20,20.55432778124988,1,211,baseline,0,0
32,20,1.0,checkpoints/sudoku_extreme_hf/checkpoint,0,1,blanks_20,20.55432778124988,1,212,baseline,0,0
32,20,1.0,checkpoints/sudoku_extreme_hf/checkpoint,0,1,blanks_20,20.55432778124988,1,213,baseline,0,0
32,20,1.0,checkpoints/sudoku_extreme_hf/checkpoint,0,1,blanks_20,20.55432778124988,1,214,baseline,0,0
32,20,1.0,checkpoints/sudoku_extreme_hf/checkpoint,0,1,blanks_20,20.55432778124988,1,215,baseline,0,0
32,20,1.0,checkpoints/sudoku_extreme_hf/checkpoint,0,1,blanks_20,20.55432778124988,1,216,baseline,0,0
32,20,1.0,checkpoints/sudoku_extreme_hf/checkpoint,0,1,blanks_20,20.55432778124988,1,217,baseline,0,0
32,20,1.0,checkpoints/sudoku_extreme_hf/checkpoint,0,1,blanks_20,20.55432778124988,1,218,baseline,0,0
32,20,1.0,checkpoints/sudoku_extreme_hf/checkpoint,0,1,blanks_20,20.55432778124988,1,219,baseline,0,0
32,20,1.0,checkpoints/sudoku_extreme_hf/checkpoint,0,1,blanks_20,20.55432778124988,1,220,baseline,0,0
32,20,1.0,checkpoints/sudoku_extreme_hf/checkpoint,0,1,blanks_20,20.55432778124988,1,221,baseline,0,0
32,20,1.0,checkpoints/sudoku_extreme_hf/checkpoint,0,1,blanks_20,20.55432778124988,1,222,baseline,0,0
32,20,1.0,checkpoints/sudoku_extreme_hf/checkpoint,0,1,blanks_20,20.55432778124988,1,223,baseline,0,0
32,20,1.0,checkpoints/sudoku_extreme_hf/checkpoint,0,1,blanks_20,18.061050062499362,1,224,baseline,0,0
32,20,1.0,checkpoints/sudoku_extreme_hf/checkpoint,0,1,blanks_20,18.061050062499362,1,225,baseline,0,0
32,20,1.0,checkpoints/sudoku_extreme_hf/checkpoint,0,1,blanks_20,18.061050062499362,1,226,baseline,0,0
32,20,1.0,checkpoints/sudoku_extreme_hf/checkpoint,0,1,blanks_20,18.061050062499362,1,227,baseline,0,0
32,20,1.0,checkpoints/sudoku_extreme_hf/checkpoint,0,1,blanks_20,18.061050062499362,1,228,baseline,0,0
32,20,1.0,checkpoints/sudoku_extreme_hf/checkpoint,0,1,blanks_20,18.061050062499362,1,229,baseline,0,0
32,20,1.0,checkpoints/sudoku_extreme_hf/checkpoint,0,1,blanks_20,18.061050062499362,1,230,baseline,0,0
32,20,1.0,checkpoints/sudoku_extreme_hf/checkpoint,0,1,blanks_20,18.061050062499362,1,231,baseline,0,0
32,20,1.0,checkpoints/sudoku_extreme_hf/checkpoint,0,1,blanks_20,18.061050062499362,1,232,baseline,0,0
32,20,1.0,checkpoints/sudoku_extreme_hf/checkpoint,0,1,blanks_20,18.061050062499362,1,233,baseline,0,0
32,20,1.0,checkpoints/sudoku_extreme_hf/checkpoint,0,1,blanks_20,18.061050062499362,1,234,baseline,0,0
32,20,1.0,checkpoints/sudoku_extreme_hf/checkpoint,0,1,blanks_20,18.061050062499362,1,235,baseline,0,0
32,20,1.0,checkpoints/sudoku_extreme_hf/checkpoint,0,1,blanks_20,18.061050062499362,1,236,baseline,0,0
32,20,1.0,checkpoints/sudoku_extreme_hf/checkpoint,0,1,blanks_20,18.061050062499362,1,237,baseline,0,0
32,20,1.0,checkpoints/sudoku_extreme_hf/checkpoint,0,1,blanks_20,18.061050062499362,1,238,baseline,0,0
32,20,1.0,checkpoints/sudoku_extreme_hf/checkpoint,0,1,blanks_20,18.061050062499362,1,239,baseline,0,0
32,20,1.0,checkpoints/sudoku_extreme_hf/checkpoint,0,1,blanks_20,18.061050062499362,1,240,baseline,0,0
32,20,1.0,checkpoints/sudoku_extreme_hf/checkpoint,0,1,blanks_20,18.061050062499362,1,241,baseline,0,0
32,20,1.0,checkpoints/sudoku_extreme_hf/checkpoint,0,1,blanks_20,18.061050062499362,1,242,baseline,0,0
32,20,1.0,checkpoints/sudoku_extreme_hf/checkpoint,0,1,blanks_20,18.061050062499362,1,243,baseline,0,0
32,20,1.0,checkpoints/sudoku_extreme_hf/checkpoint,0,1,blanks_20,18.061050062499362,1,244,baseline,0,0
32,20,1.0,checkpoints/sudoku_extreme_hf/checkpoint,0,1,blanks_20,18.061050062499362,1,245,baseline,0,0
32,20,1.0,checkpoints/sudoku_extreme_hf/checkpoint,0,1,blanks_20,18.061050062499362,1,246,baseline,0,0
32,20,1.0,checkpoints/sudoku_extreme_hf/checkpoint,0,1,blanks_20,18.061050062499362,1,247,baseline,0,0
32,20,1.0,checkpoints/sudoku_extreme_hf/checkpoint,0,1,blanks_20,18.061050062499362,1,248,baseline,0,0
32,20,1.0,checkpoints/sudoku_extreme_hf/checkpoint,0,1,blanks_20,18.061050062499362,1,249,baseline,0,0
32,20,1.0,checkpoints/sudoku_extreme_hf/checkpoint,0,1,blanks_20,18.061050062499362,1,250,baseline,0,0
32,20,1.0,checkpoints/sudoku_extreme_hf/checkpoint,0,1,blanks_20,18.061050062499362,1,251,baseline,0,0
32,20,1.0,checkpoints/sudoku_extreme_hf/checkpoint,0,1,blanks_20,18.061050062499362,1,252,baseline,0,0
32,20,1.0,checkpoints/sudoku_extreme_hf/checkpoint,0,1,blanks_20,18.061050062499362,1,253,baseline,0,0
32,20,1.0,checkpoints/sudoku_extreme_hf/checkpoint,0,1,blanks_20,18.061050062499362,1,254,baseline,0,0
32,20,1.0,checkpoints/sudoku_extreme_hf/checkpoint,0,1,blanks_20,18.061050062499362,1,255,baseline,0,0
32,20,1.0,checkpoints/sudoku_extreme_hf/checkpoint,0,1,blanks_20,21.349867281250212,1,256,baseline,0,0
32,20,1.0,checkpoints/sudoku_extreme_hf/checkpoint,0,1,blanks_20,21.349867281250212,1,257,baseline,0,0
32,20,1.0,checkpoints/sudoku_extreme_hf/checkpoint,0,1,blanks_20,21.349867281250212,1,258,baseline,0,0
32,20,1.0,checkpoints/sudoku_extreme_hf/checkpoint,0,1,blanks_20,21.349867281250212,1,259,baseline,0,0
32,20,1.0,checkpoints/sudoku_extreme_hf/checkpoint,0,1,blanks_20,21.349867281250212,1,260,baseline,0,0
32,20,1.0,checkpoints/sudoku_extreme_hf/checkpoint,0,1,blanks_20,21.349867281250212,1,261,baseline,0,0
32,20,1.0,checkpoints/sudoku_extreme_hf/checkpoint,0,1,blanks_20,21.349867281250212,1,262,baseline,0,0
32,20,1.0,checkpoints/sudoku_extreme_hf/checkpoint,0,1,blanks_20,21.349867281250212,1,263,baseline,0,0
32,20,1.0,checkpoints/sudoku_extreme_hf/checkpoint,0,1,blanks_20,21.349867281250212,1,264,baseline,0,0
32,20,1.0,checkpoints/sudoku_extreme_hf/checkpoint,0,1,blanks_20,21.349867281250212,1,265,baseline,0,0
32,20,1.0,checkpoints/sudoku_extreme_hf/checkpoint,0,1,blanks_20,21.349867281250212,1,266,baseline,0,0
32,20,0.9259259259259259,checkpoints/sudoku_extreme_hf/checkpoint,2,1,blanks_20,21.349867281250212,0,267,baseline,1,0
32,20,1.0,checkpoints/sudoku_extreme_hf/checkpoint,0,1,blanks_20,21.349867281250212,1,268,baseline,0,0
32,20,1.0,checkpoints/sudoku_extreme_hf/checkpoint,0,1,blanks_20,21.349867281250212,1,269,baseline,0,0
32,20,1.0,checkpoints/sudoku_extreme_hf/checkpoint,0,1,blanks_20,21.349867281250212,1,270,baseline,0,0
32,20,1.0,checkpoints/sudoku_extreme_hf/checkpoint,0,1,blanks_20,21.349867281250212,1,271,baseline,0,0
32,20,1.0,checkpoints/sudoku_extreme_hf/checkpoint,0,1,blanks_20,21.349867281250212,1,272,baseline,0,0
32,20,1.0,checkpoints/sudoku_extreme_hf/checkpoint,0,1,blanks_20,21.349867281250212,1,273,baseline,0,0
32,20,1.0,checkpoints/sudoku_extreme_hf/checkpoint,0,1,blanks_20,21.349867281250212,1,274,baseline,0,0
32,20,1.0,checkpoints/sudoku_extreme_hf/checkpoint,0,1,blanks_20,21.349867281250212,1,275,baseline,0,0
32,20,1.0,checkpoints/sudoku_extreme_hf/checkpoint,0,1,blanks_20,21.349867281250212,1,276,baseline,0,0
32,20,1.0,checkpoints/sudoku_extreme_hf/checkpoint,0,1,blanks_20,21.349867281250212,1,277,baseline,0,0
32,20,1.0,checkpoints/sudoku_extreme_hf/checkpoint,0,1,blanks_20,21.349867281250212,1,278,baseline,0,0
32,20,1.0,checkpoints/sudoku_extreme_hf/checkpoint,0,1,blanks_20,21.349867281250212,1,279,baseline,0,0
32,20,1.0,checkpoints/sudoku_extreme_hf/checkpoint,0,1,blanks_20,21.349867281250212,1,280,baseline,0,0
32,20,1.0,checkpoints/sudoku_extreme_hf/checkpoint,0,1,blanks_20,21.349867281250212,1,281,baseline,0,0
32,20,1.0,checkpoints/sudoku_extreme_hf/checkpoint,0,1,blanks_20,21.349867281250212,1,282,baseline,0,0
32,20,1.0,checkpoints/sudoku_extreme_hf/checkpoint,0,1,blanks_20,21.349867281250212,1,283,baseline,0,0
32,20,0.9506172839506173,checkpoints/sudoku_extreme_hf/checkpoint,1,1,blanks_20,21.349867281250212,0,284,baseline,1,0
32,20,1.0,checkpoints/sudoku_extreme_hf/checkpoint,0,1,blanks_20,21.349867281250212,1,285,baseline,0,0
32,20,1.0,checkpoints/sudoku_extreme_hf/checkpoint,0,1,blanks_20,21.349867281250212,1,286,baseline,0,0
32,20,1.0,checkpoints/sudoku_extreme_hf/checkpoint,0,1,blanks_20,21.349867281250212,1,287,baseline,0,0
32,20,1.0,checkpoints/sudoku_extreme_hf/checkpoint,0,1,blanks_20,19.914669187500067,1,288,baseline,0,0
32,20,0.9506172839506173,checkpoints/sudoku_extreme_hf/checkpoint,1,1,blanks_20,19.914669187500067,0,289,baseline,1,0
32,20,1.0,checkpoints/sudoku_extreme_hf/checkpoint,0,1,blanks_20,19.914669187500067,1,290,baseline,0,0
32,20,1.0,checkpoints/sudoku_extreme_hf/checkpoint,0,1,blanks_20,19.914669187500067,1,291,baseline,0,0
32,20,1.0,checkpoints/sudoku_extreme_hf/checkpoint,0,1,blanks_20,19.914669187500067,1,292,baseline,0,0
32,20,1.0,checkpoints/sudoku_extreme_hf/checkpoint,0,1,blanks_20,19.914669187500067,1,293,baseline,0,0
32,20,1.0,checkpoints/sudoku_extreme_hf/checkpoint,0,1,blanks_20,19.914669187500067,1,294,baseline,0,0
32,20,1.0,checkpoints/sudoku_extreme_hf/checkpoint,0,1,blanks_20,19.914669187500067,1,295,baseline,0,0
32,20,1.0,checkpoints/sudoku_extreme_hf/checkpoint,0,1,blanks_20,19.914669187500067,1,296,baseline,0,0
32,20,1.0,checkpoints/sudoku_extreme_hf/checkpoint,0,1,blanks_20,19.914669187500067,1,297,baseline,0,0
32,20,1.0,checkpoints/sudoku_extreme_hf/checkpoint,0,1,blanks_20,19.914669187500067,1,298,baseline,0,0
32,20,1.0,checkpoints/sudoku_extreme_hf/checkpoint,0,1,blanks_20,19.914669187500067,1,299,baseline,0,0
32,20,1.0,checkpoints/sudoku_extreme_hf/checkpoint,0,1,blanks_20,19.914669187500067,1,300,baseline,0,0
32,20,1.0,checkpoints/sudoku_extreme_hf/checkpoint,0,1,blanks_20,19.914669187500067,1,301,baseline,0,0
32,20,1.0,checkpoints/sudoku_extreme_hf/checkpoint,0,1,blanks_20,19.914669187500067,1,302,baseline,0,0
32,20,1.0,checkpoints/sudoku_extreme_hf/checkpoint,0,1,blanks_20,19.914669187500067,1,303,baseline,0,0
32,20,1.0,checkpoints/sudoku_extreme_hf/checkpoint,0,1,blanks_20,19.914669187500067,1,304,baseline,0,0
32,20,1.0,checkpoints/sudoku_extreme_hf/checkpoint,0,1,blanks_20,19.914669187500067,1,305,baseline,0,0
32,20,1.0,checkpoints/sudoku_extreme_hf/checkpoint,0,1,blanks_20,19.914669187500067,1,306,baseline,0,0
32,20,1.0,checkpoints/sudoku_extreme_hf/checkpoint,0,1,blanks_20,19.914669187500067,1,307,baseline,0,0
32,20,1.0,checkpoints/sudoku_extreme_hf/checkpoint,0,1,blanks_20,19.914669187500067,1,308,baseline,0,0
32,20,1.0,checkpoints/sudoku_extreme_hf/checkpoint,0,1,blanks_20,19.914669187500067,1,309,baseline,0,0
32,20,1.0,checkpoints/sudoku_extreme_hf/checkpoint,0,1,blanks_20,19.914669187500067,1,310,baseline,0,0
32,20,0.9506172839506173,checkpoints/sudoku_extreme_hf/checkpoint,2,1,blanks_20,19.914669187500067,0,311,baseline,1,0
32,20,1.0,checkpoints/sudoku_extreme_hf/checkpoint,0,1,blanks_20,19.914669187500067,1,312,baseline,0,0
32,20,1.0,checkpoints/sudoku_extreme_hf/checkpoint,0,1,blanks_20,19.914669187500067,1,313,baseline,0,0
32,20,1.0,checkpoints/sudoku_extreme_hf/checkpoint,0,1,blanks_20,19.914669187500067,1,314,baseline,0,0
32,20,0.9506172839506173,checkpoints/sudoku_extreme_hf/checkpoint,1,1,blanks_20,19.914669187500067,0,315,baseline,1,0
32,20,1.0,checkpoints/sudoku_extreme_hf/checkpoint,0,1,blanks_20,19.914669187500067,1,316,baseline,0,0
32,20,1.0,checkpoints/sudoku_extreme_hf/checkpoint,0,1,blanks_20,19.914669187500067,1,317,baseline,0,0
32,20,1.0,checkpoints/sudoku_extreme_hf/checkpoint,0,1,blanks_20,19.914669187500067,1,318,baseline,0,0
32,20,0.9506172839506173,checkpoints/sudoku_extreme_hf/checkpoint,1,1,blanks_20,19.914669187500067,0,319,baseline,1,0
32,20,1.0,checkpoints/sudoku_extreme_hf/checkpoint,0,1,blanks_20,19.722514249998824,1,320,baseline,0,0
32,20,1.0,checkpoints/sudoku_extreme_hf/checkpoint,0,1,blanks_20,19.722514249998824,1,321,baseline,0,0
32,20,1.0,checkpoints/sudoku_extreme_hf/checkpoint,0,1,blanks_20,19.722514249998824,1,322,baseline,0,0
32,20,1.0,checkpoints/sudoku_extreme_hf/checkpoint,0,1,blanks_20,19.722514249998824,1,323,baseline,0,0
32,20,1.0,checkpoints/sudoku_extreme_hf/checkpoint,0,1,blanks_20,19.722514249998824,1,324,baseline,0,0
32,20,1.0,checkpoints/sudoku_extreme_hf/checkpoint,0,1,blanks_20,19.722514249998824,1,325,baseline,0,0
32,20,1.0,checkpoints/sudoku_extreme_hf/checkpoint,0,1,blanks_20,19.722514249998824,1,326,baseline,0,0
32,20,1.0,checkpoints/sudoku_extreme_hf/checkpoint,0,1,blanks_20,19.722514249998824,1,327,baseline,0,0
32,20,1.0,checkpoints/sudoku_extreme_hf/checkpoint,0,1,blanks_20,19.722514249998824,1,328,baseline,0,0
32,20,1.0,checkpoints/sudoku_extreme_hf/checkpoint,0,1,blanks_20,19.722514249998824,1,329,baseline,0,0
32,20,1.0,checkpoints/sudoku_extreme_hf/checkpoint,0,1,blanks_20,19.722514249998824,1,330,baseline,0,0
32,20,1.0,checkpoints/sudoku_extreme_hf/checkpoint,0,1,blanks_20,19.722514249998824,1,331,baseline,0,0
32,20,1.0,checkpoints/sudoku_extreme_hf/checkpoint,0,1,blanks_20,19.722514249998824,1,332,baseline,0,0
32,20,1.0,checkpoints/sudoku_extreme_hf/checkpoint,0,1,blanks_20,19.722514249998824,1,333,baseline,0,0
32,20,1.0,checkpoints/sudoku_extreme_hf/checkpoint,0,1,blanks_20,19.722514249998824,1,334,baseline,0,0
32,20,1.0,checkpoints/sudoku_extreme_hf/checkpoint,0,1,blanks_20,19.722514249998824,1,335,baseline,0,0
32,20,1.0,checkpoints/sudoku_extreme_hf/checkpoint,0,1,blanks_20,19.722514249998824,1,336,baseline,0,0
32,20,0.9506172839506173,checkpoints/sudoku_extreme_hf/checkpoint,2,1,blanks_20,19.722514249998824,0,337,baseline,1,0
32,20,1.0,checkpoints/sudoku_extreme_hf/checkpoint,0,1,blanks_20,19.722514249998824,1,338,baseline,0,0
32,20,1.0,checkpoints/sudoku_extreme_hf/checkpoint,0,1,blanks_20,19.722514249998824,1,339,baseline,0,0
32,20,1.0,checkpoints/sudoku_extreme_hf/checkpoint,0,1,blanks_20,19.722514249998824,1,340,baseline,0,0
32,20,1.0,checkpoints/sudoku_extreme_hf/checkpoint,0,1,blanks_20,19.722514249998824,1,341,baseline,0,0
32,20,1.0,checkpoints/sudoku_extreme_hf/checkpoint,0,1,blanks_20,19.722514249998824,1,342,baseline,0,0
32,20,1.0,checkpoints/sudoku_extreme_hf/checkpoint,0,1,blanks_20,19.722514249998824,1,343,baseline,0,0
32,20,1.0,checkpoints/sudoku_extreme_hf/checkpoint,0,1,blanks_20,19.722514249998824,1,344,baseline,0,0
32,20,1.0,checkpoints/sudoku_extreme_hf/checkpoint,0,1,blanks_20,19.722514249998824,1,345,baseline,0,0
32,20,1.0,checkpoints/sudoku_extreme_hf/checkpoint,0,1,blanks_20,19.722514249998824,1,346,baseline,0,0
32,20,1.0,checkpoints/sudoku_extreme_hf/checkpoint,0,1,blanks_20,19.722514249998824,1,347,baseline,0,0
32,20,1.0,checkpoints/sudoku_extreme_hf/checkpoint,0,1,blanks_20,19.722514249998824,1,348,baseline,0,0
32,20,1.0,checkpoints/sudoku_extreme_hf/checkpoint,0,1,blanks_20,19.722514249998824,1,349,baseline,0,0
32,20,1.0,checkpoints/sudoku_extreme_hf/checkpoint,0,1,blanks_20,19.722514249998824,1,350,baseline,0,0
32,20,1.0,checkpoints/sudoku_extreme_hf/checkpoint,0,1,blanks_20,19.722514249998824,1,351,baseline,0,0
32,20,1.0,checkpoints/sudoku_extreme_hf/checkpoint,0,1,blanks_20,16.673653749998962,1,352,baseline,0,0
32,20,1.0,checkpoints/sudoku_extreme_hf/checkpoint,0,1,blanks_20,16.673653749998962,1,353,baseline,0,0
32,20,1.0,checkpoints/sudoku_extreme_hf/checkpoint,0,1,blanks_20,16.673653749998962,1,354,baseline,0,0
32,20,1.0,checkpoints/sudoku_extreme_hf/checkpoint,0,1,blanks_20,16.673653749998962,1,355,baseline,0,0
32,20,1.0,checkpoints/sudoku_extreme_hf/checkpoint,0,1,blanks_20,16.673653749998962,1,356,baseline,0,0
32,20,1.0,checkpoints/sudoku_extreme_hf/checkpoint,0,1,blanks_20,16.673653749998962,1,357,baseline,0,0
32,20,1.0,checkpoints/sudoku_extreme_hf/checkpoint,0,1,blanks_20,16.673653749998962,1,358,baseline,0,0
32,20,1.0,checkpoints/sudoku_extreme_hf/checkpoint,0,1,blanks_20,16.673653749998962,1,359,baseline,0,0
32,20,1.0,checkpoints/sudoku_extreme_hf/checkpoint,0,1,blanks_20,16.673653749998962,1,360,baseline,0,0
32,20,1.0,checkpoints/sudoku_extreme_hf/checkpoint,0,1,blanks_20,16.673653749998962,1,361,baseline,0,0
32,20,1.0,checkpoints/sudoku_extreme_hf/checkpoint,0,1,blanks_20,16.673653749998962,1,362,baseline,0,0
32,20,1.0,checkpoints/sudoku_extreme_hf/checkpoint,0,1,blanks_20,16.673653749998962,1,363,baseline,0,0
32,20,1.0,checkpoints/sudoku_extreme_hf/checkpoint,0,1,blanks_20,16.673653749998962,1,364,baseline,0,0
32,20,1.0,checkpoints/sudoku_extreme_hf/checkpoint,0,1,blanks_20,16.673653749998962,1,365,baseline,0,0
32,20,1.0,checkpoints/sudoku_extreme_hf/checkpoint,0,1,blanks_20,16.673653749998962,1,366,baseline,0,0
32,20,1.0,checkpoints/sudoku_extreme_hf/checkpoint,0,1,blanks_20,16.673653749998962,1,367,baseline,0,0
32,20,1.0,checkpoints/sudoku_extreme_hf/checkpoint,0,1,blanks_20,16.673653749998962,1,368,baseline,0,0
32,20,1.0,checkpoints/sudoku_extreme_hf/checkpoint,0,1,blanks_20,16.673653749998962,1,369,baseline,0,0
32,20,1.0,checkpoints/sudoku_extreme_hf/checkpoint,0,1,blanks_20,16.673653749998962,1,370,baseline,0,0
32,20,1.0,checkpoints/sudoku_extreme_hf/checkpoint,0,1,blanks_20,16.673653749998962,1,371,baseline,0,0
32,20,1.0,checkpoints/sudoku_extreme_hf/checkpoint,0,1,blanks_20,16.673653749998962,1,372,baseline,0,0
32,20,1.0,checkpoints/sudoku_extreme_hf/checkpoint,0,1,blanks_20,16.673653749998962,1,373,baseline,0,0
32,20,1.0,checkpoints/sudoku_extreme_hf/checkpoint,0,1,blanks_20,16.673653749998962,1,374,baseline,0,0
32,20,1.0,checkpoints/sudoku_extreme_hf/checkpoint,0,1,blanks_20,16.673653749998962,1,375,baseline,0,0
32,20,1.0,checkpoints/sudoku_extreme_hf/checkpoint,0,1,blanks_20,16.673653749998962,1,376,baseline,0,0
32,20,1.0,checkpoints/sudoku_extreme_hf/checkpoint,0,1,blanks_20,16.673653749998962,1,377,baseline,0,0
32,20,1.0,checkpoints/sudoku_extreme_hf/checkpoint,0,1,blanks_20,16.673653749998962,1,378,baseline,0,0
32,20,1.0,checkpoints/sudoku_extreme_hf/checkpoint,0,1,blanks_20,16.673653749998962,1,379,baseline,0,0
32,20,1.0,checkpoints/sudoku_extreme_hf/checkpoint,0,1,blanks_20,16.673653749998962,1,380,baseline,0,0
32,20,1.0,checkpoints/sudoku_extreme_hf/checkpoint,0,1,blanks_20,16.673653749998962,1,381,baseline,0,0
32,20,1.0,checkpoints/sudoku_extreme_hf/checkpoint,0,1,blanks_20,16.673653749998962,1,382,baseline,0,0
32,20,1.0,checkpoints/sudoku_extreme_hf/checkpoint,0,1,blanks_20,16.673653749998962,1,383,baseline,0,0
32,20,1.0,checkpoints/sudoku_extreme_hf/checkpoint,0,1,blanks_20,16.739630312500253,1,384,baseline,0,0
32,20,1.0,checkpoints/sudoku_extreme_hf/checkpoint,0,1,blanks_20,16.739630312500253,1,385,baseline,0,0
32,20,1.0,checkpoints/sudoku_extreme_hf/checkpoint,0,1,blanks_20,16.739630312500253,1,386,baseline,0,0
32,20,1.0,checkpoints/sudoku_extreme_hf/checkpoint,0,1,blanks_20,16.739630312500253,1,387,baseline,0,0
32,20,1.0,checkpoints/sudoku_extreme_hf/checkpoint,0,1,blanks_20,16.739630312500253,1,388,baseline,0,0
32,20,1.0,checkpoints/sudoku_extreme_hf/checkpoint,0,1,blanks_20,16.739630312500253,1,389,baseline,0,0
32,20,1.0,checkpoints/sudoku_extreme_hf/checkpoint,0,1,blanks_20,16.739630312500253,1,390,baseline,0,0
32,20,1.0,checkpoints/sudoku_extreme_hf/checkpoint,0,1,blanks_20,16.739630312500253,1,391,baseline,0,0
32,20,1.0,checkpoints/sudoku_extreme_hf/checkpoint,0,1,blanks_20,16.739630312500253,1,392,baseline,0,0
32,20,1.0,checkpoints/sudoku_extreme_hf/checkpoint,0,1,blanks_20,16.739630312500253,1,393,baseline,0,0
32,20,1.0,checkpoints/sudoku_extreme_hf/checkpoint,0,1,blanks_20,16.739630312500253,1,394,baseline,0,0
32,20,1.0,checkpoints/sudoku_extreme_hf/checkpoint,0,1,blanks_20,16.739630312500253,1,395,baseline,0,0
32,20,1.0,checkpoints/sudoku_extreme_hf/checkpoint,0,1,blanks_20,16.739630312500253,1,396,baseline,0,0
32,20,1.0,checkpoints/sudoku_extreme_hf/checkpoint,0,1,blanks_20,16.739630312500253,1,397,baseline,0,0
32,20,1.0,checkpoints/sudoku_extreme_hf/checkpoint,0,1,blanks_20,16.739630312500253,1,398,baseline,0,0
32,20,1.0,checkpoints/sudoku_extreme_hf/checkpoint,0,1,blanks_20,16.739630312500253,1,399,baseline,0,0
32,20,1.0,checkpoints/sudoku_extreme_hf/checkpoint,0,1,blanks_20,16.739630312500253,1,400,baseline,0,0
32,20,1.0,checkpoints/sudoku_extreme_hf/checkpoint,0,1,blanks_20,16.739630312500253,1,401,baseline,0,0
32,20,1.0,checkpoints/sudoku_extreme_hf/checkpoint,0,1,blanks_20,16.739630312500253,1,402,baseline,0,0
32,20,1.0,checkpoints/sudoku_extreme_hf/checkpoint,0,1,blanks_20,16.739630312500253,1,403,baseline,0,0
32,20,1.0,checkpoints/sudoku_extreme_hf/checkpoint,0,1,blanks_20,16.739630312500253,1,404,baseline,0,0
32,20,1.0,checkpoints/sudoku_extreme_hf/checkpoint,0,1,blanks_20,16.739630312500253,1,405,baseline,0,0
32,20,1.0,checkpoints/sudoku_extreme_hf/checkpoint,0,1,blanks_20,16.739630312500253,1,406,baseline,0,0
32,20,1.0,checkpoints/sudoku_extreme_hf/checkpoint,0,1,blanks_20,16.739630312500253,1,407,baseline,0,0
32,20,1.0,checkpoints/sudoku_extreme_hf/checkpoint,0,1,blanks_20,16.739630312500253,1,408,baseline,0,0
32,20,1.0,checkpoints/sudoku_extreme_hf/checkpoint,0,1,blanks_20,16.739630312500253,1,409,baseline,0,0
32,20,1.0,checkpoints/sudoku_extreme_hf/checkpoint,0,1,blanks_20,16.739630312500253,1,410,baseline,0,0
32,20,0.9259259259259259,checkpoints/sudoku_extreme_hf/checkpoint,1,1,blanks_20,16.739630312500253,0,411,baseline,1,0
32,20,1.0,checkpoints/sudoku_extreme_hf/checkpoint,0,1,blanks_20,16.739630312500253,1,412,baseline,0,0
32,20,1.0,checkpoints/sudoku_extreme_hf/checkpoint,0,1,blanks_20,16.739630312500253,1,413,baseline,0,0
32,20,1.0,checkpoints/sudoku_extreme_hf/checkpoint,0,1,blanks_20,16.739630312500253,1,414,baseline,0,0
32,20,1.0,checkpoints/sudoku_extreme_hf/checkpoint,0,1,blanks_20,16.739630312500253,1,415,baseline,0,0
32,20,0.9259259259259259,checkpoints/sudoku_extreme_hf/checkpoint,1,1,blanks_20,17.31436912499973,0,416,baseline,1,0
32,20,1.0,checkpoints/sudoku_extreme_hf/checkpoint,0,1,blanks_20,17.31436912499973,1,417,baseline,0,0
32,20,1.0,checkpoints/sudoku_extreme_hf/checkpoint,0,1,blanks_20,17.31436912499973,1,418,baseline,0,0
32,20,1.0,checkpoints/sudoku_extreme_hf/checkpoint,0,1,blanks_20,17.31436912499973,1,419,baseline,0,0
32,20,1.0,checkpoints/sudoku_extreme_hf/checkpoint,0,1,blanks_20,17.31436912499973,1,420,baseline,0,0
32,20,1.0,checkpoints/sudoku_extreme_hf/checkpoint,0,1,blanks_20,17.31436912499973,1,421,baseline,0,0
32,20,1.0,checkpoints/sudoku_extreme_hf/checkpoint,0,1,blanks_20,17.31436912499973,1,422,baseline,0,0
32,20,1.0,checkpoints/sudoku_extreme_hf/checkpoint,0,1,blanks_20,17.31436912499973,1,423,baseline,0,0
32,20,1.0,checkpoints/sudoku_extreme_hf/checkpoint,0,1,blanks_20,17.31436912499973,1,424,baseline,0,0
32,20,1.0,checkpoints/sudoku_extreme_hf/checkpoint,0,1,blanks_20,17.31436912499973,1,425,baseline,0,0
32,20,1.0,checkpoints/sudoku_extreme_hf/checkpoint,0,1,blanks_20,17.31436912499973,1,426,baseline,0,0
32,20,1.0,checkpoints/sudoku_extreme_hf/checkpoint,0,1,blanks_20,17.31436912499973,1,427,baseline,0,0
32,20,1.0,checkpoints/sudoku_extreme_hf/checkpoint,0,1,blanks_20,17.31436912499973,1,428,baseline,0,0
32,20,1.0,checkpoints/sudoku_extreme_hf/checkpoint,0,1,blanks_20,17.31436912499973,1,429,baseline,0,0
32,20,1.0,checkpoints/sudoku_extreme_hf/checkpoint,0,1,blanks_20,17.31436912499973,1,430,baseline,0,0
32,20,1.0,checkpoints/sudoku_extreme_hf/checkpoint,0,1,blanks_20,17.31436912499973,1,431,baseline,0,0
32,20,1.0,checkpoints/sudoku_extreme_hf/checkpoint,0,1,blanks_20,17.31436912499973,1,432,baseline,0,0
32,20,1.0,checkpoints/sudoku_extreme_hf/checkpoint,0,1,blanks_20,17.31436912499973,1,433,baseline,0,0
32,20,1.0,checkpoints/sudoku_extreme_hf/checkpoint,0,1,blanks_20,17.31436912499973,1,434,baseline,0,0
32,20,1.0,checkpoints/sudoku_extreme_hf/checkpoint,0,1,blanks_20,17.31436912499973,1,435,baseline,0,0
32,20,1.0,checkpoints/sudoku_extreme_hf/checkpoint,0,1,blanks_20,17.31436912499973,1,436,baseline,0,0
32,20,1.0,checkpoints/sudoku_extreme_hf/checkpoint,0,1,blanks_20,17.31436912499973,1,437,baseline,0,0
32,20,1.0,checkpoints/sudoku_extreme_hf/checkpoint,0,1,blanks_20,17.31436912499973,1,438,baseline,0,0
32,20,1.0,checkpoints/sudoku_extreme_hf/checkpoint,0,1,blanks_20,17.31436912499973,1,439,baseline,0,0
32,20,1.0,checkpoints/sudoku_extreme_hf/checkpoint,0,1,blanks_20,17.31436912499973,1,440,baseline,0,0
32,20,1.0,checkpoints/sudoku_extreme_hf/checkpoint,0,1,blanks_20,17.31436912499973,1,441,baseline,0,0
32,20,1.0,checkpoints/sudoku_extreme_hf/checkpoint,0,1,blanks_20,17.31436912499973,1,442,baseline,0,0
32,20,1.0,checkpoints/sudoku_extreme_hf/checkpoint,0,1,blanks_20,17.31436912499973,1,443,baseline,0,0
32,20,1.0,checkpoints/sudoku_extreme_hf/checkpoint,0,1,blanks_20,17.31436912499973,1,444,baseline,0,0
32,20,1.0,checkpoints/sudoku_extreme_hf/checkpoint,0,1,blanks_20,17.31436912499973,1,445,baseline,0,0
32,20,1.0,checkpoints/sudoku_extreme_hf/checkpoint,0,1,blanks_20,17.31436912499973,1,446,baseline,0,0
32,20,1.0,checkpoints/sudoku_extreme_hf/checkpoint,0,1,blanks_20,17.31436912499973,1,447,baseline,0,0
32,20,1.0,checkpoints/sudoku_extreme_hf/checkpoint,0,1,blanks_20,17.595638656251467,1,448,baseline,0,0
32,20,1.0,checkpoints/sudoku_extreme_hf/checkpoint,0,1,blanks_20,17.595638656251467,1,449,baseline,0,0
32,20,1.0,checkpoints/sudoku_extreme_hf/checkpoint,0,1,blanks_20,17.595638656251467,1,450,baseline,0,0
32,20,1.0,checkpoints/sudoku_extreme_hf/checkpoint,0,1,blanks_20,17.595638656251467,1,451,baseline,0,0
32,20,1.0,checkpoints/sudoku_extreme_hf/checkpoint,0,1,blanks_20,17.595638656251467,1,452,baseline,0,0
32,20,1.0,checkpoints/sudoku_extreme_hf/checkpoint,0,1,blanks_20,17.595638656251467,1,453,baseline,0,0
32,20,1.0,checkpoints/sudoku_extreme_hf/checkpoint,0,1,blanks_20,17.595638656251467,1,454,baseline,0,0
32,20,1.0,checkpoints/sudoku_extreme_hf/checkpoint,0,1,blanks_20,17.595638656251467,1,455,baseline,0,0
32,20,1.0,checkpoints/sudoku_extreme_hf/checkpoint,0,1,blanks_20,17.595638656251467,1,456,baseline,0,0
32,20,1.0,checkpoints/sudoku_extreme_hf/checkpoint,0,1,blanks_20,17.595638656251467,1,457,baseline,0,0
32,20,1.0,checkpoints/sudoku_extreme_hf/checkpoint,0,1,blanks_20,17.595638656251467,1,458,baseline,0,0
32,20,1.0,checkpoints/sudoku_extreme_hf/checkpoint,0,1,blanks_20,17.595638656251467,1,459,baseline,0,0
32,20,1.0,checkpoints/sudoku_extreme_hf/checkpoint,0,1,blanks_20,17.595638656251467,1,460,baseline,0,0
32,20,1.0,checkpoints/sudoku_extreme_hf/checkpoint,0,1,blanks_20,17.595638656251467,1,461,baseline,0,0
32,20,1.0,checkpoints/sudoku_extreme_hf/checkpoint,0,1,blanks_20,17.595638656251467,1,462,baseline,0,0
32,20,1.0,checkpoints/sudoku_extreme_hf/checkpoint,0,1,blanks_20,17.595638656251467,1,463,baseline,0,0
32,20,1.0,checkpoints/sudoku_extreme_hf/checkpoint,0,1,blanks_20,17.595638656251467,1,464,baseline,0,0
32,20,1.0,checkpoints/sudoku_extreme_hf/checkpoint,0,1,blanks_20,17.595638656251467,1,465,baseline,0,0
32,20,1.0,checkpoints/sudoku_extreme_hf/checkpoint,0,1,blanks_20,17.595638656251467,1,466,baseline,0,0
32,20,1.0,checkpoints/sudoku_extreme_hf/checkpoint,0,1,blanks_20,17.595638656251467,1,467,baseline,0,0
32,20,1.0,checkpoints/sudoku_extreme_hf/checkpoint,0,1,blanks_20,17.595638656251467,1,468,baseline,0,0
32,20,1.0,checkpoints/sudoku_extreme_hf/checkpoint,0,1,blanks_20,17.595638656251467,1,469,baseline,0,0
32,20,1.0,checkpoints/sudoku_extreme_hf/checkpoint,0,1,blanks_20,17.595638656251467,1,470,baseline,0,0
32,20,1.0,checkpoints/sudoku_extreme_hf/checkpoint,0,1,blanks_20,17.595638656251467,1,471,baseline,0,0
32,20,1.0,checkpoints/sudoku_extreme_hf/checkpoint,0,1,blanks_20,17.595638656251467,1,472,baseline,0,0
32,20,1.0,checkpoints/sudoku_extreme_hf/checkpoint,0,1,blanks_20,17.595638656251467,1,473,baseline,0,0
32,20,1.0,checkpoints/sudoku_extreme_hf/checkpoint,0,1,blanks_20,17.595638656251467,1,474,baseline,0,0
32,20,1.0,checkpoints/sudoku_extreme_hf/checkpoint,0,1,blanks_20,17.595638656251467,1,475,baseline,0,0
32,20,1.0,checkpoints/sudoku_extreme_hf/checkpoint,0,1,blanks_20,17.595638656251467,1,476,baseline,0,0
32,20,1.0,checkpoints/sudoku_extreme_hf/checkpoint,0,1,blanks_20,17.595638656251467,1,477,baseline,0,0
32,20,1.0,checkpoints/sudoku_extreme_hf/checkpoint,0,1,blanks_20,17.595638656251467,1,478,baseline,0,0
32,20,1.0,checkpoints/sudoku_extreme_hf/checkpoint,0,1,blanks_20,17.595638656251467,1,479,baseline,0,0
32,20,1.0,checkpoints/sudoku_extreme_hf/checkpoint,0,1,blanks_20,16.778484750000544,1,480,baseline,0,0
32,20,1.0,checkpoints/sudoku_extreme_hf/checkpoint,0,1,blanks_20,16.778484750000544,1,481,baseline,0,0
32,20,0.9259259259259259,checkpoints/sudoku_extreme_hf/checkpoint,2,1,blanks_20,16.778484750000544,0,482,baseline,1,0
32,20,1.0,checkpoints/sudoku_extreme_hf/checkpoint,0,1,blanks_20,16.778484750000544,1,483,baseline,0,0
32,20,1.0,checkpoints/sudoku_extreme_hf/checkpoint,0,1,blanks_20,16.778484750000544,1,484,baseline,0,0
32,20,1.0,checkpoints/sudoku_extreme_hf/checkpoint,0,1,blanks_20,16.778484750000544,1,485,baseline,0,0
32,20,1.0,checkpoints/sudoku_extreme_hf/checkpoint,0,1,blanks_20,16.778484750000544,1,486,baseline,0,0
32,20,1.0,checkpoints/sudoku_extreme_hf/checkpoint,0,1,blanks_20,16.778484750000544,1,487,baseline,0,0
32,20,1.0,checkpoints/sudoku_extreme_hf/checkpoint,0,1,blanks_20,16.778484750000544,1,488,baseline,0,0
32,20,1.0,checkpoints/sudoku_extreme_hf/checkpoint,0,1,blanks_20,16.778484750000544,1,489,baseline,0,0
32,20,1.0,checkpoints/sudoku_extreme_hf/checkpoint,0,1,blanks_20,16.778484750000544,1,490,baseline,0,0
32,20,1.0,checkpoints/sudoku_extreme_hf/checkpoint,0,1,blanks_20,16.778484750000544,1,491,baseline,0,0
32,20,1.0,checkpoints/sudoku_extreme_hf/checkpoint,0,1,blanks_20,16.778484750000544,1,492,baseline,0,0
32,20,1.0,checkpoints/sudoku_extreme_hf/checkpoint,0,1,blanks_20,16.778484750000544,1,493,baseline,0,0
32,20,1.0,checkpoints/sudoku_extreme_hf/checkpoint,0,1,blanks_20,16.778484750000544,1,494,baseline,0,0
32,20,1.0,checkpoints/sudoku_extreme_hf/checkpoint,0,1,blanks_20,16.778484750000544,1,495,baseline,0,0
32,20,0.9506172839506173,checkpoints/sudoku_extreme_hf/checkpoint,1,1,blanks_20,16.778484750000544,0,496,baseline,1,0
32,20,1.0,checkpoints/sudoku_extreme_hf/checkpoint,0,1,blanks_20,16.778484750000544,1,497,baseline,0,0
32,20,1.0,checkpoints/sudoku_extreme_hf/checkpoint,0,1,blanks_20,16.778484750000544,1,498,baseline,0,0
32,20,1.0,checkpoints/sudoku_extreme_hf/checkpoint,0,1,blanks_20,16.778484750000544,1,499,baseline,0,0
32,20,1.0,checkpoints/sudoku_extreme_hf/checkpoint,0,1,blanks_20,16.778484750000544,1,500,baseline,0,0
32,20,1.0,checkpoints/sudoku_extreme_hf/checkpoint,0,1,blanks_20,16.778484750000544,1,501,baseline,0,0
32,20,1.0,checkpoints/sudoku_extreme_hf/checkpoint,0,1,blanks_20,16.778484750000544,1,502,baseline,0,0
32,20,1.0,checkpoints/sudoku_extreme_hf/checkpoint,0,1,blanks_20,16.778484750000544,1,503,baseline,0,0
32,20,1.0,checkpoints/sudoku_extreme_hf/checkpoint,0,1,blanks_20,16.778484750000544,1,504,baseline,0,0
32,20,1.0,checkpoints/sudoku_extreme_hf/checkpoint,0,1,blanks_20,16.778484750000544,1,505,baseline,0,0
32,20,1.0,checkpoints/sudoku_extreme_hf/checkpoint,0,1,blanks_20,16.778484750000544,1,506,baseline,0,0
32,20,1.0,checkpoints/sudoku_extreme_hf/checkpoint,0,1,blanks_20,16.778484750000544,1,507,baseline,0,0
32,20,1.0,checkpoints/sudoku_extreme_hf/checkpoint,0,1,blanks_20,16.778484750000544,1,508,baseline,0,0
32,20,1.0,checkpoints/sudoku_extreme_hf/checkpoint,0,1,blanks_20,16.778484750000544,1,509,baseline,0,0
32,20,1.0,checkpoints/sudoku_extreme_hf/checkpoint,0,1,blanks_20,16.778484750000544,1,510,baseline,0,0
32,20,1.0,checkpoints/sudoku_extreme_hf/checkpoint,0,1,blanks_20,16.778484750000544,1,511,baseline,0,0
32,20,1.0,checkpoints/sudoku_extreme_hf/checkpoint,0,1,blanks_20,17.705443843748725,1,512,baseline,0,0
32,20,1.0,checkpoints/sudoku_extreme_hf/checkpoint,0,1,blanks_20,17.705443843748725,1,513,baseline,0,0
32,20,1.0,checkpoints/sudoku_extreme_hf/checkpoint,0,1,blanks_20,17.705443843748725,1,514,baseline,0,0
32,20,1.0,checkpoints/sudoku_extreme_hf/checkpoint,0,1,blanks_20,17.705443843748725,1,515,baseline,0,0
32,20,1.0,checkpoints/sudoku_extreme_hf/checkpoint,0,1,blanks_20,17.705443843748725,1,516,baseline,0,0
32,20,1.0,checkpoints/sudoku_extreme_hf/checkpoint,0,1,blanks_20,17.705443843748725,1,517,baseline,0,0
32,20,1.0,checkpoints/sudoku_extreme_hf/checkpoint,0,1,blanks_20,17.705443843748725,1,518,baseline,0,0
32,20,1.0,checkpoints/sudoku_extreme_hf/checkpoint,0,1,blanks_20,17.705443843748725,1,519,baseline,0,0
32,20,1.0,checkpoints/sudoku_extreme_hf/checkpoint,0,1,blanks_20,17.705443843748725,1,520,baseline,0,0
32,20,1.0,checkpoints/sudoku_extreme_hf/checkpoint,0,1,blanks_20,17.705443843748725,1,521,baseline,0,0
32,20,1.0,checkpoints/sudoku_extreme_hf/checkpoint,0,1,blanks_20,17.705443843748725,1,522,baseline,0,0
32,20,1.0,checkpoints/sudoku_extreme_hf/checkpoint,0,1,blanks_20,17.705443843748725,1,523,baseline,0,0
32,20,1.0,checkpoints/sudoku_extreme_hf/checkpoint,0,1,blanks_20,17.705443843748725,1,524,baseline,0,0
32,20,1.0,checkpoints/sudoku_extreme_hf/checkpoint,0,1,blanks_20,17.705443843748725,1,525,baseline,0,0
32,20,1.0,checkpoints/sudoku_extreme_hf/checkpoint,0,1,blanks_20,17.705443843748725,1,526,baseline,0,0
32,20,1.0,checkpoints/sudoku_extreme_hf/checkpoint,0,1,blanks_20,17.705443843748725,1,527,baseline,0,0
32,20,1.0,checkpoints/sudoku_extreme_hf/checkpoint,0,1,blanks_20,17.705443843748725,1,528,baseline,0,0
32,20,1.0,checkpoints/sudoku_extreme_hf/checkpoint,0,1,blanks_20,17.705443843748725,1,529,baseline,0,0
32,20,1.0,checkpoints/sudoku_extreme_hf/checkpoint,0,1,blanks_20,17.705443843748725,1,530,baseline,0,0
32,20,1.0,checkpoints/sudoku_extreme_hf/checkpoint,0,1,blanks_20,17.705443843748725,1,531,baseline,0,0
32,20,1.0,checkpoints/sudoku_extreme_hf/checkpoint,0,1,blanks_20,17.705443843748725,1,532,baseline,0,0
32,20,1.0,checkpoints/sudoku_extreme_hf/checkpoint,0,1,blanks_20,17.705443843748725,1,533,baseline,0,0
32,20,1.0,checkpoints/sudoku_extreme_hf/checkpoint,0,1,blanks_20,17.705443843748725,1,534,baseline,0,0
32,20,1.0,checkpoints/sudoku_extreme_hf/checkpoint,0,1,blanks_20,17.705443843748725,1,535,baseline,0,0
32,20,1.0,checkpoints/sudoku_extreme_hf/checkpoint,0,1,blanks_20,17.705443843748725,1,536,baseline,0,0
32,20,1.0,checkpoints/sudoku_extreme_hf/checkpoint,0,1,blanks_20,17.705443843748725,1,537,baseline,0,0
32,20,0.9506172839506173,checkpoints/sudoku_extreme_hf/checkpoint,1,1,blanks_20,17.705443843748725,0,538,baseline,1,0
32,20,1.0,checkpoints/sudoku_extreme_hf/checkpoint,0,1,blanks_20,17.705443843748725,1,539,baseline,0,0
32,20,1.0,checkpoints/sudoku_extreme_hf/checkpoint,0,1,blanks_20,17.705443843748725,1,540,baseline,0,0
32,20,1.0,checkpoints/sudoku_extreme_hf/checkpoint,0,1,blanks_20,17.705443843748725,1,541,baseline,0,0
32,20,1.0,checkpoints/sudoku_extreme_hf/checkpoint,0,1,blanks_20,17.705443843748725,1,542,baseline,0,0
32,20,1.0,checkpoints/sudoku_extreme_hf/checkpoint,0,1,blanks_20,17.705443843748725,1,543,baseline,0,0
32,20,1.0,checkpoints/sudoku_extreme_hf/checkpoint,0,1,blanks_20,16.69439343749879,1,544,baseline,0,0
32,20,1.0,checkpoints/sudoku_extreme_hf/checkpoint,0,1,blanks_20,16.69439343749879,1,545,baseline,0,0
32,20,1.0,checkpoints/sudoku_extreme_hf/checkpoint,0,1,blanks_20,16.69439343749879,1,546,baseline,0,0
32,20,1.0,checkpoints/sudoku_extreme_hf/checkpoint,0,1,blanks_20,16.69439343749879,1,547,baseline,0,0
32,20,1.0,checkpoints/sudoku_extreme_hf/checkpoint,0,1,blanks_20,16.69439343749879,1,548,baseline,0,0
32,20,1.0,checkpoints/sudoku_extreme_hf/checkpoint,0,1,blanks_20,16.69439343749879,1,549,baseline,0,0
32,20,0.9506172839506173,checkpoints/sudoku_extreme_hf/checkpoint,2,1,blanks_20,16.69439343749879,0,550,baseline,1,0
32,20,1.0,checkpoints/sudoku_extreme_hf/checkpoint,0,1,blanks_20,16.69439343749879,1,551,baseline,0,0
32,20,1.0,checkpoints/sudoku_extreme_hf/checkpoint,0,1,blanks_20,16.69439343749879,1,552,baseline,0,0
32,20,1.0,checkpoints/sudoku_extreme_hf/checkpoint,0,1,blanks_20,16.69439343749879,1,553,baseline,0,0
32,20,1.0,checkpoints/sudoku_extreme_hf/checkpoint,0,1,blanks_20,16.69439343749879,1,554,baseline,0,0
32,20,1.0,checkpoints/sudoku_extreme_hf/checkpoint,0,1,blanks_20,16.69439343749879,1,555,baseline,0,0
32,20,1.0,checkpoints/sudoku_extreme_hf/checkpoint,0,1,blanks_20,16.69439343749879,1,556,baseline,0,0
32,20,1.0,checkpoints/sudoku_extreme_hf/checkpoint,0,1,blanks_20,16.69439343749879,1,557,baseline,0,0
32,20,1.0,checkpoints/sudoku_extreme_hf/checkpoint,0,1,blanks_20,16.69439343749879,1,558,baseline,0,0
32,20,1.0,checkpoints/sudoku_extreme_hf/checkpoint,0,1,blanks_20,16.69439343749879,1,559,baseline,0,0
32,20,1.0,checkpoints/sudoku_extreme_hf/checkpoint,0,1,blanks_20,16.69439343749879,1,560,baseline,0,0
32,20,1.0,checkpoints/sudoku_extreme_hf/checkpoint,0,1,blanks_20,16.69439343749879,1,561,baseline,0,0
32,20,1.0,checkpoints/sudoku_extreme_hf/checkpoint,0,1,blanks_20,16.69439343749879,1,562,baseline,0,0
32,20,1.0,checkpoints/sudoku_extreme_hf/checkpoint,0,1,blanks_20,16.69439343749879,1,563,baseline,0,0
32,20,1.0,checkpoints/sudoku_extreme_hf/checkpoint,0,1,blanks_20,16.69439343749879,1,564,baseline,0,0
32,20,1.0,checkpoints/sudoku_extreme_hf/checkpoint,0,1,blanks_20,16.69439343749879,1,565,baseline,0,0
32,20,1.0,checkpoints/sudoku_extreme_hf/checkpoint,0,1,blanks_20,16.69439343749879,1,566,baseline,0,0
32,20,1.0,checkpoints/sudoku_extreme_hf/checkpoint,0,1,blanks_20,16.69439343749879,1,567,baseline,0,0
32,20,1.0,checkpoints/sudoku_extreme_hf/checkpoint,0,1,blanks_20,16.69439343749879,1,568,baseline,0,0
32,20,1.0,checkpoints/sudoku_extreme_hf/checkpoint,0,1,blanks_20,16.69439343749879,1,569,baseline,0,0
32,20,1.0,checkpoints/sudoku_extreme_hf/checkpoint,0,1,blanks_20,16.69439343749879,1,570,baseline,0,0
32,20,1.0,checkpoints/sudoku_extreme_hf/checkpoint,0,1,blanks_20,16.69439343749879,1,571,baseline,0,0
32,20,1.0,checkpoints/sudoku_extreme_hf/checkpoint,0,1,blanks_20,16.69439343749879,1,572,baseline,0,0
32,20,1.0,checkpoints/sudoku_extreme_hf/checkpoint,0,1,blanks_20,16.69439343749879,1,573,baseline,0,0
32,20,1.0,checkpoints/sudoku_extreme_hf/checkpoint,0,1,blanks_20,16.69439343749879,1,574,baseline,0,0
32,20,1.0,checkpoints/sudoku_extreme_hf/checkpoint,0,1,blanks_20,16.69439343749879,1,575,baseline,0,0
32,20,1.0,checkpoints/sudoku_extreme_hf/checkpoint,0,1,blanks_20,17.273774437500222,1,576,baseline,0,0
32,20,1.0,checkpoints/sudoku_extreme_hf/checkpoint,0,1,blanks_20,17.273774437500222,1,577,baseline,0,0
32,20,1.0,checkpoints/sudoku_extreme_hf/checkpoint,0,1,blanks_20,17.273774437500222,1,578,baseline,0,0
32,20,1.0,checkpoints/sudoku_extreme_hf/checkpoint,0,1,blanks_20,17.273774437500222,1,579,baseline,0,0
32,20,1.0,checkpoints/sudoku_extreme_hf/checkpoint,0,1,blanks_20,17.273774437500222,1,580,baseline,0,0
32,20,1.0,checkpoints/sudoku_extreme_hf/checkpoint,0,1,blanks_20,17.273774437500222,1,581,baseline,0,0
32,20,1.0,checkpoints/sudoku_extreme_hf/checkpoint,0,1,blanks_20,17.273774437500222,1,582,baseline,0,0
32,20,1.0,checkpoints/sudoku_extreme_hf/checkpoint,0,1,blanks_20,17.273774437500222,1,583,baseline,0,0
32,20,1.0,checkpoints/sudoku_extreme_hf/checkpoint,0,1,blanks_20,17.273774437500222,1,584,baseline,0,0
32,20,1.0,checkpoints/sudoku_extreme_hf/checkpoint,0,1,blanks_20,17.273774437500222,1,585,baseline,0,0
32,20,1.0,checkpoints/sudoku_extreme_hf/checkpoint,0,1,blanks_20,17.273774437500222,1,586,baseline,0,0
32,20,1.0,checkpoints/sudoku_extreme_hf/checkpoint,0,1,blanks_20,17.273774437500222,1,587,baseline,0,0
32,20,1.0,checkpoints/sudoku_extreme_hf/checkpoint,0,1,blanks_20,17.273774437500222,1,588,baseline,0,0
32,20,1.0,checkpoints/sudoku_extreme_hf/checkpoint,0,1,blanks_20,17.273774437500222,1,589,baseline,0,0
32,20,1.0,checkpoints/sudoku_extreme_hf/checkpoint,0,1,blanks_20,17.273774437500222,1,590,baseline,0,0
32,20,1.0,checkpoints/sudoku_extreme_hf/checkpoint,0,1,blanks_20,17.273774437500222,1,591,baseline,0,0
32,20,1.0,checkpoints/sudoku_extreme_hf/checkpoint,0,1,blanks_20,17.273774437500222,1,592,baseline,0,0
32,20,1.0,checkpoints/sudoku_extreme_hf/checkpoint,0,1,blanks_20,17.273774437500222,1,593,baseline,0,0
32,20,1.0,checkpoints/sudoku_extreme_hf/checkpoint,0,1,blanks_20,17.273774437500222,1,594,baseline,0,0
32,20,1.0,checkpoints/sudoku_extreme_hf/checkpoint,0,1,blanks_20,17.273774437500222,1,595,baseline,0,0
32,20,1.0,checkpoints/sudoku_extreme_hf/checkpoint,0,1,blanks_20,17.273774437500222,1,596,baseline,0,0
32,20,1.0,checkpoints/sudoku_extreme_hf/checkpoint,0,1,blanks_20,17.273774437500222,1,597,baseline,0,0
32,20,1.0,checkpoints/sudoku_extreme_hf/checkpoint,0,1,blanks_20,17.273774437500222,1,598,baseline,0,0
32,20,1.0,checkpoints/sudoku_extreme_hf/checkpoint,0,1,blanks_20,17.273774437500222,1,599,baseline,0,0
32,20,1.0,checkpoints/sudoku_extreme_hf/checkpoint,0,1,blanks_20,17.273774437500222,1,600,baseline,0,0
32,20,0.9259259259259259,checkpoints/sudoku_extreme_hf/checkpoint,2,1,blanks_20,17.273774437500222,0,601,baseline,1,0
32,20,1.0,checkpoints/sudoku_extreme_hf/checkpoint,0,1,blanks_20,17.273774437500222,1,602,baseline,0,0
32,20,1.0,checkpoints/sudoku_extreme_hf/checkpoint,0,1,blanks_20,17.273774437500222,1,603,baseline,0,0
32,20,1.0,checkpoints/sudoku_extreme_hf/checkpoint,0,1,blanks_20,17.273774437500222,1,604,baseline,0,0
32,20,1.0,checkpoints/sudoku_extreme_hf/checkpoint,0,1,blanks_20,17.273774437500222,1,605,baseline,0,0
32,20,1.0,checkpoints/sudoku_extreme_hf/checkpoint,0,1,blanks_20,17.273774437500222,1,606,baseline,0,0
32,20,1.0,checkpoints/sudoku_extreme_hf/checkpoint,0,1,blanks_20,17.273774437500222,1,607,baseline,0,0
32,20,1.0,checkpoints/sudoku_extreme_hf/checkpoint,0,1,blanks_20,22.306711437499516,1,608,baseline,0,0
32,20,1.0,checkpoints/sudoku_extreme_hf/checkpoint,0,1,blanks_20,22.306711437499516,1,609,baseline,0,0
32,20,1.0,checkpoints/sudoku_extreme_hf/checkpoint,0,1,blanks_20,22.306711437499516,1,610,baseline,0,0
32,20,1.0,checkpoints/sudoku_extreme_hf/checkpoint,0,1,blanks_20,22.306711437499516,1,611,baseline,0,0
32,20,1.0,checkpoints/sudoku_extreme_hf/checkpoint,0,1,blanks_20,22.306711437499516,1,612,baseline,0,0
32,20,1.0,checkpoints/sudoku_extreme_hf/checkpoint,0,1,blanks_20,22.306711437499516,1,613,baseline,0,0
32,20,1.0,checkpoints/sudoku_extreme_hf/checkpoint,0,1,blanks_20,22.306711437499516,1,614,baseline,0,0
32,20,1.0,checkpoints/sudoku_extreme_hf/checkpoint,0,1,blanks_20,22.306711437499516,1,615,baseline,0,0
32,20,1.0,checkpoints/sudoku_extreme_hf/checkpoint,0,1,blanks_20,22.306711437499516,1,616,baseline,0,0
32,20,1.0,checkpoints/sudoku_extreme_hf/checkpoint,0,1,blanks_20,22.306711437499516,1,617,baseline,0,0
32,20,1.0,checkpoints/sudoku_extreme_hf/checkpoint,0,1,blanks_20,22.306711437499516,1,618,baseline,0,0
32,20,1.0,checkpoints/sudoku_extreme_hf/checkpoint,0,1,blanks_20,22.306711437499516,1,619,baseline,0,0
32,20,1.0,checkpoints/sudoku_extreme_hf/checkpoint,0,1,blanks_20,22.306711437499516,1,620,baseline,0,0
32,20,1.0,checkpoints/sudoku_extreme_hf/checkpoint,0,1,blanks_20,22.306711437499516,1,621,baseline,0,0
32,20,1.0,checkpoints/sudoku_extreme_hf/checkpoint,0,1,blanks_20,22.306711437499516,1,622,baseline,0,0
32,20,1.0,checkpoints/sudoku_extreme_hf/checkpoint,0,1,blanks_20,22.306711437499516,1,623,baseline,0,0
32,20,1.0,checkpoints/sudoku_extreme_hf/checkpoint,0,1,blanks_20,22.306711437499516,1,624,baseline,0,0
32,20,1.0,checkpoints/sudoku_extreme_hf/checkpoint,0,1,blanks_20,22.306711437499516,1,625,baseline,0,0
32,20,1.0,checkpoints/sudoku_extreme_hf/checkpoint,0,1,blanks_20,22.306711437499516,1,626,baseline,0,0
32,20,1.0,checkpoints/sudoku_extreme_hf/checkpoint,0,1,blanks_20,22.306711437499516,1,627,baseline,0,0
32,20,1.0,checkpoints/sudoku_extreme_hf/checkpoint,0,1,blanks_20,22.306711437499516,1,628,baseline,0,0
32,20,1.0,checkpoints/sudoku_extreme_hf/checkpoint,0,1,blanks_20,22.306711437499516,1,629,baseline,0,0
32,20,1.0,checkpoints/sudoku_extreme_hf/checkpoint,0,1,blanks_20,22.306711437499516,1,630,baseline,0,0
32,20,1.0,checkpoints/sudoku_extreme_hf/checkpoint,0,1,blanks_20,22.306711437499516,1,631,baseline,0,0
32,20,1.0,checkpoints/sudoku_extreme_hf/checkpoint,0,1,blanks_20,22.306711437499516,1,632,baseline,0,0
32,20,1.0,checkpoints/sudoku_extreme_hf/checkpoint,0,1,blanks_20,22.306711437499516,1,633,baseline,0,0
32,20,1.0,checkpoints/sudoku_extreme_hf/checkpoint,0,1,blanks_20,22.306711437499516,1,634,baseline,0,0
32,20,1.0,checkpoints/sudoku_extreme_hf/checkpoint,0,1,blanks_20,22.306711437499516,1,635,baseline,0,0
32,20,0.9506172839506173,checkpoints/sudoku_extreme_hf/checkpoint,1,1,blanks_20,22.306711437499516,0,636,baseline,1,0
32,20,1.0,checkpoints/sudoku_extreme_hf/checkpoint,0,1,blanks_20,22.306711437499516,1,637,baseline,0,0
32,20,1.0,checkpoints/sudoku_extreme_hf/checkpoint,0,1,blanks_20,22.306711437499516,1,638,baseline,0,0
32,20,1.0,checkpoints/sudoku_extreme_hf/checkpoint,0,1,blanks_20,22.306711437499516,1,639,baseline,0,0
32,20,1.0,checkpoints/sudoku_extreme_hf/checkpoint,0,1,blanks_20,20.25900643750056,1,640,baseline,0,0
32,20,1.0,checkpoints/sudoku_extreme_hf/checkpoint,0,1,blanks_20,20.25900643750056,1,641,baseline,0,0
32,20,1.0,checkpoints/sudoku_extreme_hf/checkpoint,0,1,blanks_20,20.25900643750056,1,642,baseline,0,0
32,20,1.0,checkpoints/sudoku_extreme_hf/checkpoint,0,1,blanks_20,20.25900643750056,1,643,baseline,0,0
32,20,1.0,checkpoints/sudoku_extreme_hf/checkpoint,0,1,blanks_20,20.25900643750056,1,644,baseline,0,0
32,20,0.9506172839506173,checkpoints/sudoku_extreme_hf/checkpoint,2,1,blanks_20,20.25900643750056,0,645,baseline,1,0
32,20,1.0,checkpoints/sudoku_extreme_hf/checkpoint,0,1,blanks_20,20.25900643750056,1,646,baseline,0,0
32,20,1.0,checkpoints/sudoku_extreme_hf/checkpoint,0,1,blanks_20,20.25900643750056,1,647,baseline,0,0
32,20,1.0,checkpoints/sudoku_extreme_hf/checkpoint,0,1,blanks_20,20.25900643750056,1,648,baseline,0,0
32,20,1.0,checkpoints/sudoku_extreme_hf/checkpoint,0,1,blanks_20,20.25900643750056,1,649,baseline,0,0
32,20,1.0,checkpoints/sudoku_extreme_hf/checkpoint,0,1,blanks_20,20.25900643750056,1,650,baseline,0,0
32,20,1.0,checkpoints/sudoku_extreme_hf/checkpoint,0,1,blanks_20,20.25900643750056,1,651,baseline,0,0
32,20,1.0,checkpoints/sudoku_extreme_hf/checkpoint,0,1,blanks_20,20.25900643750056,1,652,baseline,0,0
32,20,1.0,checkpoints/sudoku_extreme_hf/checkpoint,0,1,blanks_20,20.25900643750056,1,653,baseline,0,0
32,20,1.0,checkpoints/sudoku_extreme_hf/checkpoint,0,1,blanks_20,20.25900643750056,1,654,baseline,0,0
32,20,1.0,checkpoints/sudoku_extreme_hf/checkpoint,0,1,blanks_20,20.25900643750056,1,655,baseline,0,0
32,20,1.0,checkpoints/sudoku_extreme_hf/checkpoint,0,1,blanks_20,20.25900643750056,1,656,baseline,0,0
32,20,1.0,checkpoints/sudoku_extreme_hf/checkpoint,0,1,blanks_20,20.25900643750056,1,657,baseline,0,0
32,20,1.0,checkpoints/sudoku_extreme_hf/checkpoint,0,1,blanks_20,20.25900643750056,1,658,baseline,0,0
32,20,1.0,checkpoints/sudoku_extreme_hf/checkpoint,0,1,blanks_20,20.25900643750056,1,659,baseline,0,0
32,20,1.0,checkpoints/sudoku_extreme_hf/checkpoint,0,1,blanks_20,20.25900643750056,1,660,baseline,0,0
32,20,1.0,checkpoints/sudoku_extreme_hf/checkpoint,0,1,blanks_20,20.25900643750056,1,661,baseline,0,0
32,20,1.0,checkpoints/sudoku_extreme_hf/checkpoint,0,1,blanks_20,20.25900643750056,1,662,baseline,0,0
32,20,0.9259259259259259,checkpoints/sudoku_extreme_hf/checkpoint,1,1,blanks_20,20.25900643750056,0,663,baseline,1,0
32,20,1.0,checkpoints/sudoku_extreme_hf/checkpoint,0,1,blanks_20,20.25900643750056,1,664,baseline,0,0
32,20,1.0,checkpoints/sudoku_extreme_hf/checkpoint,0,1,blanks_20,20.25900643750056,1,665,baseline,0,0
32,20,1.0,checkpoints/sudoku_extreme_hf/checkpoint,0,1,blanks_20,20.25900643750056,1,666,baseline,0,0
32,20,1.0,checkpoints/sudoku_extreme_hf/checkpoint,0,1,blanks_20,20.25900643750056,1,667,baseline,0,0
32,20,1.0,checkpoints/sudoku_extreme_hf/checkpoint,0,1,blanks_20,20.25900643750056,1,668,baseline,0,0
32,20,1.0,checkpoints/sudoku_extreme_hf/checkpoint,0,1,blanks_20,20.25900643750056,1,669,baseline,0,0
32,20,1.0,checkpoints/sudoku_extreme_hf/checkpoint,0,1,blanks_20,20.25900643750056,1,670,baseline,0,0
32,20,1.0,checkpoints/sudoku_extreme_hf/checkpoint,0,1,blanks_20,20.25900643750056,1,671,baseline,0,0
32,20,1.0,checkpoints/sudoku_extreme_hf/checkpoint,0,1,blanks_20,18.420976937500555,1,672,baseline,0,0
32,20,1.0,checkpoints/sudoku_extreme_hf/checkpoint,0,1,blanks_20,18.420976937500555,1,673,baseline,0,0
32,20,1.0,checkpoints/sudoku_extreme_hf/checkpoint,0,1,blanks_20,18.420976937500555,1,674,baseline,0,0
32,20,1.0,checkpoints/sudoku_extreme_hf/checkpoint,0,1,blanks_20,18.420976937500555,1,675,baseline,0,0
32,20,1.0,checkpoints/sudoku_extreme_hf/checkpoint,0,1,blanks_20,18.420976937500555,1,676,baseline,0,0
32,20,1.0,checkpoints/sudoku_extreme_hf/checkpoint,0,1,blanks_20,18.420976937500555,1,677,baseline,0,0
32,20,1.0,checkpoints/sudoku_extreme_hf/checkpoint,0,1,blanks_20,18.420976937500555,1,678,baseline,0,0
32,20,1.0,checkpoints/sudoku_extreme_hf/checkpoint,0,1,blanks_20,18.420976937500555,1,679,baseline,0,0
32,20,1.0,checkpoints/sudoku_extreme_hf/checkpoint,0,1,blanks_20,18.420976937500555,1,680,baseline,0,0
32,20,1.0,checkpoints/sudoku_extreme_hf/checkpoint,0,1,blanks_20,18.420976937500555,1,681,baseline,0,0
32,20,1.0,checkpoints/sudoku_extreme_hf/checkpoint,0,1,blanks_20,18.420976937500555,1,682,baseline,0,0
32,20,1.0,checkpoints/sudoku_extreme_hf/checkpoint,0,1,blanks_20,18.420976937500555,1,683,baseline,0,0
32,20,1.0,checkpoints/sudoku_extreme_hf/checkpoint,0,1,blanks_20,18.420976937500555,1,684,baseline,0,0
32,20,1.0,checkpoints/sudoku_extreme_hf/checkpoint,0,1,blanks_20,18.420976937500555,1,685,baseline,0,0
32,20,1.0,checkpoints/sudoku_extreme_hf/checkpoint,0,1,blanks_20,18.420976937500555,1,686,baseline,0,0
32,20,1.0,checkpoints/sudoku_extreme_hf/checkpoint,0,1,blanks_20,18.420976937500555,1,687,baseline,0,0
32,20,1.0,checkpoints/sudoku_extreme_hf/checkpoint,0,1,blanks_20,18.420976937500555,1,688,baseline,0,0
32,20,1.0,checkpoints/sudoku_extreme_hf/checkpoint,0,1,blanks_20,18.420976937500555,1,689,baseline,0,0
32,20,0.9506172839506173,checkpoints/sudoku_extreme_hf/checkpoint,2,1,blanks_20,18.420976937500555,0,690,baseline,1,0
32,20,1.0,checkpoints/sudoku_extreme_hf/checkpoint,0,1,blanks_20,18.420976937500555,1,691,baseline,0,0
32,20,1.0,checkpoints/sudoku_extreme_hf/checkpoint,0,1,blanks_20,18.420976937500555,1,692,baseline,0,0
32,20,1.0,checkpoints/sudoku_extreme_hf/checkpoint,0,1,blanks_20,18.420976937500555,1,693,baseline,0,0
32,20,1.0,checkpoints/sudoku_extreme_hf/checkpoint,0,1,blanks_20,18.420976937500555,1,694,baseline,0,0
32,20,1.0,checkpoints/sudoku_extreme_hf/checkpoint,0,1,blanks_20,18.420976937500555,1,695,baseline,0,0
32,20,1.0,checkpoints/sudoku_extreme_hf/checkpoint,0,1,blanks_20,18.420976937500555,1,696,baseline,0,0
32,20,1.0,checkpoints/sudoku_extreme_hf/checkpoint,0,1,blanks_20,18.420976937500555,1,697,baseline,0,0
32,20,1.0,checkpoints/sudoku_extreme_hf/checkpoint,0,1,blanks_20,18.420976937500555,1,698,baseline,0,0
32,20,1.0,checkpoints/sudoku_extreme_hf/checkpoint,0,1,blanks_20,18.420976937500555,1,699,baseline,0,0
32,20,1.0,checkpoints/sudoku_extreme_hf/checkpoint,0,1,blanks_20,18.420976937500555,1,700,baseline,0,0
32,20,1.0,checkpoints/sudoku_extreme_hf/checkpoint,0,1,blanks_20,18.420976937500555,1,701,baseline,0,0
32,20,1.0,checkpoints/sudoku_extreme_hf/checkpoint,0,1,blanks_20,18.420976937500555,1,702,baseline,0,0
32,20,1.0,checkpoints/sudoku_extreme_hf/checkpoint,0,1,blanks_20,18.420976937500555,1,703,baseline,0,0
32,20,1.0,checkpoints/sudoku_extreme_hf/checkpoint,0,1,blanks_20,20.281425593749347,1,704,baseline,0,0
32,20,1.0,checkpoints/sudoku_extreme_hf/checkpoint,0,1,blanks_20,20.281425593749347,1,705,baseline,0,0
32,20,1.0,checkpoints/sudoku_extreme_hf/checkpoint,0,1,blanks_20,20.281425593749347,1,706,baseline,0,0
32,20,1.0,checkpoints/sudoku_extreme_hf/checkpoint,0,1,blanks_20,20.281425593749347,1,707,baseline,0,0
32,20,1.0,checkpoints/sudoku_extreme_hf/checkpoint,0,1,blanks_20,20.281425593749347,1,708,baseline,0,0
32,20,1.0,checkpoints/sudoku_extreme_hf/checkpoint,0,1,blanks_20,20.281425593749347,1,709,baseline,0,0
32,20,1.0,checkpoints/sudoku_extreme_hf/checkpoint,0,1,blanks_20,20.281425593749347,1,710,baseline,0,0
32,20,1.0,checkpoints/sudoku_extreme_hf/checkpoint,0,1,blanks_20,20.281425593749347,1,711,baseline,0,0
32,20,1.0,checkpoints/sudoku_extreme_hf/checkpoint,0,1,blanks_20,20.281425593749347,1,712,baseline,0,0
32,20,1.0,checkpoints/sudoku_extreme_hf/checkpoint,0,1,blanks_20,20.281425593749347,1,713,baseline,0,0
32,20,1.0,checkpoints/sudoku_extreme_hf/checkpoint,0,1,blanks_20,20.281425593749347,1,714,baseline,0,0
32,20,1.0,checkpoints/sudoku_extreme_hf/checkpoint,0,1,blanks_20,20.281425593749347,1,715,baseline,0,0
32,20,1.0,checkpoints/sudoku_extreme_hf/checkpoint,0,1,blanks_20,20.281425593749347,1,716,baseline,0,0
32,20,1.0,checkpoints/sudoku_extreme_hf/checkpoint,0,1,blanks_20,20.281425593749347,1,717,baseline,0,0
32,20,1.0,checkpoints/sudoku_extreme_hf/checkpoint,0,1,blanks_20,20.281425593749347,1,718,baseline,0,0
32,20,1.0,checkpoints/sudoku_extreme_hf/checkpoint,0,1,blanks_20,20.281425593749347,1,719,baseline,0,0
32,20,1.0,checkpoints/sudoku_extreme_hf/checkpoint,0,1,blanks_20,20.281425593749347,1,720,baseline,0,0
32,20,1.0,checkpoints/sudoku_extreme_hf/checkpoint,0,1,blanks_20,20.281425593749347,1,721,baseline,0,0
32,20,1.0,checkpoints/sudoku_extreme_hf/checkpoint,0,1,blanks_20,20.281425593749347,1,722,baseline,0,0
32,20,1.0,checkpoints/sudoku_extreme_hf/checkpoint,0,1,blanks_20,20.281425593749347,1,723,baseline,0,0
32,20,1.0,checkpoints/sudoku_extreme_hf/checkpoint,0,1,blanks_20,20.281425593749347,1,724,baseline,0,0
32,20,1.0,checkpoints/sudoku_extreme_hf/checkpoint,0,1,blanks_20,20.281425593749347,1,725,baseline,0,0
32,20,1.0,checkpoints/sudoku_extreme_hf/checkpoint,0,1,blanks_20,20.281425593749347,1,726,baseline,0,0
32,20,1.0,checkpoints/sudoku_extreme_hf/checkpoint,0,1,blanks_20,20.281425593749347,1,727,baseline,0,0
32,20,1.0,checkpoints/sudoku_extreme_hf/checkpoint,0,1,blanks_20,20.281425593749347,1,728,baseline,0,0
32,20,1.0,checkpoints/sudoku_extreme_hf/checkpoint,0,1,blanks_20,20.281425593749347,1,729,baseline,0,0
32,20,1.0,checkpoints/sudoku_extreme_hf/checkpoint,0,1,blanks_20,20.281425593749347,1,730,baseline,0,0
32,20,1.0,checkpoints/sudoku_extreme_hf/checkpoint,0,1,blanks_20,20.281425593749347,1,731,baseline,0,0
32,20,1.0,checkpoints/sudoku_extreme_hf/checkpoint,0,1,blanks_20,20.281425593749347,1,732,baseline,0,0
32,20,1.0,checkpoints/sudoku_extreme_hf/checkpoint,0,1,blanks_20,20.281425593749347,1,733,baseline,0,0
32,20,1.0,checkpoints/sudoku_extreme_hf/checkpoint,0,1,blanks_20,20.281425593749347,1,734,baseline,0,0
32,20,1.0,checkpoints/sudoku_extreme_hf/checkpoint,0,1,blanks_20,20.281425593749347,1,735,baseline,0,0
32,20,1.0,checkpoints/sudoku_extreme_hf/checkpoint,0,1,blanks_20,20.810364249999935,1,736,baseline,0,0
32,20,1.0,checkpoints/sudoku_extreme_hf/checkpoint,0,1,blanks_20,20.810364249999935,1,737,baseline,0,0
32,20,1.0,checkpoints/sudoku_extreme_hf/checkpoint,0,1,blanks_20,20.810364249999935,1,738,baseline,0,0
32,20,1.0,checkpoints/sudoku_extreme_hf/checkpoint,0,1,blanks_20,20.810364249999935,1,739,baseline,0,0
32,20,1.0,checkpoints/sudoku_extreme_hf/checkpoint,0,1,blanks_20,20.810364249999935,1,740,baseline,0,0
32,20,1.0,checkpoints/sudoku_extreme_hf/checkpoint,0,1,blanks_20,20.810364249999935,1,741,baseline,0,0
32,20,1.0,checkpoints/sudoku_extreme_hf/checkpoint,0,1,blanks_20,20.810364249999935,1,742,baseline,0,0
32,20,1.0,checkpoints/sudoku_extreme_hf/checkpoint,0,1,blanks_20,20.810364249999935,1,743,baseline,0,0
32,20,1.0,checkpoints/sudoku_extreme_hf/checkpoint,0,1,blanks_20,20.810364249999935,1,744,baseline,0,0
32,20,1.0,checkpoints/sudoku_extreme_hf/checkpoint,0,1,blanks_20,20.810364249999935,1,745,baseline,0,0
32,20,1.0,checkpoints/sudoku_extreme_hf/checkpoint,0,1,blanks_20,20.810364249999935,1,746,baseline,0,0
32,20,1.0,checkpoints/sudoku_extreme_hf/checkpoint,0,1,blanks_20,20.810364249999935,1,747,baseline,0,0
32,20,1.0,checkpoints/sudoku_extreme_hf/checkpoint,0,1,blanks_20,20.810364249999935,1,748,baseline,0,0
32,20,1.0,checkpoints/sudoku_extreme_hf/checkpoint,0,1,blanks_20,20.810364249999935,1,749,baseline,0,0
32,20,1.0,checkpoints/sudoku_extreme_hf/checkpoint,0,1,blanks_20,20.810364249999935,1,750,baseline,0,0
32,20,1.0,checkpoints/sudoku_extreme_hf/checkpoint,0,1,blanks_20,20.810364249999935,1,751,baseline,0,0
32,20,1.0,checkpoints/sudoku_extreme_hf/checkpoint,0,1,blanks_20,20.810364249999935,1,752,baseline,0,0
32,20,1.0,checkpoints/sudoku_extreme_hf/checkpoint,0,1,blanks_20,20.810364249999935,1,753,baseline,0,0
32,20,1.0,checkpoints/sudoku_extreme_hf/checkpoint,0,1,blanks_20,20.810364249999935,1,754,baseline,0,0
32,20,1.0,checkpoints/sudoku_extreme_hf/checkpoint,0,1,blanks_20,20.810364249999935,1,755,baseline,0,0
32,20,1.0,checkpoints/sudoku_extreme_hf/checkpoint,0,1,blanks_20,20.810364249999935,1,756,baseline,0,0
32,20,1.0,checkpoints/sudoku_extreme_hf/checkpoint,0,1,blanks_20,20.810364249999935,1,757,baseline,0,0
32,20,1.0,checkpoints/sudoku_extreme_hf/checkpoint,0,1,blanks_20,20.810364249999935,1,758,baseline,0,0
32,20,1.0,checkpoints/sudoku_extreme_hf/checkpoint,0,1,blanks_20,20.810364249999935,1,759,baseline,0,0
32,20,1.0,checkpoints/sudoku_extreme_hf/checkpoint,0,1,blanks_20,20.810364249999935,1,760,baseline,0,0
32,20,1.0,checkpoints/sudoku_extreme_hf/checkpoint,0,1,blanks_20,20.810364249999935,1,761,baseline,0,0
32,20,1.0,checkpoints/sudoku_extreme_hf/checkpoint,0,1,blanks_20,20.810364249999935,1,762,baseline,0,0
32,20,1.0,checkpoints/sudoku_extreme_hf/checkpoint,0,1,blanks_20,20.810364249999935,1,763,baseline,0,0
32,20,1.0,checkpoints/sudoku_extreme_hf/checkpoint,0,1,blanks_20,20.810364249999935,1,764,baseline,0,0
32,20,1.0,checkpoints/sudoku_extreme_hf/checkpoint,0,1,blanks_20,20.810364249999935,1,765,baseline,0,0
32,20,1.0,checkpoints/sudoku_extreme_hf/checkpoint,0,1,blanks_20,20.810364249999935,1,766,baseline,0,0
32,20,1.0,checkpoints/sudoku_extreme_hf/checkpoint,0,1,blanks_20,20.810364249999935,1,767,baseline,0,0
32,20,1.0,checkpoints/sudoku_extreme_hf/checkpoint,0,1,blanks_20,21.68719874999958,1,768,baseline,0,0
32,20,1.0,checkpoints/sudoku_extreme_hf/checkpoint,0,1,blanks_20,21.68719874999958,1,769,baseline,0,0
32,20,1.0,checkpoints/sudoku_extreme_hf/checkpoint,0,1,blanks_20,21.68719874999958,1,770,baseline,0,0
32,20,1.0,checkpoints/sudoku_extreme_hf/checkpoint,0,1,blanks_20,21.68719874999958,1,771,baseline,0,0
32,20,1.0,checkpoints/sudoku_extreme_hf/checkpoint,0,1,blanks_20,21.68719874999958,1,772,baseline,0,0
32,20,1.0,checkpoints/sudoku_extreme_hf/checkpoint,0,1,blanks_20,21.68719874999958,1,773,baseline,0,0
32,20,1.0,checkpoints/sudoku_extreme_hf/checkpoint,0,1,blanks_20,21.68719874999958,1,774,baseline,0,0
32,20,1.0,checkpoints/sudoku_extreme_hf/checkpoint,0,1,blanks_20,21.68719874999958,1,775,baseline,0,0
32,20,1.0,checkpoints/sudoku_extreme_hf/checkpoint,0,1,blanks_20,21.68719874999958,1,776,baseline,0,0
32,20,0.9506172839506173,checkpoints/sudoku_extreme_hf/checkpoint,1,1,blanks_20,21.68719874999958,0,777,baseline,1,0
32,20,1.0,checkpoints/sudoku_extreme_hf/checkpoint,0,1,blanks_20,21.68719874999958,1,778,baseline,0,0
32,20,1.0,checkpoints/sudoku_extreme_hf/checkpoint,0,1,blanks_20,21.68719874999958,1,779,baseline,0,0
32,20,1.0,checkpoints/sudoku_extreme_hf/checkpoint,0,1,blanks_20,21.68719874999958,1,780,baseline,0,0
32,20,1.0,checkpoints/sudoku_extreme_hf/checkpoint,0,1,blanks_20,21.68719874999958,1,781,baseline,0,0
32,20,1.0,checkpoints/sudoku_extreme_hf/checkpoint,0,1,blanks_20,21.68719874999958,1,782,baseline,0,0
32,20,1.0,checkpoints/sudoku_extreme_hf/checkpoint,0,1,blanks_20,21.68719874999958,1,783,baseline,0,0
32,20,1.0,checkpoints/sudoku_extreme_hf/checkpoint,0,1,blanks_20,21.68719874999958,1,784,baseline,0,0
32,20,0.9506172839506173,checkpoints/sudoku_extreme_hf/checkpoint,2,1,blanks_20,21.68719874999958,0,785,baseline,1,0
32,20,1.0,checkpoints/sudoku_extreme_hf/checkpoint,0,1,blanks_20,21.68719874999958,1,786,baseline,0,0
32,20,1.0,checkpoints/sudoku_extreme_hf/checkpoint,0,1,blanks_20,21.68719874999958,1,787,baseline,0,0
32,20,1.0,checkpoints/sudoku_extreme_hf/checkpoint,0,1,blanks_20,21.68719874999958,1,788,baseline,0,0
32,20,1.0,checkpoints/sudoku_extreme_hf/checkpoint,0,1,blanks_20,21.68719874999958,1,789,baseline,0,0
32,20,1.0,checkpoints/sudoku_extreme_hf/checkpoint,0,1,blanks_20,21.68719874999958,1,790,baseline,0,0
32,20,1.0,checkpoints/sudoku_extreme_hf/checkpoint,0,1,blanks_20,21.68719874999958,1,791,baseline,0,0
32,20,1.0,checkpoints/sudoku_extreme_hf/checkpoint,0,1,blanks_20,21.68719874999958,1,792,baseline,0,0
32,20,1.0,checkpoints/sudoku_extreme_hf/checkpoint,0,1,blanks_20,21.68719874999958,1,793,baseline,0,0
32,20,1.0,checkpoints/sudoku_extreme_hf/checkpoint,0,1,blanks_20,21.68719874999958,1,794,baseline,0,0
32,20,1.0,checkpoints/sudoku_extreme_hf/checkpoint,0,1,blanks_20,21.68719874999958,1,795,baseline,0,0
32,20,1.0,checkpoints/sudoku_extreme_hf/checkpoint,0,1,blanks_20,21.68719874999958,1,796,baseline,0,0
32,20,1.0,checkpoints/sudoku_extreme_hf/checkpoint,0,1,blanks_20,21.68719874999958,1,797,baseline,0,0
32,20,1.0,checkpoints/sudoku_extreme_hf/checkpoint,0,1,blanks_20,21.68719874999958,1,798,baseline,0,0
32,20,0.9506172839506173,checkpoints/sudoku_extreme_hf/checkpoint,1,1,blanks_20,21.68719874999958,0,799,baseline,1,0
32,20,1.0,checkpoints/sudoku_extreme_hf/checkpoint,0,1,blanks_20,23.004483781249974,1,800,baseline,0,0
32,20,1.0,checkpoints/sudoku_extreme_hf/checkpoint,0,1,blanks_20,23.004483781249974,1,801,baseline,0,0
32,20,1.0,checkpoints/sudoku_extreme_hf/checkpoint,0,1,blanks_20,23.004483781249974,1,802,baseline,0,0
32,20,1.0,checkpoints/sudoku_extreme_hf/checkpoint,0,1,blanks_20,23.004483781249974,1,803,baseline,0,0
32,20,1.0,checkpoints/sudoku_extreme_hf/checkpoint,0,1,blanks_20,23.004483781249974,1,804,baseline,0,0
32,20,1.0,checkpoints/sudoku_extreme_hf/checkpoint,0,1,blanks_20,23.004483781249974,1,805,baseline,0,0
32,20,1.0,checkpoints/sudoku_extreme_hf/checkpoint,0,1,blanks_20,23.004483781249974,1,806,baseline,0,0
32,20,1.0,checkpoints/sudoku_extreme_hf/checkpoint,0,1,blanks_20,23.004483781249974,1,807,baseline,0,0
32,20,1.0,checkpoints/sudoku_extreme_hf/checkpoint,0,1,blanks_20,23.004483781249974,1,808,baseline,0,0
32,20,1.0,checkpoints/sudoku_extreme_hf/checkpoint,0,1,blanks_20,23.004483781249974,1,809,baseline,0,0
32,20,1.0,checkpoints/sudoku_extreme_hf/checkpoint,0,1,blanks_20,23.004483781249974,1,810,baseline,0,0
32,20,1.0,checkpoints/sudoku_extreme_hf/checkpoint,0,1,blanks_20,23.004483781249974,1,811,baseline,0,0
32,20,1.0,checkpoints/sudoku_extreme_hf/checkpoint,0,1,blanks_20,23.004483781249974,1,812,baseline,0,0
32,20,1.0,checkpoints/sudoku_extreme_hf/checkpoint,0,1,blanks_20,23.004483781249974,1,813,baseline,0,0
32,20,1.0,checkpoints/sudoku_extreme_hf/checkpoint,0,1,blanks_20,23.004483781249974,1,814,baseline,0,0
32,20,1.0,checkpoints/sudoku_extreme_hf/checkpoint,0,1,blanks_20,23.004483781249974,1,815,baseline,0,0
32,20,1.0,checkpoints/sudoku_extreme_hf/checkpoint,0,1,blanks_20,23.004483781249974,1,816,baseline,0,0
32,20,1.0,checkpoints/sudoku_extreme_hf/checkpoint,0,1,blanks_20,23.004483781249974,1,817,baseline,0,0
32,20,1.0,checkpoints/sudoku_extreme_hf/checkpoint,0,1,blanks_20,23.004483781249974,1,818,baseline,0,0
32,20,1.0,checkpoints/sudoku_extreme_hf/checkpoint,0,1,blanks_20,23.004483781249974,1,819,baseline,0,0
32,20,1.0,checkpoints/sudoku_extreme_hf/checkpoint,0,1,blanks_20,23.004483781249974,1,820,baseline,0,0
32,20,1.0,checkpoints/sudoku_extreme_hf/checkpoint,0,1,blanks_20,23.004483781249974,1,821,baseline,0,0
32,20,1.0,checkpoints/sudoku_extreme_hf/checkpoint,0,1,blanks_20,23.004483781249974,1,822,baseline,0,0
32,20,1.0,checkpoints/sudoku_extreme_hf/checkpoint,0,1,blanks_20,23.004483781249974,1,823,baseline,0,0
32,20,1.0,checkpoints/sudoku_extreme_hf/checkpoint,0,1,blanks_20,23.004483781249974,1,824,baseline,0,0
32,20,1.0,checkpoints/sudoku_extreme_hf/checkpoint,0,1,blanks_20,23.004483781249974,1,825,baseline,0,0
32,20,1.0,checkpoints/sudoku_extreme_hf/checkpoint,0,1,blanks_20,23.004483781249974,1,826,baseline,0,0
32,20,1.0,checkpoints/sudoku_extreme_hf/checkpoint,0,1,blanks_20,23.004483781249974,1,827,baseline,0,0
32,20,1.0,checkpoints/sudoku_extreme_hf/checkpoint,0,1,blanks_20,23.004483781249974,1,828,baseline,0,0
32,20,1.0,checkpoints/sudoku_extreme_hf/checkpoint,0,1,blanks_20,23.004483781249974,1,829,baseline,0,0
32,20,1.0,checkpoints/sudoku_extreme_hf/checkpoint,0,1,blanks_20,23.004483781249974,1,830,baseline,0,0
32,20,1.0,checkpoints/sudoku_extreme_hf/checkpoint,0,1,blanks_20,23.004483781249974,1,831,baseline,0,0
32,20,1.0,checkpoints/sudoku_extreme_hf/checkpoint,0,1,blanks_20,22.543252468750552,1,832,baseline,0,0
32,20,1.0,checkpoints/sudoku_extreme_hf/checkpoint,0,1,blanks_20,22.543252468750552,1,833,baseline,0,0
32,20,1.0,checkpoints/sudoku_extreme_hf/checkpoint,0,1,blanks_20,22.543252468750552,1,834,baseline,0,0
32,20,1.0,checkpoints/sudoku_extreme_hf/checkpoint,0,1,blanks_20,22.543252468750552,1,835,baseline,0,0
32,20,0.9506172839506173,checkpoints/sudoku_extreme_hf/checkpoint,2,1,blanks_20,22.543252468750552,0,836,baseline,1,0
32,20,1.0,checkpoints/sudoku_extreme_hf/checkpoint,0,1,blanks_20,22.543252468750552,1,837,baseline,0,0
32,20,1.0,checkpoints/sudoku_extreme_hf/checkpoint,0,1,blanks_20,22.543252468750552,1,838,baseline,0,0
32,20,1.0,checkpoints/sudoku_extreme_hf/checkpoint,0,1,blanks_20,22.543252468750552,1,839,baseline,0,0
32,20,1.0,checkpoints/sudoku_extreme_hf/checkpoint,0,1,blanks_20,22.543252468750552,1,840,baseline,0,0
32,20,1.0,checkpoints/sudoku_extreme_hf/checkpoint,0,1,blanks_20,22.543252468750552,1,841,baseline,0,0
32,20,1.0,checkpoints/sudoku_extreme_hf/checkpoint,0,1,blanks_20,22.543252468750552,1,842,baseline,0,0
32,20,1.0,checkpoints/sudoku_extreme_hf/checkpoint,0,1,blanks_20,22.543252468750552,1,843,baseline,0,0
32,20,1.0,checkpoints/sudoku_extreme_hf/checkpoint,0,1,blanks_20,22.543252468750552,1,844,baseline,0,0
32,20,1.0,checkpoints/sudoku_extreme_hf/checkpoint,0,1,blanks_20,22.543252468750552,1,845,baseline,0,0
32,20,1.0,checkpoints/sudoku_extreme_hf/checkpoint,0,1,blanks_20,22.543252468750552,1,846,baseline,0,0
32,20,0.9259259259259259,checkpoints/sudoku_extreme_hf/checkpoint,2,1,blanks_20,22.543252468750552,0,847,baseline,1,0
32,20,1.0,checkpoints/sudoku_extreme_hf/checkpoint,0,1,blanks_20,22.543252468750552,1,848,baseline,0,0
32,20,1.0,checkpoints/sudoku_extreme_hf/checkpoint,0,1,blanks_20,22.543252468750552,1,849,baseline,0,0
32,20,1.0,checkpoints/sudoku_extreme_hf/checkpoint,0,1,blanks_20,22.543252468750552,1,850,baseline,0,0
32,20,1.0,checkpoints/sudoku_extreme_hf/checkpoint,0,1,blanks_20,22.543252468750552,1,851,baseline,0,0
32,20,1.0,checkpoints/sudoku_extreme_hf/checkpoint,0,1,blanks_20,22.543252468750552,1,852,baseline,0,0
32,20,1.0,checkpoints/sudoku_extreme_hf/checkpoint,0,1,blanks_20,22.543252468750552,1,853,baseline,0,0
32,20,1.0,checkpoints/sudoku_extreme_hf/checkpoint,0,1,blanks_20,22.543252468750552,1,854,baseline,0,0
32,20,1.0,checkpoints/sudoku_extreme_hf/checkpoint,0,1,blanks_20,22.543252468750552,1,855,baseline,0,0
32,20,1.0,checkpoints/sudoku_extreme_hf/checkpoint,0,1,blanks_20,22.543252468750552,1,856,baseline,0,0
32,20,0.9506172839506173,checkpoints/sudoku_extreme_hf/checkpoint,1,1,blanks_20,22.543252468750552,0,857,baseline,1,0
32,20,1.0,checkpoints/sudoku_extreme_hf/checkpoint,0,1,blanks_20,22.543252468750552,1,858,baseline,0,0
32,20,1.0,checkpoints/sudoku_extreme_hf/checkpoint,0,1,blanks_20,22.543252468750552,1,859,baseline,0,0
32,20,1.0,checkpoints/sudoku_extreme_hf/checkpoint,0,1,blanks_20,22.543252468750552,1,860,baseline,0,0
32,20,1.0,checkpoints/sudoku_extreme_hf/checkpoint,0,1,blanks_20,22.543252468750552,1,861,baseline,0,0
32,20,1.0,checkpoints/sudoku_extreme_hf/checkpoint,0,1,blanks_20,22.543252468750552,1,862,baseline,0,0
32,20,1.0,checkpoints/sudoku_extreme_hf/checkpoint,0,1,blanks_20,22.543252468750552,1,863,baseline,0,0
32,20,1.0,checkpoints/sudoku_extreme_hf/checkpoint,0,1,blanks_20,17.238673406250626,1,864,baseline,0,0
32,20,1.0,checkpoints/sudoku_extreme_hf/checkpoint,0,1,blanks_20,17.238673406250626,1,865,baseline,0,0
32,20,1.0,checkpoints/sudoku_extreme_hf/checkpoint,0,1,blanks_20,17.238673406250626,1,866,baseline,0,0
32,20,1.0,checkpoints/sudoku_extreme_hf/checkpoint,0,1,blanks_20,17.238673406250626,1,867,baseline,0,0
32,20,1.0,checkpoints/sudoku_extreme_hf/checkpoint,0,1,blanks_20,17.238673406250626,1,868,baseline,0,0
32,20,1.0,checkpoints/sudoku_extreme_hf/checkpoint,0,1,blanks_20,17.238673406250626,1,869,baseline,0,0
32,20,1.0,checkpoints/sudoku_extreme_hf/checkpoint,0,1,blanks_20,17.238673406250626,1,870,baseline,0,0
32,20,1.0,checkpoints/sudoku_extreme_hf/checkpoint,0,1,blanks_20,17.238673406250626,1,871,baseline,0,0
32,20,1.0,checkpoints/sudoku_extreme_hf/checkpoint,0,1,blanks_20,17.238673406250626,1,872,baseline,0,0
32,20,1.0,checkpoints/sudoku_extreme_hf/checkpoint,0,1,blanks_20,17.238673406250626,1,873,baseline,0,0
32,20,1.0,checkpoints/sudoku_extreme_hf/checkpoint,0,1,blanks_20,17.238673406250626,1,874,baseline,0,0
32,20,1.0,checkpoints/sudoku_extreme_hf/checkpoint,0,1,blanks_20,17.238673406250626,1,875,baseline,0,0
32,20,1.0,checkpoints/sudoku_extreme_hf/checkpoint,0,1,blanks_20,17.238673406250626,1,876,baseline,0,0
32,20,1.0,checkpoints/sudoku_extreme_hf/checkpoint,0,1,blanks_20,17.238673406250626,1,877,baseline,0,0
32,20,0.9506172839506173,checkpoints/sudoku_extreme_hf/checkpoint,1,1,blanks_20,17.238673406250626,0,878,baseline,1,0
32,20,1.0,checkpoints/sudoku_extreme_hf/checkpoint,0,1,blanks_20,17.238673406250626,1,879,baseline,0,0
32,20,1.0,checkpoints/sudoku_extreme_hf/checkpoint,0,1,blanks_20,17.238673406250626,1,880,baseline,0,0
32,20,1.0,checkpoints/sudoku_extreme_hf/checkpoint,0,1,blanks_20,17.238673406250626,1,881,baseline,0,0
32,20,1.0,checkpoints/sudoku_extreme_hf/checkpoint,0,1,blanks_20,17.238673406250626,1,882,baseline,0,0
32,20,1.0,checkpoints/sudoku_extreme_hf/checkpoint,0,1,blanks_20,17.238673406250626,1,883,baseline,0,0
32,20,1.0,checkpoints/sudoku_extreme_hf/checkpoint,0,1,blanks_20,17.238673406250626,1,884,baseline,0,0
32,20,1.0,checkpoints/sudoku_extreme_hf/checkpoint,0,1,blanks_20,17.238673406250626,1,885,baseline,0,0
32,20,1.0,checkpoints/sudoku_extreme_hf/checkpoint,0,1,blanks_20,17.238673406250626,1,886,baseline,0,0
32,20,1.0,checkpoints/sudoku_extreme_hf/checkpoint,0,1,blanks_20,17.238673406250626,1,887,baseline,0,0
32,20,1.0,checkpoints/sudoku_extreme_hf/checkpoint,0,1,blanks_20,17.238673406250626,1,888,baseline,0,0
32,20,1.0,checkpoints/sudoku_extreme_hf/checkpoint,0,1,blanks_20,17.238673406250626,1,889,baseline,0,0
32,20,1.0,checkpoints/sudoku_extreme_hf/checkpoint,0,1,blanks_20,17.238673406250626,1,890,baseline,0,0
32,20,1.0,checkpoints/sudoku_extreme_hf/checkpoint,0,1,blanks_20,17.238673406250626,1,891,baseline,0,0
32,20,1.0,checkpoints/sudoku_extreme_hf/checkpoint,0,1,blanks_20,17.238673406250626,1,892,baseline,0,0
32,20,1.0,checkpoints/sudoku_extreme_hf/checkpoint,0,1,blanks_20,17.238673406250626,1,893,baseline,0,0
32,20,1.0,checkpoints/sudoku_extreme_hf/checkpoint,0,1,blanks_20,17.238673406250626,1,894,baseline,0,0
32,20,1.0,checkpoints/sudoku_extreme_hf/checkpoint,0,1,blanks_20,17.238673406250626,1,895,baseline,0,0
32,20,1.0,checkpoints/sudoku_extreme_hf/checkpoint,0,1,blanks_20,19.46367771875046,1,896,baseline,0,0
32,20,1.0,checkpoints/sudoku_extreme_hf/checkpoint,0,1,blanks_20,19.46367771875046,1,897,baseline,0,0
32,20,1.0,checkpoints/sudoku_extreme_hf/checkpoint,0,1,blanks_20,19.46367771875046,1,898,baseline,0,0
32,20,1.0,checkpoints/sudoku_extreme_hf/checkpoint,0,1,blanks_20,19.46367771875046,1,899,baseline,0,0
32,20,1.0,checkpoints/sudoku_extreme_hf/checkpoint,0,1,blanks_20,19.46367771875046,1,900,baseline,0,0
32,20,1.0,checkpoints/sudoku_extreme_hf/checkpoint,0,1,blanks_20,19.46367771875046,1,901,baseline,0,0
32,20,1.0,checkpoints/sudoku_extreme_hf/checkpoint,0,1,blanks_20,19.46367771875046,1,902,baseline,0,0
32,20,1.0,checkpoints/sudoku_extreme_hf/checkpoint,0,1,blanks_20,19.46367771875046,1,903,baseline,0,0
32,20,1.0,checkpoints/sudoku_extreme_hf/checkpoint,0,1,blanks_20,19.46367771875046,1,904,baseline,0,0
32,20,1.0,checkpoints/sudoku_extreme_hf/checkpoint,0,1,blanks_20,19.46367771875046,1,905,baseline,0,0
32,20,1.0,checkpoints/sudoku_extreme_hf/checkpoint,0,1,blanks_20,19.46367771875046,1,906,baseline,0,0
32,20,1.0,checkpoints/sudoku_extreme_hf/checkpoint,0,1,blanks_20,19.46367771875046,1,907,baseline,0,0
32,20,1.0,checkpoints/sudoku_extreme_hf/checkpoint,0,1,blanks_20,19.46367771875046,1,908,baseline,0,0
32,20,1.0,checkpoints/sudoku_extreme_hf/checkpoint,0,1,blanks_20,19.46367771875046,1,909,baseline,0,0
32,20,1.0,checkpoints/sudoku_extreme_hf/checkpoint,0,1,blanks_20,19.46367771875046,1,910,baseline,0,0
32,20,1.0,checkpoints/sudoku_extreme_hf/checkpoint,0,1,blanks_20,19.46367771875046,1,911,baseline,0,0
32,20,1.0,checkpoints/sudoku_extreme_hf/checkpoint,0,1,blanks_20,19.46367771875046,1,912,baseline,0,0
32,20,1.0,checkpoints/sudoku_extreme_hf/checkpoint,0,1,blanks_20,19.46367771875046,1,913,baseline,0,0
32,20,0.9506172839506173,checkpoints/sudoku_extreme_hf/checkpoint,2,1,blanks_20,19.46367771875046,0,914,baseline,1,0
32,20,1.0,checkpoints/sudoku_extreme_hf/checkpoint,0,1,blanks_20,19.46367771875046,1,915,baseline,0,0
32,20,1.0,checkpoints/sudoku_extreme_hf/checkpoint,0,1,blanks_20,19.46367771875046,1,916,baseline,0,0
32,20,1.0,checkpoints/sudoku_extreme_hf/checkpoint,0,1,blanks_20,19.46367771875046,1,917,baseline,0,0
32,20,1.0,checkpoints/sudoku_extreme_hf/checkpoint,0,1,blanks_20,19.46367771875046,1,918,baseline,0,0
32,20,1.0,checkpoints/sudoku_extreme_hf/checkpoint,0,1,blanks_20,19.46367771875046,1,919,baseline,0,0
32,20,1.0,checkpoints/sudoku_extreme_hf/checkpoint,0,1,blanks_20,19.46367771875046,1,920,baseline,0,0
32,20,1.0,checkpoints/sudoku_extreme_hf/checkpoint,0,1,blanks_20,19.46367771875046,1,921,baseline,0,0
32,20,1.0,checkpoints/sudoku_extreme_hf/checkpoint,0,1,blanks_20,19.46367771875046,1,922,baseline,0,0
32,20,1.0,checkpoints/sudoku_extreme_hf/checkpoint,0,1,blanks_20,19.46367771875046,1,923,baseline,0,0
32,20,1.0,checkpoints/sudoku_extreme_hf/checkpoint,0,1,blanks_20,19.46367771875046,1,924,baseline,0,0
32,20,1.0,checkpoints/sudoku_extreme_hf/checkpoint,0,1,blanks_20,19.46367771875046,1,925,baseline,0,0
32,20,1.0,checkpoints/sudoku_extreme_hf/checkpoint,0,1,blanks_20,19.46367771875046,1,926,baseline,0,0
32,20,1.0,checkpoints/sudoku_extreme_hf/checkpoint,0,1,blanks_20,19.46367771875046,1,927,baseline,0,0
32,20,1.0,checkpoints/sudoku_extreme_hf/checkpoint,0,1,blanks_20,16.941849374999762,1,928,baseline,0,0
32,20,1.0,checkpoints/sudoku_extreme_hf/checkpoint,0,1,blanks_20,16.941849374999762,1,929,baseline,0,0
32,20,1.0,checkpoints/sudoku_extreme_hf/checkpoint,0,1,blanks_20,16.941849374999762,1,930,baseline,0,0
32,20,1.0,checkpoints/sudoku_extreme_hf/checkpoint,0,1,blanks_20,16.941849374999762,1,931,baseline,0,0
32,20,1.0,checkpoints/sudoku_extreme_hf/checkpoint,0,1,blanks_20,16.941849374999762,1,932,baseline,0,0
32,20,1.0,checkpoints/sudoku_extreme_hf/checkpoint,0,1,blanks_20,16.941849374999762,1,933,baseline,0,0
32,20,1.0,checkpoints/sudoku_extreme_hf/checkpoint,0,1,blanks_20,16.941849374999762,1,934,baseline,0,0
32,20,1.0,checkpoints/sudoku_extreme_hf/checkpoint,0,1,blanks_20,16.941849374999762,1,935,baseline,0,0
32,20,1.0,checkpoints/sudoku_extreme_hf/checkpoint,0,1,blanks_20,16.941849374999762,1,936,baseline,0,0
32,20,1.0,checkpoints/sudoku_extreme_hf/checkpoint,0,1,blanks_20,16.941849374999762,1,937,baseline,0,0
32,20,1.0,checkpoints/sudoku_extreme_hf/checkpoint,0,1,blanks_20,16.941849374999762,1,938,baseline,0,0
32,20,1.0,checkpoints/sudoku_extreme_hf/checkpoint,0,1,blanks_20,16.941849374999762,1,939,baseline,0,0
32,20,1.0,checkpoints/sudoku_extreme_hf/checkpoint,0,1,blanks_20,16.941849374999762,1,940,baseline,0,0
32,20,1.0,checkpoints/sudoku_extreme_hf/checkpoint,0,1,blanks_20,16.941849374999762,1,941,baseline,0,0
32,20,1.0,checkpoints/sudoku_extreme_hf/checkpoint,0,1,blanks_20,16.941849374999762,1,942,baseline,0,0
32,20,1.0,checkpoints/sudoku_extreme_hf/checkpoint,0,1,blanks_20,16.941849374999762,1,943,baseline,0,0
32,20,1.0,checkpoints/sudoku_extreme_hf/checkpoint,0,1,blanks_20,16.941849374999762,1,944,baseline,0,0
32,20,1.0,checkpoints/sudoku_extreme_hf/checkpoint,0,1,blanks_20,16.941849374999762,1,945,baseline,0,0
32,20,1.0,checkpoints/sudoku_extreme_hf/checkpoint,0,1,blanks_20,16.941849374999762,1,946,baseline,0,0
32,20,1.0,checkpoints/sudoku_extreme_hf/checkpoint,0,1,blanks_20,16.941849374999762,1,947,baseline,0,0
32,20,1.0,checkpoints/sudoku_extreme_hf/checkpoint,0,1,blanks_20,16.941849374999762,1,948,baseline,0,0
32,20,1.0,checkpoints/sudoku_extreme_hf/checkpoint,0,1,blanks_20,16.941849374999762,1,949,baseline,0,0
32,20,1.0,checkpoints/sudoku_extreme_hf/checkpoint,0,1,blanks_20,16.941849374999762,1,950,baseline,0,0
32,20,1.0,checkpoints/sudoku_extreme_hf/checkpoint,0,1,blanks_20,16.941849374999762,1,951,baseline,0,0
32,20,1.0,checkpoints/sudoku_extreme_hf/checkpoint,0,1,blanks_20,16.941849374999762,1,952,baseline,0,0
32,20,1.0,checkpoints/sudoku_extreme_hf/checkpoint,0,1,blanks_20,16.941849374999762,1,953,baseline,0,0
32,20,1.0,checkpoints/sudoku_extreme_hf/checkpoint,0,1,blanks_20,16.941849374999762,1,954,baseline,0,0
32,20,1.0,checkpoints/sudoku_extreme_hf/checkpoint,0,1,blanks_20,16.941849374999762,1,955,baseline,0,0
32,20,1.0,checkpoints/sudoku_extreme_hf/checkpoint,0,1,blanks_20,16.941849374999762,1,956,baseline,0,0
32,20,1.0,checkpoints/sudoku_extreme_hf/checkpoint,0,1,blanks_20,16.941849374999762,1,957,baseline,0,0
32,20,1.0,checkpoints/sudoku_extreme_hf/checkpoint,0,1,blanks_20,16.941849374999762,1,958,baseline,0,0
32,20,1.0,checkpoints/sudoku_extreme_hf/checkpoint,0,1,blanks_20,16.941849374999762,1,959,baseline,0,0
32,20,1.0,checkpoints/sudoku_extreme_hf/checkpoint,0,1,blanks_20,17.938356218749618,1,960,baseline,0,0
32,20,1.0,checkpoints/sudoku_extreme_hf/checkpoint,0,1,blanks_20,17.938356218749618,1,961,baseline,0,0
32,20,1.0,checkpoints/sudoku_extreme_hf/checkpoint,0,1,blanks_20,17.938356218749618,1,962,baseline,0,0
32,20,1.0,checkpoints/sudoku_extreme_hf/checkpoint,0,1,blanks_20,17.938356218749618,1,963,baseline,0,0
32,20,1.0,checkpoints/sudoku_extreme_hf/checkpoint,0,1,blanks_20,17.938356218749618,1,964,baseline,0,0
32,20,1.0,checkpoints/sudoku_extreme_hf/checkpoint,0,1,blanks_20,17.938356218749618,1,965,baseline,0,0
32,20,1.0,checkpoints/sudoku_extreme_hf/checkpoint,0,1,blanks_20,17.938356218749618,1,966,baseline,0,0
32,20,1.0,checkpoints/sudoku_extreme_hf/checkpoint,0,1,blanks_20,17.938356218749618,1,967,baseline,0,0
32,20,1.0,checkpoints/sudoku_extreme_hf/checkpoint,0,1,blanks_20,17.938356218749618,1,968,baseline,0,0
32,20,1.0,checkpoints/sudoku_extreme_hf/checkpoint,0,1,blanks_20,17.938356218749618,1,969,baseline,0,0
32,20,1.0,checkpoints/sudoku_extreme_hf/checkpoint,0,1,blanks_20,17.938356218749618,1,970,baseline,0,0
32,20,1.0,checkpoints/sudoku_extreme_hf/checkpoint,0,1,blanks_20,17.938356218749618,1,971,baseline,0,0
32,20,1.0,checkpoints/sudoku_extreme_hf/checkpoint,0,1,blanks_20,17.938356218749618,1,972,baseline,0,0
32,20,1.0,checkpoints/sudoku_extreme_hf/checkpoint,0,1,blanks_20,17.938356218749618,1,973,baseline,0,0
32,20,1.0,checkpoints/sudoku_extreme_hf/checkpoint,0,1,blanks_20,17.938356218749618,1,974,baseline,0,0
32,20,1.0,checkpoints/sudoku_extreme_hf/checkpoint,0,1,blanks_20,17.938356218749618,1,975,baseline,0,0
32,20,1.0,checkpoints/sudoku_extreme_hf/checkpoint,0,1,blanks_20,17.938356218749618,1,976,baseline,0,0
32,20,1.0,checkpoints/sudoku_extreme_hf/checkpoint,0,1,blanks_20,17.938356218749618,1,977,baseline,0,0
32,20,1.0,checkpoints/sudoku_extreme_hf/checkpoint,0,1,blanks_20,17.938356218749618,1,978,baseline,0,0
32,20,1.0,checkpoints/sudoku_extreme_hf/checkpoint,0,1,blanks_20,17.938356218749618,1,979,baseline,0,0
32,20,1.0,checkpoints/sudoku_extreme_hf/checkpoint,0,1,blanks_20,17.938356218749618,1,980,baseline,0,0
32,20,1.0,checkpoints/sudoku_extreme_hf/checkpoint,0,1,blanks_20,17.938356218749618,1,981,baseline,0,0
32,20,1.0,checkpoints/sudoku_extreme_hf/checkpoint,0,1,blanks_20,17.938356218749618,1,982,baseline,0,0
32,20,1.0,checkpoints/sudoku_extreme_hf/checkpoint,0,1,blanks_20,17.938356218749618,1,983,baseline,0,0
32,20,1.0,checkpoints/sudoku_extreme_hf/checkpoint,0,1,blanks_20,17.938356218749618,1,984,baseline,0,0
32,20,0.9506172839506173,checkpoints/sudoku_extreme_hf/checkpoint,2,1,blanks_20,17.938356218749618,0,985,baseline,1,0
32,20,1.0,checkpoints/sudoku_extreme_hf/checkpoint,0,1,blanks_20,17.938356218749618,1,986,baseline,0,0
32,20,1.0,checkpoints/sudoku_extreme_hf/checkpoint,0,1,blanks_20,17.938356218749618,1,987,baseline,0,0
32,20,1.0,checkpoints/sudoku_extreme_hf/checkpoint,0,1,blanks_20,17.938356218749618,1,988,baseline,0,0
32,20,1.0,checkpoints/sudoku_extreme_hf/checkpoint,0,1,blanks_20,17.938356218749618,1,989,baseline,0,0
32,20,1.0,checkpoints/sudoku_extreme_hf/checkpoint,0,1,blanks_20,17.938356218749618,1,990,baseline,0,0
32,20,1.0,checkpoints/sudoku_extreme_hf/checkpoint,0,1,blanks_20,17.938356218749618,1,991,baseline,0,0
32,20,1.0,checkpoints/sudoku_extreme_hf/checkpoint,0,1,blanks_20,64.82636625000282,1,992,baseline,0,0
32,20,1.0,checkpoints/sudoku_extreme_hf/checkpoint,0,1,blanks_20,64.82636625000282,1,993,baseline,0,0
32,20,1.0,checkpoints/sudoku_extreme_hf/checkpoint,0,1,blanks_20,64.82636625000282,1,994,baseline,0,0
32,20,1.0,checkpoints/sudoku_extreme_hf/checkpoint,0,1,blanks_20,64.82636625000282,1,995,baseline,0,0
32,20,1.0,checkpoints/sudoku_extreme_hf/checkpoint,0,1,blanks_20,64.82636625000282,1,996,baseline,0,0
32,20,1.0,checkpoints/sudoku_extreme_hf/checkpoint,0,1,blanks_20,64.82636625000282,1,997,baseline,0,0
32,20,1.0,checkpoints/sudoku_extreme_hf/checkpoint,0,1,blanks_20,64.82636625000282,1,998,baseline,0,0
32,20,1.0,checkpoints/sudoku_extreme_hf/checkpoint,0,1,blanks_20,64.82636625000282,1,999,baseline,0,0
32,40,1.0,checkpoints/sudoku_extreme_hf/checkpoint,0,1,blanks_40,17.732994406250313,1,0,baseline,0,0
32,40,1.0,checkpoints/sudoku_extreme_hf/checkpoint,0,1,blanks_40,17.732994406250313,1,1,baseline,0,0
32,40,1.0,checkpoints/sudoku_extreme_hf/checkpoint,0,1,blanks_40,17.732994406250313,1,2,baseline,0,0
32,40,1.0,checkpoints/sudoku_extreme_hf/checkpoint,0,1,blanks_40,17.732994406250313,1,3,baseline,0,0
32,40,1.0,checkpoints/sudoku_extreme_hf/checkpoint,0,1,blanks_40,17.732994406250313,1,4,baseline,0,0
32,40,1.0,checkpoints/sudoku_extreme_hf/checkpoint,0,1,blanks_40,17.732994406250313,1,5,baseline,0,0
32,40,1.0,checkpoints/sudoku_extreme_hf/checkpoint,0,1,blanks_40,17.732994406250313,1,6,baseline,0,0
32,40,1.0,checkpoints/sudoku_extreme_hf/checkpoint,0,1,blanks_40,17.732994406250313,1,7,baseline,0,0
32,40,1.0,checkpoints/sudoku_extreme_hf/checkpoint,0,1,blanks_40,17.732994406250313,1,8,baseline,0,0
32,40,1.0,checkpoints/sudoku_extreme_hf/checkpoint,0,1,blanks_40,17.732994406250313,1,9,baseline,0,0
32,40,1.0,checkpoints/sudoku_extreme_hf/checkpoint,0,1,blanks_40,17.732994406250313,1,10,baseline,0,0
32,40,1.0,checkpoints/sudoku_extreme_hf/checkpoint,0,1,blanks_40,17.732994406250313,1,11,baseline,0,0
32,40,1.0,checkpoints/sudoku_extreme_hf/checkpoint,0,1,blanks_40,17.732994406250313,1,12,baseline,0,0
32,40,1.0,checkpoints/sudoku_extreme_hf/checkpoint,0,1,blanks_40,17.732994406250313,1,13,baseline,0,0
32,40,1.0,checkpoints/sudoku_extreme_hf/checkpoint,0,1,blanks_40,17.732994406250313,1,14,baseline,0,0
32,40,1.0,checkpoints/sudoku_extreme_hf/checkpoint,0,1,blanks_40,17.732994406250313,1,15,baseline,0,0
32,40,1.0,checkpoints/sudoku_extreme_hf/checkpoint,0,1,blanks_40,17.732994406250313,1,16,baseline,0,0
32,40,1.0,checkpoints/sudoku_extreme_hf/checkpoint,0,1,blanks_40,17.732994406250313,1,17,baseline,0,0
32,40,1.0,checkpoints/sudoku_extreme_hf/checkpoint,0,1,blanks_40,17.732994406250313,1,18,baseline,0,0
32,40,1.0,checkpoints/sudoku_extreme_hf/checkpoint,0,1,blanks_40,17.732994406250313,1,19,baseline,0,0
32,40,1.0,checkpoints/sudoku_extreme_hf/checkpoint,0,1,blanks_40,17.732994406250313,1,20,baseline,0,0
32,40,1.0,checkpoints/sudoku_extreme_hf/checkpoint,0,1,blanks_40,17.732994406250313,1,21,baseline,0,0
32,40,1.0,checkpoints/sudoku_extreme_hf/checkpoint,0,1,blanks_40,17.732994406250313,1,22,baseline,0,0
32,40,1.0,checkpoints/sudoku_extreme_hf/checkpoint,0,1,blanks_40,17.732994406250313,1,23,baseline,0,0
32,40,1.0,checkpoints/sudoku_extreme_hf/checkpoint,0,1,blanks_40,17.732994406250313,1,24,baseline,0,0
32,40,1.0,checkpoints/sudoku_extreme_hf/checkpoint,0,1,blanks_40,17.732994406250313,1,25,baseline,0,0
32,40,1.0,checkpoints/sudoku_extreme_hf/checkpoint,0,1,blanks_40,17.732994406250313,1,26,baseline,0,0
32,40,1.0,checkpoints/sudoku_extreme_hf/checkpoint,0,1,blanks_40,17.732994406250313,1,27,baseline,0,0
32,40,1.0,checkpoints/sudoku_extreme_hf/checkpoint,0,1,blanks_40,17.732994406250313,1,28,baseline,0,0
32,40,1.0,checkpoints/sudoku_extreme_hf/checkpoint,0,1,blanks_40,17.732994406250313,1,29,baseline,0,0
32,40,1.0,checkpoints/sudoku_extreme_hf/checkpoint,0,1,blanks_40,17.732994406250313,1,30,baseline,0,0
32,40,1.0,checkpoints/sudoku_extreme_hf/checkpoint,0,1,blanks_40,17.732994406250313,1,31,baseline,0,0
32,40,1.0,checkpoints/sudoku_extreme_hf/checkpoint,0,1,blanks_40,16.977773343748837,1,32,baseline,0,0
32,40,1.0,checkpoints/sudoku_extreme_hf/checkpoint,0,1,blanks_40,16.977773343748837,1,33,baseline,0,0
32,40,1.0,checkpoints/sudoku_extreme_hf/checkpoint,0,1,blanks_40,16.977773343748837,1,34,baseline,0,0
32,40,1.0,checkpoints/sudoku_extreme_hf/checkpoint,0,1,blanks_40,16.977773343748837,1,35,baseline,0,0
32,40,1.0,checkpoints/sudoku_extreme_hf/checkpoint,0,1,blanks_40,16.977773343748837,1,36,baseline,0,0
32,40,1.0,checkpoints/sudoku_extreme_hf/checkpoint,0,1,blanks_40,16.977773343748837,1,37,baseline,0,0
32,40,1.0,checkpoints/sudoku_extreme_hf/checkpoint,0,1,blanks_40,16.977773343748837,1,38,baseline,0,0
32,40,1.0,checkpoints/sudoku_extreme_hf/checkpoint,0,1,blanks_40,16.977773343748837,1,39,baseline,0,0
32,40,1.0,checkpoints/sudoku_extreme_hf/checkpoint,0,1,blanks_40,16.977773343748837,1,40,baseline,0,0
32,40,1.0,checkpoints/sudoku_extreme_hf/checkpoint,0,1,blanks_40,16.977773343748837,1,41,baseline,0,0
32,40,1.0,checkpoints/sudoku_extreme_hf/checkpoint,0,1,blanks_40,16.977773343748837,1,42,baseline,0,0
32,40,1.0,checkpoints/sudoku_extreme_hf/checkpoint,0,1,blanks_40,16.977773343748837,1,43,baseline,0,0
32,40,1.0,checkpoints/sudoku_extreme_hf/checkpoint,0,1,blanks_40,16.977773343748837,1,44,baseline,0,0
32,40,1.0,checkpoints/sudoku_extreme_hf/checkpoint,0,1,blanks_40,16.977773343748837,1,45,baseline,0,0
32,40,1.0,checkpoints/sudoku_extreme_hf/checkpoint,0,1,blanks_40,16.977773343748837,1,46,baseline,0,0
32,40,1.0,checkpoints/sudoku_extreme_hf/checkpoint,0,1,blanks_40,16.977773343748837,1,47,baseline,0,0
32,40,1.0,checkpoints/sudoku_extreme_hf/checkpoint,0,1,blanks_40,16.977773343748837,1,48,baseline,0,0
32,40,1.0,checkpoints/sudoku_extreme_hf/checkpoint,0,1,blanks_40,16.977773343748837,1,49,baseline,0,0
32,40,1.0,checkpoints/sudoku_extreme_hf/checkpoint,0,1,blanks_40,16.977773343748837,1,50,baseline,0,0
32,40,1.0,checkpoints/sudoku_extreme_hf/checkpoint,0,1,blanks_40,16.977773343748837,1,51,baseline,0,0
32,40,1.0,checkpoints/sudoku_extreme_hf/checkpoint,0,1,blanks_40,16.977773343748837,1,52,baseline,0,0
32,40,1.0,checkpoints/sudoku_extreme_hf/checkpoint,0,1,blanks_40,16.977773343748837,1,53,baseline,0,0
32,40,1.0,checkpoints/sudoku_extreme_hf/checkpoint,0,1,blanks_40,16.977773343748837,1,54,baseline,0,0
32,40,1.0,checkpoints/sudoku_extreme_hf/checkpoint,0,1,blanks_40,16.977773343748837,1,55,baseline,0,0
32,40,1.0,checkpoints/sudoku_extreme_hf/checkpoint,0,1,blanks_40,16.977773343748837,1,56,baseline,0,0
32,40,1.0,checkpoints/sudoku_extreme_hf/checkpoint,0,1,blanks_40,16.977773343748837,1,57,baseline,0,0
32,40,1.0,checkpoints/sudoku_extreme_hf/checkpoint,0,1,blanks_40,16.977773343748837,1,58,baseline,0,0
32,40,1.0,checkpoints/sudoku_extreme_hf/checkpoint,0,1,blanks_40,16.977773343748837,1,59,baseline,0,0
32,40,1.0,checkpoints/sudoku_extreme_hf/checkpoint,0,1,blanks_40,16.977773343748837,1,60,baseline,0,0
32,40,1.0,checkpoints/sudoku_extreme_hf/checkpoint,0,1,blanks_40,16.977773343748837,1,61,baseline,0,0
32,40,1.0,checkpoints/sudoku_extreme_hf/checkpoint,0,1,blanks_40,16.977773343748837,1,62,baseline,0,0
32,40,1.0,checkpoints/sudoku_extreme_hf/checkpoint,0,1,blanks_40,16.977773343748837,1,63,baseline,0,0
32,40,1.0,checkpoints/sudoku_extreme_hf/checkpoint,0,1,blanks_40,17.055318906249894,1,64,baseline,0,0
32,40,1.0,checkpoints/sudoku_extreme_hf/checkpoint,0,1,blanks_40,17.055318906249894,1,65,baseline,0,0
32,40,1.0,checkpoints/sudoku_extreme_hf/checkpoint,0,1,blanks_40,17.055318906249894,1,66,baseline,0,0
32,40,1.0,checkpoints/sudoku_extreme_hf/checkpoint,0,1,blanks_40,17.055318906249894,1,67,baseline,0,0
32,40,1.0,checkpoints/sudoku_extreme_hf/checkpoint,0,1,blanks_40,17.055318906249894,1,68,baseline,0,0
32,40,1.0,checkpoints/sudoku_extreme_hf/checkpoint,0,1,blanks_40,17.055318906249894,1,69,baseline,0,0
32,40,1.0,checkpoints/sudoku_extreme_hf/checkpoint,0,1,blanks_40,17.055318906249894,1,70,baseline,0,0
32,40,1.0,checkpoints/sudoku_extreme_hf/checkpoint,0,1,blanks_40,17.055318906249894,1,71,baseline,0,0
32,40,1.0,checkpoints/sudoku_extreme_hf/checkpoint,0,1,blanks_40,17.055318906249894,1,72,baseline,0,0
32,40,1.0,checkpoints/sudoku_extreme_hf/checkpoint,0,1,blanks_40,17.055318906249894,1,73,baseline,0,0
32,40,1.0,checkpoints/sudoku_extreme_hf/checkpoint,0,1,blanks_40,17.055318906249894,1,74,baseline,0,0
32,40,1.0,checkpoints/sudoku_extreme_hf/checkpoint,0,1,blanks_40,17.055318906249894,1,75,baseline,0,0
32,40,1.0,checkpoints/sudoku_extreme_hf/checkpoint,0,1,blanks_40,17.055318906249894,1,76,baseline,0,0
32,40,1.0,checkpoints/sudoku_extreme_hf/checkpoint,0,1,blanks_40,17.055318906249894,1,77,baseline,0,0
32,40,1.0,checkpoints/sudoku_extreme_hf/checkpoint,0,1,blanks_40,17.055318906249894,1,78,baseline,0,0
32,40,1.0,checkpoints/sudoku_extreme_hf/checkpoint,0,1,blanks_40,17.055318906249894,1,79,baseline,0,0
32,40,1.0,checkpoints/sudoku_extreme_hf/checkpoint,0,1,blanks_40,17.055318906249894,1,80,baseline,0,0
32,40,1.0,checkpoints/sudoku_extreme_hf/checkpoint,0,1,blanks_40,17.055318906249894,1,81,baseline,0,0
32,40,1.0,checkpoints/sudoku_extreme_hf/checkpoint,0,1,blanks_40,17.055318906249894,1,82,baseline,0,0
32,40,1.0,checkpoints/sudoku_extreme_hf/checkpoint,0,1,blanks_40,17.055318906249894,1,83,baseline,0,0
32,40,1.0,checkpoints/sudoku_extreme_hf/checkpoint,0,1,blanks_40,17.055318906249894,1,84,baseline,0,0
32,40,1.0,checkpoints/sudoku_extreme_hf/checkpoint,0,1,blanks_40,17.055318906249894,1,85,baseline,0,0
32,40,1.0,checkpoints/sudoku_extreme_hf/checkpoint,0,1,blanks_40,17.055318906249894,1,86,baseline,0,0
32,40,1.0,checkpoints/sudoku_extreme_hf/checkpoint,0,1,blanks_40,17.055318906249894,1,87,baseline,0,0
32,40,1.0,checkpoints/sudoku_extreme_hf/checkpoint,0,1,blanks_40,17.055318906249894,1,88,baseline,0,0
32,40,1.0,checkpoints/sudoku_extreme_hf/checkpoint,0,1,blanks_40,17.055318906249894,1,89,baseline,0,0
32,40,1.0,checkpoints/sudoku_extreme_hf/checkpoint,0,1,blanks_40,17.055318906249894,1,90,baseline,0,0
32,40,1.0,checkpoints/sudoku_extreme_hf/checkpoint,0,1,blanks_40,17.055318906249894,1,91,baseline,0,0
32,40,1.0,checkpoints/sudoku_extreme_hf/checkpoint,0,1,blanks_40,17.055318906249894,1,92,baseline,0,0
32,40,1.0,checkpoints/sudoku_extreme_hf/checkpoint,0,1,blanks_40,17.055318906249894,1,93,baseline,0,0
32,40,1.0,checkpoints/sudoku_extreme_hf/checkpoint,0,1,blanks_40,17.055318906249894,1,94,baseline,0,0
32,40,1.0,checkpoints/sudoku_extreme_hf/checkpoint,0,1,blanks_40,17.055318906249894,1,95,baseline,0,0
32,40,1.0,checkpoints/sudoku_extreme_hf/checkpoint,0,1,blanks_40,18.5494008750009,1,96,baseline,0,0
32,40,1.0,checkpoints/sudoku_extreme_hf/checkpoint,0,1,blanks_40,18.5494008750009,1,97,baseline,0,0
32,40,1.0,checkpoints/sudoku_extreme_hf/checkpoint,0,1,blanks_40,18.5494008750009,1,98,baseline,0,0
32,40,1.0,checkpoints/sudoku_extreme_hf/checkpoint,0,1,blanks_40,18.5494008750009,1,99,baseline,0,0
32,40,1.0,checkpoints/sudoku_extreme_hf/checkpoint,0,1,blanks_40,18.5494008750009,1,100,baseline,0,0
32,40,1.0,checkpoints/sudoku_extreme_hf/checkpoint,0,1,blanks_40,18.5494008750009,1,101,baseline,0,0
32,40,1.0,checkpoints/sudoku_extreme_hf/checkpoint,0,1,blanks_40,18.5494008750009,1,102,baseline,0,0
32,40,1.0,checkpoints/sudoku_extreme_hf/checkpoint,0,1,blanks_40,18.5494008750009,1,103,baseline,0,0
32,40,1.0,checkpoints/sudoku_extreme_hf/checkpoint,0,1,blanks_40,18.5494008750009,1,104,baseline,0,0
32,40,1.0,checkpoints/sudoku_extreme_hf/checkpoint,0,1,blanks_40,18.5494008750009,1,105,baseline,0,0
32,40,1.0,checkpoints/sudoku_extreme_hf/checkpoint,0,1,blanks_40,18.5494008750009,1,106,baseline,0,0
32,40,1.0,checkpoints/sudoku_extreme_hf/checkpoint,0,1,blanks_40,18.5494008750009,1,107,baseline,0,0
32,40,1.0,checkpoints/sudoku_extreme_hf/checkpoint,0,1,blanks_40,18.5494008750009,1,108,baseline,0,0
32,40,1.0,checkpoints/sudoku_extreme_hf/checkpoint,0,1,blanks_40,18.5494008750009,1,109,baseline,0,0
32,40,1.0,checkpoints/sudoku_extreme_hf/checkpoint,0,1,blanks_40,18.5494008750009,1,110,baseline,0,0
32,40,1.0,checkpoints/sudoku_extreme_hf/checkpoint,0,1,blanks_40,18.5494008750009,1,111,baseline,0,0
32,40,1.0,checkpoints/sudoku_extreme_hf/checkpoint,0,1,blanks_40,18.5494008750009,1,112,baseline,0,0
32,40,1.0,checkpoints/sudoku_extreme_hf/checkpoint,0,1,blanks_40,18.5494008750009,1,113,baseline,0,0
32,40,1.0,checkpoints/sudoku_extreme_hf/checkpoint,0,1,blanks_40,18.5494008750009,1,114,baseline,0,0
32,40,1.0,checkpoints/sudoku_extreme_hf/checkpoint,0,1,blanks_40,18.5494008750009,1,115,baseline,0,0
32,40,1.0,checkpoints/sudoku_extreme_hf/checkpoint,0,1,blanks_40,18.5494008750009,1,116,baseline,0,0
32,40,1.0,checkpoints/sudoku_extreme_hf/checkpoint,0,1,blanks_40,18.5494008750009,1,117,baseline,0,0
32,40,1.0,checkpoints/sudoku_extreme_hf/checkpoint,0,1,blanks_40,18.5494008750009,1,118,baseline,0,0
32,40,1.0,checkpoints/sudoku_extreme_hf/checkpoint,0,1,blanks_40,18.5494008750009,1,119,baseline,0,0
32,40,1.0,checkpoints/sudoku_extreme_hf/checkpoint,0,1,blanks_40,18.5494008750009,1,120,baseline,0,0
32,40,1.0,checkpoints/sudoku_extreme_hf/checkpoint,0,1,blanks_40,18.5494008750009,1,121,baseline,0,0
32,40,1.0,checkpoints/sudoku_extreme_hf/checkpoint,0,1,blanks_40,18.5494008750009,1,122,baseline,0,0
32,40,1.0,checkpoints/sudoku_extreme_hf/checkpoint,0,1,blanks_40,18.5494008750009,1,123,baseline,0,0
32,40,1.0,checkpoints/sudoku_extreme_hf/checkpoint,0,1,blanks_40,18.5494008750009,1,124,baseline,0,0
32,40,1.0,checkpoints/sudoku_extreme_hf/checkpoint,0,1,blanks_40,18.5494008750009,1,125,baseline,0,0
32,40,1.0,checkpoints/sudoku_extreme_hf/checkpoint,0,1,blanks_40,18.5494008750009,1,126,baseline,0,0
32,40,1.0,checkpoints/sudoku_extreme_hf/checkpoint,0,1,blanks_40,18.5494008750009,1,127,baseline,0,0
32,40,1.0,checkpoints/sudoku_extreme_hf/checkpoint,0,1,blanks_40,18.191296062500584,1,128,baseline,0,0
32,40,1.0,checkpoints/sudoku_extreme_hf/checkpoint,0,1,blanks_40,18.191296062500584,1,129,baseline,0,0
32,40,1.0,checkpoints/sudoku_extreme_hf/checkpoint,0,1,blanks_40,18.191296062500584,1,130,baseline,0,0
32,40,1.0,checkpoints/sudoku_extreme_hf/checkpoint,0,1,blanks_40,18.191296062500584,1,131,baseline,0,0
32,40,1.0,checkpoints/sudoku_extreme_hf/checkpoint,0,1,blanks_40,18.191296062500584,1,132,baseline,0,0
32,40,1.0,checkpoints/sudoku_extreme_hf/checkpoint,0,1,blanks_40,18.191296062500584,1,133,baseline,0,0
32,40,1.0,checkpoints/sudoku_extreme_hf/checkpoint,0,1,blanks_40,18.191296062500584,1,134,baseline,0,0
32,40,1.0,checkpoints/sudoku_extreme_hf/checkpoint,0,1,blanks_40,18.191296062500584,1,135,baseline,0,0
32,40,1.0,checkpoints/sudoku_extreme_hf/checkpoint,0,1,blanks_40,18.191296062500584,1,136,baseline,0,0
32,40,1.0,checkpoints/sudoku_extreme_hf/checkpoint,0,1,blanks_40,18.191296062500584,1,137,baseline,0,0
32,40,1.0,checkpoints/sudoku_extreme_hf/checkpoint,0,1,blanks_40,18.191296062500584,1,138,baseline,0,0
32,40,1.0,checkpoints/sudoku_extreme_hf/checkpoint,0,1,blanks_40,18.191296062500584,1,139,baseline,0,0
32,40,1.0,checkpoints/sudoku_extreme_hf/checkpoint,0,1,blanks_40,18.191296062500584,1,140,baseline,0,0
32,40,1.0,checkpoints/sudoku_extreme_hf/checkpoint,0,1,blanks_40,18.191296062500584,1,141,baseline,0,0
32,40,1.0,checkpoints/sudoku_extreme_hf/checkpoint,0,1,blanks_40,18.191296062500584,1,142,baseline,0,0
32,40,1.0,checkpoints/sudoku_extreme_hf/checkpoint,0,1,blanks_40,18.191296062500584,1,143,baseline,0,0
32,40,1.0,checkpoints/sudoku_extreme_hf/checkpoint,0,1,blanks_40,18.191296062500584,1,144,baseline,0,0
32,40,1.0,checkpoints/sudoku_extreme_hf/checkpoint,0,1,blanks_40,18.191296062500584,1,145,baseline,0,0
32,40,1.0,checkpoints/sudoku_extreme_hf/checkpoint,0,1,blanks_40,18.191296062500584,1,146,baseline,0,0
32,40,1.0,checkpoints/sudoku_extreme_hf/checkpoint,0,1,blanks_40,18.191296062500584,1,147,baseline,0,0
32,40,1.0,checkpoints/sudoku_extreme_hf/checkpoint,0,1,blanks_40,18.191296062500584,1,148,baseline,0,0
32,40,1.0,checkpoints/sudoku_extreme_hf/checkpoint,0,1,blanks_40,18.191296062500584,1,149,baseline,0,0
32,40,1.0,checkpoints/sudoku_extreme_hf/checkpoint,0,1,blanks_40,18.191296062500584,1,150,baseline,0,0
32,40,1.0,checkpoints/sudoku_extreme_hf/checkpoint,0,1,blanks_40,18.191296062500584,1,151,baseline,0,0
32,40,1.0,checkpoints/sudoku_extreme_hf/checkpoint,0,1,blanks_40,18.191296062500584,1,152,baseline,0,0
32,40,1.0,checkpoints/sudoku_extreme_hf/checkpoint,0,1,blanks_40,18.191296062500584,1,153,baseline,0,0
32,40,1.0,checkpoints/sudoku_extreme_hf/checkpoint,0,1,blanks_40,18.191296062500584,1,154,baseline,0,0
32,40,1.0,checkpoints/sudoku_extreme_hf/checkpoint,0,1,blanks_40,18.191296062500584,1,155,baseline,0,0
32,40,1.0,checkpoints/sudoku_extreme_hf/checkpoint,0,1,blanks_40,18.191296062500584,1,156,baseline,0,0
32,40,1.0,checkpoints/sudoku_extreme_hf/checkpoint,0,1,blanks_40,18.191296062500584,1,157,baseline,0,0
32,40,1.0,checkpoints/sudoku_extreme_hf/checkpoint,0,1,blanks_40,18.191296062500584,1,158,baseline,0,0
32,40,1.0,checkpoints/sudoku_extreme_hf/checkpoint,0,1,blanks_40,18.191296062500584,1,159,baseline,0,0
32,40,1.0,checkpoints/sudoku_extreme_hf/checkpoint,0,1,blanks_40,19.015046468750185,1,160,baseline,0,0
32,40,1.0,checkpoints/sudoku_extreme_hf/checkpoint,0,1,blanks_40,19.015046468750185,1,161,baseline,0,0
32,40,1.0,checkpoints/sudoku_extreme_hf/checkpoint,0,1,blanks_40,19.015046468750185,1,162,baseline,0,0
32,40,1.0,checkpoints/sudoku_extreme_hf/checkpoint,0,1,blanks_40,19.015046468750185,1,163,baseline,0,0
32,40,1.0,checkpoints/sudoku_extreme_hf/checkpoint,0,1,blanks_40,19.015046468750185,1,164,baseline,0,0
32,40,1.0,checkpoints/sudoku_extreme_hf/checkpoint,0,1,blanks_40,19.015046468750185,1,165,baseline,0,0
32,40,1.0,checkpoints/sudoku_extreme_hf/checkpoint,0,1,blanks_40,19.015046468750185,1,166,baseline,0,0
32,40,1.0,checkpoints/sudoku_extreme_hf/checkpoint,0,1,blanks_40,19.015046468750185,1,167,baseline,0,0
32,40,1.0,checkpoints/sudoku_extreme_hf/checkpoint,0,1,blanks_40,19.015046468750185,1,168,baseline,0,0
32,40,1.0,checkpoints/sudoku_extreme_hf/checkpoint,0,1,blanks_40,19.015046468750185,1,169,baseline,0,0
32,40,1.0,checkpoints/sudoku_extreme_hf/checkpoint,0,1,blanks_40,19.015046468750185,1,170,baseline,0,0
32,40,1.0,checkpoints/sudoku_extreme_hf/checkpoint,0,1,blanks_40,19.015046468750185,1,171,baseline,0,0
32,40,1.0,checkpoints/sudoku_extreme_hf/checkpoint,0,1,blanks_40,19.015046468750185,1,172,baseline,0,0
32,40,1.0,checkpoints/sudoku_extreme_hf/checkpoint,0,1,blanks_40,19.015046468750185,1,173,baseline,0,0
32,40,1.0,checkpoints/sudoku_extreme_hf/checkpoint,0,1,blanks_40,19.015046468750185,1,174,baseline,0,0
32,40,1.0,checkpoints/sudoku_extreme_hf/checkpoint,0,1,blanks_40,19.015046468750185,1,175,baseline,0,0
32,40,1.0,checkpoints/sudoku_extreme_hf/checkpoint,0,1,blanks_40,19.015046468750185,1,176,baseline,0,0
32,40,1.0,checkpoints/sudoku_extreme_hf/checkpoint,0,1,blanks_40,19.015046468750185,1,177,baseline,0,0
32,40,1.0,checkpoints/sudoku_extreme_hf/checkpoint,0,1,blanks_40,19.015046468750185,1,178,baseline,0,0
32,40,1.0,checkpoints/sudoku_extreme_hf/checkpoint,0,1,blanks_40,19.015046468750185,1,179,baseline,0,0
32,40,1.0,checkpoints/sudoku_extreme_hf/checkpoint,0,1,blanks_40,19.015046468750185,1,180,baseline,0,0
32,40,1.0,checkpoints/sudoku_extreme_hf/checkpoint,0,1,blanks_40,19.015046468750185,1,181,baseline,0,0
32,40,1.0,checkpoints/sudoku_extreme_hf/checkpoint,0,1,blanks_40,19.015046468750185,1,182,baseline,0,0
32,40,1.0,checkpoints/sudoku_extreme_hf/checkpoint,0,1,blanks_40,19.015046468750185,1,183,baseline,0,0
32,40,1.0,checkpoints/sudoku_extreme_hf/checkpoint,0,1,blanks_40,19.015046468750185,1,184,baseline,0,0
32,40,1.0,checkpoints/sudoku_extreme_hf/checkpoint,0,1,blanks_40,19.015046468750185,1,185,baseline,0,0
32,40,1.0,checkpoints/sudoku_extreme_hf/checkpoint,0,1,blanks_40,19.015046468750185,1,186,baseline,0,0
32,40,1.0,checkpoints/sudoku_extreme_hf/checkpoint,0,1,blanks_40,19.015046468750185,1,187,baseline,0,0
32,40,1.0,checkpoints/sudoku_extreme_hf/checkpoint,0,1,blanks_40,19.015046468750185,1,188,baseline,0,0
32,40,1.0,checkpoints/sudoku_extreme_hf/checkpoint,0,1,blanks_40,19.015046468750185,1,189,baseline,0,0
32,40,1.0,checkpoints/sudoku_extreme_hf/checkpoint,0,1,blanks_40,19.015046468750185,1,190,baseline,0,0
32,40,1.0,checkpoints/sudoku_extreme_hf/checkpoint,0,1,blanks_40,19.015046468750185,1,191,baseline,0,0
32,40,1.0,checkpoints/sudoku_extreme_hf/checkpoint,0,1,blanks_40,17.928831000000756,1,192,baseline,0,0
32,40,1.0,checkpoints/sudoku_extreme_hf/checkpoint,0,1,blanks_40,17.928831000000756,1,193,baseline,0,0
32,40,1.0,checkpoints/sudoku_extreme_hf/checkpoint,0,1,blanks_40,17.928831000000756,1,194,baseline,0,0
32,40,1.0,checkpoints/sudoku_extreme_hf/checkpoint,0,1,blanks_40,17.928831000000756,1,195,baseline,0,0
32,40,1.0,checkpoints/sudoku_extreme_hf/checkpoint,0,1,blanks_40,17.928831000000756,1,196,baseline,0,0
32,40,1.0,checkpoints/sudoku_extreme_hf/checkpoint,0,1,blanks_40,17.928831000000756,1,197,baseline,0,0
32,40,1.0,checkpoints/sudoku_extreme_hf/checkpoint,0,1,blanks_40,17.928831000000756,1,198,baseline,0,0
32,40,1.0,checkpoints/sudoku_extreme_hf/checkpoint,0,1,blanks_40,17.928831000000756,1,199,baseline,0,0
32,40,1.0,checkpoints/sudoku_extreme_hf/checkpoint,0,1,blanks_40,17.928831000000756,1,200,baseline,0,0
32,40,1.0,checkpoints/sudoku_extreme_hf/checkpoint,0,1,blanks_40,17.928831000000756,1,201,baseline,0,0
32,40,1.0,checkpoints/sudoku_extreme_hf/checkpoint,0,1,blanks_40,17.928831000000756,1,202,baseline,0,0
32,40,1.0,checkpoints/sudoku_extreme_hf/checkpoint,0,1,blanks_40,17.928831000000756,1,203,baseline,0,0
32,40,1.0,checkpoints/sudoku_extreme_hf/checkpoint,0,1,blanks_40,17.928831000000756,1,204,baseline,0,0
32,40,1.0,checkpoints/sudoku_extreme_hf/checkpoint,0,1,blanks_40,17.928831000000756,1,205,baseline,0,0
32,40,1.0,checkpoints/sudoku_extreme_hf/checkpoint,0,1,blanks_40,17.928831000000756,1,206,baseline,0,0
32,40,1.0,checkpoints/sudoku_extreme_hf/checkpoint,0,1,blanks_40,17.928831000000756,1,207,baseline,0,0
32,40,1.0,checkpoints/sudoku_extreme_hf/checkpoint,0,1,blanks_40,17.928831000000756,1,208,baseline,0,0
32,40,1.0,checkpoints/sudoku_extreme_hf/checkpoint,0,1,blanks_40,17.928831000000756,1,209,baseline,0,0
32,40,1.0,checkpoints/sudoku_extreme_hf/checkpoint,0,1,blanks_40,17.928831000000756,1,210,baseline,0,0
32,40,1.0,checkpoints/sudoku_extreme_hf/checkpoint,0,1,blanks_40,17.928831000000756,1,211,baseline,0,0
32,40,1.0,checkpoints/sudoku_extreme_hf/checkpoint,0,1,blanks_40,17.928831000000756,1,212,baseline,0,0
32,40,1.0,checkpoints/sudoku_extreme_hf/checkpoint,0,1,blanks_40,17.928831000000756,1,213,baseline,0,0
32,40,1.0,checkpoints/sudoku_extreme_hf/checkpoint,0,1,blanks_40,17.928831000000756,1,214,baseline,0,0
32,40,1.0,checkpoints/sudoku_extreme_hf/checkpoint,0,1,blanks_40,17.928831000000756,1,215,baseline,0,0
32,40,1.0,checkpoints/sudoku_extreme_hf/checkpoint,0,1,blanks_40,17.928831000000756,1,216,baseline,0,0
32,40,1.0,checkpoints/sudoku_extreme_hf/checkpoint,0,1,blanks_40,17.928831000000756,1,217,baseline,0,0
32,40,1.0,checkpoints/sudoku_extreme_hf/checkpoint,0,1,blanks_40,17.928831000000756,1,218,baseline,0,0
32,40,1.0,checkpoints/sudoku_extreme_hf/checkpoint,0,1,blanks_40,17.928831000000756,1,219,baseline,0,0
32,40,1.0,checkpoints/sudoku_extreme_hf/checkpoint,0,1,blanks_40,17.928831000000756,1,220,baseline,0,0
32,40,1.0,checkpoints/sudoku_extreme_hf/checkpoint,0,1,blanks_40,17.928831000000756,1,221,baseline,0,0
32,40,1.0,checkpoints/sudoku_extreme_hf/checkpoint,0,1,blanks_40,17.928831000000756,1,222,baseline,0,0
32,40,1.0,checkpoints/sudoku_extreme_hf/checkpoint,0,1,blanks_40,17.928831000000756,1,223,baseline,0,0
32,40,1.0,checkpoints/sudoku_extreme_hf/checkpoint,0,1,blanks_40,19.063074124998636,1,224,baseline,0,0
32,40,1.0,checkpoints/sudoku_extreme_hf/checkpoint,0,1,blanks_40,19.063074124998636,1,225,baseline,0,0
32,40,1.0,checkpoints/sudoku_extreme_hf/checkpoint,0,1,blanks_40,19.063074124998636,1,226,baseline,0,0
32,40,1.0,checkpoints/sudoku_extreme_hf/checkpoint,0,1,blanks_40,19.063074124998636,1,227,baseline,0,0
32,40,1.0,checkpoints/sudoku_extreme_hf/checkpoint,0,1,blanks_40,19.063074124998636,1,228,baseline,0,0
32,40,1.0,checkpoints/sudoku_extreme_hf/checkpoint,0,1,blanks_40,19.063074124998636,1,229,baseline,0,0
32,40,1.0,checkpoints/sudoku_extreme_hf/checkpoint,0,1,blanks_40,19.063074124998636,1,230,baseline,0,0
32,40,1.0,checkpoints/sudoku_extreme_hf/checkpoint,0,1,blanks_40,19.063074124998636,1,231,baseline,0,0
32,40,1.0,checkpoints/sudoku_extreme_hf/checkpoint,0,1,blanks_40,19.063074124998636,1,232,baseline,0,0
32,40,1.0,checkpoints/sudoku_extreme_hf/checkpoint,0,1,blanks_40,19.063074124998636,1,233,baseline,0,0
32,40,1.0,checkpoints/sudoku_extreme_hf/checkpoint,0,1,blanks_40,19.063074124998636,1,234,baseline,0,0
32,40,1.0,checkpoints/sudoku_extreme_hf/checkpoint,0,1,blanks_40,19.063074124998636,1,235,baseline,0,0
32,40,1.0,checkpoints/sudoku_extreme_hf/checkpoint,0,1,blanks_40,19.063074124998636,1,236,baseline,0,0
32,40,1.0,checkpoints/sudoku_extreme_hf/checkpoint,0,1,blanks_40,19.063074124998636,1,237,baseline,0,0
32,40,1.0,checkpoints/sudoku_extreme_hf/checkpoint,0,1,blanks_40,19.063074124998636,1,238,baseline,0,0
32,40,1.0,checkpoints/sudoku_extreme_hf/checkpoint,0,1,blanks_40,19.063074124998636,1,239,baseline,0,0
32,40,1.0,checkpoints/sudoku_extreme_hf/checkpoint,0,1,blanks_40,19.063074124998636,1,240,baseline,0,0
32,40,1.0,checkpoints/sudoku_extreme_hf/checkpoint,0,1,blanks_40,19.063074124998636,1,241,baseline,0,0
32,40,1.0,checkpoints/sudoku_extreme_hf/checkpoint,0,1,blanks_40,19.063074124998636,1,242,baseline,0,0
32,40,1.0,checkpoints/sudoku_extreme_hf/checkpoint,0,1,blanks_40,19.063074124998636,1,243,baseline,0,0
32,40,1.0,checkpoints/sudoku_extreme_hf/checkpoint,0,1,blanks_40,19.063074124998636,1,244,baseline,0,0
32,40,1.0,checkpoints/sudoku_extreme_hf/checkpoint,0,1,blanks_40,19.063074124998636,1,245,baseline,0,0
32,40,1.0,checkpoints/sudoku_extreme_hf/checkpoint,0,1,blanks_40,19.063074124998636,1,246,baseline,0,0
32,40,1.0,checkpoints/sudoku_extreme_hf/checkpoint,0,1,blanks_40,19.063074124998636,1,247,baseline,0,0
32,40,1.0,checkpoints/sudoku_extreme_hf/checkpoint,0,1,blanks_40,19.063074124998636,1,248,baseline,0,0
32,40,1.0,checkpoints/sudoku_extreme_hf/checkpoint,0,1,blanks_40,19.063074124998636,1,249,baseline,0,0
32,40,1.0,checkpoints/sudoku_extreme_hf/checkpoint,0,1,blanks_40,19.063074124998636,1,250,baseline,0,0
32,40,1.0,checkpoints/sudoku_extreme_hf/checkpoint,0,1,blanks_40,19.063074124998636,1,251,baseline,0,0
32,40,1.0,checkpoints/sudoku_extreme_hf/checkpoint,0,1,blanks_40,19.063074124998636,1,252,baseline,0,0
32,40,1.0,checkpoints/sudoku_extreme_hf/checkpoint,0,1,blanks_40,19.063074124998636,1,253,baseline,0,0
32,40,1.0,checkpoints/sudoku_extreme_hf/checkpoint,0,1,blanks_40,19.063074124998636,1,254,baseline,0,0
32,40,1.0,checkpoints/sudoku_extreme_hf/checkpoint,0,1,blanks_40,19.063074124998636,1,255,baseline,0,0
32,40,1.0,checkpoints/sudoku_extreme_hf/checkpoint,0,1,blanks_40,19.824571750000075,1,256,baseline,0,0
32,40,1.0,checkpoints/sudoku_extreme_hf/checkpoint,0,1,blanks_40,19.824571750000075,1,257,baseline,0,0
32,40,1.0,checkpoints/sudoku_extreme_hf/checkpoint,0,1,blanks_40,19.824571750000075,1,258,baseline,0,0
32,40,1.0,checkpoints/sudoku_extreme_hf/checkpoint,0,1,blanks_40,19.824571750000075,1,259,baseline,0,0
32,40,1.0,checkpoints/sudoku_extreme_hf/checkpoint,0,1,blanks_40,19.824571750000075,1,260,baseline,0,0
32,40,1.0,checkpoints/sudoku_extreme_hf/checkpoint,0,1,blanks_40,19.824571750000075,1,261,baseline,0,0
32,40,1.0,checkpoints/sudoku_extreme_hf/checkpoint,0,1,blanks_40,19.824571750000075,1,262,baseline,0,0
32,40,1.0,checkpoints/sudoku_extreme_hf/checkpoint,0,1,blanks_40,19.824571750000075,1,263,baseline,0,0
32,40,1.0,checkpoints/sudoku_extreme_hf/checkpoint,0,1,blanks_40,19.824571750000075,1,264,baseline,0,0
32,40,1.0,checkpoints/sudoku_extreme_hf/checkpoint,0,1,blanks_40,19.824571750000075,1,265,baseline,0,0
32,40,1.0,checkpoints/sudoku_extreme_hf/checkpoint,0,1,blanks_40,19.824571750000075,1,266,baseline,0,0
32,40,1.0,checkpoints/sudoku_extreme_hf/checkpoint,0,1,blanks_40,19.824571750000075,1,267,baseline,0,0
32,40,1.0,checkpoints/sudoku_extreme_hf/checkpoint,0,1,blanks_40,19.824571750000075,1,268,baseline,0,0
32,40,1.0,checkpoints/sudoku_extreme_hf/checkpoint,0,1,blanks_40,19.824571750000075,1,269,baseline,0,0
32,40,1.0,checkpoints/sudoku_extreme_hf/checkpoint,0,1,blanks_40,19.824571750000075,1,270,baseline,0,0
32,40,1.0,checkpoints/sudoku_extreme_hf/checkpoint,0,1,blanks_40,19.824571750000075,1,271,baseline,0,0
32,40,1.0,checkpoints/sudoku_extreme_hf/checkpoint,0,1,blanks_40,19.824571750000075,1,272,baseline,0,0
32,40,1.0,checkpoints/sudoku_extreme_hf/checkpoint,0,1,blanks_40,19.824571750000075,1,273,baseline,0,0
32,40,1.0,checkpoints/sudoku_extreme_hf/checkpoint,0,1,blanks_40,19.824571750000075,1,274,baseline,0,0
32,40,1.0,checkpoints/sudoku_extreme_hf/checkpoint,0,1,blanks_40,19.824571750000075,1,275,baseline,0,0
32,40,1.0,checkpoints/sudoku_extreme_hf/checkpoint,0,1,blanks_40,19.824571750000075,1,276,baseline,0,0
32,40,1.0,checkpoints/sudoku_extreme_hf/checkpoint,0,1,blanks_40,19.824571750000075,1,277,baseline,0,0
32,40,1.0,checkpoints/sudoku_extreme_hf/checkpoint,0,1,blanks_40,19.824571750000075,1,278,baseline,0,0
32,40,1.0,checkpoints/sudoku_extreme_hf/checkpoint,0,1,blanks_40,19.824571750000075,1,279,baseline,0,0
32,40,1.0,checkpoints/sudoku_extreme_hf/checkpoint,0,1,blanks_40,19.824571750000075,1,280,baseline,0,0
32,40,1.0,checkpoints/sudoku_extreme_hf/checkpoint,0,1,blanks_40,19.824571750000075,1,281,baseline,0,0
32,40,1.0,checkpoints/sudoku_extreme_hf/checkpoint,0,1,blanks_40,19.824571750000075,1,282,baseline,0,0
32,40,1.0,checkpoints/sudoku_extreme_hf/checkpoint,0,1,blanks_40,19.824571750000075,1,283,baseline,0,0
32,40,1.0,checkpoints/sudoku_extreme_hf/checkpoint,0,1,blanks_40,19.824571750000075,1,284,baseline,0,0
32,40,1.0,checkpoints/sudoku_extreme_hf/checkpoint,0,1,blanks_40,19.824571750000075,1,285,baseline,0,0
32,40,1.0,checkpoints/sudoku_extreme_hf/checkpoint,0,1,blanks_40,19.824571750000075,1,286,baseline,0,0
32,40,1.0,checkpoints/sudoku_extreme_hf/checkpoint,0,1,blanks_40,19.824571750000075,1,287,baseline,0,0
32,40,1.0,checkpoints/sudoku_extreme_hf/checkpoint,0,1,blanks_40,19.663808749999845,1,288,baseline,0,0
32,40,1.0,checkpoints/sudoku_extreme_hf/checkpoint,0,1,blanks_40,19.663808749999845,1,289,baseline,0,0
32,40,1.0,checkpoints/sudoku_extreme_hf/checkpoint,0,1,blanks_40,19.663808749999845,1,290,baseline,0,0
32,40,1.0,checkpoints/sudoku_extreme_hf/checkpoint,0,1,blanks_40,19.663808749999845,1,291,baseline,0,0
32,40,1.0,checkpoints/sudoku_extreme_hf/checkpoint,0,1,blanks_40,19.663808749999845,1,292,baseline,0,0
32,40,1.0,checkpoints/sudoku_extreme_hf/checkpoint,0,1,blanks_40,19.663808749999845,1,293,baseline,0,0
32,40,1.0,checkpoints/sudoku_extreme_hf/checkpoint,0,1,blanks_40,19.663808749999845,1,294,baseline,0,0
32,40,1.0,checkpoints/sudoku_extreme_hf/checkpoint,0,1,blanks_40,19.663808749999845,1,295,baseline,0,0
32,40,1.0,checkpoints/sudoku_extreme_hf/checkpoint,0,1,blanks_40,19.663808749999845,1,296,baseline,0,0
32,40,1.0,checkpoints/sudoku_extreme_hf/checkpoint,0,1,blanks_40,19.663808749999845,1,297,baseline,0,0
32,40,1.0,checkpoints/sudoku_extreme_hf/checkpoint,0,1,blanks_40,19.663808749999845,1,298,baseline,0,0
32,40,1.0,checkpoints/sudoku_extreme_hf/checkpoint,0,1,blanks_40,19.663808749999845,1,299,baseline,0,0
32,40,1.0,checkpoints/sudoku_extreme_hf/checkpoint,0,1,blanks_40,19.663808749999845,1,300,baseline,0,0
32,40,1.0,checkpoints/sudoku_extreme_hf/checkpoint,0,1,blanks_40,19.663808749999845,1,301,baseline,0,0
32,40,1.0,checkpoints/sudoku_extreme_hf/checkpoint,0,1,blanks_40,19.663808749999845,1,302,baseline,0,0
32,40,1.0,checkpoints/sudoku_extreme_hf/checkpoint,0,1,blanks_40,19.663808749999845,1,303,baseline,0,0
32,40,1.0,checkpoints/sudoku_extreme_hf/checkpoint,0,1,blanks_40,19.663808749999845,1,304,baseline,0,0
32,40,1.0,checkpoints/sudoku_extreme_hf/checkpoint,0,1,blanks_40,19.663808749999845,1,305,baseline,0,0
32,40,1.0,checkpoints/sudoku_extreme_hf/checkpoint,0,1,blanks_40,19.663808749999845,1,306,baseline,0,0
32,40,1.0,checkpoints/sudoku_extreme_hf/checkpoint,0,1,blanks_40,19.663808749999845,1,307,baseline,0,0
32,40,1.0,checkpoints/sudoku_extreme_hf/checkpoint,0,1,blanks_40,19.663808749999845,1,308,baseline,0,0
32,40,1.0,checkpoints/sudoku_extreme_hf/checkpoint,0,1,blanks_40,19.663808749999845,1,309,baseline,0,0
32,40,1.0,checkpoints/sudoku_extreme_hf/checkpoint,0,1,blanks_40,19.663808749999845,1,310,baseline,0,0
32,40,1.0,checkpoints/sudoku_extreme_hf/checkpoint,0,1,blanks_40,19.663808749999845,1,311,baseline,0,0
32,40,1.0,checkpoints/sudoku_extreme_hf/checkpoint,0,1,blanks_40,19.663808749999845,1,312,baseline,0,0
32,40,1.0,checkpoints/sudoku_extreme_hf/checkpoint,0,1,blanks_40,19.663808749999845,1,313,baseline,0,0
32,40,1.0,checkpoints/sudoku_extreme_hf/checkpoint,0,1,blanks_40,19.663808749999845,1,314,baseline,0,0
32,40,1.0,checkpoints/sudoku_extreme_hf/checkpoint,0,1,blanks_40,19.663808749999845,1,315,baseline,0,0
32,40,1.0,checkpoints/sudoku_extreme_hf/checkpoint,0,1,blanks_40,19.663808749999845,1,316,baseline,0,0
32,40,1.0,checkpoints/sudoku_extreme_hf/checkpoint,0,1,blanks_40,19.663808749999845,1,317,baseline,0,0
32,40,1.0,checkpoints/sudoku_extreme_hf/checkpoint,0,1,blanks_40,19.663808749999845,1,318,baseline,0,0
32,40,1.0,checkpoints/sudoku_extreme_hf/checkpoint,0,1,blanks_40,19.663808749999845,1,319,baseline,0,0
32,40,1.0,checkpoints/sudoku_extreme_hf/checkpoint,0,1,blanks_40,18.91856281249993,1,320,baseline,0,0
32,40,1.0,checkpoints/sudoku_extreme_hf/checkpoint,0,1,blanks_40,18.91856281249993,1,321,baseline,0,0
32,40,1.0,checkpoints/sudoku_extreme_hf/checkpoint,0,1,blanks_40,18.91856281249993,1,322,baseline,0,0
32,40,1.0,checkpoints/sudoku_extreme_hf/checkpoint,0,1,blanks_40,18.91856281249993,1,323,baseline,0,0
32,40,1.0,checkpoints/sudoku_extreme_hf/checkpoint,0,1,blanks_40,18.91856281249993,1,324,baseline,0,0
32,40,1.0,checkpoints/sudoku_extreme_hf/checkpoint,0,1,blanks_40,18.91856281249993,1,325,baseline,0,0
32,40,1.0,checkpoints/sudoku_extreme_hf/checkpoint,0,1,blanks_40,18.91856281249993,1,326,baseline,0,0
32,40,1.0,checkpoints/sudoku_extreme_hf/checkpoint,0,1,blanks_40,18.91856281249993,1,327,baseline,0,0
32,40,1.0,checkpoints/sudoku_extreme_hf/checkpoint,0,1,blanks_40,18.91856281249993,1,328,baseline,0,0
32,40,1.0,checkpoints/sudoku_extreme_hf/checkpoint,0,1,blanks_40,18.91856281249993,1,329,baseline,0,0
32,40,1.0,checkpoints/sudoku_extreme_hf/checkpoint,0,1,blanks_40,18.91856281249993,1,330,baseline,0,0
32,40,1.0,checkpoints/sudoku_extreme_hf/checkpoint,0,1,blanks_40,18.91856281249993,1,331,baseline,0,0
32,40,1.0,checkpoints/sudoku_extreme_hf/checkpoint,0,1,blanks_40,18.91856281249993,1,332,baseline,0,0
32,40,1.0,checkpoints/sudoku_extreme_hf/checkpoint,0,1,blanks_40,18.91856281249993,1,333,baseline,0,0
32,40,1.0,checkpoints/sudoku_extreme_hf/checkpoint,0,1,blanks_40,18.91856281249993,1,334,baseline,0,0
32,40,1.0,checkpoints/sudoku_extreme_hf/checkpoint,0,1,blanks_40,18.91856281249993,1,335,baseline,0,0
32,40,1.0,checkpoints/sudoku_extreme_hf/checkpoint,0,1,blanks_40,18.91856281249993,1,336,baseline,0,0
32,40,1.0,checkpoints/sudoku_extreme_hf/checkpoint,0,1,blanks_40,18.91856281249993,1,337,baseline,0,0
32,40,1.0,checkpoints/sudoku_extreme_hf/checkpoint,0,1,blanks_40,18.91856281249993,1,338,baseline,0,0
32,40,1.0,checkpoints/sudoku_extreme_hf/checkpoint,0,1,blanks_40,18.91856281249993,1,339,baseline,0,0
32,40,1.0,checkpoints/sudoku_extreme_hf/checkpoint,0,1,blanks_40,18.91856281249993,1,340,baseline,0,0
32,40,1.0,checkpoints/sudoku_extreme_hf/checkpoint,0,1,blanks_40,18.91856281249993,1,341,baseline,0,0
32,40,1.0,checkpoints/sudoku_extreme_hf/checkpoint,0,1,blanks_40,18.91856281249993,1,342,baseline,0,0
32,40,1.0,checkpoints/sudoku_extreme_hf/checkpoint,0,1,blanks_40,18.91856281249993,1,343,baseline,0,0
32,40,1.0,checkpoints/sudoku_extreme_hf/checkpoint,0,1,blanks_40,18.91856281249993,1,344,baseline,0,0
32,40,1.0,checkpoints/sudoku_extreme_hf/checkpoint,0,1,blanks_40,18.91856281249993,1,345,baseline,0,0
32,40,1.0,checkpoints/sudoku_extreme_hf/checkpoint,0,1,blanks_40,18.91856281249993,1,346,baseline,0,0
32,40,1.0,checkpoints/sudoku_extreme_hf/checkpoint,0,1,blanks_40,18.91856281249993,1,347,baseline,0,0
32,40,1.0,checkpoints/sudoku_extreme_hf/checkpoint,0,1,blanks_40,18.91856281249993,1,348,baseline,0,0
32,40,1.0,checkpoints/sudoku_extreme_hf/checkpoint,0,1,blanks_40,18.91856281249993,1,349,baseline,0,0
32,40,1.0,checkpoints/sudoku_extreme_hf/checkpoint,0,1,blanks_40,18.91856281249993,1,350,baseline,0,0
32,40,1.0,checkpoints/sudoku_extreme_hf/checkpoint,0,1,blanks_40,18.91856281249993,1,351,baseline,0,0
32,40,1.0,checkpoints/sudoku_extreme_hf/checkpoint,0,1,blanks_40,18.004446187498857,1,352,baseline,0,0
32,40,1.0,checkpoints/sudoku_extreme_hf/checkpoint,0,1,blanks_40,18.004446187498857,1,353,baseline,0,0
32,40,1.0,checkpoints/sudoku_extreme_hf/checkpoint,0,1,blanks_40,18.004446187498857,1,354,baseline,0,0
32,40,1.0,checkpoints/sudoku_extreme_hf/checkpoint,0,1,blanks_40,18.004446187498857,1,355,baseline,0,0
32,40,1.0,checkpoints/sudoku_extreme_hf/checkpoint,0,1,blanks_40,18.004446187498857,1,356,baseline,0,0
32,40,1.0,checkpoints/sudoku_extreme_hf/checkpoint,0,1,blanks_40,18.004446187498857,1,357,baseline,0,0
32,40,1.0,checkpoints/sudoku_extreme_hf/checkpoint,0,1,blanks_40,18.004446187498857,1,358,baseline,0,0
32,40,1.0,checkpoints/sudoku_extreme_hf/checkpoint,0,1,blanks_40,18.004446187498857,1,359,baseline,0,0
32,40,1.0,checkpoints/sudoku_extreme_hf/checkpoint,0,1,blanks_40,18.004446187498857,1,360,baseline,0,0
32,40,1.0,checkpoints/sudoku_extreme_hf/checkpoint,0,1,blanks_40,18.004446187498857,1,361,baseline,0,0
32,40,1.0,checkpoints/sudoku_extreme_hf/checkpoint,0,1,blanks_40,18.004446187498857,1,362,baseline,0,0
32,40,1.0,checkpoints/sudoku_extreme_hf/checkpoint,0,1,blanks_40,18.004446187498857,1,363,baseline,0,0
32,40,1.0,checkpoints/sudoku_extreme_hf/checkpoint,0,1,blanks_40,18.004446187498857,1,364,baseline,0,0
32,40,1.0,checkpoints/sudoku_extreme_hf/checkpoint,0,1,blanks_40,18.004446187498857,1,365,baseline,0,0
32,40,1.0,checkpoints/sudoku_extreme_hf/checkpoint,0,1,blanks_40,18.004446187498857,1,366,baseline,0,0
32,40,1.0,checkpoints/sudoku_extreme_hf/checkpoint,0,1,blanks_40,18.004446187498857,1,367,baseline,0,0
32,40,1.0,checkpoints/sudoku_extreme_hf/checkpoint,0,1,blanks_40,18.004446187498857,1,368,baseline,0,0
32,40,1.0,checkpoints/sudoku_extreme_hf/checkpoint,0,1,blanks_40,18.004446187498857,1,369,baseline,0,0
32,40,1.0,checkpoints/sudoku_extreme_hf/checkpoint,0,1,blanks_40,18.004446187498857,1,370,baseline,0,0
32,40,1.0,checkpoints/sudoku_extreme_hf/checkpoint,0,1,blanks_40,18.004446187498857,1,371,baseline,0,0
32,40,1.0,checkpoints/sudoku_extreme_hf/checkpoint,0,1,blanks_40,18.004446187498857,1,372,baseline,0,0
32,40,1.0,checkpoints/sudoku_extreme_hf/checkpoint,0,1,blanks_40,18.004446187498857,1,373,baseline,0,0
32,40,1.0,checkpoints/sudoku_extreme_hf/checkpoint,0,1,blanks_40,18.004446187498857,1,374,baseline,0,0
32,40,1.0,checkpoints/sudoku_extreme_hf/checkpoint,0,1,blanks_40,18.004446187498857,1,375,baseline,0,0
32,40,1.0,checkpoints/sudoku_extreme_hf/checkpoint,0,1,blanks_40,18.004446187498857,1,376,baseline,0,0
32,40,1.0,checkpoints/sudoku_extreme_hf/checkpoint,0,1,blanks_40,18.004446187498857,1,377,baseline,0,0
32,40,1.0,checkpoints/sudoku_extreme_hf/checkpoint,0,1,blanks_40,18.004446187498857,1,378,baseline,0,0
32,40,1.0,checkpoints/sudoku_extreme_hf/checkpoint,0,1,blanks_40,18.004446187498857,1,379,baseline,0,0
32,40,1.0,checkpoints/sudoku_extreme_hf/checkpoint,0,1,blanks_40,18.004446187498857,1,380,baseline,0,0
32,40,1.0,checkpoints/sudoku_extreme_hf/checkpoint,0,1,blanks_40,18.004446187498857,1,381,baseline,0,0
32,40,1.0,checkpoints/sudoku_extreme_hf/checkpoint,0,1,blanks_40,18.004446187498857,1,382,baseline,0,0
32,40,1.0,checkpoints/sudoku_extreme_hf/checkpoint,0,1,blanks_40,18.004446187498857,1,383,baseline,0,0
32,40,1.0,checkpoints/sudoku_extreme_hf/checkpoint,0,1,blanks_40,17.327775374999632,1,384,baseline,0,0
32,40,1.0,checkpoints/sudoku_extreme_hf/checkpoint,0,1,blanks_40,17.327775374999632,1,385,baseline,0,0
32,40,1.0,checkpoints/sudoku_extreme_hf/checkpoint,0,1,blanks_40,17.327775374999632,1,386,baseline,0,0
32,40,1.0,checkpoints/sudoku_extreme_hf/checkpoint,0,1,blanks_40,17.327775374999632,1,387,baseline,0,0
32,40,1.0,checkpoints/sudoku_extreme_hf/checkpoint,0,1,blanks_40,17.327775374999632,1,388,baseline,0,0
32,40,1.0,checkpoints/sudoku_extreme_hf/checkpoint,0,1,blanks_40,17.327775374999632,1,389,baseline,0,0
32,40,1.0,checkpoints/sudoku_extreme_hf/checkpoint,0,1,blanks_40,17.327775374999632,1,390,baseline,0,0
32,40,1.0,checkpoints/sudoku_extreme_hf/checkpoint,0,1,blanks_40,17.327775374999632,1,391,baseline,0,0
32,40,1.0,checkpoints/sudoku_extreme_hf/checkpoint,0,1,blanks_40,17.327775374999632,1,392,baseline,0,0
32,40,1.0,checkpoints/sudoku_extreme_hf/checkpoint,0,1,blanks_40,17.327775374999632,1,393,baseline,0,0
32,40,1.0,checkpoints/sudoku_extreme_hf/checkpoint,0,1,blanks_40,17.327775374999632,1,394,baseline,0,0
32,40,1.0,checkpoints/sudoku_extreme_hf/checkpoint,0,1,blanks_40,17.327775374999632,1,395,baseline,0,0
32,40,1.0,checkpoints/sudoku_extreme_hf/checkpoint,0,1,blanks_40,17.327775374999632,1,396,baseline,0,0
32,40,1.0,checkpoints/sudoku_extreme_hf/checkpoint,0,1,blanks_40,17.327775374999632,1,397,baseline,0,0
32,40,1.0,checkpoints/sudoku_extreme_hf/checkpoint,0,1,blanks_40,17.327775374999632,1,398,baseline,0,0
32,40,1.0,checkpoints/sudoku_extreme_hf/checkpoint,0,1,blanks_40,17.327775374999632,1,399,baseline,0,0
32,40,1.0,checkpoints/sudoku_extreme_hf/checkpoint,0,1,blanks_40,17.327775374999632,1,400,baseline,0,0
32,40,1.0,checkpoints/sudoku_extreme_hf/checkpoint,0,1,blanks_40,17.327775374999632,1,401,baseline,0,0
32,40,1.0,checkpoints/sudoku_extreme_hf/checkpoint,0,1,blanks_40,17.327775374999632,1,402,baseline,0,0
32,40,1.0,checkpoints/sudoku_extreme_hf/checkpoint,0,1,blanks_40,17.327775374999632,1,403,baseline,0,0
32,40,1.0,checkpoints/sudoku_extreme_hf/checkpoint,0,1,blanks_40,17.327775374999632,1,404,baseline,0,0
32,40,1.0,checkpoints/sudoku_extreme_hf/checkpoint,0,1,blanks_40,17.327775374999632,1,405,baseline,0,0
32,40,1.0,checkpoints/sudoku_extreme_hf/checkpoint,0,1,blanks_40,17.327775374999632,1,406,baseline,0,0
32,40,1.0,checkpoints/sudoku_extreme_hf/checkpoint,0,1,blanks_40,17.327775374999632,1,407,baseline,0,0
32,40,1.0,checkpoints/sudoku_extreme_hf/checkpoint,0,1,blanks_40,17.327775374999632,1,408,baseline,0,0
32,40,1.0,checkpoints/sudoku_extreme_hf/checkpoint,0,1,blanks_40,17.327775374999632,1,409,baseline,0,0
32,40,1.0,checkpoints/sudoku_extreme_hf/checkpoint,0,1,blanks_40,17.327775374999632,1,410,baseline,0,0
32,40,1.0,checkpoints/sudoku_extreme_hf/checkpoint,0,1,blanks_40,17.327775374999632,1,411,baseline,0,0
32,40,1.0,checkpoints/sudoku_extreme_hf/checkpoint,0,1,blanks_40,17.327775374999632,1,412,baseline,0,0
32,40,1.0,checkpoints/sudoku_extreme_hf/checkpoint,0,1,blanks_40,17.327775374999632,1,413,baseline,0,0
32,40,1.0,checkpoints/sudoku_extreme_hf/checkpoint,0,1,blanks_40,17.327775374999632,1,414,baseline,0,0
32,40,1.0,checkpoints/sudoku_extreme_hf/checkpoint,0,1,blanks_40,17.327775374999632,1,415,baseline,0,0
32,40,1.0,checkpoints/sudoku_extreme_hf/checkpoint,0,1,blanks_40,16.943487187498718,1,416,baseline,0,0
32,40,1.0,checkpoints/sudoku_extreme_hf/checkpoint,0,1,blanks_40,16.943487187498718,1,417,baseline,0,0
32,40,1.0,checkpoints/sudoku_extreme_hf/checkpoint,0,1,blanks_40,16.943487187498718,1,418,baseline,0,0
32,40,1.0,checkpoints/sudoku_extreme_hf/checkpoint,0,1,blanks_40,16.943487187498718,1,419,baseline,0,0
32,40,1.0,checkpoints/sudoku_extreme_hf/checkpoint,0,1,blanks_40,16.943487187498718,1,420,baseline,0,0
32,40,1.0,checkpoints/sudoku_extreme_hf/checkpoint,0,1,blanks_40,16.943487187498718,1,421,baseline,0,0
32,40,1.0,checkpoints/sudoku_extreme_hf/checkpoint,0,1,blanks_40,16.943487187498718,1,422,baseline,0,0
32,40,1.0,checkpoints/sudoku_extreme_hf/checkpoint,0,1,blanks_40,16.943487187498718,1,423,baseline,0,0
32,40,1.0,checkpoints/sudoku_extreme_hf/checkpoint,0,1,blanks_40,16.943487187498718,1,424,baseline,0,0
32,40,1.0,checkpoints/sudoku_extreme_hf/checkpoint,0,1,blanks_40,16.943487187498718,1,425,baseline,0,0
32,40,1.0,checkpoints/sudoku_extreme_hf/checkpoint,0,1,blanks_40,16.943487187498718,1,426,baseline,0,0
32,40,1.0,checkpoints/sudoku_extreme_hf/checkpoint,0,1,blanks_40,16.943487187498718,1,427,baseline,0,0
32,40,1.0,checkpoints/sudoku_extreme_hf/checkpoint,0,1,blanks_40,16.943487187498718,1,428,baseline,0,0
32,40,1.0,checkpoints/sudoku_extreme_hf/checkpoint,0,1,blanks_40,16.943487187498718,1,429,baseline,0,0
32,40,1.0,checkpoints/sudoku_extreme_hf/checkpoint,0,1,blanks_40,16.943487187498718,1,430,baseline,0,0
32,40,1.0,checkpoints/sudoku_extreme_hf/checkpoint,0,1,blanks_40,16.943487187498718,1,431,baseline,0,0
32,40,1.0,checkpoints/sudoku_extreme_hf/checkpoint,0,1,blanks_40,16.943487187498718,1,432,baseline,0,0
32,40,1.0,checkpoints/sudoku_extreme_hf/checkpoint,0,1,blanks_40,16.943487187498718,1,433,baseline,0,0
32,40,1.0,checkpoints/sudoku_extreme_hf/checkpoint,0,1,blanks_40,16.943487187498718,1,434,baseline,0,0
32,40,1.0,checkpoints/sudoku_extreme_hf/checkpoint,0,1,blanks_40,16.943487187498718,1,435,baseline,0,0
32,40,1.0,checkpoints/sudoku_extreme_hf/checkpoint,0,1,blanks_40,16.943487187498718,1,436,baseline,0,0
32,40,1.0,checkpoints/sudoku_extreme_hf/checkpoint,0,1,blanks_40,16.943487187498718,1,437,baseline,0,0
32,40,1.0,checkpoints/sudoku_extreme_hf/checkpoint,0,1,blanks_40,16.943487187498718,1,438,baseline,0,0
32,40,1.0,checkpoints/sudoku_extreme_hf/checkpoint,0,1,blanks_40,16.943487187498718,1,439,baseline,0,0
32,40,1.0,checkpoints/sudoku_extreme_hf/checkpoint,0,1,blanks_40,16.943487187498718,1,440,baseline,0,0
32,40,1.0,checkpoints/sudoku_extreme_hf/checkpoint,0,1,blanks_40,16.943487187498718,1,441,baseline,0,0
32,40,1.0,checkpoints/sudoku_extreme_hf/checkpoint,0,1,blanks_40,16.943487187498718,1,442,baseline,0,0
32,40,1.0,checkpoints/sudoku_extreme_hf/checkpoint,0,1,blanks_40,16.943487187498718,1,443,baseline,0,0
32,40,1.0,checkpoints/sudoku_extreme_hf/checkpoint,0,1,blanks_40,16.943487187498718,1,444,baseline,0,0
32,40,1.0,checkpoints/sudoku_extreme_hf/checkpoint,0,1,blanks_40,16.943487187498718,1,445,baseline,0,0
32,40,1.0,checkpoints/sudoku_extreme_hf/checkpoint,0,1,blanks_40,16.943487187498718,1,446,baseline,0,0
32,40,1.0,checkpoints/sudoku_extreme_hf/checkpoint,0,1,blanks_40,16.943487187498718,1,447,baseline,0,0
32,40,1.0,checkpoints/sudoku_extreme_hf/checkpoint,0,1,blanks_40,16.860962593749917,1,448,baseline,0,0
32,40,1.0,checkpoints/sudoku_extreme_hf/checkpoint,0,1,blanks_40,16.860962593749917,1,449,baseline,0,0
32,40,1.0,checkpoints/sudoku_extreme_hf/checkpoint,0,1,blanks_40,16.860962593749917,1,450,baseline,0,0
32,40,1.0,checkpoints/sudoku_extreme_hf/checkpoint,0,1,blanks_40,16.860962593749917,1,451,baseline,0,0
32,40,1.0,checkpoints/sudoku_extreme_hf/checkpoint,0,1,blanks_40,16.860962593749917,1,452,baseline,0,0
32,40,1.0,checkpoints/sudoku_extreme_hf/checkpoint,0,1,blanks_40,16.860962593749917,1,453,baseline,0,0
32,40,1.0,checkpoints/sudoku_extreme_hf/checkpoint,0,1,blanks_40,16.860962593749917,1,454,baseline,0,0
32,40,1.0,checkpoints/sudoku_extreme_hf/checkpoint,0,1,blanks_40,16.860962593749917,1,455,baseline,0,0
32,40,1.0,checkpoints/sudoku_extreme_hf/checkpoint,0,1,blanks_40,16.860962593749917,1,456,baseline,0,0
32,40,1.0,checkpoints/sudoku_extreme_hf/checkpoint,0,1,blanks_40,16.860962593749917,1,457,baseline,0,0
32,40,1.0,checkpoints/sudoku_extreme_hf/checkpoint,0,1,blanks_40,16.860962593749917,1,458,baseline,0,0
32,40,1.0,checkpoints/sudoku_extreme_hf/checkpoint,0,1,blanks_40,16.860962593749917,1,459,baseline,0,0
32,40,1.0,checkpoints/sudoku_extreme_hf/checkpoint,0,1,blanks_40,16.860962593749917,1,460,baseline,0,0
32,40,1.0,checkpoints/sudoku_extreme_hf/checkpoint,0,1,blanks_40,16.860962593749917,1,461,baseline,0,0
32,40,1.0,checkpoints/sudoku_extreme_hf/checkpoint,0,1,blanks_40,16.860962593749917,1,462,baseline,0,0
32,40,1.0,checkpoints/sudoku_extreme_hf/checkpoint,0,1,blanks_40,16.860962593749917,1,463,baseline,0,0
32,40,1.0,checkpoints/sudoku_extreme_hf/checkpoint,0,1,blanks_40,16.860962593749917,1,464,baseline,0,0
32,40,1.0,checkpoints/sudoku_extreme_hf/checkpoint,0,1,blanks_40,16.860962593749917,1,465,baseline,0,0
32,40,1.0,checkpoints/sudoku_extreme_hf/checkpoint,0,1,blanks_40,16.860962593749917,1,466,baseline,0,0
32,40,1.0,checkpoints/sudoku_extreme_hf/checkpoint,0,1,blanks_40,16.860962593749917,1,467,baseline,0,0
32,40,1.0,checkpoints/sudoku_extreme_hf/checkpoint,0,1,blanks_40,16.860962593749917,1,468,baseline,0,0
32,40,1.0,checkpoints/sudoku_extreme_hf/checkpoint,0,1,blanks_40,16.860962593749917,1,469,baseline,0,0
32,40,1.0,checkpoints/sudoku_extreme_hf/checkpoint,0,1,blanks_40,16.860962593749917,1,470,baseline,0,0
32,40,1.0,checkpoints/sudoku_extreme_hf/checkpoint,0,1,blanks_40,16.860962593749917,1,471,baseline,0,0
32,40,1.0,checkpoints/sudoku_extreme_hf/checkpoint,0,1,blanks_40,16.860962593749917,1,472,baseline,0,0
32,40,1.0,checkpoints/sudoku_extreme_hf/checkpoint,0,1,blanks_40,16.860962593749917,1,473,baseline,0,0
32,40,1.0,checkpoints/sudoku_extreme_hf/checkpoint,0,1,blanks_40,16.860962593749917,1,474,baseline,0,0
32,40,1.0,checkpoints/sudoku_extreme_hf/checkpoint,0,1,blanks_40,16.860962593749917,1,475,baseline,0,0
32,40,1.0,checkpoints/sudoku_extreme_hf/checkpoint,0,1,blanks_40,16.860962593749917,1,476,baseline,0,0
32,40,1.0,checkpoints/sudoku_extreme_hf/checkpoint,0,1,blanks_40,16.860962593749917,1,477,baseline,0,0
32,40,1.0,checkpoints/sudoku_extreme_hf/checkpoint,0,1,blanks_40,16.860962593749917,1,478,baseline,0,0
32,40,1.0,checkpoints/sudoku_extreme_hf/checkpoint,0,1,blanks_40,16.860962593749917,1,479,baseline,0,0
32,40,1.0,checkpoints/sudoku_extreme_hf/checkpoint,0,1,blanks_40,17.156000937500693,1,480,baseline,0,0
32,40,1.0,checkpoints/sudoku_extreme_hf/checkpoint,0,1,blanks_40,17.156000937500693,1,481,baseline,0,0
32,40,1.0,checkpoints/sudoku_extreme_hf/checkpoint,0,1,blanks_40,17.156000937500693,1,482,baseline,0,0
32,40,1.0,checkpoints/sudoku_extreme_hf/checkpoint,0,1,blanks_40,17.156000937500693,1,483,baseline,0,0
32,40,1.0,checkpoints/sudoku_extreme_hf/checkpoint,0,1,blanks_40,17.156000937500693,1,484,baseline,0,0
32,40,1.0,checkpoints/sudoku_extreme_hf/checkpoint,0,1,blanks_40,17.156000937500693,1,485,baseline,0,0
32,40,1.0,checkpoints/sudoku_extreme_hf/checkpoint,0,1,blanks_40,17.156000937500693,1,486,baseline,0,0
32,40,1.0,checkpoints/sudoku_extreme_hf/checkpoint,0,1,blanks_40,17.156000937500693,1,487,baseline,0,0
32,40,1.0,checkpoints/sudoku_extreme_hf/checkpoint,0,1,blanks_40,17.156000937500693,1,488,baseline,0,0
32,40,1.0,checkpoints/sudoku_extreme_hf/checkpoint,0,1,blanks_40,17.156000937500693,1,489,baseline,0,0
32,40,1.0,checkpoints/sudoku_extreme_hf/checkpoint,0,1,blanks_40,17.156000937500693,1,490,baseline,0,0
32,40,1.0,checkpoints/sudoku_extreme_hf/checkpoint,0,1,blanks_40,17.156000937500693,1,491,baseline,0,0
32,40,1.0,checkpoints/sudoku_extreme_hf/checkpoint,0,1,blanks_40,17.156000937500693,1,492,baseline,0,0
32,40,1.0,checkpoints/sudoku_extreme_hf/checkpoint,0,1,blanks_40,17.156000937500693,1,493,baseline,0,0
32,40,1.0,checkpoints/sudoku_extreme_hf/checkpoint,0,1,blanks_40,17.156000937500693,1,494,baseline,0,0
32,40,1.0,checkpoints/sudoku_extreme_hf/checkpoint,0,1,blanks_40,17.156000937500693,1,495,baseline,0,0
32,40,1.0,checkpoints/sudoku_extreme_hf/checkpoint,0,1,blanks_40,17.156000937500693,1,496,baseline,0,0
32,40,1.0,checkpoints/sudoku_extreme_hf/checkpoint,0,1,blanks_40,17.156000937500693,1,497,baseline,0,0
32,40,1.0,checkpoints/sudoku_extreme_hf/checkpoint,0,1,blanks_40,17.156000937500693,1,498,baseline,0,0
32,40,1.0,checkpoints/sudoku_extreme_hf/checkpoint,0,1,blanks_40,17.156000937500693,1,499,baseline,0,0
32,40,1.0,checkpoints/sudoku_extreme_hf/checkpoint,0,1,blanks_40,17.156000937500693,1,500,baseline,0,0
32,40,1.0,checkpoints/sudoku_extreme_hf/checkpoint,0,1,blanks_40,17.156000937500693,1,501,baseline,0,0
32,40,1.0,checkpoints/sudoku_extreme_hf/checkpoint,0,1,blanks_40,17.156000937500693,1,502,baseline,0,0
32,40,1.0,checkpoints/sudoku_extreme_hf/checkpoint,0,1,blanks_40,17.156000937500693,1,503,baseline,0,0
32,40,1.0,checkpoints/sudoku_extreme_hf/checkpoint,0,1,blanks_40,17.156000937500693,1,504,baseline,0,0
32,40,1.0,checkpoints/sudoku_extreme_hf/checkpoint,0,1,blanks_40,17.156000937500693,1,505,baseline,0,0
32,40,1.0,checkpoints/sudoku_extreme_hf/checkpoint,0,1,blanks_40,17.156000937500693,1,506,baseline,0,0
32,40,1.0,checkpoints/sudoku_extreme_hf/checkpoint,0,1,blanks_40,17.156000937500693,1,507,baseline,0,0
32,40,1.0,checkpoints/sudoku_extreme_hf/checkpoint,0,1,blanks_40,17.156000937500693,1,508,baseline,0,0
32,40,1.0,checkpoints/sudoku_extreme_hf/checkpoint,0,1,blanks_40,17.156000937500693,1,509,baseline,0,0
32,40,1.0,checkpoints/sudoku_extreme_hf/checkpoint,0,1,blanks_40,17.156000937500693,1,510,baseline,0,0
32,40,1.0,checkpoints/sudoku_extreme_hf/checkpoint,0,1,blanks_40,17.156000937500693,1,511,baseline,0,0
32,40,1.0,checkpoints/sudoku_extreme_hf/checkpoint,0,1,blanks_40,16.62743934375044,1,512,baseline,0,0
32,40,1.0,checkpoints/sudoku_extreme_hf/checkpoint,0,1,blanks_40,16.62743934375044,1,513,baseline,0,0
32,40,1.0,checkpoints/sudoku_extreme_hf/checkpoint,0,1,blanks_40,16.62743934375044,1,514,baseline,0,0
32,40,1.0,checkpoints/sudoku_extreme_hf/checkpoint,0,1,blanks_40,16.62743934375044,1,515,baseline,0,0
32,40,1.0,checkpoints/sudoku_extreme_hf/checkpoint,0,1,blanks_40,16.62743934375044,1,516,baseline,0,0
32,40,1.0,checkpoints/sudoku_extreme_hf/checkpoint,0,1,blanks_40,16.62743934375044,1,517,baseline,0,0
32,40,1.0,checkpoints/sudoku_extreme_hf/checkpoint,0,1,blanks_40,16.62743934375044,1,518,baseline,0,0
32,40,1.0,checkpoints/sudoku_extreme_hf/checkpoint,0,1,blanks_40,16.62743934375044,1,519,baseline,0,0
32,40,1.0,checkpoints/sudoku_extreme_hf/checkpoint,0,1,blanks_40,16.62743934375044,1,520,baseline,0,0
32,40,1.0,checkpoints/sudoku_extreme_hf/checkpoint,0,1,blanks_40,16.62743934375044,1,521,baseline,0,0
32,40,1.0,checkpoints/sudoku_extreme_hf/checkpoint,0,1,blanks_40,16.62743934375044,1,522,baseline,0,0
32,40,1.0,checkpoints/sudoku_extreme_hf/checkpoint,0,1,blanks_40,16.62743934375044,1,523,baseline,0,0
32,40,1.0,checkpoints/sudoku_extreme_hf/checkpoint,0,1,blanks_40,16.62743934375044,1,524,baseline,0,0
32,40,1.0,checkpoints/sudoku_extreme_hf/checkpoint,0,1,blanks_40,16.62743934375044,1,525,baseline,0,0
32,40,1.0,checkpoints/sudoku_extreme_hf/checkpoint,0,1,blanks_40,16.62743934375044,1,526,baseline,0,0
32,40,1.0,checkpoints/sudoku_extreme_hf/checkpoint,0,1,blanks_40,16.62743934375044,1,527,baseline,0,0
32,40,1.0,checkpoints/sudoku_extreme_hf/checkpoint,0,1,blanks_40,16.62743934375044,1,528,baseline,0,0
32,40,1.0,checkpoints/sudoku_extreme_hf/checkpoint,0,1,blanks_40,16.62743934375044,1,529,baseline,0,0
32,40,1.0,checkpoints/sudoku_extreme_hf/checkpoint,0,1,blanks_40,16.62743934375044,1,530,baseline,0,0
32,40,1.0,checkpoints/sudoku_extreme_hf/checkpoint,0,1,blanks_40,16.62743934375044,1,531,baseline,0,0
32,40,1.0,checkpoints/sudoku_extreme_hf/checkpoint,0,1,blanks_40,16.62743934375044,1,532,baseline,0,0
32,40,1.0,checkpoints/sudoku_extreme_hf/checkpoint,0,1,blanks_40,16.62743934375044,1,533,baseline,0,0
32,40,1.0,checkpoints/sudoku_extreme_hf/checkpoint,0,1,blanks_40,16.62743934375044,1,534,baseline,0,0
32,40,1.0,checkpoints/sudoku_extreme_hf/checkpoint,0,1,blanks_40,16.62743934375044,1,535,baseline,0,0
32,40,1.0,checkpoints/sudoku_extreme_hf/checkpoint,0,1,blanks_40,16.62743934375044,1,536,baseline,0,0
32,40,1.0,checkpoints/sudoku_extreme_hf/checkpoint,0,1,blanks_40,16.62743934375044,1,537,baseline,0,0
32,40,1.0,checkpoints/sudoku_extreme_hf/checkpoint,0,1,blanks_40,16.62743934375044,1,538,baseline,0,0
32,40,1.0,checkpoints/sudoku_extreme_hf/checkpoint,0,1,blanks_40,16.62743934375044,1,539,baseline,0,0
32,40,1.0,checkpoints/sudoku_extreme_hf/checkpoint,0,1,blanks_40,16.62743934375044,1,540,baseline,0,0
32,40,1.0,checkpoints/sudoku_extreme_hf/checkpoint,0,1,blanks_40,16.62743934375044,1,541,baseline,0,0
32,40,1.0,checkpoints/sudoku_extreme_hf/checkpoint,0,1,blanks_40,16.62743934375044,1,542,baseline,0,0
32,40,1.0,checkpoints/sudoku_extreme_hf/checkpoint,0,1,blanks_40,16.62743934375044,1,543,baseline,0,0
32,40,1.0,checkpoints/sudoku_extreme_hf/checkpoint,0,1,blanks_40,17.040890843748713,1,544,baseline,0,0
32,40,1.0,checkpoints/sudoku_extreme_hf/checkpoint,0,1,blanks_40,17.040890843748713,1,545,baseline,0,0
32,40,1.0,checkpoints/sudoku_extreme_hf/checkpoint,0,1,blanks_40,17.040890843748713,1,546,baseline,0,0
32,40,1.0,checkpoints/sudoku_extreme_hf/checkpoint,0,1,blanks_40,17.040890843748713,1,547,baseline,0,0
32,40,1.0,checkpoints/sudoku_extreme_hf/checkpoint,0,1,blanks_40,17.040890843748713,1,548,baseline,0,0
32,40,1.0,checkpoints/sudoku_extreme_hf/checkpoint,0,1,blanks_40,17.040890843748713,1,549,baseline,0,0
32,40,1.0,checkpoints/sudoku_extreme_hf/checkpoint,0,1,blanks_40,17.040890843748713,1,550,baseline,0,0
32,40,1.0,checkpoints/sudoku_extreme_hf/checkpoint,0,1,blanks_40,17.040890843748713,1,551,baseline,0,0
32,40,1.0,checkpoints/sudoku_extreme_hf/checkpoint,0,1,blanks_40,17.040890843748713,1,552,baseline,0,0
32,40,1.0,checkpoints/sudoku_extreme_hf/checkpoint,0,1,blanks_40,17.040890843748713,1,553,baseline,0,0
32,40,1.0,checkpoints/sudoku_extreme_hf/checkpoint,0,1,blanks_40,17.040890843748713,1,554,baseline,0,0
32,40,1.0,checkpoints/sudoku_extreme_hf/checkpoint,0,1,blanks_40,17.040890843748713,1,555,baseline,0,0
32,40,1.0,checkpoints/sudoku_extreme_hf/checkpoint,0,1,blanks_40,17.040890843748713,1,556,baseline,0,0
32,40,1.0,checkpoints/sudoku_extreme_hf/checkpoint,0,1,blanks_40,17.040890843748713,1,557,baseline,0,0
32,40,1.0,checkpoints/sudoku_extreme_hf/checkpoint,0,1,blanks_40,17.040890843748713,1,558,baseline,0,0
32,40,1.0,checkpoints/sudoku_extreme_hf/checkpoint,0,1,blanks_40,17.040890843748713,1,559,baseline,0,0
32,40,1.0,checkpoints/sudoku_extreme_hf/checkpoint,0,1,blanks_40,17.040890843748713,1,560,baseline,0,0
32,40,1.0,checkpoints/sudoku_extreme_hf/checkpoint,0,1,blanks_40,17.040890843748713,1,561,baseline,0,0
32,40,1.0,checkpoints/sudoku_extreme_hf/checkpoint,0,1,blanks_40,17.040890843748713,1,562,baseline,0,0
32,40,1.0,checkpoints/sudoku_extreme_hf/checkpoint,0,1,blanks_40,17.040890843748713,1,563,baseline,0,0
32,40,1.0,checkpoints/sudoku_extreme_hf/checkpoint,0,1,blanks_40,17.040890843748713,1,564,baseline,0,0
32,40,1.0,checkpoints/sudoku_extreme_hf/checkpoint,0,1,blanks_40,17.040890843748713,1,565,baseline,0,0
32,40,1.0,checkpoints/sudoku_extreme_hf/checkpoint,0,1,blanks_40,17.040890843748713,1,566,baseline,0,0
32,40,1.0,checkpoints/sudoku_extreme_hf/checkpoint,0,1,blanks_40,17.040890843748713,1,567,baseline,0,0
32,40,1.0,checkpoints/sudoku_extreme_hf/checkpoint,0,1,blanks_40,17.040890843748713,1,568,baseline,0,0
32,40,1.0,checkpoints/sudoku_extreme_hf/checkpoint,0,1,blanks_40,17.040890843748713,1,569,baseline,0,0
32,40,1.0,checkpoints/sudoku_extreme_hf/checkpoint,0,1,blanks_40,17.040890843748713,1,570,baseline,0,0
32,40,1.0,checkpoints/sudoku_extreme_hf/checkpoint,0,1,blanks_40,17.040890843748713,1,571,baseline,0,0
32,40,1.0,checkpoints/sudoku_extreme_hf/checkpoint,0,1,blanks_40,17.040890843748713,1,572,baseline,0,0
32,40,1.0,checkpoints/sudoku_extreme_hf/checkpoint,0,1,blanks_40,17.040890843748713,1,573,baseline,0,0
32,40,1.0,checkpoints/sudoku_extreme_hf/checkpoint,0,1,blanks_40,17.040890843748713,1,574,baseline,0,0
32,40,1.0,checkpoints/sudoku_extreme_hf/checkpoint,0,1,blanks_40,17.040890843748713,1,575,baseline,0,0
32,40,1.0,checkpoints/sudoku_extreme_hf/checkpoint,0,1,blanks_40,16.535241937500444,1,576,baseline,0,0
32,40,1.0,checkpoints/sudoku_extreme_hf/checkpoint,0,1,blanks_40,16.535241937500444,1,577,baseline,0,0
32,40,1.0,checkpoints/sudoku_extreme_hf/checkpoint,0,1,blanks_40,16.535241937500444,1,578,baseline,0,0
32,40,1.0,checkpoints/sudoku_extreme_hf/checkpoint,0,1,blanks_40,16.535241937500444,1,579,baseline,0,0
32,40,1.0,checkpoints/sudoku_extreme_hf/checkpoint,0,1,blanks_40,16.535241937500444,1,580,baseline,0,0
32,40,1.0,checkpoints/sudoku_extreme_hf/checkpoint,0,1,blanks_40,16.535241937500444,1,581,baseline,0,0
32,40,1.0,checkpoints/sudoku_extreme_hf/checkpoint,0,1,blanks_40,16.535241937500444,1,582,baseline,0,0
32,40,1.0,checkpoints/sudoku_extreme_hf/checkpoint,0,1,blanks_40,16.535241937500444,1,583,baseline,0,0
32,40,1.0,checkpoints/sudoku_extreme_hf/checkpoint,0,1,blanks_40,16.535241937500444,1,584,baseline,0,0
32,40,1.0,checkpoints/sudoku_extreme_hf/checkpoint,0,1,blanks_40,16.535241937500444,1,585,baseline,0,0
32,40,1.0,checkpoints/sudoku_extreme_hf/checkpoint,0,1,blanks_40,16.535241937500444,1,586,baseline,0,0
32,40,1.0,checkpoints/sudoku_extreme_hf/checkpoint,0,1,blanks_40,16.535241937500444,1,587,baseline,0,0
32,40,1.0,checkpoints/sudoku_extreme_hf/checkpoint,0,1,blanks_40,16.535241937500444,1,588,baseline,0,0
32,40,1.0,checkpoints/sudoku_extreme_hf/checkpoint,0,1,blanks_40,16.535241937500444,1,589,baseline,0,0
32,40,1.0,checkpoints/sudoku_extreme_hf/checkpoint,0,1,blanks_40,16.535241937500444,1,590,baseline,0,0
32,40,1.0,checkpoints/sudoku_extreme_hf/checkpoint,0,1,blanks_40,16.535241937500444,1,591,baseline,0,0
32,40,1.0,checkpoints/sudoku_extreme_hf/checkpoint,0,1,blanks_40,16.535241937500444,1,592,baseline,0,0
32,40,1.0,checkpoints/sudoku_extreme_hf/checkpoint,0,1,blanks_40,16.535241937500444,1,593,baseline,0,0
32,40,1.0,checkpoints/sudoku_extreme_hf/checkpoint,0,1,blanks_40,16.535241937500444,1,594,baseline,0,0
32,40,1.0,checkpoints/sudoku_extreme_hf/checkpoint,0,1,blanks_40,16.535241937500444,1,595,baseline,0,0
32,40,1.0,checkpoints/sudoku_extreme_hf/checkpoint,0,1,blanks_40,16.535241937500444,1,596,baseline,0,0
32,40,1.0,checkpoints/sudoku_extreme_hf/checkpoint,0,1,blanks_40,16.535241937500444,1,597,baseline,0,0
32,40,1.0,checkpoints/sudoku_extreme_hf/checkpoint,0,1,blanks_40,16.535241937500444,1,598,baseline,0,0
32,40,1.0,checkpoints/sudoku_extreme_hf/checkpoint,0,1,blanks_40,16.535241937500444,1,599,baseline,0,0
32,40,1.0,checkpoints/sudoku_extreme_hf/checkpoint,0,1,blanks_40,16.535241937500444,1,600,baseline,0,0
32,40,1.0,checkpoints/sudoku_extreme_hf/checkpoint,0,1,blanks_40,16.535241937500444,1,601,baseline,0,0
32,40,1.0,checkpoints/sudoku_extreme_hf/checkpoint,0,1,blanks_40,16.535241937500444,1,602,baseline,0,0
32,40,1.0,checkpoints/sudoku_extreme_hf/checkpoint,0,1,blanks_40,16.535241937500444,1,603,baseline,0,0
32,40,1.0,checkpoints/sudoku_extreme_hf/checkpoint,0,1,blanks_40,16.535241937500444,1,604,baseline,0,0
32,40,1.0,checkpoints/sudoku_extreme_hf/checkpoint,0,1,blanks_40,16.535241937500444,1,605,baseline,0,0
32,40,1.0,checkpoints/sudoku_extreme_hf/checkpoint,0,1,blanks_40,16.535241937500444,1,606,baseline,0,0
32,40,1.0,checkpoints/sudoku_extreme_hf/checkpoint,0,1,blanks_40,16.535241937500444,1,607,baseline,0,0
32,40,1.0,checkpoints/sudoku_extreme_hf/checkpoint,0,1,blanks_40,17.512075781249692,1,608,baseline,0,0
32,40,1.0,checkpoints/sudoku_extreme_hf/checkpoint,0,1,blanks_40,17.512075781249692,1,609,baseline,0,0
32,40,1.0,checkpoints/sudoku_extreme_hf/checkpoint,0,1,blanks_40,17.512075781249692,1,610,baseline,0,0
32,40,1.0,checkpoints/sudoku_extreme_hf/checkpoint,0,1,blanks_40,17.512075781249692,1,611,baseline,0,0
32,40,1.0,checkpoints/sudoku_extreme_hf/checkpoint,0,1,blanks_40,17.512075781249692,1,612,baseline,0,0
32,40,1.0,checkpoints/sudoku_extreme_hf/checkpoint,0,1,blanks_40,17.512075781249692,1,613,baseline,0,0
32,40,1.0,checkpoints/sudoku_extreme_hf/checkpoint,0,1,blanks_40,17.512075781249692,1,614,baseline,0,0
32,40,1.0,checkpoints/sudoku_extreme_hf/checkpoint,0,1,blanks_40,17.512075781249692,1,615,baseline,0,0
32,40,1.0,checkpoints/sudoku_extreme_hf/checkpoint,0,1,blanks_40,17.512075781249692,1,616,baseline,0,0
32,40,1.0,checkpoints/sudoku_extreme_hf/checkpoint,0,1,blanks_40,17.512075781249692,1,617,baseline,0,0
32,40,1.0,checkpoints/sudoku_extreme_hf/checkpoint,0,1,blanks_40,17.512075781249692,1,618,baseline,0,0
32,40,1.0,checkpoints/sudoku_extreme_hf/checkpoint,0,1,blanks_40,17.512075781249692,1,619,baseline,0,0
32,40,1.0,checkpoints/sudoku_extreme_hf/checkpoint,0,1,blanks_40,17.512075781249692,1,620,baseline,0,0
32,40,1.0,checkpoints/sudoku_extreme_hf/checkpoint,0,1,blanks_40,17.512075781249692,1,621,baseline,0,0
32,40,1.0,checkpoints/sudoku_extreme_hf/checkpoint,0,1,blanks_40,17.512075781249692,1,622,baseline,0,0
32,40,1.0,checkpoints/sudoku_extreme_hf/checkpoint,0,1,blanks_40,17.512075781249692,1,623,baseline,0,0
32,40,1.0,checkpoints/sudoku_extreme_hf/checkpoint,0,1,blanks_40,17.512075781249692,1,624,baseline,0,0
32,40,1.0,checkpoints/sudoku_extreme_hf/checkpoint,0,1,blanks_40,17.512075781249692,1,625,baseline,0,0
32,40,1.0,checkpoints/sudoku_extreme_hf/checkpoint,0,1,blanks_40,17.512075781249692,1,626,baseline,0,0
32,40,1.0,checkpoints/sudoku_extreme_hf/checkpoint,0,1,blanks_40,17.512075781249692,1,627,baseline,0,0
32,40,1.0,checkpoints/sudoku_extreme_hf/checkpoint,0,1,blanks_40,17.512075781249692,1,628,baseline,0,0
32,40,1.0,checkpoints/sudoku_extreme_hf/checkpoint,0,1,blanks_40,17.512075781249692,1,629,baseline,0,0
32,40,1.0,checkpoints/sudoku_extreme_hf/checkpoint,0,1,blanks_40,17.512075781249692,1,630,baseline,0,0
32,40,1.0,checkpoints/sudoku_extreme_hf/checkpoint,0,1,blanks_40,17.512075781249692,1,631,baseline,0,0
32,40,1.0,checkpoints/sudoku_extreme_hf/checkpoint,0,1,blanks_40,17.512075781249692,1,632,baseline,0,0
32,40,1.0,checkpoints/sudoku_extreme_hf/checkpoint,0,1,blanks_40,17.512075781249692,1,633,baseline,0,0
32,40,1.0,checkpoints/sudoku_extreme_hf/checkpoint,0,1,blanks_40,17.512075781249692,1,634,baseline,0,0
32,40,1.0,checkpoints/sudoku_extreme_hf/checkpoint,0,1,blanks_40,17.512075781249692,1,635,baseline,0,0
32,40,1.0,checkpoints/sudoku_extreme_hf/checkpoint,0,1,blanks_40,17.512075781249692,1,636,baseline,0,0
32,40,1.0,checkpoints/sudoku_extreme_hf/checkpoint,0,1,blanks_40,17.512075781249692,1,637,baseline,0,0
32,40,1.0,checkpoints/sudoku_extreme_hf/checkpoint,0,1,blanks_40,17.512075781249692,1,638,baseline,0,0
32,40,1.0,checkpoints/sudoku_extreme_hf/checkpoint,0,1,blanks_40,17.512075781249692,1,639,baseline,0,0
32,40,1.0,checkpoints/sudoku_extreme_hf/checkpoint,0,1,blanks_40,17.38985568749918,1,640,baseline,0,0
32,40,1.0,checkpoints/sudoku_extreme_hf/checkpoint,0,1,blanks_40,17.38985568749918,1,641,baseline,0,0
32,40,1.0,checkpoints/sudoku_extreme_hf/checkpoint,0,1,blanks_40,17.38985568749918,1,642,baseline,0,0
32,40,1.0,checkpoints/sudoku_extreme_hf/checkpoint,0,1,blanks_40,17.38985568749918,1,643,baseline,0,0
32,40,1.0,checkpoints/sudoku_extreme_hf/checkpoint,0,1,blanks_40,17.38985568749918,1,644,baseline,0,0
32,40,1.0,checkpoints/sudoku_extreme_hf/checkpoint,0,1,blanks_40,17.38985568749918,1,645,baseline,0,0
32,40,1.0,checkpoints/sudoku_extreme_hf/checkpoint,0,1,blanks_40,17.38985568749918,1,646,baseline,0,0
32,40,1.0,checkpoints/sudoku_extreme_hf/checkpoint,0,1,blanks_40,17.38985568749918,1,647,baseline,0,0
32,40,1.0,checkpoints/sudoku_extreme_hf/checkpoint,0,1,blanks_40,17.38985568749918,1,648,baseline,0,0
32,40,1.0,checkpoints/sudoku_extreme_hf/checkpoint,0,1,blanks_40,17.38985568749918,1,649,baseline,0,0
32,40,1.0,checkpoints/sudoku_extreme_hf/checkpoint,0,1,blanks_40,17.38985568749918,1,650,baseline,0,0
32,40,1.0,checkpoints/sudoku_extreme_hf/checkpoint,0,1,blanks_40,17.38985568749918,1,651,baseline,0,0
32,40,1.0,checkpoints/sudoku_extreme_hf/checkpoint,0,1,blanks_40,17.38985568749918,1,652,baseline,0,0
32,40,1.0,checkpoints/sudoku_extreme_hf/checkpoint,0,1,blanks_40,17.38985568749918,1,653,baseline,0,0
32,40,1.0,checkpoints/sudoku_extreme_hf/checkpoint,0,1,blanks_40,17.38985568749918,1,654,baseline,0,0
32,40,1.0,checkpoints/sudoku_extreme_hf/checkpoint,0,1,blanks_40,17.38985568749918,1,655,baseline,0,0
32,40,1.0,checkpoints/sudoku_extreme_hf/checkpoint,0,1,blanks_40,17.38985568749918,1,656,baseline,0,0
32,40,1.0,checkpoints/sudoku_extreme_hf/checkpoint,0,1,blanks_40,17.38985568749918,1,657,baseline,0,0
32,40,1.0,checkpoints/sudoku_extreme_hf/checkpoint,0,1,blanks_40,17.38985568749918,1,658,baseline,0,0
32,40,1.0,checkpoints/sudoku_extreme_hf/checkpoint,0,1,blanks_40,17.38985568749918,1,659,baseline,0,0
32,40,1.0,checkpoints/sudoku_extreme_hf/checkpoint,0,1,blanks_40,17.38985568749918,1,660,baseline,0,0
32,40,1.0,checkpoints/sudoku_extreme_hf/checkpoint,0,1,blanks_40,17.38985568749918,1,661,baseline,0,0
32,40,1.0,checkpoints/sudoku_extreme_hf/checkpoint,0,1,blanks_40,17.38985568749918,1,662,baseline,0,0
32,40,1.0,checkpoints/sudoku_extreme_hf/checkpoint,0,1,blanks_40,17.38985568749918,1,663,baseline,0,0
32,40,1.0,checkpoints/sudoku_extreme_hf/checkpoint,0,1,blanks_40,17.38985568749918,1,664,baseline,0,0
32,40,1.0,checkpoints/sudoku_extreme_hf/checkpoint,0,1,blanks_40,17.38985568749918,1,665,baseline,0,0
32,40,1.0,checkpoints/sudoku_extreme_hf/checkpoint,0,1,blanks_40,17.38985568749918,1,666,baseline,0,0
32,40,1.0,checkpoints/sudoku_extreme_hf/checkpoint,0,1,blanks_40,17.38985568749918,1,667,baseline,0,0
32,40,1.0,checkpoints/sudoku_extreme_hf/checkpoint,0,1,blanks_40,17.38985568749918,1,668,baseline,0,0
32,40,1.0,checkpoints/sudoku_extreme_hf/checkpoint,0,1,blanks_40,17.38985568749918,1,669,baseline,0,0
32,40,1.0,checkpoints/sudoku_extreme_hf/checkpoint,0,1,blanks_40,17.38985568749918,1,670,baseline,0,0
32,40,1.0,checkpoints/sudoku_extreme_hf/checkpoint,0,1,blanks_40,17.38985568749918,1,671,baseline,0,0
32,40,1.0,checkpoints/sudoku_extreme_hf/checkpoint,0,1,blanks_40,21.41961375000001,1,672,baseline,0,0
32,40,1.0,checkpoints/sudoku_extreme_hf/checkpoint,0,1,blanks_40,21.41961375000001,1,673,baseline,0,0
32,40,1.0,checkpoints/sudoku_extreme_hf/checkpoint,0,1,blanks_40,21.41961375000001,1,674,baseline,0,0
32,40,1.0,checkpoints/sudoku_extreme_hf/checkpoint,0,1,blanks_40,21.41961375000001,1,675,baseline,0,0
32,40,1.0,checkpoints/sudoku_extreme_hf/checkpoint,0,1,blanks_40,21.41961375000001,1,676,baseline,0,0
32,40,1.0,checkpoints/sudoku_extreme_hf/checkpoint,0,1,blanks_40,21.41961375000001,1,677,baseline,0,0
32,40,1.0,checkpoints/sudoku_extreme_hf/checkpoint,0,1,blanks_40,21.41961375000001,1,678,baseline,0,0
32,40,1.0,checkpoints/sudoku_extreme_hf/checkpoint,0,1,blanks_40,21.41961375000001,1,679,baseline,0,0
32,40,1.0,checkpoints/sudoku_extreme_hf/checkpoint,0,1,blanks_40,21.41961375000001,1,680,baseline,0,0
32,40,1.0,checkpoints/sudoku_extreme_hf/checkpoint,0,1,blanks_40,21.41961375000001,1,681,baseline,0,0
32,40,1.0,checkpoints/sudoku_extreme_hf/checkpoint,0,1,blanks_40,21.41961375000001,1,682,baseline,0,0
32,40,1.0,checkpoints/sudoku_extreme_hf/checkpoint,0,1,blanks_40,21.41961375000001,1,683,baseline,0,0
32,40,1.0,checkpoints/sudoku_extreme_hf/checkpoint,0,1,blanks_40,21.41961375000001,1,684,baseline,0,0
32,40,1.0,checkpoints/sudoku_extreme_hf/checkpoint,0,1,blanks_40,21.41961375000001,1,685,baseline,0,0
32,40,1.0,checkpoints/sudoku_extreme_hf/checkpoint,0,1,blanks_40,21.41961375000001,1,686,baseline,0,0
32,40,1.0,checkpoints/sudoku_extreme_hf/checkpoint,0,1,blanks_40,21.41961375000001,1,687,baseline,0,0
32,40,1.0,checkpoints/sudoku_extreme_hf/checkpoint,0,1,blanks_40,21.41961375000001,1,688,baseline,0,0
32,40,1.0,checkpoints/sudoku_extreme_hf/checkpoint,0,1,blanks_40,21.41961375000001,1,689,baseline,0,0
32,40,1.0,checkpoints/sudoku_extreme_hf/checkpoint,0,1,blanks_40,21.41961375000001,1,690,baseline,0,0
32,40,1.0,checkpoints/sudoku_extreme_hf/checkpoint,0,1,blanks_40,21.41961375000001,1,691,baseline,0,0
32,40,1.0,checkpoints/sudoku_extreme_hf/checkpoint,0,1,blanks_40,21.41961375000001,1,692,baseline,0,0
32,40,1.0,checkpoints/sudoku_extreme_hf/checkpoint,0,1,blanks_40,21.41961375000001,1,693,baseline,0,0
32,40,1.0,checkpoints/sudoku_extreme_hf/checkpoint,0,1,blanks_40,21.41961375000001,1,694,baseline,0,0
32,40,1.0,checkpoints/sudoku_extreme_hf/checkpoint,0,1,blanks_40,21.41961375000001,1,695,baseline,0,0
32,40,1.0,checkpoints/sudoku_extreme_hf/checkpoint,0,1,blanks_40,21.41961375000001,1,696,baseline,0,0
32,40,1.0,checkpoints/sudoku_extreme_hf/checkpoint,0,1,blanks_40,21.41961375000001,1,697,baseline,0,0
32,40,1.0,checkpoints/sudoku_extreme_hf/checkpoint,0,1,blanks_40,21.41961375000001,1,698,baseline,0,0
32,40,1.0,checkpoints/sudoku_extreme_hf/checkpoint,0,1,blanks_40,21.41961375000001,1,699,baseline,0,0
32,40,1.0,checkpoints/sudoku_extreme_hf/checkpoint,0,1,blanks_40,21.41961375000001,1,700,baseline,0,0
32,40,1.0,checkpoints/sudoku_extreme_hf/checkpoint,0,1,blanks_40,21.41961375000001,1,701,baseline,0,0
32,40,1.0,checkpoints/sudoku_extreme_hf/checkpoint,0,1,blanks_40,21.41961375000001,1,702,baseline,0,0
32,40,1.0,checkpoints/sudoku_extreme_hf/checkpoint,0,1,blanks_40,21.41961375000001,1,703,baseline,0,0
32,40,1.0,checkpoints/sudoku_extreme_hf/checkpoint,0,1,blanks_40,20.6058512812497,1,704,baseline,0,0
32,40,1.0,checkpoints/sudoku_extreme_hf/checkpoint,0,1,blanks_40,20.6058512812497,1,705,baseline,0,0
32,40,1.0,checkpoints/sudoku_extreme_hf/checkpoint,0,1,blanks_40,20.6058512812497,1,706,baseline,0,0
32,40,1.0,checkpoints/sudoku_extreme_hf/checkpoint,0,1,blanks_40,20.6058512812497,1,707,baseline,0,0
32,40,1.0,checkpoints/sudoku_extreme_hf/checkpoint,0,1,blanks_40,20.6058512812497,1,708,baseline,0,0
32,40,1.0,checkpoints/sudoku_extreme_hf/checkpoint,0,1,blanks_40,20.6058512812497,1,709,baseline,0,0
32,40,1.0,checkpoints/sudoku_extreme_hf/checkpoint,0,1,blanks_40,20.6058512812497,1,710,baseline,0,0
32,40,1.0,checkpoints/sudoku_extreme_hf/checkpoint,0,1,blanks_40,20.6058512812497,1,711,baseline,0,0
32,40,1.0,checkpoints/sudoku_extreme_hf/checkpoint,0,1,blanks_40,20.6058512812497,1,712,baseline,0,0
32,40,1.0,checkpoints/sudoku_extreme_hf/checkpoint,0,1,blanks_40,20.6058512812497,1,713,baseline,0,0
32,40,1.0,checkpoints/sudoku_extreme_hf/checkpoint,0,1,blanks_40,20.6058512812497,1,714,baseline,0,0
32,40,1.0,checkpoints/sudoku_extreme_hf/checkpoint,0,1,blanks_40,20.6058512812497,1,715,baseline,0,0
32,40,1.0,checkpoints/sudoku_extreme_hf/checkpoint,0,1,blanks_40,20.6058512812497,1,716,baseline,0,0
32,40,1.0,checkpoints/sudoku_extreme_hf/checkpoint,0,1,blanks_40,20.6058512812497,1,717,baseline,0,0
32,40,1.0,checkpoints/sudoku_extreme_hf/checkpoint,0,1,blanks_40,20.6058512812497,1,718,baseline,0,0
32,40,1.0,checkpoints/sudoku_extreme_hf/checkpoint,0,1,blanks_40,20.6058512812497,1,719,baseline,0,0
32,40,1.0,checkpoints/sudoku_extreme_hf/checkpoint,0,1,blanks_40,20.6058512812497,1,720,baseline,0,0
32,40,1.0,checkpoints/sudoku_extreme_hf/checkpoint,0,1,blanks_40,20.6058512812497,1,721,baseline,0,0
32,40,1.0,checkpoints/sudoku_extreme_hf/checkpoint,0,1,blanks_40,20.6058512812497,1,722,baseline,0,0
32,40,1.0,checkpoints/sudoku_extreme_hf/checkpoint,0,1,blanks_40,20.6058512812497,1,723,baseline,0,0
32,40,1.0,checkpoints/sudoku_extreme_hf/checkpoint,0,1,blanks_40,20.6058512812497,1,724,baseline,0,0
32,40,1.0,checkpoints/sudoku_extreme_hf/checkpoint,0,1,blanks_40,20.6058512812497,1,725,baseline,0,0
32,40,1.0,checkpoints/sudoku_extreme_hf/checkpoint,0,1,blanks_40,20.6058512812497,1,726,baseline,0,0
32,40,1.0,checkpoints/sudoku_extreme_hf/checkpoint,0,1,blanks_40,20.6058512812497,1,727,baseline,0,0
32,40,1.0,checkpoints/sudoku_extreme_hf/checkpoint,0,1,blanks_40,20.6058512812497,1,728,baseline,0,0
32,40,1.0,checkpoints/sudoku_extreme_hf/checkpoint,0,1,blanks_40,20.6058512812497,1,729,baseline,0,0
32,40,1.0,checkpoints/sudoku_extreme_hf/checkpoint,0,1,blanks_40,20.6058512812497,1,730,baseline,0,0
32,40,1.0,checkpoints/sudoku_extreme_hf/checkpoint,0,1,blanks_40,20.6058512812497,1,731,baseline,0,0
32,40,1.0,checkpoints/sudoku_extreme_hf/checkpoint,0,1,blanks_40,20.6058512812497,1,732,baseline,0,0
32,40,1.0,checkpoints/sudoku_extreme_hf/checkpoint,0,1,blanks_40,20.6058512812497,1,733,baseline,0,0
32,40,1.0,checkpoints/sudoku_extreme_hf/checkpoint,0,1,blanks_40,20.6058512812497,1,734,baseline,0,0
32,40,1.0,checkpoints/sudoku_extreme_hf/checkpoint,0,1,blanks_40,20.6058512812497,1,735,baseline,0,0
32,40,1.0,checkpoints/sudoku_extreme_hf/checkpoint,0,1,blanks_40,22.476838093750118,1,736,baseline,0,0
32,40,1.0,checkpoints/sudoku_extreme_hf/checkpoint,0,1,blanks_40,22.476838093750118,1,737,baseline,0,0
32,40,1.0,checkpoints/sudoku_extreme_hf/checkpoint,0,1,blanks_40,22.476838093750118,1,738,baseline,0,0
32,40,1.0,checkpoints/sudoku_extreme_hf/checkpoint,0,1,blanks_40,22.476838093750118,1,739,baseline,0,0
32,40,1.0,checkpoints/sudoku_extreme_hf/checkpoint,0,1,blanks_40,22.476838093750118,1,740,baseline,0,0
32,40,1.0,checkpoints/sudoku_extreme_hf/checkpoint,0,1,blanks_40,22.476838093750118,1,741,baseline,0,0
32,40,1.0,checkpoints/sudoku_extreme_hf/checkpoint,0,1,blanks_40,22.476838093750118,1,742,baseline,0,0
32,40,1.0,checkpoints/sudoku_extreme_hf/checkpoint,0,1,blanks_40,22.476838093750118,1,743,baseline,0,0
32,40,1.0,checkpoints/sudoku_extreme_hf/checkpoint,0,1,blanks_40,22.476838093750118,1,744,baseline,0,0
32,40,1.0,checkpoints/sudoku_extreme_hf/checkpoint,0,1,blanks_40,22.476838093750118,1,745,baseline,0,0
32,40,1.0,checkpoints/sudoku_extreme_hf/checkpoint,0,1,blanks_40,22.476838093750118,1,746,baseline,0,0
32,40,1.0,checkpoints/sudoku_extreme_hf/checkpoint,0,1,blanks_40,22.476838093750118,1,747,baseline,0,0
32,40,1.0,checkpoints/sudoku_extreme_hf/checkpoint,0,1,blanks_40,22.476838093750118,1,748,baseline,0,0
32,40,1.0,checkpoints/sudoku_extreme_hf/checkpoint,0,1,blanks_40,22.476838093750118,1,749,baseline,0,0
32,40,1.0,checkpoints/sudoku_extreme_hf/checkpoint,0,1,blanks_40,22.476838093750118,1,750,baseline,0,0
32,40,1.0,checkpoints/sudoku_extreme_hf/checkpoint,0,1,blanks_40,22.476838093750118,1,751,baseline,0,0
32,40,1.0,checkpoints/sudoku_extreme_hf/checkpoint,0,1,blanks_40,22.476838093750118,1,752,baseline,0,0
32,40,1.0,checkpoints/sudoku_extreme_hf/checkpoint,0,1,blanks_40,22.476838093750118,1,753,baseline,0,0
32,40,1.0,checkpoints/sudoku_extreme_hf/checkpoint,0,1,blanks_40,22.476838093750118,1,754,baseline,0,0
32,40,1.0,checkpoints/sudoku_extreme_hf/checkpoint,0,1,blanks_40,22.476838093750118,1,755,baseline,0,0
32,40,1.0,checkpoints/sudoku_extreme_hf/checkpoint,0,1,blanks_40,22.476838093750118,1,756,baseline,0,0
32,40,1.0,checkpoints/sudoku_extreme_hf/checkpoint,0,1,blanks_40,22.476838093750118,1,757,baseline,0,0
32,40,1.0,checkpoints/sudoku_extreme_hf/checkpoint,0,1,blanks_40,22.476838093750118,1,758,baseline,0,0
32,40,1.0,checkpoints/sudoku_extreme_hf/checkpoint,0,1,blanks_40,22.476838093750118,1,759,baseline,0,0
32,40,1.0,checkpoints/sudoku_extreme_hf/checkpoint,0,1,blanks_40,22.476838093750118,1,760,baseline,0,0
32,40,1.0,checkpoints/sudoku_extreme_hf/checkpoint,0,1,blanks_40,22.476838093750118,1,761,baseline,0,0
32,40,1.0,checkpoints/sudoku_extreme_hf/checkpoint,0,1,blanks_40,22.476838093750118,1,762,baseline,0,0
32,40,1.0,checkpoints/sudoku_extreme_hf/checkpoint,0,1,blanks_40,22.476838093750118,1,763,baseline,0,0
32,40,1.0,checkpoints/sudoku_extreme_hf/checkpoint,0,1,blanks_40,22.476838093750118,1,764,baseline,0,0
32,40,1.0,checkpoints/sudoku_extreme_hf/checkpoint,0,1,blanks_40,22.476838093750118,1,765,baseline,0,0
32,40,1.0,checkpoints/sudoku_extreme_hf/checkpoint,0,1,blanks_40,22.476838093750118,1,766,baseline,0,0
32,40,1.0,checkpoints/sudoku_extreme_hf/checkpoint,0,1,blanks_40,22.476838093750118,1,767,baseline,0,0
32,40,1.0,checkpoints/sudoku_extreme_hf/checkpoint,0,1,blanks_40,19.66398334374908,1,768,baseline,0,0
32,40,1.0,checkpoints/sudoku_extreme_hf/checkpoint,0,1,blanks_40,19.66398334374908,1,769,baseline,0,0
32,40,1.0,checkpoints/sudoku_extreme_hf/checkpoint,0,1,blanks_40,19.66398334374908,1,770,baseline,0,0
32,40,1.0,checkpoints/sudoku_extreme_hf/checkpoint,0,1,blanks_40,19.66398334374908,1,771,baseline,0,0
32,40,1.0,checkpoints/sudoku_extreme_hf/checkpoint,0,1,blanks_40,19.66398334374908,1,772,baseline,0,0
32,40,1.0,checkpoints/sudoku_extreme_hf/checkpoint,0,1,blanks_40,19.66398334374908,1,773,baseline,0,0
32,40,1.0,checkpoints/sudoku_extreme_hf/checkpoint,0,1,blanks_40,19.66398334374908,1,774,baseline,0,0
32,40,1.0,checkpoints/sudoku_extreme_hf/checkpoint,0,1,blanks_40,19.66398334374908,1,775,baseline,0,0
32,40,1.0,checkpoints/sudoku_extreme_hf/checkpoint,0,1,blanks_40,19.66398334374908,1,776,baseline,0,0
32,40,1.0,checkpoints/sudoku_extreme_hf/checkpoint,0,1,blanks_40,19.66398334374908,1,777,baseline,0,0
32,40,1.0,checkpoints/sudoku_extreme_hf/checkpoint,0,1,blanks_40,19.66398334374908,1,778,baseline,0,0
32,40,1.0,checkpoints/sudoku_extreme_hf/checkpoint,0,1,blanks_40,19.66398334374908,1,779,baseline,0,0
32,40,1.0,checkpoints/sudoku_extreme_hf/checkpoint,0,1,blanks_40,19.66398334374908,1,780,baseline,0,0
32,40,1.0,checkpoints/sudoku_extreme_hf/checkpoint,0,1,blanks_40,19.66398334374908,1,781,baseline,0,0
32,40,1.0,checkpoints/sudoku_extreme_hf/checkpoint,0,1,blanks_40,19.66398334374908,1,782,baseline,0,0
32,40,1.0,checkpoints/sudoku_extreme_hf/checkpoint,0,1,blanks_40,19.66398334374908,1,783,baseline,0,0
32,40,1.0,checkpoints/sudoku_extreme_hf/checkpoint,0,1,blanks_40,19.66398334374908,1,784,baseline,0,0
32,40,1.0,checkpoints/sudoku_extreme_hf/checkpoint,0,1,blanks_40,19.66398334374908,1,785,baseline,0,0
32,40,1.0,checkpoints/sudoku_extreme_hf/checkpoint,0,1,blanks_40,19.66398334374908,1,786,baseline,0,0
32,40,1.0,checkpoints/sudoku_extreme_hf/checkpoint,0,1,blanks_40,19.66398334374908,1,787,baseline,0,0
32,40,1.0,checkpoints/sudoku_extreme_hf/checkpoint,0,1,blanks_40,19.66398334374908,1,788,baseline,0,0
32,40,1.0,checkpoints/sudoku_extreme_hf/checkpoint,0,1,blanks_40,19.66398334374908,1,789,baseline,0,0
32,40,1.0,checkpoints/sudoku_extreme_hf/checkpoint,0,1,blanks_40,19.66398334374908,1,790,baseline,0,0
32,40,1.0,checkpoints/sudoku_extreme_hf/checkpoint,0,1,blanks_40,19.66398334374908,1,791,baseline,0,0
32,40,1.0,checkpoints/sudoku_extreme_hf/checkpoint,0,1,blanks_40,19.66398334374908,1,792,baseline,0,0
32,40,1.0,checkpoints/sudoku_extreme_hf/checkpoint,0,1,blanks_40,19.66398334374908,1,793,baseline,0,0
32,40,1.0,checkpoints/sudoku_extreme_hf/checkpoint,0,1,blanks_40,19.66398334374908,1,794,baseline,0,0
32,40,1.0,checkpoints/sudoku_extreme_hf/checkpoint,0,1,blanks_40,19.66398334374908,1,795,baseline,0,0
32,40,1.0,checkpoints/sudoku_extreme_hf/checkpoint,0,1,blanks_40,19.66398334374908,1,796,baseline,0,0
32,40,1.0,checkpoints/sudoku_extreme_hf/checkpoint,0,1,blanks_40,19.66398334374908,1,797,baseline,0,0
32,40,1.0,checkpoints/sudoku_extreme_hf/checkpoint,0,1,blanks_40,19.66398334374908,1,798,baseline,0,0
32,40,1.0,checkpoints/sudoku_extreme_hf/checkpoint,0,1,blanks_40,19.66398334374908,1,799,baseline,0,0
32,40,1.0,checkpoints/sudoku_extreme_hf/checkpoint,0,1,blanks_40,19.855697218750024,1,800,baseline,0,0
32,40,1.0,checkpoints/sudoku_extreme_hf/checkpoint,0,1,blanks_40,19.855697218750024,1,801,baseline,0,0
32,40,1.0,checkpoints/sudoku_extreme_hf/checkpoint,0,1,blanks_40,19.855697218750024,1,802,baseline,0,0
32,40,1.0,checkpoints/sudoku_extreme_hf/checkpoint,0,1,blanks_40,19.855697218750024,1,803,baseline,0,0
32,40,1.0,checkpoints/sudoku_extreme_hf/checkpoint,0,1,blanks_40,19.855697218750024,1,804,baseline,0,0
32,40,1.0,checkpoints/sudoku_extreme_hf/checkpoint,0,1,blanks_40,19.855697218750024,1,805,baseline,0,0
32,40,1.0,checkpoints/sudoku_extreme_hf/checkpoint,0,1,blanks_40,19.855697218750024,1,806,baseline,0,0
32,40,1.0,checkpoints/sudoku_extreme_hf/checkpoint,0,1,blanks_40,19.855697218750024,1,807,baseline,0,0
32,40,1.0,checkpoints/sudoku_extreme_hf/checkpoint,0,1,blanks_40,19.855697218750024,1,808,baseline,0,0
32,40,1.0,checkpoints/sudoku_extreme_hf/checkpoint,0,1,blanks_40,19.855697218750024,1,809,baseline,0,0
32,40,1.0,checkpoints/sudoku_extreme_hf/checkpoint,0,1,blanks_40,19.855697218750024,1,810,baseline,0,0
32,40,1.0,checkpoints/sudoku_extreme_hf/checkpoint,0,1,blanks_40,19.855697218750024,1,811,baseline,0,0
32,40,1.0,checkpoints/sudoku_extreme_hf/checkpoint,0,1,blanks_40,19.855697218750024,1,812,baseline,0,0
32,40,1.0,checkpoints/sudoku_extreme_hf/checkpoint,0,1,blanks_40,19.855697218750024,1,813,baseline,0,0
32,40,1.0,checkpoints/sudoku_extreme_hf/checkpoint,0,1,blanks_40,19.855697218750024,1,814,baseline,0,0
32,40,1.0,checkpoints/sudoku_extreme_hf/checkpoint,0,1,blanks_40,19.855697218750024,1,815,baseline,0,0
32,40,1.0,checkpoints/sudoku_extreme_hf/checkpoint,0,1,blanks_40,19.855697218750024,1,816,baseline,0,0
32,40,1.0,checkpoints/sudoku_extreme_hf/checkpoint,0,1,blanks_40,19.855697218750024,1,817,baseline,0,0
32,40,1.0,checkpoints/sudoku_extreme_hf/checkpoint,0,1,blanks_40,19.855697218750024,1,818,baseline,0,0
32,40,1.0,checkpoints/sudoku_extreme_hf/checkpoint,0,1,blanks_40,19.855697218750024,1,819,baseline,0,0
32,40,1.0,checkpoints/sudoku_extreme_hf/checkpoint,0,1,blanks_40,19.855697218750024,1,820,baseline,0,0
32,40,1.0,checkpoints/sudoku_extreme_hf/checkpoint,0,1,blanks_40,19.855697218750024,1,821,baseline,0,0
32,40,1.0,checkpoints/sudoku_extreme_hf/checkpoint,0,1,blanks_40,19.855697218750024,1,822,baseline,0,0
32,40,1.0,checkpoints/sudoku_extreme_hf/checkpoint,0,1,blanks_40,19.855697218750024,1,823,baseline,0,0
32,40,1.0,checkpoints/sudoku_extreme_hf/checkpoint,0,1,blanks_40,19.855697218750024,1,824,baseline,0,0
32,40,1.0,checkpoints/sudoku_extreme_hf/checkpoint,0,1,blanks_40,19.855697218750024,1,825,baseline,0,0
32,40,1.0,checkpoints/sudoku_extreme_hf/checkpoint,0,1,blanks_40,19.855697218750024,1,826,baseline,0,0
32,40,1.0,checkpoints/sudoku_extreme_hf/checkpoint,0,1,blanks_40,19.855697218750024,1,827,baseline,0,0
32,40,1.0,checkpoints/sudoku_extreme_hf/checkpoint,0,1,blanks_40,19.855697218750024,1,828,baseline,0,0
32,40,1.0,checkpoints/sudoku_extreme_hf/checkpoint,0,1,blanks_40,19.855697218750024,1,829,baseline,0,0
32,40,1.0,checkpoints/sudoku_extreme_hf/checkpoint,0,1,blanks_40,19.855697218750024,1,830,baseline,0,0
32,40,1.0,checkpoints/sudoku_extreme_hf/checkpoint,0,1,blanks_40,19.855697218750024,1,831,baseline,0,0
32,40,1.0,checkpoints/sudoku_extreme_hf/checkpoint,0,1,blanks_40,21.32497031250047,1,832,baseline,0,0
32,40,1.0,checkpoints/sudoku_extreme_hf/checkpoint,0,1,blanks_40,21.32497031250047,1,833,baseline,0,0
32,40,1.0,checkpoints/sudoku_extreme_hf/checkpoint,0,1,blanks_40,21.32497031250047,1,834,baseline,0,0
32,40,1.0,checkpoints/sudoku_extreme_hf/checkpoint,0,1,blanks_40,21.32497031250047,1,835,baseline,0,0
32,40,1.0,checkpoints/sudoku_extreme_hf/checkpoint,0,1,blanks_40,21.32497031250047,1,836,baseline,0,0
32,40,1.0,checkpoints/sudoku_extreme_hf/checkpoint,0,1,blanks_40,21.32497031250047,1,837,baseline,0,0
32,40,1.0,checkpoints/sudoku_extreme_hf/checkpoint,0,1,blanks_40,21.32497031250047,1,838,baseline,0,0
32,40,1.0,checkpoints/sudoku_extreme_hf/checkpoint,0,1,blanks_40,21.32497031250047,1,839,baseline,0,0
32,40,1.0,checkpoints/sudoku_extreme_hf/checkpoint,0,1,blanks_40,21.32497031250047,1,840,baseline,0,0
32,40,1.0,checkpoints/sudoku_extreme_hf/checkpoint,0,1,blanks_40,21.32497031250047,1,841,baseline,0,0
32,40,1.0,checkpoints/sudoku_extreme_hf/checkpoint,0,1,blanks_40,21.32497031250047,1,842,baseline,0,0
32,40,1.0,checkpoints/sudoku_extreme_hf/checkpoint,0,1,blanks_40,21.32497031250047,1,843,baseline,0,0
32,40,1.0,checkpoints/sudoku_extreme_hf/checkpoint,0,1,blanks_40,21.32497031250047,1,844,baseline,0,0
32,40,1.0,checkpoints/sudoku_extreme_hf/checkpoint,0,1,blanks_40,21.32497031250047,1,845,baseline,0,0
32,40,1.0,checkpoints/sudoku_extreme_hf/checkpoint,0,1,blanks_40,21.32497031250047,1,846,baseline,0,0
32,40,1.0,checkpoints/sudoku_extreme_hf/checkpoint,0,1,blanks_40,21.32497031250047,1,847,baseline,0,0
32,40,1.0,checkpoints/sudoku_extreme_hf/checkpoint,0,1,blanks_40,21.32497031250047,1,848,baseline,0,0
32,40,1.0,checkpoints/sudoku_extreme_hf/checkpoint,0,1,blanks_40,21.32497031250047,1,849,baseline,0,0
32,40,1.0,checkpoints/sudoku_extreme_hf/checkpoint,0,1,blanks_40,21.32497031250047,1,850,baseline,0,0
32,40,1.0,checkpoints/sudoku_extreme_hf/checkpoint,0,1,blanks_40,21.32497031250047,1,851,baseline,0,0
32,40,1.0,checkpoints/sudoku_extreme_hf/checkpoint,0,1,blanks_40,21.32497031250047,1,852,baseline,0,0
32,40,1.0,checkpoints/sudoku_extreme_hf/checkpoint,0,1,blanks_40,21.32497031250047,1,853,baseline,0,0
32,40,1.0,checkpoints/sudoku_extreme_hf/checkpoint,0,1,blanks_40,21.32497031250047,1,854,baseline,0,0
32,40,1.0,checkpoints/sudoku_extreme_hf/checkpoint,0,1,blanks_40,21.32497031250047,1,855,baseline,0,0
32,40,1.0,checkpoints/sudoku_extreme_hf/checkpoint,0,1,blanks_40,21.32497031250047,1,856,baseline,0,0
32,40,1.0,checkpoints/sudoku_extreme_hf/checkpoint,0,1,blanks_40,21.32497031250047,1,857,baseline,0,0
32,40,1.0,checkpoints/sudoku_extreme_hf/checkpoint,0,1,blanks_40,21.32497031250047,1,858,baseline,0,0
32,40,1.0,checkpoints/sudoku_extreme_hf/checkpoint,0,1,blanks_40,21.32497031250047,1,859,baseline,0,0
32,40,1.0,checkpoints/sudoku_extreme_hf/checkpoint,0,1,blanks_40,21.32497031250047,1,860,baseline,0,0
32,40,1.0,checkpoints/sudoku_extreme_hf/checkpoint,0,1,blanks_40,21.32497031250047,1,861,baseline,0,0
32,40,1.0,checkpoints/sudoku_extreme_hf/checkpoint,0,1,blanks_40,21.32497031250047,1,862,baseline,0,0
32,40,1.0,checkpoints/sudoku_extreme_hf/checkpoint,0,1,blanks_40,21.32497031250047,1,863,baseline,0,0
32,40,1.0,checkpoints/sudoku_extreme_hf/checkpoint,0,1,blanks_40,20.009153156250292,1,864,baseline,0,0
32,40,1.0,checkpoints/sudoku_extreme_hf/checkpoint,0,1,blanks_40,20.009153156250292,1,865,baseline,0,0
32,40,1.0,checkpoints/sudoku_extreme_hf/checkpoint,0,1,blanks_40,20.009153156250292,1,866,baseline,0,0
32,40,1.0,checkpoints/sudoku_extreme_hf/checkpoint,0,1,blanks_40,20.009153156250292,1,867,baseline,0,0
32,40,1.0,checkpoints/sudoku_extreme_hf/checkpoint,0,1,blanks_40,20.009153156250292,1,868,baseline,0,0
32,40,1.0,checkpoints/sudoku_extreme_hf/checkpoint,0,1,blanks_40,20.009153156250292,1,869,baseline,0,0
32,40,1.0,checkpoints/sudoku_extreme_hf/checkpoint,0,1,blanks_40,20.009153156250292,1,870,baseline,0,0
32,40,1.0,checkpoints/sudoku_extreme_hf/checkpoint,0,1,blanks_40,20.009153156250292,1,871,baseline,0,0
32,40,1.0,checkpoints/sudoku_extreme_hf/checkpoint,0,1,blanks_40,20.009153156250292,1,872,baseline,0,0
32,40,1.0,checkpoints/sudoku_extreme_hf/checkpoint,0,1,blanks_40,20.009153156250292,1,873,baseline,0,0
32,40,1.0,checkpoints/sudoku_extreme_hf/checkpoint,0,1,blanks_40,20.009153156250292,1,874,baseline,0,0
32,40,1.0,checkpoints/sudoku_extreme_hf/checkpoint,0,1,blanks_40,20.009153156250292,1,875,baseline,0,0
32,40,1.0,checkpoints/sudoku_extreme_hf/checkpoint,0,1,blanks_40,20.009153156250292,1,876,baseline,0,0
32,40,1.0,checkpoints/sudoku_extreme_hf/checkpoint,0,1,blanks_40,20.009153156250292,1,877,baseline,0,0
32,40,1.0,checkpoints/sudoku_extreme_hf/checkpoint,0,1,blanks_40,20.009153156250292,1,878,baseline,0,0
32,40,1.0,checkpoints/sudoku_extreme_hf/checkpoint,0,1,blanks_40,20.009153156250292,1,879,baseline,0,0
32,40,1.0,checkpoints/sudoku_extreme_hf/checkpoint,0,1,blanks_40,20.009153156250292,1,880,baseline,0,0
32,40,1.0,checkpoints/sudoku_extreme_hf/checkpoint,0,1,blanks_40,20.009153156250292,1,881,baseline,0,0
32,40,1.0,checkpoints/sudoku_extreme_hf/checkpoint,0,1,blanks_40,20.009153156250292,1,882,baseline,0,0
32,40,1.0,checkpoints/sudoku_extreme_hf/checkpoint,0,1,blanks_40,20.009153156250292,1,883,baseline,0,0
32,40,1.0,checkpoints/sudoku_extreme_hf/checkpoint,0,1,blanks_40,20.009153156250292,1,884,baseline,0,0
32,40,1.0,checkpoints/sudoku_extreme_hf/checkpoint,0,1,blanks_40,20.009153156250292,1,885,baseline,0,0
32,40,1.0,checkpoints/sudoku_extreme_hf/checkpoint,0,1,blanks_40,20.009153156250292,1,886,baseline,0,0
32,40,1.0,checkpoints/sudoku_extreme_hf/checkpoint,0,1,blanks_40,20.009153156250292,1,887,baseline,0,0
32,40,1.0,checkpoints/sudoku_extreme_hf/checkpoint,0,1,blanks_40,20.009153156250292,1,888,baseline,0,0
32,40,1.0,checkpoints/sudoku_extreme_hf/checkpoint,0,1,blanks_40,20.009153156250292,1,889,baseline,0,0
32,40,1.0,checkpoints/sudoku_extreme_hf/checkpoint,0,1,blanks_40,20.009153156250292,1,890,baseline,0,0
32,40,1.0,checkpoints/sudoku_extreme_hf/checkpoint,0,1,blanks_40,20.009153156250292,1,891,baseline,0,0
32,40,1.0,checkpoints/sudoku_extreme_hf/checkpoint,0,1,blanks_40,20.009153156250292,1,892,baseline,0,0
32,40,1.0,checkpoints/sudoku_extreme_hf/checkpoint,0,1,blanks_40,20.009153156250292,1,893,baseline,0,0
32,40,1.0,checkpoints/sudoku_extreme_hf/checkpoint,0,1,blanks_40,20.009153156250292,1,894,baseline,0,0
32,40,1.0,checkpoints/sudoku_extreme_hf/checkpoint,0,1,blanks_40,20.009153156250292,1,895,baseline,0,0
32,40,1.0,checkpoints/sudoku_extreme_hf/checkpoint,0,1,blanks_40,19.919344375001202,1,896,baseline,0,0
32,40,1.0,checkpoints/sudoku_extreme_hf/checkpoint,0,1,blanks_40,19.919344375001202,1,897,baseline,0,0
32,40,1.0,checkpoints/sudoku_extreme_hf/checkpoint,0,1,blanks_40,19.919344375001202,1,898,baseline,0,0
32,40,1.0,checkpoints/sudoku_extreme_hf/checkpoint,0,1,blanks_40,19.919344375001202,1,899,baseline,0,0
32,40,1.0,checkpoints/sudoku_extreme_hf/checkpoint,0,1,blanks_40,19.919344375001202,1,900,baseline,0,0
32,40,1.0,checkpoints/sudoku_extreme_hf/checkpoint,0,1,blanks_40,19.919344375001202,1,901,baseline,0,0
32,40,1.0,checkpoints/sudoku_extreme_hf/checkpoint,0,1,blanks_40,19.919344375001202,1,902,baseline,0,0
32,40,1.0,checkpoints/sudoku_extreme_hf/checkpoint,0,1,blanks_40,19.919344375001202,1,903,baseline,0,0
32,40,1.0,checkpoints/sudoku_extreme_hf/checkpoint,0,1,blanks_40,19.919344375001202,1,904,baseline,0,0
32,40,1.0,checkpoints/sudoku_extreme_hf/checkpoint,0,1,blanks_40,19.919344375001202,1,905,baseline,0,0
32,40,1.0,checkpoints/sudoku_extreme_hf/checkpoint,0,1,blanks_40,19.919344375001202,1,906,baseline,0,0
32,40,1.0,checkpoints/sudoku_extreme_hf/checkpoint,0,1,blanks_40,19.919344375001202,1,907,baseline,0,0
32,40,1.0,checkpoints/sudoku_extreme_hf/checkpoint,0,1,blanks_40,19.919344375001202,1,908,baseline,0,0
32,40,1.0,checkpoints/sudoku_extreme_hf/checkpoint,0,1,blanks_40,19.919344375001202,1,909,baseline,0,0
32,40,1.0,checkpoints/sudoku_extreme_hf/checkpoint,0,1,blanks_40,19.919344375001202,1,910,baseline,0,0
32,40,1.0,checkpoints/sudoku_extreme_hf/checkpoint,0,1,blanks_40,19.919344375001202,1,911,baseline,0,0
32,40,1.0,checkpoints/sudoku_extreme_hf/checkpoint,0,1,blanks_40,19.919344375001202,1,912,baseline,0,0
32,40,1.0,checkpoints/sudoku_extreme_hf/checkpoint,0,1,blanks_40,19.919344375001202,1,913,baseline,0,0
32,40,1.0,checkpoints/sudoku_extreme_hf/checkpoint,0,1,blanks_40,19.919344375001202,1,914,baseline,0,0
32,40,1.0,checkpoints/sudoku_extreme_hf/checkpoint,0,1,blanks_40,19.919344375001202,1,915,baseline,0,0
32,40,1.0,checkpoints/sudoku_extreme_hf/checkpoint,0,1,blanks_40,19.919344375001202,1,916,baseline,0,0
32,40,1.0,checkpoints/sudoku_extreme_hf/checkpoint,0,1,blanks_40,19.919344375001202,1,917,baseline,0,0
32,40,1.0,checkpoints/sudoku_extreme_hf/checkpoint,0,1,blanks_40,19.919344375001202,1,918,baseline,0,0
32,40,1.0,checkpoints/sudoku_extreme_hf/checkpoint,0,1,blanks_40,19.919344375001202,1,919,baseline,0,0
32,40,1.0,checkpoints/sudoku_extreme_hf/checkpoint,0,1,blanks_40,19.919344375001202,1,920,baseline,0,0
32,40,1.0,checkpoints/sudoku_extreme_hf/checkpoint,0,1,blanks_40,19.919344375001202,1,921,baseline,0,0
32,40,1.0,checkpoints/sudoku_extreme_hf/checkpoint,0,1,blanks_40,19.919344375001202,1,922,baseline,0,0
32,40,1.0,checkpoints/sudoku_extreme_hf/checkpoint,0,1,blanks_40,19.919344375001202,1,923,baseline,0,0
32,40,1.0,checkpoints/sudoku_extreme_hf/checkpoint,0,1,blanks_40,19.919344375001202,1,924,baseline,0,0
32,40,1.0,checkpoints/sudoku_extreme_hf/checkpoint,0,1,blanks_40,19.919344375001202,1,925,baseline,0,0
32,40,1.0,checkpoints/sudoku_extreme_hf/checkpoint,0,1,blanks_40,19.919344375001202,1,926,baseline,0,0
32,40,1.0,checkpoints/sudoku_extreme_hf/checkpoint,0,1,blanks_40,19.919344375001202,1,927,baseline,0,0
32,40,1.0,checkpoints/sudoku_extreme_hf/checkpoint,0,1,blanks_40,19.86909259374947,1,928,baseline,0,0
32,40,1.0,checkpoints/sudoku_extreme_hf/checkpoint,0,1,blanks_40,19.86909259374947,1,929,baseline,0,0
32,40,1.0,checkpoints/sudoku_extreme_hf/checkpoint,0,1,blanks_40,19.86909259374947,1,930,baseline,0,0
32,40,1.0,checkpoints/sudoku_extreme_hf/checkpoint,0,1,blanks_40,19.86909259374947,1,931,baseline,0,0
32,40,1.0,checkpoints/sudoku_extreme_hf/checkpoint,0,1,blanks_40,19.86909259374947,1,932,baseline,0,0
32,40,1.0,checkpoints/sudoku_extreme_hf/checkpoint,0,1,blanks_40,19.86909259374947,1,933,baseline,0,0
32,40,1.0,checkpoints/sudoku_extreme_hf/checkpoint,0,1,blanks_40,19.86909259374947,1,934,baseline,0,0
32,40,1.0,checkpoints/sudoku_extreme_hf/checkpoint,0,1,blanks_40,19.86909259374947,1,935,baseline,0,0
32,40,1.0,checkpoints/sudoku_extreme_hf/checkpoint,0,1,blanks_40,19.86909259374947,1,936,baseline,0,0
32,40,1.0,checkpoints/sudoku_extreme_hf/checkpoint,0,1,blanks_40,19.86909259374947,1,937,baseline,0,0
32,40,1.0,checkpoints/sudoku_extreme_hf/checkpoint,0,1,blanks_40,19.86909259374947,1,938,baseline,0,0
32,40,1.0,checkpoints/sudoku_extreme_hf/checkpoint,0,1,blanks_40,19.86909259374947,1,939,baseline,0,0
32,40,1.0,checkpoints/sudoku_extreme_hf/checkpoint,0,1,blanks_40,19.86909259374947,1,940,baseline,0,0
32,40,1.0,checkpoints/sudoku_extreme_hf/checkpoint,0,1,blanks_40,19.86909259374947,1,941,baseline,0,0
32,40,1.0,checkpoints/sudoku_extreme_hf/checkpoint,0,1,blanks_40,19.86909259374947,1,942,baseline,0,0
32,40,1.0,checkpoints/sudoku_extreme_hf/checkpoint,0,1,blanks_40,19.86909259374947,1,943,baseline,0,0
32,40,1.0,checkpoints/sudoku_extreme_hf/checkpoint,0,1,blanks_40,19.86909259374947,1,944,baseline,0,0
32,40,1.0,checkpoints/sudoku_extreme_hf/checkpoint,0,1,blanks_40,19.86909259374947,1,945,baseline,0,0
32,40,1.0,checkpoints/sudoku_extreme_hf/checkpoint,0,1,blanks_40,19.86909259374947,1,946,baseline,0,0
32,40,1.0,checkpoints/sudoku_extreme_hf/checkpoint,0,1,blanks_40,19.86909259374947,1,947,baseline,0,0
32,40,1.0,checkpoints/sudoku_extreme_hf/checkpoint,0,1,blanks_40,19.86909259374947,1,948,baseline,0,0
32,40,1.0,checkpoints/sudoku_extreme_hf/checkpoint,0,1,blanks_40,19.86909259374947,1,949,baseline,0,0
32,40,1.0,checkpoints/sudoku_extreme_hf/checkpoint,0,1,blanks_40,19.86909259374947,1,950,baseline,0,0
32,40,1.0,checkpoints/sudoku_extreme_hf/checkpoint,0,1,blanks_40,19.86909259374947,1,951,baseline,0,0
32,40,1.0,checkpoints/sudoku_extreme_hf/checkpoint,0,1,blanks_40,19.86909259374947,1,952,baseline,0,0
32,40,1.0,checkpoints/sudoku_extreme_hf/checkpoint,0,1,blanks_40,19.86909259374947,1,953,baseline,0,0
32,40,1.0,checkpoints/sudoku_extreme_hf/checkpoint,0,1,blanks_40,19.86909259374947,1,954,baseline,0,0
32,40,1.0,checkpoints/sudoku_extreme_hf/checkpoint,0,1,blanks_40,19.86909259374947,1,955,baseline,0,0
32,40,1.0,checkpoints/sudoku_extreme_hf/checkpoint,0,1,blanks_40,19.86909259374947,1,956,baseline,0,0
32,40,1.0,checkpoints/sudoku_extreme_hf/checkpoint,0,1,blanks_40,19.86909259374947,1,957,baseline,0,0
32,40,1.0,checkpoints/sudoku_extreme_hf/checkpoint,0,1,blanks_40,19.86909259374947,1,958,baseline,0,0
32,40,1.0,checkpoints/sudoku_extreme_hf/checkpoint,0,1,blanks_40,19.86909259374947,1,959,baseline,0,0
32,40,1.0,checkpoints/sudoku_extreme_hf/checkpoint,0,1,blanks_40,17.581473093750688,1,960,baseline,0,0
32,40,1.0,checkpoints/sudoku_extreme_hf/checkpoint,0,1,blanks_40,17.581473093750688,1,961,baseline,0,0
32,40,1.0,checkpoints/sudoku_extreme_hf/checkpoint,0,1,blanks_40,17.581473093750688,1,962,baseline,0,0
32,40,1.0,checkpoints/sudoku_extreme_hf/checkpoint,0,1,blanks_40,17.581473093750688,1,963,baseline,0,0
32,40,1.0,checkpoints/sudoku_extreme_hf/checkpoint,0,1,blanks_40,17.581473093750688,1,964,baseline,0,0
32,40,1.0,checkpoints/sudoku_extreme_hf/checkpoint,0,1,blanks_40,17.581473093750688,1,965,baseline,0,0
32,40,1.0,checkpoints/sudoku_extreme_hf/checkpoint,0,1,blanks_40,17.581473093750688,1,966,baseline,0,0
32,40,1.0,checkpoints/sudoku_extreme_hf/checkpoint,0,1,blanks_40,17.581473093750688,1,967,baseline,0,0
32,40,1.0,checkpoints/sudoku_extreme_hf/checkpoint,0,1,blanks_40,17.581473093750688,1,968,baseline,0,0
32,40,1.0,checkpoints/sudoku_extreme_hf/checkpoint,0,1,blanks_40,17.581473093750688,1,969,baseline,0,0
32,40,1.0,checkpoints/sudoku_extreme_hf/checkpoint,0,1,blanks_40,17.581473093750688,1,970,baseline,0,0
32,40,1.0,checkpoints/sudoku_extreme_hf/checkpoint,0,1,blanks_40,17.581473093750688,1,971,baseline,0,0
32,40,1.0,checkpoints/sudoku_extreme_hf/checkpoint,0,1,blanks_40,17.581473093750688,1,972,baseline,0,0
32,40,1.0,checkpoints/sudoku_extreme_hf/checkpoint,0,1,blanks_40,17.581473093750688,1,973,baseline,0,0
32,40,1.0,checkpoints/sudoku_extreme_hf/checkpoint,0,1,blanks_40,17.581473093750688,1,974,baseline,0,0
32,40,1.0,checkpoints/sudoku_extreme_hf/checkpoint,0,1,blanks_40,17.581473093750688,1,975,baseline,0,0
32,40,1.0,checkpoints/sudoku_extreme_hf/checkpoint,0,1,blanks_40,17.581473093750688,1,976,baseline,0,0
32,40,1.0,checkpoints/sudoku_extreme_hf/checkpoint,0,1,blanks_40,17.581473093750688,1,977,baseline,0,0
32,40,1.0,checkpoints/sudoku_extreme_hf/checkpoint,0,1,blanks_40,17.581473093750688,1,978,baseline,0,0
32,40,1.0,checkpoints/sudoku_extreme_hf/checkpoint,0,1,blanks_40,17.581473093750688,1,979,baseline,0,0
32,40,1.0,checkpoints/sudoku_extreme_hf/checkpoint,0,1,blanks_40,17.581473093750688,1,980,baseline,0,0
32,40,1.0,checkpoints/sudoku_extreme_hf/checkpoint,0,1,blanks_40,17.581473093750688,1,981,baseline,0,0
32,40,1.0,checkpoints/sudoku_extreme_hf/checkpoint,0,1,blanks_40,17.581473093750688,1,982,baseline,0,0
32,40,1.0,checkpoints/sudoku_extreme_hf/checkpoint,0,1,blanks_40,17.581473093750688,1,983,baseline,0,0
32,40,1.0,checkpoints/sudoku_extreme_hf/checkpoint,0,1,blanks_40,17.581473093750688,1,984,baseline,0,0
32,40,1.0,checkpoints/sudoku_extreme_hf/checkpoint,0,1,blanks_40,17.581473093750688,1,985,baseline,0,0
32,40,1.0,checkpoints/sudoku_extreme_hf/checkpoint,0,1,blanks_40,17.581473093750688,1,986,baseline,0,0
32,40,1.0,checkpoints/sudoku_extreme_hf/checkpoint,0,1,blanks_40,17.581473093750688,1,987,baseline,0,0
32,40,1.0,checkpoints/sudoku_extreme_hf/checkpoint,0,1,blanks_40,17.581473093750688,1,988,baseline,0,0
32,40,1.0,checkpoints/sudoku_extreme_hf/checkpoint,0,1,blanks_40,17.581473093750688,1,989,baseline,0,0
32,40,1.0,checkpoints/sudoku_extreme_hf/checkpoint,0,1,blanks_40,17.581473093750688,1,990,baseline,0,0
32,40,1.0,checkpoints/sudoku_extreme_hf/checkpoint,0,1,blanks_40,17.581473093750688,1,991,baseline,0,0
32,40,1.0,checkpoints/sudoku_extreme_hf/checkpoint,0,1,blanks_40,66.43143024999887,1,992,baseline,0,0
32,40,1.0,checkpoints/sudoku_extreme_hf/checkpoint,0,1,blanks_40,66.43143024999887,1,993,baseline,0,0
32,40,1.0,checkpoints/sudoku_extreme_hf/checkpoint,0,1,blanks_40,66.43143024999887,1,994,baseline,0,0
32,40,1.0,checkpoints/sudoku_extreme_hf/checkpoint,0,1,blanks_40,66.43143024999887,1,995,baseline,0,0
32,40,1.0,checkpoints/sudoku_extreme_hf/checkpoint,0,1,blanks_40,66.43143024999887,1,996,baseline,0,0
32,40,1.0,checkpoints/sudoku_extreme_hf/checkpoint,0,1,blanks_40,66.43143024999887,1,997,baseline,0,0
32,40,1.0,checkpoints/sudoku_extreme_hf/checkpoint,0,1,blanks_40,66.43143024999887,1,998,baseline,0,0
32,40,1.0,checkpoints/sudoku_extreme_hf/checkpoint,0,1,blanks_40,66.43143024999887,1,999,baseline,0,0
