batch_size,blank_count,cell_accuracy,changed_after_refeed,checkpoint,clue_violations,complete_valid,dataset,elapsed_ms,exact,example_id,experiment,invalid,outcome,second_cell_accuracy,second_clue_violations,second_complete_valid,second_exact,second_invalid,second_unit_conflicts,unit_conflicts
32,1,0.7160493827160493,1,checkpoints/sudoku_extreme_hf/checkpoint,23,1,blanks_1,53.4486697812504,0,0,fixed_point,1,changed_wrong,0.7037037037037037,24,0,0,1,28,0
32,1,0.8271604938271605,1,checkpoints/sudoku_extreme_hf/checkpoint,14,1,blanks_1,53.4486697812504,0,1,fixed_point,1,changed_wrong,0.5679012345679012,30,1,0,1,0,0
32,1,0.9506172839506173,0,checkpoints/sudoku_extreme_hf/checkpoint,4,1,blanks_1,53.4486697812504,0,2,fixed_point,1,invalid_fixed_point,0.9506172839506173,0,1,0,0,0,0
32,1,0.8518518518518519,1,checkpoints/sudoku_extreme_hf/checkpoint,12,1,blanks_1,53.4486697812504,0,3,fixed_point,1,changed_wrong,0.7283950617283951,21,1,0,1,0,0
32,1,0.7407407407407407,1,checkpoints/sudoku_extreme_hf/checkpoint,21,1,blanks_1,53.4486697812504,0,4,fixed_point,1,changed_wrong,0.6419753086419753,22,1,0,1,0,0
32,1,0.8024691358024691,1,checkpoints/sudoku_extreme_hf/checkpoint,16,1,blanks_1,53.4486697812504,0,5,fixed_point,1,changed_wrong,0.9506172839506173,19,1,0,1,0,0
32,1,0.8395061728395061,1,checkpoints/sudoku_extreme_hf/checkpoint,13,1,blanks_1,53.4486697812504,0,6,fixed_point,1,changed_wrong,0.7407407407407407,15,1,0,1,0,0
32,1,0.7654320987654321,1,checkpoints/sudoku_extreme_hf/checkpoint,18,1,blanks_1,53.4486697812504,0,7,fixed_point,1,changed_wrong,0.6049382716049383,17,1,0,1,0,0
32,1,0.7283950617283951,1,checkpoints/sudoku_extreme_hf/checkpoint,22,1,blanks_1,53.4486697812504,0,8,fixed_point,1,changed_wrong,0.7283950617283951,19,1,0,1,0,0
32,1,0.7530864197530864,0,checkpoints/sudoku_extreme_hf/checkpoint,19,1,blanks_1,53.4486697812504,0,9,fixed_point,1,invalid_fixed_point,0.7530864197530864,0,1,0,0,0,0
32,1,0.7283950617283951,1,checkpoints/sudoku_extreme_hf/checkpoint,22,1,blanks_1,53.4486697812504,0,10,fixed_point,1,changed_wrong,0.691358024691358,8,1,0,1,0,0
32,1,0.8024691358024691,1,checkpoints/sudoku_extreme_hf/checkpoint,15,1,blanks_1,53.4486697812504,0,11,fixed_point,1,changed_wrong,0.7901234567901234,16,1,0,1,0,0
32,1,0.8148148148148148,1,checkpoints/sudoku_extreme_hf/checkpoint,15,1,blanks_1,53.4486697812504,0,12,fixed_point,1,changed_wrong,0.7160493827160493,17,1,0,1,0,0
32,1,0.7407407407407407,1,checkpoints/sudoku_extreme_hf/checkpoint,20,1,blanks_1,53.4486697812504,0,13,fixed_point,1,changed_wrong,0.7777777777777778,13,1,0,1,0,0
32,1,1.0,0,checkpoints/sudoku_extreme_hf/checkpoint,0,1,blanks_1,53.4486697812504,1,14,fixed_point,0,stable_correct,1.0,0,1,1,0,0,0
32,1,1.0,1,checkpoints/sudoku_extreme_hf/checkpoint,0,1,blanks_1,53.4486697812504,1,15,fixed_point,0,became_wrong,0.6790123456790124,26,1,0,1,0,0
32,1,0.9259259259259259,1,checkpoints/sudoku_extreme_hf/checkpoint,6,1,blanks_1,53.4486697812504,0,16,fixed_point,1,changed_wrong,0.7407407407407407,18,1,0,1,0,0
32,1,0.654320987654321,1,checkpoints/sudoku_extreme_hf/checkpoint,27,1,blanks_1,53.4486697812504,0,17,fixed_point,1,changed_wrong,0.5679012345679012,18,1,0,1,0,0
32,1,0.9506172839506173,1,checkpoints/sudoku_extreme_hf/checkpoint,4,1,blanks_1,53.4486697812504,0,18,fixed_point,1,changed_wrong,0.9135802469135802,4,1,0,1,0,0
32,1,1.0,1,checkpoints/sudoku_extreme_hf/checkpoint,0,1,blanks_1,53.4486697812504,1,19,fixed_point,0,became_wrong,0.8641975308641975,11,1,0,1,0,0
32,1,0.7037037037037037,1,checkpoints/sudoku_extreme_hf/checkpoint,23,1,blanks_1,53.4486697812504,0,20,fixed_point,1,changed_wrong,0.7283950617283951,18,0,0,1,19,0
32,1,1.0,1,checkpoints/sudoku_extreme_hf/checkpoint,0,1,blanks_1,53.4486697812504,1,21,fixed_point,0,became_wrong,0.8518518518518519,12,1,0,1,0,0
32,1,0.7283950617283951,0,checkpoints/sudoku_extreme_hf/checkpoint,21,1,blanks_1,53.4486697812504,0,22,fixed_point,1,invalid_fixed_point,0.7283950617283951,0,1,0,0,0,0
32,1,0.7901234567901234,0,checkpoints/sudoku_extreme_hf/checkpoint,17,1,blanks_1,53.4486697812504,0,23,fixed_point,1,invalid_fixed_point,0.7901234567901234,0,1,0,0,0,0
32,1,0.7777777777777778,1,checkpoints/sudoku_extreme_hf/checkpoint,17,1,blanks_1,53.4486697812504,0,24,fixed_point,1,changed_wrong,0.6049382716049383,18,1,0,1,0,0
32,1,1.0,0,checkpoints/sudoku_extreme_hf/checkpoint,0,1,blanks_1,53.4486697812504,1,25,fixed_point,0,stable_correct,1.0,0,1,1,0,0,0
32,1,0.8024691358024691,1,checkpoints/sudoku_extreme_hf/checkpoint,16,1,blanks_1,53.4486697812504,0,26,fixed_point,1,changed_wrong,0.6419753086419753,20,1,0,1,0,0
32,1,0.8518518518518519,1,checkpoints/sudoku_extreme_hf/checkpoint,11,1,blanks_1,53.4486697812504,0,27,fixed_point,1,changed_wrong,0.7037037037037037,16,1,0,1,0,0
32,1,0.7530864197530864,1,checkpoints/sudoku_extreme_hf/checkpoint,19,1,blanks_1,53.4486697812504,0,28,fixed_point,1,changed_wrong,0.6666666666666666,22,1,0,1,0,0
32,1,0.6172839506172839,1,checkpoints/sudoku_extreme_hf/checkpoint,30,1,blanks_1,53.4486697812504,0,29,fixed_point,1,changed_wrong,0.7037037037037037,20,1,0,1,0,0
32,1,0.8271604938271605,1,checkpoints/sudoku_extreme_hf/checkpoint,14,1,blanks_1,53.4486697812504,0,30,fixed_point,1,changed_wrong,0.6790123456790124,25,1,0,1,0,0
32,1,0.7901234567901234,1,checkpoints/sudoku_extreme_hf/checkpoint,17,1,blanks_1,53.4486697812504,0,31,fixed_point,1,changed_wrong,0.691358024691358,29,0,0,1,19,0
32,1,0.8024691358024691,1,checkpoints/sudoku_extreme_hf/checkpoint,16,1,blanks_1,34.966588406250665,0,32,fixed_point,1,changed_wrong,0.8271604938271605,10,1,0,1,0,0
32,1,0.9012345679012346,1,checkpoints/sudoku_extreme_hf/checkpoint,8,1,blanks_1,34.966588406250665,0,33,fixed_point,1,changed_wrong,0.7407407407407407,17,1,0,1,0,0
32,1,0.7901234567901234,1,checkpoints/sudoku_extreme_hf/checkpoint,17,1,blanks_1,34.966588406250665,0,34,fixed_point,1,changed_wrong,0.6790123456790124,12,1,0,1,0,0
32,1,0.9259259259259259,0,checkpoints/sudoku_extreme_hf/checkpoint,6,1,blanks_1,34.966588406250665,0,35,fixed_point,1,invalid_fixed_point,0.9259259259259259,0,1,0,0,0,0
32,1,0.7777777777777778,1,checkpoints/sudoku_extreme_hf/checkpoint,18,1,blanks_1,34.966588406250665,0,36,fixed_point,1,changed_wrong,0.5925925925925926,28,1,0,1,0,0
32,1,0.7654320987654321,1,checkpoints/sudoku_extreme_hf/checkpoint,18,1,blanks_1,34.966588406250665,0,37,fixed_point,1,changed_wrong,0.8395061728395061,18,1,0,1,0,0
32,1,0.8641975308641975,0,checkpoints/sudoku_extreme_hf/checkpoint,11,1,blanks_1,34.966588406250665,0,38,fixed_point,1,invalid_fixed_point,0.8641975308641975,0,1,0,0,0,0
32,1,0.7037037037037037,1,checkpoints/sudoku_extreme_hf/checkpoint,23,0,blanks_1,34.966588406250665,0,39,fixed_point,1,changed_wrong,0.5432098765432098,32,1,0,1,0,23
32,1,0.7160493827160493,1,checkpoints/sudoku_extreme_hf/checkpoint,22,1,blanks_1,34.966588406250665,0,40,fixed_point,1,changed_wrong,0.5802469135802469,18,1,0,1,0,0
32,1,0.8765432098765432,1,checkpoints/sudoku_extreme_hf/checkpoint,10,1,blanks_1,34.966588406250665,0,41,fixed_point,1,changed_wrong,0.7407407407407407,22,1,0,1,0,0
32,1,1.0,1,checkpoints/sudoku_extreme_hf/checkpoint,0,1,blanks_1,34.966588406250665,1,42,fixed_point,0,became_wrong,0.7654320987654321,19,1,0,1,0,0
32,1,0.6790123456790124,1,checkpoints/sudoku_extreme_hf/checkpoint,25,1,blanks_1,34.966588406250665,0,43,fixed_point,1,changed_wrong,0.6419753086419753,15,1,0,1,0,0
32,1,0.7530864197530864,1,checkpoints/sudoku_extreme_hf/checkpoint,20,1,blanks_1,34.966588406250665,0,44,fixed_point,1,changed_wrong,0.7901234567901234,10,1,0,1,0,0
32,1,0.7160493827160493,1,checkpoints/sudoku_extreme_hf/checkpoint,23,0,blanks_1,34.966588406250665,0,45,fixed_point,1,changed_wrong,0.6790123456790124,19,0,0,1,26,27
32,1,0.7901234567901234,1,checkpoints/sudoku_extreme_hf/checkpoint,17,1,blanks_1,34.966588406250665,0,46,fixed_point,1,changed_wrong,0.6790123456790124,13,1,0,1,0,0
32,1,0.7407407407407407,1,checkpoints/sudoku_extreme_hf/checkpoint,20,1,blanks_1,34.966588406250665,0,47,fixed_point,1,changed_wrong,0.7407407407407407,20,1,0,1,0,0
32,1,0.8765432098765432,1,checkpoints/sudoku_extreme_hf/checkpoint,10,1,blanks_1,34.966588406250665,0,48,fixed_point,1,changed_wrong,0.691358024691358,24,1,0,1,0,0
32,1,0.5925925925925926,1,checkpoints/sudoku_extreme_hf/checkpoint,32,0,blanks_1,34.966588406250665,0,49,fixed_point,1,changed_wrong,0.691358024691358,26,1,0,1,0,13
32,1,0.7530864197530864,1,checkpoints/sudoku_extreme_hf/checkpoint,19,1,blanks_1,34.966588406250665,0,50,fixed_point,1,changed_wrong,0.6419753086419753,16,1,0,1,0,0
32,1,0.8024691358024691,1,checkpoints/sudoku_extreme_hf/checkpoint,15,1,blanks_1,34.966588406250665,0,51,fixed_point,1,changed_wrong,0.9135802469135802,15,1,0,1,0,0
32,1,0.7530864197530864,1,checkpoints/sudoku_extreme_hf/checkpoint,20,0,blanks_1,34.966588406250665,0,52,fixed_point,1,changed_wrong,0.6419753086419753,22,1,0,1,0,13
32,1,0.9506172839506173,1,checkpoints/sudoku_extreme_hf/checkpoint,4,1,blanks_1,34.966588406250665,0,53,fixed_point,1,changed_wrong,0.8395061728395061,9,1,0,1,0,0
32,1,0.9259259259259259,1,checkpoints/sudoku_extreme_hf/checkpoint,6,1,blanks_1,34.966588406250665,0,54,fixed_point,1,changed_wrong,0.9506172839506173,10,1,0,1,0,0
32,1,0.8518518518518519,1,checkpoints/sudoku_extreme_hf/checkpoint,12,1,blanks_1,34.966588406250665,0,55,fixed_point,1,changed_wrong,0.6419753086419753,32,1,0,1,0,0
32,1,0.7283950617283951,1,checkpoints/sudoku_extreme_hf/checkpoint,21,1,blanks_1,34.966588406250665,0,56,fixed_point,1,changed_wrong,0.691358024691358,21,1,0,1,0,0
32,1,0.9259259259259259,1,checkpoints/sudoku_extreme_hf/checkpoint,5,1,blanks_1,34.966588406250665,0,57,fixed_point,1,changed_wrong,0.7777777777777778,17,1,0,1,0,0
32,1,0.7901234567901234,1,checkpoints/sudoku_extreme_hf/checkpoint,17,1,blanks_1,34.966588406250665,0,58,fixed_point,1,changed_wrong,0.6296296296296297,26,1,0,1,0,0
32,1,1.0,1,checkpoints/sudoku_extreme_hf/checkpoint,0,1,blanks_1,34.966588406250665,1,59,fixed_point,0,became_wrong,0.8024691358024691,16,0,0,1,12,0
32,1,1.0,0,checkpoints/sudoku_extreme_hf/checkpoint,0,1,blanks_1,34.966588406250665,1,60,fixed_point,0,stable_correct,1.0,0,1,1,0,0,0
32,1,0.5925925925925926,1,checkpoints/sudoku_extreme_hf/checkpoint,32,1,blanks_1,34.966588406250665,0,61,fixed_point,1,changed_wrong,0.5925925925925926,30,1,0,1,0,0
32,1,0.8395061728395061,1,checkpoints/sudoku_extreme_hf/checkpoint,13,1,blanks_1,34.966588406250665,0,62,fixed_point,1,changed_wrong,0.7530864197530864,18,0,0,1,7,0
32,1,0.7901234567901234,1,checkpoints/sudoku_extreme_hf/checkpoint,17,0,blanks_1,34.966588406250665,0,63,fixed_point,1,changed_wrong,0.691358024691358,30,1,0,1,0,2
32,1,0.8395061728395061,1,checkpoints/sudoku_extreme_hf/checkpoint,13,1,blanks_1,32.568039843750896,0,64,fixed_point,1,changed_wrong,0.7654320987654321,10,1,0,1,0,0
32,1,0.9012345679012346,1,checkpoints/sudoku_extreme_hf/checkpoint,8,1,blanks_1,32.568039843750896,0,65,fixed_point,1,changed_wrong,0.6172839506172839,27,1,0,1,0,0
32,1,0.8271604938271605,1,checkpoints/sudoku_extreme_hf/checkpoint,14,0,blanks_1,32.568039843750896,0,66,fixed_point,1,changed_wrong,0.6419753086419753,31,0,0,1,29,11
32,1,0.6790123456790124,1,checkpoints/sudoku_extreme_hf/checkpoint,26,1,blanks_1,32.568039843750896,0,67,fixed_point,1,changed_wrong,0.7283950617283951,19,1,0,1,0,0
32,1,0.9012345679012346,0,checkpoints/sudoku_extreme_hf/checkpoint,8,1,blanks_1,32.568039843750896,0,68,fixed_point,1,invalid_fixed_point,0.9012345679012346,0,1,0,0,0,0
32,1,0.8765432098765432,1,checkpoints/sudoku_extreme_hf/checkpoint,10,1,blanks_1,32.568039843750896,0,69,fixed_point,1,changed_wrong,0.8148148148148148,6,1,0,1,0,0
32,1,0.8518518518518519,1,checkpoints/sudoku_extreme_hf/checkpoint,11,1,blanks_1,32.568039843750896,0,70,fixed_point,1,changed_wrong,0.7407407407407407,11,1,0,1,0,0
32,1,0.7037037037037037,1,checkpoints/sudoku_extreme_hf/checkpoint,24,1,blanks_1,32.568039843750896,0,71,fixed_point,1,changed_wrong,0.691358024691358,16,1,0,1,0,0
32,1,0.7654320987654321,1,checkpoints/sudoku_extreme_hf/checkpoint,18,1,blanks_1,32.568039843750896,0,72,fixed_point,1,changed_wrong,0.7530864197530864,8,1,0,1,0,0
32,1,0.7283950617283951,1,checkpoints/sudoku_extreme_hf/checkpoint,21,1,blanks_1,32.568039843750896,0,73,fixed_point,1,changed_wrong,0.8271604938271605,25,1,0,1,0,0
32,1,0.8148148148148148,1,checkpoints/sudoku_extreme_hf/checkpoint,14,1,blanks_1,32.568039843750896,0,74,fixed_point,1,changed_wrong,0.654320987654321,26,0,0,1,21,0
32,1,0.7901234567901234,1,checkpoints/sudoku_extreme_hf/checkpoint,17,1,blanks_1,32.568039843750896,0,75,fixed_point,1,changed_wrong,0.8518518518518519,7,1,0,1,0,0
32,1,0.8148148148148148,1,checkpoints/sudoku_extreme_hf/checkpoint,15,1,blanks_1,32.568039843750896,0,76,fixed_point,1,changed_wrong,0.6172839506172839,27,0,0,1,20,0
32,1,0.7777777777777778,1,checkpoints/sudoku_extreme_hf/checkpoint,18,1,blanks_1,32.568039843750896,0,77,fixed_point,1,changed_wrong,0.6172839506172839,22,1,0,1,0,0
32,1,0.8888888888888888,1,checkpoints/sudoku_extreme_hf/checkpoint,9,1,blanks_1,32.568039843750896,0,78,fixed_point,1,changed_wrong,0.8765432098765432,16,1,0,1,0,0
32,1,1.0,0,checkpoints/sudoku_extreme_hf/checkpoint,0,1,blanks_1,32.568039843750896,1,79,fixed_point,0,stable_correct,1.0,0,1,1,0,0,0
32,1,1.0,1,checkpoints/sudoku_extreme_hf/checkpoint,0,1,blanks_1,32.568039843750896,1,80,fixed_point,0,became_wrong,0.8148148148148148,15,1,0,1,0,0
32,1,0.6790123456790124,1,checkpoints/sudoku_extreme_hf/checkpoint,26,1,blanks_1,32.568039843750896,0,81,fixed_point,1,changed_wrong,0.6172839506172839,18,1,0,1,0,0
32,1,0.7037037037037037,1,checkpoints/sudoku_extreme_hf/checkpoint,23,0,blanks_1,32.568039843750896,0,82,fixed_point,1,changed_wrong,0.6419753086419753,19,1,0,1,0,15
32,1,0.8888888888888888,0,checkpoints/sudoku_extreme_hf/checkpoint,9,1,blanks_1,32.568039843750896,0,83,fixed_point,1,invalid_fixed_point,0.8888888888888888,0,1,0,0,0,0
32,1,0.7283950617283951,1,checkpoints/sudoku_extreme_hf/checkpoint,22,0,blanks_1,32.568039843750896,0,84,fixed_point,1,changed_wrong,0.5925925925925926,19,1,0,1,0,3
32,1,0.8148148148148148,1,checkpoints/sudoku_extreme_hf/checkpoint,14,1,blanks_1,32.568039843750896,0,85,fixed_point,1,changed_wrong,0.7037037037037037,30,1,0,1,0,0
32,1,0.8765432098765432,1,checkpoints/sudoku_extreme_hf/checkpoint,10,1,blanks_1,32.568039843750896,0,86,fixed_point,1,changed_wrong,0.9259259259259259,4,1,0,1,0,0
32,1,0.6049382716049383,0,checkpoints/sudoku_extreme_hf/checkpoint,32,1,blanks_1,32.568039843750896,0,87,fixed_point,1,invalid_fixed_point,0.6049382716049383,0,1,0,0,0,0
32,1,0.6296296296296297,1,checkpoints/sudoku_extreme_hf/checkpoint,29,1,blanks_1,32.568039843750896,0,88,fixed_point,1,changed_wrong,0.5802469135802469,27,1,0,1,0,0
32,1,0.8641975308641975,1,checkpoints/sudoku_extreme_hf/checkpoint,11,1,blanks_1,32.568039843750896,0,89,fixed_point,1,changed_wrong,0.7777777777777778,17,1,0,1,0,0
32,1,0.9506172839506173,1,checkpoints/sudoku_extreme_hf/checkpoint,4,1,blanks_1,32.568039843750896,0,90,fixed_point,1,changed_wrong,0.6790123456790124,26,1,0,1,0,0
32,1,0.6666666666666666,1,checkpoints/sudoku_extreme_hf/checkpoint,27,1,blanks_1,32.568039843750896,0,91,fixed_point,1,changed_wrong,0.654320987654321,15,1,0,1,0,0
32,1,0.7901234567901234,1,checkpoints/sudoku_extreme_hf/checkpoint,17,1,blanks_1,32.568039843750896,0,92,fixed_point,1,changed_wrong,0.691358024691358,17,1,0,1,0,0
32,1,0.8024691358024691,1,checkpoints/sudoku_extreme_hf/checkpoint,16,1,blanks_1,32.568039843750896,0,93,fixed_point,1,changed_wrong,0.691358024691358,11,1,0,1,0,0
32,1,0.691358024691358,0,checkpoints/sudoku_extreme_hf/checkpoint,25,1,blanks_1,32.568039843750896,0,94,fixed_point,1,invalid_fixed_point,0.691358024691358,0,1,0,0,0,0
32,1,1.0,1,checkpoints/sudoku_extreme_hf/checkpoint,0,1,blanks_1,32.568039843750896,1,95,fixed_point,0,became_wrong,0.654320987654321,28,1,0,1,0,0
32,1,0.7654320987654321,1,checkpoints/sudoku_extreme_hf/checkpoint,19,1,blanks_1,32.4283598437507,0,96,fixed_point,1,changed_wrong,0.7407407407407407,10,1,0,1,0,0
32,1,0.9012345679012346,0,checkpoints/sudoku_extreme_hf/checkpoint,8,1,blanks_1,32.4283598437507,0,97,fixed_point,1,invalid_fixed_point,0.9012345679012346,0,1,0,0,0,0
32,1,0.7283950617283951,1,checkpoints/sudoku_extreme_hf/checkpoint,22,1,blanks_1,32.4283598437507,0,98,fixed_point,1,changed_wrong,0.6419753086419753,28,1,0,1,0,0
32,1,0.9259259259259259,1,checkpoints/sudoku_extreme_hf/checkpoint,6,1,blanks_1,32.4283598437507,0,99,fixed_point,1,changed_wrong,0.8888888888888888,4,1,0,1,0,0
32,1,0.8148148148148148,1,checkpoints/sudoku_extreme_hf/checkpoint,15,1,blanks_1,32.4283598437507,0,100,fixed_point,1,changed_wrong,0.6419753086419753,29,0,0,1,25,0
32,1,0.9259259259259259,1,checkpoints/sudoku_extreme_hf/checkpoint,6,1,blanks_1,32.4283598437507,0,101,fixed_point,1,changed_wrong,0.7777777777777778,13,1,0,1,0,0
32,1,0.7901234567901234,1,checkpoints/sudoku_extreme_hf/checkpoint,17,1,blanks_1,32.4283598437507,0,102,fixed_point,1,changed_wrong,0.7777777777777778,13,1,0,1,0,0
32,1,0.8641975308641975,1,checkpoints/sudoku_extreme_hf/checkpoint,11,1,blanks_1,32.4283598437507,0,103,fixed_point,1,changed_wrong,0.7283950617283951,19,1,0,1,0,0
32,1,0.9012345679012346,0,checkpoints/sudoku_extreme_hf/checkpoint,8,1,blanks_1,32.4283598437507,0,104,fixed_point,1,invalid_fixed_point,0.9012345679012346,0,1,0,0,0,0
32,1,0.8518518518518519,1,checkpoints/sudoku_extreme_hf/checkpoint,11,0,blanks_1,32.4283598437507,0,105,fixed_point,1,changed_wrong,0.7037037037037037,22,1,0,1,0,10
32,1,0.6296296296296297,0,checkpoints/sudoku_extreme_hf/checkpoint,29,1,blanks_1,32.4283598437507,0,106,fixed_point,1,invalid_fixed_point,0.6296296296296297,0,1,0,0,0,0
32,1,0.6419753086419753,1,checkpoints/sudoku_extreme_hf/checkpoint,28,1,blanks_1,32.4283598437507,0,107,fixed_point,1,changed_wrong,0.5679012345679012,23,1,0,1,0,0
32,1,0.7654320987654321,1,checkpoints/sudoku_extreme_hf/checkpoint,18,1,blanks_1,32.4283598437507,0,108,fixed_point,1,changed_wrong,0.6419753086419753,27,1,0,1,0,0
32,1,0.8765432098765432,0,checkpoints/sudoku_extreme_hf/checkpoint,10,1,blanks_1,32.4283598437507,0,109,fixed_point,1,invalid_fixed_point,0.8765432098765432,0,1,0,0,0,0
32,1,0.691358024691358,1,checkpoints/sudoku_extreme_hf/checkpoint,25,1,blanks_1,32.4283598437507,0,110,fixed_point,1,changed_wrong,0.5925925925925926,16,1,0,1,0,0
32,1,0.7160493827160493,1,checkpoints/sudoku_extreme_hf/checkpoint,22,1,blanks_1,32.4283598437507,0,111,fixed_point,1,changed_wrong,0.6790123456790124,9,1,0,1,0,0
32,1,0.8271604938271605,1,checkpoints/sudoku_extreme_hf/checkpoint,14,1,blanks_1,32.4283598437507,0,112,fixed_point,1,changed_wrong,0.7160493827160493,13,1,0,1,0,0
32,1,0.7654320987654321,1,checkpoints/sudoku_extreme_hf/checkpoint,19,1,blanks_1,32.4283598437507,0,113,fixed_point,1,changed_wrong,0.7037037037037037,15,1,0,1,0,0
32,1,0.8024691358024691,1,checkpoints/sudoku_extreme_hf/checkpoint,16,1,blanks_1,32.4283598437507,0,114,fixed_point,1,changed_wrong,0.6666666666666666,17,1,0,1,0,0
32,1,0.7037037037037037,1,checkpoints/sudoku_extreme_hf/checkpoint,24,1,blanks_1,32.4283598437507,0,115,fixed_point,1,changed_wrong,0.654320987654321,16,1,0,1,0,0
32,1,0.6666666666666666,1,checkpoints/sudoku_extreme_hf/checkpoint,27,1,blanks_1,32.4283598437507,0,116,fixed_point,1,changed_wrong,0.6296296296296297,6,1,0,1,0,0
32,1,0.7283950617283951,1,checkpoints/sudoku_extreme_hf/checkpoint,22,1,blanks_1,32.4283598437507,0,117,fixed_point,1,changed_wrong,0.6172839506172839,14,1,0,1,0,0
32,1,0.7160493827160493,1,checkpoints/sudoku_extreme_hf/checkpoint,22,1,blanks_1,32.4283598437507,0,118,fixed_point,1,changed_wrong,0.6419753086419753,25,1,0,1,0,0
32,1,0.7037037037037037,1,checkpoints/sudoku_extreme_hf/checkpoint,24,1,blanks_1,32.4283598437507,0,119,fixed_point,1,changed_wrong,0.7407407407407407,10,1,0,1,0,0
32,1,0.691358024691358,1,checkpoints/sudoku_extreme_hf/checkpoint,24,1,blanks_1,32.4283598437507,0,120,fixed_point,1,changed_wrong,0.6419753086419753,12,1,0,1,0,0
32,1,0.7777777777777778,0,checkpoints/sudoku_extreme_hf/checkpoint,18,1,blanks_1,32.4283598437507,0,121,fixed_point,1,invalid_fixed_point,0.7777777777777778,0,1,0,0,0,0
32,1,0.8518518518518519,1,checkpoints/sudoku_extreme_hf/checkpoint,12,1,blanks_1,32.4283598437507,0,122,fixed_point,1,changed_wrong,0.6296296296296297,29,1,0,1,0,0
32,1,0.7283950617283951,1,checkpoints/sudoku_extreme_hf/checkpoint,21,1,blanks_1,32.4283598437507,0,123,fixed_point,1,changed_wrong,0.7160493827160493,12,1,0,1,0,0
32,1,0.7530864197530864,1,checkpoints/sudoku_extreme_hf/checkpoint,20,1,blanks_1,32.4283598437507,0,124,fixed_point,1,changed_wrong,0.6296296296296297,22,1,0,1,0,0
32,1,0.9506172839506173,1,checkpoints/sudoku_extreme_hf/checkpoint,4,1,blanks_1,32.4283598437507,0,125,fixed_point,1,changed_wrong,0.6172839506172839,30,1,0,1,0,0
32,1,0.8395061728395061,1,checkpoints/sudoku_extreme_hf/checkpoint,13,1,blanks_1,32.4283598437507,0,126,fixed_point,1,changed_wrong,0.7283950617283951,16,1,0,1,0,0
32,1,0.7407407407407407,1,checkpoints/sudoku_extreme_hf/checkpoint,21,1,blanks_1,32.4283598437507,0,127,fixed_point,1,changed_wrong,0.6666666666666666,9,1,0,1,0,0
32,1,0.7530864197530864,1,checkpoints/sudoku_extreme_hf/checkpoint,19,1,blanks_1,35.360597187500176,0,128,fixed_point,1,changed_wrong,0.7654320987654321,12,1,0,1,0,0
32,1,0.8765432098765432,1,checkpoints/sudoku_extreme_hf/checkpoint,10,1,blanks_1,35.360597187500176,0,129,fixed_point,1,changed_wrong,0.7037037037037037,17,1,0,1,0,0
32,1,1.0,1,checkpoints/sudoku_extreme_hf/checkpoint,0,1,blanks_1,35.360597187500176,1,130,fixed_point,0,became_wrong,0.8024691358024691,16,1,0,1,0,0
32,1,0.9506172839506173,1,checkpoints/sudoku_extreme_hf/checkpoint,4,1,blanks_1,35.360597187500176,0,131,fixed_point,1,changed_wrong,0.7037037037037037,26,1,0,1,0,0
32,1,0.9506172839506173,1,checkpoints/sudoku_extreme_hf/checkpoint,4,1,blanks_1,35.360597187500176,0,132,fixed_point,1,changed_wrong,0.7283950617283951,19,1,0,1,0,0
32,1,0.8765432098765432,1,checkpoints/sudoku_extreme_hf/checkpoint,9,1,blanks_1,35.360597187500176,0,133,fixed_point,1,changed_wrong,0.8271604938271605,4,1,0,1,0,0
32,1,0.8765432098765432,1,checkpoints/sudoku_extreme_hf/checkpoint,10,1,blanks_1,35.360597187500176,0,134,fixed_point,1,changed_wrong,0.691358024691358,23,1,0,1,0,0
32,1,0.691358024691358,1,checkpoints/sudoku_extreme_hf/checkpoint,25,1,blanks_1,35.360597187500176,0,135,fixed_point,1,changed_wrong,0.691358024691358,22,1,0,1,0,0
32,1,0.7160493827160493,1,checkpoints/sudoku_extreme_hf/checkpoint,22,1,blanks_1,35.360597187500176,0,136,fixed_point,1,changed_wrong,0.6419753086419753,19,1,0,1,0,0
32,1,0.7407407407407407,1,checkpoints/sudoku_extreme_hf/checkpoint,20,1,blanks_1,35.360597187500176,0,137,fixed_point,1,changed_wrong,0.6419753086419753,25,1,0,1,0,0
32,1,0.7283950617283951,1,checkpoints/sudoku_extreme_hf/checkpoint,21,1,blanks_1,35.360597187500176,0,138,fixed_point,1,changed_wrong,0.7037037037037037,6,1,0,1,0,0
32,1,0.6666666666666666,1,checkpoints/sudoku_extreme_hf/checkpoint,26,1,blanks_1,35.360597187500176,0,139,fixed_point,1,changed_wrong,0.6419753086419753,21,1,0,1,0,0
32,1,0.8395061728395061,1,checkpoints/sudoku_extreme_hf/checkpoint,13,1,blanks_1,35.360597187500176,0,140,fixed_point,1,changed_wrong,0.7901234567901234,6,1,0,1,0,0
32,1,1.0,0,checkpoints/sudoku_extreme_hf/checkpoint,0,1,blanks_1,35.360597187500176,1,141,fixed_point,0,stable_correct,1.0,0,1,1,0,0,0
32,1,0.9506172839506173,1,checkpoints/sudoku_extreme_hf/checkpoint,4,1,blanks_1,35.360597187500176,0,142,fixed_point,1,changed_wrong,0.7654320987654321,19,0,0,1,17,0
32,1,0.7037037037037037,1,checkpoints/sudoku_extreme_hf/checkpoint,23,1,blanks_1,35.360597187500176,0,143,fixed_point,1,changed_wrong,0.7037037037037037,23,1,0,1,0,0
32,1,1.0,1,checkpoints/sudoku_extreme_hf/checkpoint,0,1,blanks_1,35.360597187500176,1,144,fixed_point,0,became_wrong,0.7160493827160493,23,1,0,1,0,0
32,1,0.8395061728395061,1,checkpoints/sudoku_extreme_hf/checkpoint,13,1,blanks_1,35.360597187500176,0,145,fixed_point,1,changed_wrong,0.691358024691358,19,1,0,1,0,0
32,1,0.7530864197530864,1,checkpoints/sudoku_extreme_hf/checkpoint,20,1,blanks_1,35.360597187500176,0,146,fixed_point,1,changed_wrong,0.7654320987654321,25,1,0,1,0,0
32,1,0.8765432098765432,1,checkpoints/sudoku_extreme_hf/checkpoint,9,1,blanks_1,35.360597187500176,0,147,fixed_point,1,changed_wrong,0.8148148148148148,15,1,0,1,0,0
32,1,0.6419753086419753,1,checkpoints/sudoku_extreme_hf/checkpoint,29,1,blanks_1,35.360597187500176,0,148,fixed_point,1,changed_wrong,0.5925925925925926,18,1,0,1,0,0
32,1,0.7037037037037037,1,checkpoints/sudoku_extreme_hf/checkpoint,24,1,blanks_1,35.360597187500176,0,149,fixed_point,1,changed_wrong,0.7283950617283951,15,1,0,1,0,0
32,1,0.7160493827160493,1,checkpoints/sudoku_extreme_hf/checkpoint,23,1,blanks_1,35.360597187500176,0,150,fixed_point,1,changed_wrong,0.6419753086419753,8,1,0,1,0,0
32,1,0.7530864197530864,1,checkpoints/sudoku_extreme_hf/checkpoint,20,1,blanks_1,35.360597187500176,0,151,fixed_point,1,changed_wrong,0.7037037037037037,15,1,0,1,0,0
32,1,0.8271604938271605,1,checkpoints/sudoku_extreme_hf/checkpoint,13,1,blanks_1,35.360597187500176,0,152,fixed_point,1,changed_wrong,0.7283950617283951,16,1,0,1,0,0
32,1,0.6296296296296297,1,checkpoints/sudoku_extreme_hf/checkpoint,30,0,blanks_1,35.360597187500176,0,153,fixed_point,1,changed_wrong,0.5802469135802469,16,1,0,1,0,32
32,1,0.9135802469135802,1,checkpoints/sudoku_extreme_hf/checkpoint,7,1,blanks_1,35.360597187500176,0,154,fixed_point,1,changed_wrong,0.9506172839506173,4,1,0,1,0,0
32,1,0.7654320987654321,1,checkpoints/sudoku_extreme_hf/checkpoint,18,1,blanks_1,35.360597187500176,0,155,fixed_point,1,changed_wrong,0.7530864197530864,11,1,0,1,0,0
32,1,0.9259259259259259,0,checkpoints/sudoku_extreme_hf/checkpoint,6,1,blanks_1,35.360597187500176,0,156,fixed_point,1,invalid_fixed_point,0.9259259259259259,0,1,0,0,0,0
32,1,0.8518518518518519,1,checkpoints/sudoku_extreme_hf/checkpoint,12,1,blanks_1,35.360597187500176,0,157,fixed_point,1,changed_wrong,0.8395061728395061,16,1,0,1,0,0
32,1,0.8518518518518519,1,checkpoints/sudoku_extreme_hf/checkpoint,12,1,blanks_1,35.360597187500176,0,158,fixed_point,1,changed_wrong,0.8271604938271605,6,1,0,1,0,0
32,1,0.8518518518518519,1,checkpoints/sudoku_extreme_hf/checkpoint,11,1,blanks_1,35.360597187500176,0,159,fixed_point,1,changed_wrong,0.8888888888888888,9,1,0,1,0,0
32,1,0.691358024691358,1,checkpoints/sudoku_extreme_hf/checkpoint,24,1,blanks_1,42.105305125000214,0,160,fixed_point,1,changed_wrong,0.5925925925925926,26,1,0,1,0,0
32,1,0.7037037037037037,1,checkpoints/sudoku_extreme_hf/checkpoint,23,1,blanks_1,42.105305125000214,0,161,fixed_point,1,changed_wrong,0.691358024691358,11,1,0,1,0,0
32,1,0.8271604938271605,1,checkpoints/sudoku_extreme_hf/checkpoint,14,1,blanks_1,42.105305125000214,0,162,fixed_point,1,changed_wrong,0.8641975308641975,4,1,0,1,0,0
32,1,0.691358024691358,1,checkpoints/sudoku_extreme_hf/checkpoint,25,1,blanks_1,42.105305125000214,0,163,fixed_point,1,changed_wrong,0.6419753086419753,16,1,0,1,0,0
32,1,0.8765432098765432,1,checkpoints/sudoku_extreme_hf/checkpoint,10,1,blanks_1,42.105305125000214,0,164,fixed_point,1,changed_wrong,0.9259259259259259,4,1,0,1,0,0
32,1,0.6172839506172839,1,checkpoints/sudoku_extreme_hf/checkpoint,30,0,blanks_1,42.105305125000214,0,165,fixed_point,1,changed_wrong,0.6296296296296297,16,0,0,1,20,16
32,1,0.9012345679012346,1,checkpoints/sudoku_extreme_hf/checkpoint,8,1,blanks_1,42.105305125000214,0,166,fixed_point,1,changed_wrong,0.8765432098765432,12,1,0,1,0,0
32,1,0.9135802469135802,1,checkpoints/sudoku_extreme_hf/checkpoint,6,1,blanks_1,42.105305125000214,0,167,fixed_point,1,changed_wrong,0.654320987654321,24,1,0,1,0,0
32,1,0.8641975308641975,1,checkpoints/sudoku_extreme_hf/checkpoint,11,1,blanks_1,42.105305125000214,0,168,fixed_point,1,changed_wrong,0.691358024691358,28,0,0,1,19,0
32,1,0.8271604938271605,1,checkpoints/sudoku_extreme_hf/checkpoint,14,1,blanks_1,42.105305125000214,0,169,fixed_point,1,changed_wrong,0.8024691358024691,20,1,0,1,0,0
32,1,0.691358024691358,1,checkpoints/sudoku_extreme_hf/checkpoint,24,0,blanks_1,42.105305125000214,0,170,fixed_point,1,changed_wrong,0.6049382716049383,27,1,0,1,0,11
32,1,0.9012345679012346,1,checkpoints/sudoku_extreme_hf/checkpoint,7,1,blanks_1,42.105305125000214,0,171,fixed_point,1,changed_wrong,0.654320987654321,28,1,0,1,0,0
32,1,0.7037037037037037,1,checkpoints/sudoku_extreme_hf/checkpoint,24,1,blanks_1,42.105305125000214,0,172,fixed_point,1,changed_wrong,0.6666666666666666,4,1,0,1,0,0
32,1,0.8765432098765432,1,checkpoints/sudoku_extreme_hf/checkpoint,10,1,blanks_1,42.105305125000214,0,173,fixed_point,1,changed_wrong,0.7160493827160493,26,1,0,1,0,0
32,1,0.7160493827160493,1,checkpoints/sudoku_extreme_hf/checkpoint,23,1,blanks_1,42.105305125000214,0,174,fixed_point,1,changed_wrong,0.654320987654321,14,1,0,1,0,0
32,1,0.5802469135802469,1,checkpoints/sudoku_extreme_hf/checkpoint,34,1,blanks_1,42.105305125000214,0,175,fixed_point,1,changed_wrong,0.6296296296296297,16,1,0,1,0,0
32,1,0.8518518518518519,0,checkpoints/sudoku_extreme_hf/checkpoint,12,1,blanks_1,42.105305125000214,0,176,fixed_point,1,invalid_fixed_point,0.8518518518518519,0,1,0,0,0,0
32,1,1.0,0,checkpoints/sudoku_extreme_hf/checkpoint,0,1,blanks_1,42.105305125000214,1,177,fixed_point,0,stable_correct,1.0,0,1,1,0,0,0
32,1,0.8518518518518519,0,checkpoints/sudoku_extreme_hf/checkpoint,12,1,blanks_1,42.105305125000214,0,178,fixed_point,1,invalid_fixed_point,0.8518518518518519,0,1,0,0,0,0
32,1,0.7530864197530864,1,checkpoints/sudoku_extreme_hf/checkpoint,20,1,blanks_1,42.105305125000214,0,179,fixed_point,1,changed_wrong,0.6296296296296297,12,1,0,1,0,0
32,1,0.9506172839506173,1,checkpoints/sudoku_extreme_hf/checkpoint,4,1,blanks_1,42.105305125000214,0,180,fixed_point,1,changed_wrong,0.6419753086419753,31,1,0,1,0,0
32,1,0.9135802469135802,1,checkpoints/sudoku_extreme_hf/checkpoint,7,1,blanks_1,42.105305125000214,0,181,fixed_point,1,changed_wrong,0.7777777777777778,18,1,0,1,0,0
32,1,0.7037037037037037,0,checkpoints/sudoku_extreme_hf/checkpoint,23,1,blanks_1,42.105305125000214,0,182,fixed_point,1,invalid_fixed_point,0.7037037037037037,0,1,0,0,0,0
32,1,0.7283950617283951,1,checkpoints/sudoku_extreme_hf/checkpoint,22,0,blanks_1,42.105305125000214,0,183,fixed_point,1,changed_wrong,0.6790123456790124,6,1,0,1,0,14
32,1,0.9259259259259259,1,checkpoints/sudoku_extreme_hf/checkpoint,6,1,blanks_1,42.105305125000214,0,184,fixed_point,1,changed_wrong,0.7407407407407407,16,1,0,1,0,0
32,1,0.8765432098765432,1,checkpoints/sudoku_extreme_hf/checkpoint,9,1,blanks_1,42.105305125000214,0,185,fixed_point,1,changed_wrong,0.691358024691358,21,0,0,1,19,0
32,1,0.7160493827160493,1,checkpoints/sudoku_extreme_hf/checkpoint,22,1,blanks_1,42.105305125000214,0,186,fixed_point,1,changed_wrong,0.7037037037037037,18,1,0,1,0,0
32,1,0.7654320987654321,1,checkpoints/sudoku_extreme_hf/checkpoint,18,1,blanks_1,42.105305125000214,0,187,fixed_point,1,changed_wrong,0.7037037037037037,16,1,0,1,0,0
32,1,0.8271604938271605,1,checkpoints/sudoku_extreme_hf/checkpoint,14,1,blanks_1,42.105305125000214,0,188,fixed_point,1,changed_wrong,0.654320987654321,20,0,0,1,22,0
32,1,0.7777777777777778,1,checkpoints/sudoku_extreme_hf/checkpoint,18,1,blanks_1,42.105305125000214,0,189,fixed_point,1,changed_wrong,0.6172839506172839,23,0,0,1,26,0
32,1,0.9506172839506173,1,checkpoints/sudoku_extreme_hf/checkpoint,4,1,blanks_1,42.105305125000214,0,190,fixed_point,1,changed_wrong,0.9629629629629629,6,0,0,1,3,0
32,1,0.691358024691358,1,checkpoints/sudoku_extreme_hf/checkpoint,25,1,blanks_1,42.105305125000214,0,191,fixed_point,1,changed_wrong,0.7160493827160493,20,1,0,1,0,0
32,1,0.7901234567901234,1,checkpoints/sudoku_extreme_hf/checkpoint,17,1,blanks_1,44.85936124999945,0,192,fixed_point,1,changed_wrong,0.7530864197530864,24,1,0,1,0,0
32,1,0.7654320987654321,1,checkpoints/sudoku_extreme_hf/checkpoint,19,1,blanks_1,44.85936124999945,0,193,fixed_point,1,changed_wrong,0.7530864197530864,21,1,0,1,0,0
32,1,0.691358024691358,1,checkpoints/sudoku_extreme_hf/checkpoint,24,1,blanks_1,44.85936124999945,0,194,fixed_point,1,changed_wrong,0.5802469135802469,32,1,0,1,0,0
32,1,0.6790123456790124,1,checkpoints/sudoku_extreme_hf/checkpoint,26,1,blanks_1,44.85936124999945,0,195,fixed_point,1,changed_wrong,0.5555555555555556,31,1,0,1,0,0
32,1,0.5925925925925926,1,checkpoints/sudoku_extreme_hf/checkpoint,32,1,blanks_1,44.85936124999945,0,196,fixed_point,1,changed_wrong,0.6296296296296297,18,1,0,1,0,0
32,1,0.691358024691358,1,checkpoints/sudoku_extreme_hf/checkpoint,25,1,blanks_1,44.85936124999945,0,197,fixed_point,1,changed_wrong,0.7283950617283951,19,1,0,1,0,0
32,1,0.6790123456790124,1,checkpoints/sudoku_extreme_hf/checkpoint,26,1,blanks_1,44.85936124999945,0,198,fixed_point,1,changed_wrong,0.7037037037037037,9,1,0,1,0,0
32,1,0.7037037037037037,1,checkpoints/sudoku_extreme_hf/checkpoint,24,0,blanks_1,44.85936124999945,0,199,fixed_point,1,changed_wrong,0.6049382716049383,30,1,0,1,0,21
32,1,0.691358024691358,1,checkpoints/sudoku_extreme_hf/checkpoint,24,1,blanks_1,44.85936124999945,0,200,fixed_point,1,changed_wrong,0.6296296296296297,11,1,0,1,0,0
32,1,0.6790123456790124,1,checkpoints/sudoku_extreme_hf/checkpoint,25,1,blanks_1,44.85936124999945,0,201,fixed_point,1,changed_wrong,0.691358024691358,17,1,0,1,0,0
32,1,0.7530864197530864,1,checkpoints/sudoku_extreme_hf/checkpoint,19,1,blanks_1,44.85936124999945,0,202,fixed_point,1,changed_wrong,0.6666666666666666,23,1,0,1,0,0
32,1,0.8888888888888888,1,checkpoints/sudoku_extreme_hf/checkpoint,9,1,blanks_1,44.85936124999945,0,203,fixed_point,1,changed_wrong,0.7530864197530864,12,1,0,1,0,0
32,1,0.9012345679012346,1,checkpoints/sudoku_extreme_hf/checkpoint,8,1,blanks_1,44.85936124999945,0,204,fixed_point,1,changed_wrong,0.8518518518518519,4,1,0,1,0,0
32,1,0.654320987654321,1,checkpoints/sudoku_extreme_hf/checkpoint,27,1,blanks_1,44.85936124999945,0,205,fixed_point,1,changed_wrong,0.5925925925925926,14,1,0,1,0,0
32,1,0.9506172839506173,1,checkpoints/sudoku_extreme_hf/checkpoint,4,1,blanks_1,44.85936124999945,0,206,fixed_point,1,changed_wrong,0.9135802469135802,11,1,0,1,0,0
32,1,0.8765432098765432,1,checkpoints/sudoku_extreme_hf/checkpoint,9,1,blanks_1,44.85936124999945,0,207,fixed_point,1,changed_wrong,0.691358024691358,22,1,0,1,0,0
32,1,0.7160493827160493,1,checkpoints/sudoku_extreme_hf/checkpoint,22,1,blanks_1,44.85936124999945,0,208,fixed_point,1,changed_wrong,0.7160493827160493,19,0,0,1,12,0
32,1,0.8024691358024691,0,checkpoints/sudoku_extreme_hf/checkpoint,16,1,blanks_1,44.85936124999945,0,209,fixed_point,1,invalid_fixed_point,0.8024691358024691,0,1,0,0,0,0
32,1,0.8641975308641975,1,checkpoints/sudoku_extreme_hf/checkpoint,11,1,blanks_1,44.85936124999945,0,210,fixed_point,1,changed_wrong,0.6172839506172839,27,0,0,1,16,0
32,1,0.7160493827160493,1,checkpoints/sudoku_extreme_hf/checkpoint,22,1,blanks_1,44.85936124999945,0,211,fixed_point,1,changed_wrong,0.691358024691358,4,1,0,1,0,0
32,1,0.8024691358024691,1,checkpoints/sudoku_extreme_hf/checkpoint,15,1,blanks_1,44.85936124999945,0,212,fixed_point,1,changed_wrong,0.6419753086419753,26,1,0,1,0,0
32,1,0.7901234567901234,1,checkpoints/sudoku_extreme_hf/checkpoint,17,1,blanks_1,44.85936124999945,0,213,fixed_point,1,changed_wrong,0.7037037037037037,14,1,0,1,0,0
32,1,0.7530864197530864,1,checkpoints/sudoku_extreme_hf/checkpoint,20,1,blanks_1,44.85936124999945,0,214,fixed_point,1,changed_wrong,0.7160493827160493,11,1,0,1,0,0
32,1,0.7407407407407407,1,checkpoints/sudoku_extreme_hf/checkpoint,20,1,blanks_1,44.85936124999945,0,215,fixed_point,1,changed_wrong,0.7160493827160493,4,1,0,1,0,0
32,1,0.7037037037037037,1,checkpoints/sudoku_extreme_hf/checkpoint,24,1,blanks_1,44.85936124999945,0,216,fixed_point,1,changed_wrong,0.6049382716049383,15,1,0,1,0,0
32,1,0.9259259259259259,1,checkpoints/sudoku_extreme_hf/checkpoint,6,1,blanks_1,44.85936124999945,0,217,fixed_point,1,changed_wrong,0.7777777777777778,14,1,0,1,0,0
32,1,1.0,0,checkpoints/sudoku_extreme_hf/checkpoint,0,1,blanks_1,44.85936124999945,1,218,fixed_point,0,stable_correct,1.0,0,1,1,0,0,0
32,1,0.7901234567901234,1,checkpoints/sudoku_extreme_hf/checkpoint,17,1,blanks_1,44.85936124999945,0,219,fixed_point,1,changed_wrong,0.6790123456790124,12,1,0,1,0,0
32,1,1.0,1,checkpoints/sudoku_extreme_hf/checkpoint,0,1,blanks_1,44.85936124999945,1,220,fixed_point,0,became_wrong,0.9506172839506173,4,1,0,1,0,0
32,1,0.654320987654321,1,checkpoints/sudoku_extreme_hf/checkpoint,28,1,blanks_1,44.85936124999945,0,221,fixed_point,1,changed_wrong,0.654320987654321,16,1,0,1,0,0
32,1,1.0,0,checkpoints/sudoku_extreme_hf/checkpoint,0,1,blanks_1,44.85936124999945,1,222,fixed_point,0,stable_correct,1.0,0,1,1,0,0,0
32,1,1.0,1,checkpoints/sudoku_extreme_hf/checkpoint,0,1,blanks_1,44.85936124999945,1,223,fixed_point,0,became_wrong,0.6666666666666666,27,1,0,1,0,0
32,1,0.654320987654321,1,checkpoints/sudoku_extreme_hf/checkpoint,27,1,blanks_1,42.41323543750042,0,224,fixed_point,1,changed_wrong,0.5925925925925926,16,1,0,1,0,0
32,1,0.8148148148148148,1,checkpoints/sudoku_extreme_hf/checkpoint,15,1,blanks_1,42.41323543750042,0,225,fixed_point,1,changed_wrong,0.8518518518518519,7,0,0,1,5,0
32,1,0.9506172839506173,1,checkpoints/sudoku_extreme_hf/checkpoint,4,1,blanks_1,42.41323543750042,0,226,fixed_point,1,changed_wrong,0.8641975308641975,14,1,0,1,0,0
32,1,0.7901234567901234,1,checkpoints/sudoku_extreme_hf/checkpoint,17,1,blanks_1,42.41323543750042,0,227,fixed_point,1,changed_wrong,0.6419753086419753,23,1,0,1,0,0
32,1,0.8395061728395061,1,checkpoints/sudoku_extreme_hf/checkpoint,13,1,blanks_1,42.41323543750042,0,228,fixed_point,1,changed_wrong,0.6172839506172839,23,1,0,1,0,0
32,1,0.7037037037037037,1,checkpoints/sudoku_extreme_hf/checkpoint,23,1,blanks_1,42.41323543750042,0,229,fixed_point,1,changed_wrong,0.7407407407407407,6,1,0,1,0,0
32,1,0.7037037037037037,1,checkpoints/sudoku_extreme_hf/checkpoint,24,1,blanks_1,42.41323543750042,0,230,fixed_point,1,changed_wrong,0.6296296296296297,18,1,0,1,0,0
32,1,0.8395061728395061,1,checkpoints/sudoku_extreme_hf/checkpoint,12,1,blanks_1,42.41323543750042,0,231,fixed_point,1,changed_wrong,0.6419753086419753,24,0,0,1,25,0
32,1,0.8641975308641975,1,checkpoints/sudoku_extreme_hf/checkpoint,10,1,blanks_1,42.41323543750042,0,232,fixed_point,1,changed_wrong,0.8765432098765432,14,1,0,1,0,0
32,1,0.6666666666666666,1,checkpoints/sudoku_extreme_hf/checkpoint,26,1,blanks_1,42.41323543750042,0,233,fixed_point,1,changed_wrong,0.5802469135802469,26,1,0,1,0,0
32,1,0.7530864197530864,1,checkpoints/sudoku_extreme_hf/checkpoint,19,1,blanks_1,42.41323543750042,0,234,fixed_point,1,changed_wrong,0.5925925925925926,30,1,0,1,0,0
32,1,0.7160493827160493,1,checkpoints/sudoku_extreme_hf/checkpoint,23,1,blanks_1,42.41323543750042,0,235,fixed_point,1,changed_wrong,0.6296296296296297,17,1,0,1,0,0
32,1,1.0,1,checkpoints/sudoku_extreme_hf/checkpoint,0,1,blanks_1,42.41323543750042,1,236,fixed_point,0,became_wrong,0.8271604938271605,14,1,0,1,0,0
32,1,0.7283950617283951,1,checkpoints/sudoku_extreme_hf/checkpoint,22,0,blanks_1,42.41323543750042,0,237,fixed_point,1,changed_wrong,0.6172839506172839,19,1,0,1,0,19
32,1,0.7901234567901234,1,checkpoints/sudoku_extreme_hf/checkpoint,17,1,blanks_1,42.41323543750042,0,238,fixed_point,1,changed_wrong,0.691358024691358,20,1,0,1,0,0
32,1,0.7407407407407407,1,checkpoints/sudoku_extreme_hf/checkpoint,21,1,blanks_1,42.41323543750042,0,239,fixed_point,1,changed_wrong,0.6172839506172839,28,1,0,1,0,0
32,1,0.9629629629629629,1,checkpoints/sudoku_extreme_hf/checkpoint,3,0,blanks_1,42.41323543750042,0,240,fixed_point,1,changed_wrong,0.7777777777777778,15,1,0,1,0,3
32,1,0.6419753086419753,1,checkpoints/sudoku_extreme_hf/checkpoint,28,1,blanks_1,42.41323543750042,0,241,fixed_point,1,changed_wrong,0.654320987654321,7,1,0,1,0,0
32,1,0.8518518518518519,1,checkpoints/sudoku_extreme_hf/checkpoint,12,1,blanks_1,42.41323543750042,0,242,fixed_point,1,changed_wrong,0.8024691358024691,4,1,0,1,0,0
32,1,0.654320987654321,1,checkpoints/sudoku_extreme_hf/checkpoint,27,1,blanks_1,42.41323543750042,0,243,fixed_point,1,changed_wrong,0.654320987654321,24,1,0,1,0,0
32,1,0.9506172839506173,1,checkpoints/sudoku_extreme_hf/checkpoint,4,1,blanks_1,42.41323543750042,0,244,fixed_point,1,changed_wrong,0.8765432098765432,6,1,0,1,0,0
32,1,0.7654320987654321,1,checkpoints/sudoku_extreme_hf/checkpoint,18,1,blanks_1,42.41323543750042,0,245,fixed_point,1,changed_wrong,0.7037037037037037,32,1,0,1,0,0
32,1,0.8888888888888888,1,checkpoints/sudoku_extreme_hf/checkpoint,8,1,blanks_1,42.41323543750042,0,246,fixed_point,1,changed_wrong,0.8024691358024691,13,1,0,1,0,0
32,1,0.9259259259259259,0,checkpoints/sudoku_extreme_hf/checkpoint,6,1,blanks_1,42.41323543750042,0,247,fixed_point,1,invalid_fixed_point,0.9259259259259259,0,1,0,0,0,0
32,1,1.0,1,checkpoints/sudoku_extreme_hf/checkpoint,0,1,blanks_1,42.41323543750042,1,248,fixed_point,0,became_wrong,0.9506172839506173,4,1,0,1,0,0
32,1,0.7530864197530864,1,checkpoints/sudoku_extreme_hf/checkpoint,20,1,blanks_1,42.41323543750042,0,249,fixed_point,1,changed_wrong,0.6419753086419753,15,1,0,1,0,0
32,1,0.8024691358024691,1,checkpoints/sudoku_extreme_hf/checkpoint,15,1,blanks_1,42.41323543750042,0,250,fixed_point,1,changed_wrong,0.8395061728395061,4,1,0,1,0,0
32,1,0.9506172839506173,0,checkpoints/sudoku_extreme_hf/checkpoint,4,1,blanks_1,42.41323543750042,0,251,fixed_point,1,invalid_fixed_point,0.9506172839506173,0,1,0,0,0,0
32,1,0.7777777777777778,1,checkpoints/sudoku_extreme_hf/checkpoint,18,1,blanks_1,42.41323543750042,0,252,fixed_point,1,changed_wrong,0.7037037037037037,25,1,0,1,0,0
32,1,0.8518518518518519,1,checkpoints/sudoku_extreme_hf/checkpoint,12,1,blanks_1,42.41323543750042,0,253,fixed_point,1,changed_wrong,0.6172839506172839,29,1,0,1,0,0
32,1,0.7160493827160493,1,checkpoints/sudoku_extreme_hf/checkpoint,23,1,blanks_1,42.41323543750042,0,254,fixed_point,1,changed_wrong,0.6172839506172839,20,1,0,1,0,0
32,1,0.9259259259259259,1,checkpoints/sudoku_extreme_hf/checkpoint,6,1,blanks_1,42.41323543750042,0,255,fixed_point,1,changed_wrong,0.7037037037037037,28,1,0,1,0,0
32,1,1.0,1,checkpoints/sudoku_extreme_hf/checkpoint,0,1,blanks_1,34.567390343751114,1,256,fixed_point,0,became_wrong,0.8024691358024691,16,1,0,1,0,0
32,1,0.9012345679012346,1,checkpoints/sudoku_extreme_hf/checkpoint,8,1,blanks_1,34.567390343751114,0,257,fixed_point,1,changed_wrong,0.8888888888888888,13,0,0,1,9,0
32,1,0.8518518518518519,1,checkpoints/sudoku_extreme_hf/checkpoint,12,1,blanks_1,34.567390343751114,0,258,fixed_point,1,changed_wrong,0.7283950617283951,10,1,0,1,0,0
32,1,0.9259259259259259,1,checkpoints/sudoku_extreme_hf/checkpoint,6,1,blanks_1,34.567390343751114,0,259,fixed_point,1,changed_wrong,0.9012345679012346,8,1,0,1,0,0
32,1,0.6419753086419753,1,checkpoints/sudoku_extreme_hf/checkpoint,28,1,blanks_1,34.567390343751114,0,260,fixed_point,1,changed_wrong,0.6049382716049383,10,1,0,1,0,0
32,1,0.9259259259259259,1,checkpoints/sudoku_extreme_hf/checkpoint,6,1,blanks_1,34.567390343751114,0,261,fixed_point,1,changed_wrong,0.6296296296296297,25,1,0,1,0,0
32,1,0.7283950617283951,1,checkpoints/sudoku_extreme_hf/checkpoint,22,1,blanks_1,34.567390343751114,0,262,fixed_point,1,changed_wrong,0.7407407407407407,18,1,0,1,0,0
32,1,0.8024691358024691,1,checkpoints/sudoku_extreme_hf/checkpoint,16,1,blanks_1,34.567390343751114,0,263,fixed_point,1,changed_wrong,0.7901234567901234,9,1,0,1,0,0
32,1,0.7037037037037037,1,checkpoints/sudoku_extreme_hf/checkpoint,24,1,blanks_1,34.567390343751114,0,264,fixed_point,1,changed_wrong,0.5308641975308642,32,1,0,1,0,0
32,1,0.9259259259259259,1,checkpoints/sudoku_extreme_hf/checkpoint,6,1,blanks_1,34.567390343751114,0,265,fixed_point,1,changed_wrong,0.9259259259259259,6,1,0,1,0,0
32,1,1.0,1,checkpoints/sudoku_extreme_hf/checkpoint,0,1,blanks_1,34.567390343751114,1,266,fixed_point,0,became_wrong,0.7037037037037037,24,1,0,1,0,0
32,1,0.691358024691358,1,checkpoints/sudoku_extreme_hf/checkpoint,25,1,blanks_1,34.567390343751114,0,267,fixed_point,1,changed_wrong,0.6419753086419753,17,1,0,1,0,0
32,1,0.7654320987654321,1,checkpoints/sudoku_extreme_hf/checkpoint,19,0,blanks_1,34.567390343751114,0,268,fixed_point,1,changed_wrong,0.7407407407407407,17,0,0,1,9,15
32,1,0.9012345679012346,1,checkpoints/sudoku_extreme_hf/checkpoint,8,1,blanks_1,34.567390343751114,0,269,fixed_point,1,changed_wrong,0.6790123456790124,21,1,0,1,0,0
32,1,1.0,1,checkpoints/sudoku_extreme_hf/checkpoint,0,1,blanks_1,34.567390343751114,1,270,fixed_point,0,became_wrong,0.7530864197530864,20,1,0,1,0,0
32,1,0.6666666666666666,1,checkpoints/sudoku_extreme_hf/checkpoint,27,1,blanks_1,34.567390343751114,0,271,fixed_point,1,changed_wrong,0.6296296296296297,9,1,0,1,0,0
32,1,0.6419753086419753,1,checkpoints/sudoku_extreme_hf/checkpoint,29,1,blanks_1,34.567390343751114,0,272,fixed_point,1,changed_wrong,0.5925925925925926,24,1,0,1,0,0
32,1,0.7037037037037037,1,checkpoints/sudoku_extreme_hf/checkpoint,23,1,blanks_1,34.567390343751114,0,273,fixed_point,1,changed_wrong,0.7037037037037037,30,1,0,1,0,0
32,1,1.0,0,checkpoints/sudoku_extreme_hf/checkpoint,0,1,blanks_1,34.567390343751114,1,274,fixed_point,0,stable_correct,1.0,0,1,1,0,0,0
32,1,0.7654320987654321,1,checkpoints/sudoku_extreme_hf/checkpoint,18,1,blanks_1,34.567390343751114,0,275,fixed_point,1,changed_wrong,0.654320987654321,15,1,0,1,0,0
32,1,1.0,1,checkpoints/sudoku_extreme_hf/checkpoint,0,1,blanks_1,34.567390343751114,1,276,fixed_point,0,became_wrong,0.7654320987654321,19,1,0,1,0,0
32,1,0.8518518518518519,1,checkpoints/sudoku_extreme_hf/checkpoint,12,1,blanks_1,34.567390343751114,0,277,fixed_point,1,changed_wrong,0.8888888888888888,4,1,0,1,0,0
32,1,0.7777777777777778,1,checkpoints/sudoku_extreme_hf/checkpoint,18,1,blanks_1,34.567390343751114,0,278,fixed_point,1,changed_wrong,0.8024691358024691,4,1,0,1,0,0
32,1,0.6666666666666666,1,checkpoints/sudoku_extreme_hf/checkpoint,27,1,blanks_1,34.567390343751114,0,279,fixed_point,1,changed_wrong,0.5555555555555556,18,1,0,1,0,0
32,1,0.691358024691358,1,checkpoints/sudoku_extreme_hf/checkpoint,24,1,blanks_1,34.567390343751114,0,280,fixed_point,1,changed_wrong,0.691358024691358,10,1,0,1,0,0
32,1,0.7530864197530864,1,checkpoints/sudoku_extreme_hf/checkpoint,20,0,blanks_1,34.567390343751114,0,281,fixed_point,1,changed_wrong,0.6419753086419753,23,0,0,1,19,28
32,1,1.0,1,checkpoints/sudoku_extreme_hf/checkpoint,0,1,blanks_1,34.567390343751114,1,282,fixed_point,0,became_wrong,0.8271604938271605,14,1,0,1,0,0
32,1,0.9135802469135802,1,checkpoints/sudoku_extreme_hf/checkpoint,7,1,blanks_1,34.567390343751114,0,283,fixed_point,1,changed_wrong,0.7530864197530864,16,1,0,1,0,0
32,1,0.8271604938271605,1,checkpoints/sudoku_extreme_hf/checkpoint,14,1,blanks_1,34.567390343751114,0,284,fixed_point,1,changed_wrong,0.8888888888888888,13,1,0,1,0,0
32,1,0.7407407407407407,1,checkpoints/sudoku_extreme_hf/checkpoint,20,1,blanks_1,34.567390343751114,0,285,fixed_point,1,changed_wrong,0.7037037037037037,14,1,0,1,0,0
32,1,0.7037037037037037,1,checkpoints/sudoku_extreme_hf/checkpoint,24,1,blanks_1,34.567390343751114,0,286,fixed_point,1,changed_wrong,0.6790123456790124,11,1,0,1,0,0
32,1,0.7654320987654321,1,checkpoints/sudoku_extreme_hf/checkpoint,18,1,blanks_1,34.567390343751114,0,287,fixed_point,1,changed_wrong,0.5679012345679012,22,1,0,1,0,0
32,1,0.9012345679012346,1,checkpoints/sudoku_extreme_hf/checkpoint,8,1,blanks_1,36.40967996875055,0,288,fixed_point,1,changed_wrong,0.8641975308641975,4,1,0,1,0,0
32,1,0.8271604938271605,0,checkpoints/sudoku_extreme_hf/checkpoint,14,1,blanks_1,36.40967996875055,0,289,fixed_point,1,invalid_fixed_point,0.8271604938271605,0,1,0,0,0,0
32,1,0.7901234567901234,1,checkpoints/sudoku_extreme_hf/checkpoint,17,1,blanks_1,36.40967996875055,0,290,fixed_point,1,changed_wrong,0.9012345679012346,19,1,0,1,0,0
32,1,0.6790123456790124,1,checkpoints/sudoku_extreme_hf/checkpoint,25,1,blanks_1,36.40967996875055,0,291,fixed_point,1,changed_wrong,0.6049382716049383,22,1,0,1,0,0
32,1,0.6666666666666666,1,checkpoints/sudoku_extreme_hf/checkpoint,26,1,blanks_1,36.40967996875055,0,292,fixed_point,1,changed_wrong,0.654320987654321,8,1,0,1,0,0
32,1,0.8518518518518519,1,checkpoints/sudoku_extreme_hf/checkpoint,12,1,blanks_1,36.40967996875055,0,293,fixed_point,1,changed_wrong,0.8024691358024691,6,1,0,1,0,0
32,1,0.7530864197530864,1,checkpoints/sudoku_extreme_hf/checkpoint,20,1,blanks_1,36.40967996875055,0,294,fixed_point,1,changed_wrong,0.7160493827160493,17,1,0,1,0,0
32,1,0.6790123456790124,1,checkpoints/sudoku_extreme_hf/checkpoint,26,1,blanks_1,36.40967996875055,0,295,fixed_point,1,changed_wrong,0.6790123456790124,15,1,0,1,0,0
32,1,0.7777777777777778,1,checkpoints/sudoku_extreme_hf/checkpoint,18,1,blanks_1,36.40967996875055,0,296,fixed_point,1,changed_wrong,0.691358024691358,16,1,0,1,0,0
32,1,0.7407407407407407,1,checkpoints/sudoku_extreme_hf/checkpoint,20,1,blanks_1,36.40967996875055,0,297,fixed_point,1,changed_wrong,0.6296296296296297,18,1,0,1,0,0
32,1,0.7654320987654321,1,checkpoints/sudoku_extreme_hf/checkpoint,19,1,blanks_1,36.40967996875055,0,298,fixed_point,1,changed_wrong,0.7283950617283951,24,1,0,1,0,0
32,1,0.691358024691358,1,checkpoints/sudoku_extreme_hf/checkpoint,24,1,blanks_1,36.40967996875055,0,299,fixed_point,1,changed_wrong,0.5925925925925926,14,1,0,1,0,0
32,1,0.8641975308641975,0,checkpoints/sudoku_extreme_hf/checkpoint,11,1,blanks_1,36.40967996875055,0,300,fixed_point,1,invalid_fixed_point,0.8641975308641975,0,1,0,0,0,0
32,1,0.8518518518518519,0,checkpoints/sudoku_extreme_hf/checkpoint,12,1,blanks_1,36.40967996875055,0,301,fixed_point,1,invalid_fixed_point,0.8518518518518519,0,1,0,0,0,0
32,1,0.7407407407407407,1,checkpoints/sudoku_extreme_hf/checkpoint,21,0,blanks_1,36.40967996875055,0,302,fixed_point,1,changed_wrong,0.5679012345679012,33,1,0,1,0,27
32,1,0.8148148148148148,1,checkpoints/sudoku_extreme_hf/checkpoint,15,1,blanks_1,36.40967996875055,0,303,fixed_point,1,changed_wrong,0.7037037037037037,18,1,0,1,0,0
32,1,0.8271604938271605,1,checkpoints/sudoku_extreme_hf/checkpoint,14,1,blanks_1,36.40967996875055,0,304,fixed_point,1,changed_wrong,0.7283950617283951,19,0,0,1,19,0
32,1,0.8271604938271605,1,checkpoints/sudoku_extreme_hf/checkpoint,14,1,blanks_1,36.40967996875055,0,305,fixed_point,1,changed_wrong,0.7901234567901234,11,1,0,1,0,0
32,1,1.0,1,checkpoints/sudoku_extreme_hf/checkpoint,0,1,blanks_1,36.40967996875055,1,306,fixed_point,0,became_wrong,0.8765432098765432,10,1,0,1,0,0
32,1,0.7407407407407407,1,checkpoints/sudoku_extreme_hf/checkpoint,21,0,blanks_1,36.40967996875055,0,307,fixed_point,1,changed_wrong,0.6419753086419753,21,1,0,1,0,7
32,1,0.7901234567901234,1,checkpoints/sudoku_extreme_hf/checkpoint,17,1,blanks_1,36.40967996875055,0,308,fixed_point,1,changed_wrong,0.6296296296296297,23,1,0,1,0,0
32,1,0.8024691358024691,1,checkpoints/sudoku_extreme_hf/checkpoint,16,1,blanks_1,36.40967996875055,0,309,fixed_point,1,changed_wrong,0.5925925925925926,29,1,0,1,0,0
32,1,0.7654320987654321,1,checkpoints/sudoku_extreme_hf/checkpoint,19,0,blanks_1,36.40967996875055,0,310,fixed_point,1,changed_wrong,0.6296296296296297,25,1,0,1,0,21
32,1,0.9259259259259259,1,checkpoints/sudoku_extreme_hf/checkpoint,6,1,blanks_1,36.40967996875055,0,311,fixed_point,1,changed_wrong,0.6790123456790124,23,1,0,1,0,0
32,1,0.8148148148148148,1,checkpoints/sudoku_extreme_hf/checkpoint,14,1,blanks_1,36.40967996875055,0,312,fixed_point,1,changed_wrong,0.6790123456790124,26,1,0,1,0,0
32,1,0.691358024691358,1,checkpoints/sudoku_extreme_hf/checkpoint,25,1,blanks_1,36.40967996875055,0,313,fixed_point,1,changed_wrong,0.6172839506172839,13,1,0,1,0,0
32,1,0.7901234567901234,1,checkpoints/sudoku_extreme_hf/checkpoint,17,1,blanks_1,36.40967996875055,0,314,fixed_point,1,changed_wrong,0.7654320987654321,18,1,0,1,0,0
32,1,0.7283950617283951,1,checkpoints/sudoku_extreme_hf/checkpoint,22,1,blanks_1,36.40967996875055,0,315,fixed_point,1,changed_wrong,0.7654320987654321,4,1,0,1,0,0
32,1,0.691358024691358,1,checkpoints/sudoku_extreme_hf/checkpoint,25,1,blanks_1,36.40967996875055,0,316,fixed_point,1,changed_wrong,0.5432098765432098,24,1,0,1,0,0
32,1,0.8024691358024691,1,checkpoints/sudoku_extreme_hf/checkpoint,16,1,blanks_1,36.40967996875055,0,317,fixed_point,1,changed_wrong,0.5802469135802469,26,1,0,1,0,0
32,1,0.7777777777777778,1,checkpoints/sudoku_extreme_hf/checkpoint,18,1,blanks_1,36.40967996875055,0,318,fixed_point,1,changed_wrong,0.691358024691358,9,1,0,1,0,0
32,1,0.7654320987654321,1,checkpoints/sudoku_extreme_hf/checkpoint,19,1,blanks_1,36.40967996875055,0,319,fixed_point,1,changed_wrong,0.691358024691358,19,1,0,1,0,0
32,1,0.7901234567901234,1,checkpoints/sudoku_extreme_hf/checkpoint,17,1,blanks_1,39.79749350000006,0,320,fixed_point,1,changed_wrong,0.7160493827160493,12,1,0,1,0,0
32,1,0.7530864197530864,1,checkpoints/sudoku_extreme_hf/checkpoint,19,1,blanks_1,39.79749350000006,0,321,fixed_point,1,changed_wrong,0.7037037037037037,17,1,0,1,0,0
32,1,0.9506172839506173,1,checkpoints/sudoku_extreme_hf/checkpoint,4,1,blanks_1,39.79749350000006,0,322,fixed_point,1,changed_wrong,0.9259259259259259,10,1,0,1,0,0
32,1,0.7654320987654321,1,checkpoints/sudoku_extreme_hf/checkpoint,19,1,blanks_1,39.79749350000006,0,323,fixed_point,1,changed_wrong,0.7530864197530864,13,1,0,1,0,0
32,1,0.9506172839506173,1,checkpoints/sudoku_extreme_hf/checkpoint,4,1,blanks_1,39.79749350000006,0,324,fixed_point,1,changed_wrong,0.9012345679012346,11,1,0,1,0,0
32,1,1.0,1,checkpoints/sudoku_extreme_hf/checkpoint,0,1,blanks_1,39.79749350000006,1,325,fixed_point,0,became_wrong,0.7654320987654321,19,1,0,1,0,0
32,1,0.9135802469135802,1,checkpoints/sudoku_extreme_hf/checkpoint,7,1,blanks_1,39.79749350000006,0,326,fixed_point,1,changed_wrong,0.8518518518518519,6,1,0,1,0,0
32,1,0.7037037037037037,1,checkpoints/sudoku_extreme_hf/checkpoint,24,1,blanks_1,39.79749350000006,0,327,fixed_point,1,changed_wrong,0.6049382716049383,27,1,0,1,0,0
32,1,0.9506172839506173,1,checkpoints/sudoku_extreme_hf/checkpoint,4,1,blanks_1,39.79749350000006,0,328,fixed_point,1,changed_wrong,0.7407407407407407,18,1,0,1,0,0
32,1,0.9012345679012346,1,checkpoints/sudoku_extreme_hf/checkpoint,8,1,blanks_1,39.79749350000006,0,329,fixed_point,1,changed_wrong,0.7777777777777778,10,1,0,1,0,0
32,1,0.9259259259259259,1,checkpoints/sudoku_extreme_hf/checkpoint,6,1,blanks_1,39.79749350000006,0,330,fixed_point,1,changed_wrong,0.691358024691358,27,1,0,1,0,0
32,1,0.6790123456790124,1,checkpoints/sudoku_extreme_hf/checkpoint,26,1,blanks_1,39.79749350000006,0,331,fixed_point,1,changed_wrong,0.6296296296296297,12,1,0,1,0,0
32,1,1.0,1,checkpoints/sudoku_extreme_hf/checkpoint,0,1,blanks_1,39.79749350000006,1,332,fixed_point,0,became_wrong,0.9259259259259259,6,1,0,1,0,0
32,1,0.7654320987654321,1,checkpoints/sudoku_extreme_hf/checkpoint,18,1,blanks_1,39.79749350000006,0,333,fixed_point,1,changed_wrong,0.7283950617283951,15,0,0,1,23,0
32,1,0.8765432098765432,1,checkpoints/sudoku_extreme_hf/checkpoint,9,1,blanks_1,39.79749350000006,0,334,fixed_point,1,changed_wrong,0.7160493827160493,15,1,0,1,0,0
32,1,0.8518518518518519,1,checkpoints/sudoku_extreme_hf/checkpoint,12,1,blanks_1,39.79749350000006,0,335,fixed_point,1,changed_wrong,0.7407407407407407,25,1,0,1,0,0
32,1,0.7160493827160493,1,checkpoints/sudoku_extreme_hf/checkpoint,23,0,blanks_1,39.79749350000006,0,336,fixed_point,1,changed_wrong,0.5308641975308642,33,1,0,1,0,18
32,1,0.9012345679012346,1,checkpoints/sudoku_extreme_hf/checkpoint,8,1,blanks_1,39.79749350000006,0,337,fixed_point,1,changed_wrong,0.9506172839506173,4,1,0,1,0,0
32,1,0.8148148148148148,1,checkpoints/sudoku_extreme_hf/checkpoint,15,1,blanks_1,39.79749350000006,0,338,fixed_point,1,changed_wrong,0.7283950617283951,14,1,0,1,0,0
32,1,0.8024691358024691,1,checkpoints/sudoku_extreme_hf/checkpoint,16,1,blanks_1,39.79749350000006,0,339,fixed_point,1,changed_wrong,0.7160493827160493,9,1,0,1,0,0
32,1,0.8271604938271605,0,checkpoints/sudoku_extreme_hf/checkpoint,14,1,blanks_1,39.79749350000006,0,340,fixed_point,1,invalid_fixed_point,0.8271604938271605,0,1,0,0,0,0
32,1,0.9506172839506173,1,checkpoints/sudoku_extreme_hf/checkpoint,4,1,blanks_1,39.79749350000006,0,341,fixed_point,1,changed_wrong,0.9259259259259259,9,1,0,1,0,0
32,1,0.6790123456790124,1,checkpoints/sudoku_extreme_hf/checkpoint,25,0,blanks_1,39.79749350000006,0,342,fixed_point,1,changed_wrong,0.6666666666666666,19,1,0,1,0,18
32,1,0.7283950617283951,1,checkpoints/sudoku_extreme_hf/checkpoint,21,1,blanks_1,39.79749350000006,0,343,fixed_point,1,changed_wrong,0.9012345679012346,17,1,0,1,0,0
32,1,0.7160493827160493,0,checkpoints/sudoku_extreme_hf/checkpoint,22,1,blanks_1,39.79749350000006,0,344,fixed_point,1,invalid_fixed_point,0.7160493827160493,0,1,0,0,0,0
32,1,0.8395061728395061,0,checkpoints/sudoku_extreme_hf/checkpoint,13,1,blanks_1,39.79749350000006,0,345,fixed_point,1,invalid_fixed_point,0.8395061728395061,0,1,0,0,0,0
32,1,0.9506172839506173,1,checkpoints/sudoku_extreme_hf/checkpoint,4,1,blanks_1,39.79749350000006,0,346,fixed_point,1,changed_wrong,0.9012345679012346,4,1,0,1,0,0
32,1,1.0,1,checkpoints/sudoku_extreme_hf/checkpoint,0,1,blanks_1,39.79749350000006,1,347,fixed_point,0,became_wrong,0.8024691358024691,16,0,0,1,23,0
32,1,1.0,1,checkpoints/sudoku_extreme_hf/checkpoint,0,1,blanks_1,39.79749350000006,1,348,fixed_point,0,became_wrong,0.9012345679012346,8,1,0,1,0,0
32,1,0.7037037037037037,1,checkpoints/sudoku_extreme_hf/checkpoint,24,1,blanks_1,39.79749350000006,0,349,fixed_point,1,changed_wrong,0.654320987654321,23,1,0,1,0,0
32,1,0.7160493827160493,1,checkpoints/sudoku_extreme_hf/checkpoint,23,1,blanks_1,39.79749350000006,0,350,fixed_point,1,changed_wrong,0.6666666666666666,27,0,0,1,19,0
32,1,0.654320987654321,1,checkpoints/sudoku_extreme_hf/checkpoint,28,1,blanks_1,39.79749350000006,0,351,fixed_point,1,changed_wrong,0.5925925925925926,22,0,0,1,12,0
32,1,0.691358024691358,1,checkpoints/sudoku_extreme_hf/checkpoint,24,1,blanks_1,36.23000900000051,0,352,fixed_point,1,changed_wrong,0.654320987654321,6,1,0,1,0,0
32,1,0.9506172839506173,1,checkpoints/sudoku_extreme_hf/checkpoint,4,1,blanks_1,36.23000900000051,0,353,fixed_point,1,changed_wrong,0.654320987654321,27,1,0,1,0,0
32,1,0.7901234567901234,1,checkpoints/sudoku_extreme_hf/checkpoint,17,1,blanks_1,36.23000900000051,0,354,fixed_point,1,changed_wrong,0.654320987654321,19,1,0,1,0,0
32,1,1.0,1,checkpoints/sudoku_extreme_hf/checkpoint,0,1,blanks_1,36.23000900000051,1,355,fixed_point,0,became_wrong,0.8395061728395061,13,1,0,1,0,0
32,1,1.0,0,checkpoints/sudoku_extreme_hf/checkpoint,0,1,blanks_1,36.23000900000051,1,356,fixed_point,0,stable_correct,1.0,0,1,1,0,0,0
32,1,0.7160493827160493,1,checkpoints/sudoku_extreme_hf/checkpoint,22,1,blanks_1,36.23000900000051,0,357,fixed_point,1,changed_wrong,0.7037037037037037,22,0,0,1,15,0
32,1,0.7654320987654321,1,checkpoints/sudoku_extreme_hf/checkpoint,19,1,blanks_1,36.23000900000051,0,358,fixed_point,1,changed_wrong,0.8271604938271605,18,1,0,1,0,0
32,1,0.8024691358024691,1,checkpoints/sudoku_extreme_hf/checkpoint,15,1,blanks_1,36.23000900000051,0,359,fixed_point,1,changed_wrong,0.8395061728395061,4,1,0,1,0,0
32,1,0.6296296296296297,1,checkpoints/sudoku_extreme_hf/checkpoint,30,1,blanks_1,36.23000900000051,0,360,fixed_point,1,changed_wrong,0.5432098765432098,12,1,0,1,0,0
32,1,0.7160493827160493,1,checkpoints/sudoku_extreme_hf/checkpoint,22,1,blanks_1,36.23000900000051,0,361,fixed_point,1,changed_wrong,0.6419753086419753,23,1,0,1,0,0
32,1,0.8641975308641975,1,checkpoints/sudoku_extreme_hf/checkpoint,11,1,blanks_1,36.23000900000051,0,362,fixed_point,1,changed_wrong,0.6790123456790124,31,1,0,1,0,0
32,1,0.8518518518518519,1,checkpoints/sudoku_extreme_hf/checkpoint,12,1,blanks_1,36.23000900000051,0,363,fixed_point,1,changed_wrong,0.6666666666666666,18,1,0,1,0,0
32,1,0.8271604938271605,1,checkpoints/sudoku_extreme_hf/checkpoint,13,0,blanks_1,36.23000900000051,0,364,fixed_point,1,changed_wrong,0.5925925925925926,28,0,0,1,30,3
32,1,0.7530864197530864,1,checkpoints/sudoku_extreme_hf/checkpoint,20,1,blanks_1,36.23000900000051,0,365,fixed_point,1,changed_wrong,0.6790123456790124,18,1,0,1,0,0
32,1,0.7160493827160493,1,checkpoints/sudoku_extreme_hf/checkpoint,23,1,blanks_1,36.23000900000051,0,366,fixed_point,1,changed_wrong,0.7160493827160493,25,1,0,1,0,0
32,1,0.9259259259259259,0,checkpoints/sudoku_extreme_hf/checkpoint,6,1,blanks_1,36.23000900000051,0,367,fixed_point,1,invalid_fixed_point,0.9259259259259259,0,1,0,0,0,0
32,1,0.8888888888888888,1,checkpoints/sudoku_extreme_hf/checkpoint,9,1,blanks_1,36.23000900000051,0,368,fixed_point,1,changed_wrong,0.6790123456790124,28,1,0,1,0,0
32,1,0.8271604938271605,1,checkpoints/sudoku_extreme_hf/checkpoint,13,1,blanks_1,36.23000900000051,0,369,fixed_point,1,changed_wrong,0.6790123456790124,24,0,0,1,11,0
32,1,0.8395061728395061,1,checkpoints/sudoku_extreme_hf/checkpoint,13,0,blanks_1,36.23000900000051,0,370,fixed_point,1,changed_wrong,0.7283950617283951,23,0,0,1,15,21
32,1,0.9506172839506173,1,checkpoints/sudoku_extreme_hf/checkpoint,4,1,blanks_1,36.23000900000051,0,371,fixed_point,1,changed_wrong,0.8148148148148148,11,1,0,1,0,0
32,1,0.7901234567901234,1,checkpoints/sudoku_extreme_hf/checkpoint,17,1,blanks_1,36.23000900000051,0,372,fixed_point,1,changed_wrong,0.8641975308641975,17,1,0,1,0,0
32,1,0.8148148148148148,1,checkpoints/sudoku_extreme_hf/checkpoint,15,0,blanks_1,36.23000900000051,0,373,fixed_point,1,changed_wrong,0.8641975308641975,18,1,0,1,0,34
32,1,0.8024691358024691,1,checkpoints/sudoku_extreme_hf/checkpoint,15,1,blanks_1,36.23000900000051,0,374,fixed_point,1,changed_wrong,0.691358024691358,22,0,0,1,22,0
32,1,0.8024691358024691,1,checkpoints/sudoku_extreme_hf/checkpoint,15,1,blanks_1,36.23000900000051,0,375,fixed_point,1,changed_wrong,0.8024691358024691,16,1,0,1,0,0
32,1,0.7407407407407407,1,checkpoints/sudoku_extreme_hf/checkpoint,20,1,blanks_1,36.23000900000051,0,376,fixed_point,1,changed_wrong,0.6666666666666666,11,1,0,1,0,0
32,1,0.8024691358024691,1,checkpoints/sudoku_extreme_hf/checkpoint,16,1,blanks_1,36.23000900000051,0,377,fixed_point,1,changed_wrong,0.7037037037037037,9,1,0,1,0,0
32,1,1.0,1,checkpoints/sudoku_extreme_hf/checkpoint,0,1,blanks_1,36.23000900000051,1,378,fixed_point,0,became_wrong,0.8024691358024691,16,0,0,1,20,0
32,1,0.7530864197530864,1,checkpoints/sudoku_extreme_hf/checkpoint,20,1,blanks_1,36.23000900000051,0,379,fixed_point,1,changed_wrong,0.7777777777777778,4,1,0,1,0,0
32,1,0.8024691358024691,1,checkpoints/sudoku_extreme_hf/checkpoint,15,1,blanks_1,36.23000900000051,0,380,fixed_point,1,changed_wrong,0.6296296296296297,27,1,0,1,0,0
32,1,0.7407407407407407,1,checkpoints/sudoku_extreme_hf/checkpoint,21,1,blanks_1,36.23000900000051,0,381,fixed_point,1,changed_wrong,0.7530864197530864,18,0,0,1,10,0
32,1,0.7777777777777778,1,checkpoints/sudoku_extreme_hf/checkpoint,17,1,blanks_1,36.23000900000051,0,382,fixed_point,1,changed_wrong,0.7283950617283951,13,1,0,1,0,0
32,1,0.8641975308641975,1,checkpoints/sudoku_extreme_hf/checkpoint,10,1,blanks_1,36.23000900000051,0,383,fixed_point,1,changed_wrong,0.6790123456790124,19,1,0,1,0,0
32,1,0.8888888888888888,1,checkpoints/sudoku_extreme_hf/checkpoint,9,1,blanks_1,32.50364043749876,0,384,fixed_point,1,changed_wrong,0.7777777777777778,18,1,0,1,0,0
32,1,0.5925925925925926,1,checkpoints/sudoku_extreme_hf/checkpoint,33,1,blanks_1,32.50364043749876,0,385,fixed_point,1,changed_wrong,0.5802469135802469,16,1,0,1,0,0
32,1,0.7160493827160493,1,checkpoints/sudoku_extreme_hf/checkpoint,23,1,blanks_1,32.50364043749876,0,386,fixed_point,1,changed_wrong,0.8024691358024691,23,1,0,1,0,0
32,1,0.7901234567901234,1,checkpoints/sudoku_extreme_hf/checkpoint,17,1,blanks_1,32.50364043749876,0,387,fixed_point,1,changed_wrong,0.654320987654321,14,1,0,1,0,0
32,1,0.7407407407407407,1,checkpoints/sudoku_extreme_hf/checkpoint,21,1,blanks_1,32.50364043749876,0,388,fixed_point,1,changed_wrong,0.7777777777777778,16,1,0,1,0,0
32,1,0.691358024691358,1,checkpoints/sudoku_extreme_hf/checkpoint,24,1,blanks_1,32.50364043749876,0,389,fixed_point,1,changed_wrong,0.5802469135802469,17,1,0,1,0,0
32,1,0.6419753086419753,1,checkpoints/sudoku_extreme_hf/checkpoint,28,1,blanks_1,32.50364043749876,0,390,fixed_point,1,changed_wrong,0.5555555555555556,29,1,0,1,0,0
32,1,0.7037037037037037,1,checkpoints/sudoku_extreme_hf/checkpoint,24,1,blanks_1,32.50364043749876,0,391,fixed_point,1,changed_wrong,0.6666666666666666,18,1,0,1,0,0
32,1,0.8395061728395061,1,checkpoints/sudoku_extreme_hf/checkpoint,13,1,blanks_1,32.50364043749876,0,392,fixed_point,1,changed_wrong,0.8024691358024691,14,1,0,1,0,0
32,1,0.6296296296296297,1,checkpoints/sudoku_extreme_hf/checkpoint,29,1,blanks_1,32.50364043749876,0,393,fixed_point,1,changed_wrong,0.6419753086419753,4,1,0,1,0,0
32,1,1.0,1,checkpoints/sudoku_extreme_hf/checkpoint,0,1,blanks_1,32.50364043749876,1,394,fixed_point,0,became_wrong,0.9259259259259259,6,1,0,1,0,0
32,1,0.9135802469135802,1,checkpoints/sudoku_extreme_hf/checkpoint,7,1,blanks_1,32.50364043749876,0,395,fixed_point,1,changed_wrong,0.7283950617283951,18,1,0,1,0,0
32,1,0.7407407407407407,1,checkpoints/sudoku_extreme_hf/checkpoint,21,1,blanks_1,32.50364043749876,0,396,fixed_point,1,changed_wrong,0.7901234567901234,4,1,0,1,0,0
32,1,0.7283950617283951,1,checkpoints/sudoku_extreme_hf/checkpoint,22,1,blanks_1,32.50364043749876,0,397,fixed_point,1,changed_wrong,0.5925925925925926,21,1,0,1,0,0
32,1,0.7530864197530864,1,checkpoints/sudoku_extreme_hf/checkpoint,20,1,blanks_1,32.50364043749876,0,398,fixed_point,1,changed_wrong,0.6666666666666666,16,1,0,1,0,0
32,1,0.7530864197530864,1,checkpoints/sudoku_extreme_hf/checkpoint,20,1,blanks_1,32.50364043749876,0,399,fixed_point,1,changed_wrong,0.7901234567901234,10,1,0,1,0,0
32,1,0.7530864197530864,1,checkpoints/sudoku_extreme_hf/checkpoint,20,1,blanks_1,32.50364043749876,0,400,fixed_point,1,changed_wrong,0.7160493827160493,13,1,0,1,0,0
32,1,0.9506172839506173,1,checkpoints/sudoku_extreme_hf/checkpoint,4,1,blanks_1,32.50364043749876,0,401,fixed_point,1,changed_wrong,0.7530864197530864,17,1,0,1,0,0
32,1,0.9506172839506173,1,checkpoints/sudoku_extreme_hf/checkpoint,4,1,blanks_1,32.50364043749876,0,402,fixed_point,1,changed_wrong,0.8518518518518519,8,1,0,1,0,0
32,1,0.7777777777777778,0,checkpoints/sudoku_extreme_hf/checkpoint,17,1,blanks_1,32.50364043749876,0,403,fixed_point,1,invalid_fixed_point,0.7777777777777778,0,1,0,0,0,0
32,1,0.9506172839506173,1,checkpoints/sudoku_extreme_hf/checkpoint,4,1,blanks_1,32.50364043749876,0,404,fixed_point,1,changed_wrong,0.8148148148148148,19,1,0,1,0,0
32,1,0.9259259259259259,1,checkpoints/sudoku_extreme_hf/checkpoint,6,1,blanks_1,32.50364043749876,0,405,fixed_point,1,changed_wrong,0.6666666666666666,22,1,0,1,0,0
32,1,0.8395061728395061,1,checkpoints/sudoku_extreme_hf/checkpoint,13,1,blanks_1,32.50364043749876,0,406,fixed_point,1,changed_wrong,0.6172839506172839,31,0,0,1,26,0
32,1,0.9506172839506173,1,checkpoints/sudoku_extreme_hf/checkpoint,4,1,blanks_1,32.50364043749876,0,407,fixed_point,1,changed_wrong,0.7160493827160493,20,1,0,1,0,0
32,1,0.7654320987654321,1,checkpoints/sudoku_extreme_hf/checkpoint,19,1,blanks_1,32.50364043749876,0,408,fixed_point,1,changed_wrong,0.6790123456790124,18,1,0,1,0,0
32,1,1.0,1,checkpoints/sudoku_extreme_hf/checkpoint,0,1,blanks_1,32.50364043749876,1,409,fixed_point,0,became_wrong,0.8518518518518519,12,1,0,1,0,0
32,1,0.8518518518518519,0,checkpoints/sudoku_extreme_hf/checkpoint,12,1,blanks_1,32.50364043749876,0,410,fixed_point,1,invalid_fixed_point,0.8518518518518519,0,1,0,0,0,0
32,1,0.8024691358024691,1,checkpoints/sudoku_extreme_hf/checkpoint,16,1,blanks_1,32.50364043749876,0,411,fixed_point,1,changed_wrong,0.7037037037037037,17,1,0,1,0,0
32,1,0.7037037037037037,1,checkpoints/sudoku_extreme_hf/checkpoint,24,1,blanks_1,32.50364043749876,0,412,fixed_point,1,changed_wrong,0.7037037037037037,4,1,0,1,0,0
32,1,0.5802469135802469,1,checkpoints/sudoku_extreme_hf/checkpoint,33,1,blanks_1,32.50364043749876,0,413,fixed_point,1,changed_wrong,0.5802469135802469,14,1,0,1,0,0
32,1,0.7654320987654321,1,checkpoints/sudoku_extreme_hf/checkpoint,18,1,blanks_1,32.50364043749876,0,414,fixed_point,1,changed_wrong,0.7654320987654321,6,1,0,1,0,0
32,1,0.9506172839506173,1,checkpoints/sudoku_extreme_hf/checkpoint,4,1,blanks_1,32.50364043749876,0,415,fixed_point,1,changed_wrong,0.7407407407407407,23,0,0,1,13,0
32,1,0.7283950617283951,1,checkpoints/sudoku_extreme_hf/checkpoint,22,1,blanks_1,32.76242862500034,0,416,fixed_point,1,changed_wrong,0.7037037037037037,17,0,0,1,17,0
32,1,1.0,1,checkpoints/sudoku_extreme_hf/checkpoint,0,1,blanks_1,32.76242862500034,1,417,fixed_point,0,became_wrong,0.7407407407407407,21,1,0,1,0,0
32,1,0.9259259259259259,1,checkpoints/sudoku_extreme_hf/checkpoint,6,1,blanks_1,32.76242862500034,0,418,fixed_point,1,changed_wrong,0.7777777777777778,12,1,0,1,0,0
32,1,0.8395061728395061,1,checkpoints/sudoku_extreme_hf/checkpoint,12,0,blanks_1,32.76242862500034,0,419,fixed_point,1,changed_wrong,0.7283950617283951,16,1,0,1,0,33
32,1,0.7901234567901234,0,checkpoints/sudoku_extreme_hf/checkpoint,16,1,blanks_1,32.76242862500034,0,420,fixed_point,1,invalid_fixed_point,0.7901234567901234,0,1,0,0,0,0
32,1,0.8765432098765432,1,checkpoints/sudoku_extreme_hf/checkpoint,9,1,blanks_1,32.76242862500034,0,421,fixed_point,1,changed_wrong,0.8024691358024691,16,1,0,1,0,0
32,1,0.9506172839506173,1,checkpoints/sudoku_extreme_hf/checkpoint,4,1,blanks_1,32.76242862500034,0,422,fixed_point,1,changed_wrong,0.7037037037037037,22,1,0,1,0,0
32,1,0.8395061728395061,1,checkpoints/sudoku_extreme_hf/checkpoint,12,1,blanks_1,32.76242862500034,0,423,fixed_point,1,changed_wrong,0.6666666666666666,24,1,0,1,0,0
32,1,0.7777777777777778,1,checkpoints/sudoku_extreme_hf/checkpoint,17,1,blanks_1,32.76242862500034,0,424,fixed_point,1,changed_wrong,0.7037037037037037,9,1,0,1,0,0
32,1,0.9135802469135802,1,checkpoints/sudoku_extreme_hf/checkpoint,7,1,blanks_1,32.76242862500034,0,425,fixed_point,1,changed_wrong,0.691358024691358,19,1,0,1,0,0
32,1,0.7654320987654321,1,checkpoints/sudoku_extreme_hf/checkpoint,19,0,blanks_1,32.76242862500034,0,426,fixed_point,1,changed_wrong,0.654320987654321,14,1,0,1,0,3
32,1,0.8395061728395061,1,checkpoints/sudoku_extreme_hf/checkpoint,12,1,blanks_1,32.76242862500034,0,427,fixed_point,1,changed_wrong,0.7160493827160493,18,1,0,1,0,0
32,1,1.0,1,checkpoints/sudoku_extreme_hf/checkpoint,0,1,blanks_1,32.76242862500034,1,428,fixed_point,0,became_wrong,0.7160493827160493,23,0,0,1,19,0
32,1,0.9506172839506173,1,checkpoints/sudoku_extreme_hf/checkpoint,4,1,blanks_1,32.76242862500034,0,429,fixed_point,1,changed_wrong,0.7654320987654321,20,0,0,1,10,0
32,1,0.7407407407407407,1,checkpoints/sudoku_extreme_hf/checkpoint,20,1,blanks_1,32.76242862500034,0,430,fixed_point,1,changed_wrong,0.7530864197530864,12,1,0,1,0,0
32,1,0.8148148148148148,0,checkpoints/sudoku_extreme_hf/checkpoint,15,1,blanks_1,32.76242862500034,0,431,fixed_point,1,invalid_fixed_point,0.8148148148148148,0,1,0,0,0,0
32,1,0.6172839506172839,1,checkpoints/sudoku_extreme_hf/checkpoint,30,1,blanks_1,32.76242862500034,0,432,fixed_point,1,changed_wrong,0.654320987654321,24,1,0,1,0,0
32,1,0.7530864197530864,1,checkpoints/sudoku_extreme_hf/checkpoint,19,1,blanks_1,32.76242862500034,0,433,fixed_point,1,changed_wrong,0.6296296296296297,25,1,0,1,0,0
32,1,0.8395061728395061,0,checkpoints/sudoku_extreme_hf/checkpoint,13,1,blanks_1,32.76242862500034,0,434,fixed_point,1,invalid_fixed_point,0.8395061728395061,0,1,0,0,0,0
32,1,0.7407407407407407,1,checkpoints/sudoku_extreme_hf/checkpoint,21,1,blanks_1,32.76242862500034,0,435,fixed_point,1,changed_wrong,0.6666666666666666,17,1,0,1,0,0
32,1,0.8024691358024691,1,checkpoints/sudoku_extreme_hf/checkpoint,16,0,blanks_1,32.76242862500034,0,436,fixed_point,1,changed_wrong,0.8148148148148148,15,1,0,1,0,21
32,1,0.7037037037037037,1,checkpoints/sudoku_extreme_hf/checkpoint,24,1,blanks_1,32.76242862500034,0,437,fixed_point,1,changed_wrong,0.5432098765432098,31,1,0,1,0,0
32,1,0.7901234567901234,1,checkpoints/sudoku_extreme_hf/checkpoint,17,1,blanks_1,32.76242862500034,0,438,fixed_point,1,changed_wrong,0.7407407407407407,28,1,0,1,0,0
32,1,0.8024691358024691,1,checkpoints/sudoku_extreme_hf/checkpoint,15,1,blanks_1,32.76242862500034,0,439,fixed_point,1,changed_wrong,0.6172839506172839,24,0,0,1,10,0
32,1,0.7407407407407407,1,checkpoints/sudoku_extreme_hf/checkpoint,20,0,blanks_1,32.76242862500034,0,440,fixed_point,1,changed_wrong,0.6172839506172839,28,1,0,1,0,19
32,1,0.8395061728395061,1,checkpoints/sudoku_extreme_hf/checkpoint,13,1,blanks_1,32.76242862500034,0,441,fixed_point,1,changed_wrong,0.654320987654321,21,0,0,1,8,0
32,1,0.9259259259259259,1,checkpoints/sudoku_extreme_hf/checkpoint,6,1,blanks_1,32.76242862500034,0,442,fixed_point,1,changed_wrong,0.8024691358024691,10,1,0,1,0,0
32,1,0.8024691358024691,1,checkpoints/sudoku_extreme_hf/checkpoint,16,1,blanks_1,32.76242862500034,0,443,fixed_point,1,changed_wrong,0.7407407407407407,6,1,0,1,0,0
32,1,0.7530864197530864,1,checkpoints/sudoku_extreme_hf/checkpoint,20,1,blanks_1,32.76242862500034,0,444,fixed_point,1,changed_wrong,0.8024691358024691,6,1,0,1,0,0
32,1,0.8888888888888888,0,checkpoints/sudoku_extreme_hf/checkpoint,9,1,blanks_1,32.76242862500034,0,445,fixed_point,1,invalid_fixed_point,0.8888888888888888,0,1,0,0,0,0
32,1,0.7407407407407407,1,checkpoints/sudoku_extreme_hf/checkpoint,20,1,blanks_1,32.76242862500034,0,446,fixed_point,1,changed_wrong,0.7654320987654321,4,1,0,1,0,0
32,1,0.7407407407407407,1,checkpoints/sudoku_extreme_hf/checkpoint,20,1,blanks_1,32.76242862500034,0,447,fixed_point,1,changed_wrong,0.8271604938271605,7,1,0,1,0,0
32,1,0.8765432098765432,1,checkpoints/sudoku_extreme_hf/checkpoint,10,1,blanks_1,35.691854562498904,0,448,fixed_point,1,changed_wrong,0.6172839506172839,28,1,0,1,0,0
32,1,0.9012345679012346,0,checkpoints/sudoku_extreme_hf/checkpoint,8,1,blanks_1,35.691854562498904,0,449,fixed_point,1,invalid_fixed_point,0.9012345679012346,0,1,0,0,0,0
32,1,0.7901234567901234,1,checkpoints/sudoku_extreme_hf/checkpoint,17,1,blanks_1,35.691854562498904,0,450,fixed_point,1,changed_wrong,0.8271604938271605,4,1,0,1,0,0
32,1,0.7283950617283951,1,checkpoints/sudoku_extreme_hf/checkpoint,22,1,blanks_1,35.691854562498904,0,451,fixed_point,1,changed_wrong,0.6419753086419753,19,1,0,1,0,0
32,1,0.9135802469135802,1,checkpoints/sudoku_extreme_hf/checkpoint,7,1,blanks_1,35.691854562498904,0,452,fixed_point,1,changed_wrong,0.7160493827160493,23,1,0,1,0,0
32,1,0.8271604938271605,1,checkpoints/sudoku_extreme_hf/checkpoint,14,1,blanks_1,35.691854562498904,0,453,fixed_point,1,changed_wrong,0.7283950617283951,9,1,0,1,0,0
32,1,0.7283950617283951,1,checkpoints/sudoku_extreme_hf/checkpoint,21,1,blanks_1,35.691854562498904,0,454,fixed_point,1,changed_wrong,0.7037037037037037,15,1,0,1,0,0
32,1,0.6419753086419753,1,checkpoints/sudoku_extreme_hf/checkpoint,28,1,blanks_1,35.691854562498904,0,455,fixed_point,1,changed_wrong,0.6419753086419753,28,1,0,1,0,0
32,1,0.8765432098765432,1,checkpoints/sudoku_extreme_hf/checkpoint,9,1,blanks_1,35.691854562498904,0,456,fixed_point,1,changed_wrong,0.6666666666666666,28,1,0,1,0,0
32,1,0.6790123456790124,1,checkpoints/sudoku_extreme_hf/checkpoint,26,1,blanks_1,35.691854562498904,0,457,fixed_point,1,changed_wrong,0.5679012345679012,17,1,0,1,0,0
32,1,0.8148148148148148,0,checkpoints/sudoku_extreme_hf/checkpoint,15,1,blanks_1,35.691854562498904,0,458,fixed_point,1,invalid_fixed_point,0.8148148148148148,0,1,0,0,0,0
32,1,1.0,1,checkpoints/sudoku_extreme_hf/checkpoint,0,1,blanks_1,35.691854562498904,1,459,fixed_point,0,became_wrong,0.691358024691358,25,0,0,1,13,0
32,1,0.8518518518518519,1,checkpoints/sudoku_extreme_hf/checkpoint,11,1,blanks_1,35.691854562498904,0,460,fixed_point,1,changed_wrong,0.8765432098765432,11,1,0,1,0,0
32,1,0.8148148148148148,1,checkpoints/sudoku_extreme_hf/checkpoint,14,1,blanks_1,35.691854562498904,0,461,fixed_point,1,changed_wrong,0.7283950617283951,8,1,0,1,0,0
32,1,0.7654320987654321,1,checkpoints/sudoku_extreme_hf/checkpoint,19,0,blanks_1,35.691854562498904,0,462,fixed_point,1,changed_wrong,0.6666666666666666,13,0,0,1,22,29
32,1,0.7901234567901234,1,checkpoints/sudoku_extreme_hf/checkpoint,16,0,blanks_1,35.691854562498904,0,463,fixed_point,1,changed_wrong,0.691358024691358,20,1,0,1,0,17
32,1,0.7407407407407407,1,checkpoints/sudoku_extreme_hf/checkpoint,21,1,blanks_1,35.691854562498904,0,464,fixed_point,1,changed_wrong,0.6049382716049383,22,1,0,1,0,0
32,1,0.9259259259259259,1,checkpoints/sudoku_extreme_hf/checkpoint,6,1,blanks_1,35.691854562498904,0,465,fixed_point,1,changed_wrong,0.7777777777777778,18,1,0,1,0,0
32,1,1.0,1,checkpoints/sudoku_extreme_hf/checkpoint,0,1,blanks_1,35.691854562498904,1,466,fixed_point,0,became_wrong,0.7777777777777778,18,1,0,1,0,0
32,1,0.9012345679012346,1,checkpoints/sudoku_extreme_hf/checkpoint,8,1,blanks_1,35.691854562498904,0,467,fixed_point,1,changed_wrong,0.8395061728395061,19,1,0,1,0,0
32,1,0.8024691358024691,1,checkpoints/sudoku_extreme_hf/checkpoint,15,1,blanks_1,35.691854562498904,0,468,fixed_point,1,changed_wrong,0.6419753086419753,24,1,0,1,0,0
32,1,0.8271604938271605,1,checkpoints/sudoku_extreme_hf/checkpoint,13,1,blanks_1,35.691854562498904,0,469,fixed_point,1,changed_wrong,0.7530864197530864,21,1,0,1,0,0
32,1,0.7777777777777778,1,checkpoints/sudoku_extreme_hf/checkpoint,18,0,blanks_1,35.691854562498904,0,470,fixed_point,1,changed_wrong,0.654320987654321,22,0,0,1,30,21
32,1,1.0,0,checkpoints/sudoku_extreme_hf/checkpoint,0,1,blanks_1,35.691854562498904,1,471,fixed_point,0,stable_correct,1.0,0,1,1,0,0,0
32,1,0.6296296296296297,1,checkpoints/sudoku_extreme_hf/checkpoint,29,1,blanks_1,35.691854562498904,0,472,fixed_point,1,changed_wrong,0.5308641975308642,28,0,0,1,32,0
32,1,0.654320987654321,1,checkpoints/sudoku_extreme_hf/checkpoint,27,0,blanks_1,35.691854562498904,0,473,fixed_point,1,changed_wrong,0.691358024691358,12,1,0,1,0,22
32,1,0.8518518518518519,1,checkpoints/sudoku_extreme_hf/checkpoint,12,1,blanks_1,35.691854562498904,0,474,fixed_point,1,changed_wrong,0.8395061728395061,2,0,0,1,4,0
32,1,0.9506172839506173,1,checkpoints/sudoku_extreme_hf/checkpoint,4,1,blanks_1,35.691854562498904,0,475,fixed_point,1,changed_wrong,0.8395061728395061,9,1,0,1,0,0
32,1,0.8148148148148148,1,checkpoints/sudoku_extreme_hf/checkpoint,15,1,blanks_1,35.691854562498904,0,476,fixed_point,1,changed_wrong,0.8641975308641975,4,1,0,1,0,0
32,1,0.8888888888888888,1,checkpoints/sudoku_extreme_hf/checkpoint,8,1,blanks_1,35.691854562498904,0,477,fixed_point,1,changed_wrong,0.7283950617283951,16,1,0,1,0,0
32,1,0.8148148148148148,1,checkpoints/sudoku_extreme_hf/checkpoint,14,1,blanks_1,35.691854562498904,0,478,fixed_point,1,changed_wrong,0.8518518518518519,4,1,0,1,0,0
32,1,0.6666666666666666,1,checkpoints/sudoku_extreme_hf/checkpoint,26,0,blanks_1,35.691854562498904,0,479,fixed_point,1,changed_wrong,0.6296296296296297,25,0,0,1,28,17
32,1,0.9012345679012346,1,checkpoints/sudoku_extreme_hf/checkpoint,8,1,blanks_1,46.41636965625118,0,480,fixed_point,1,changed_wrong,0.6790123456790124,31,1,0,1,0,0
32,1,0.6666666666666666,1,checkpoints/sudoku_extreme_hf/checkpoint,26,1,blanks_1,46.41636965625118,0,481,fixed_point,1,changed_wrong,0.6172839506172839,20,0,0,1,20,0
32,1,0.9259259259259259,1,checkpoints/sudoku_extreme_hf/checkpoint,6,1,blanks_1,46.41636965625118,0,482,fixed_point,1,changed_wrong,0.9259259259259259,6,1,0,1,0,0
32,1,0.8888888888888888,1,checkpoints/sudoku_extreme_hf/checkpoint,9,1,blanks_1,46.41636965625118,0,483,fixed_point,1,changed_wrong,0.9259259259259259,4,1,0,1,0,0
32,1,0.8518518518518519,1,checkpoints/sudoku_extreme_hf/checkpoint,12,1,blanks_1,46.41636965625118,0,484,fixed_point,1,changed_wrong,0.9506172839506173,8,1,0,1,0,0
32,1,0.8395061728395061,1,checkpoints/sudoku_extreme_hf/checkpoint,13,1,blanks_1,46.41636965625118,0,485,fixed_point,1,changed_wrong,0.7777777777777778,12,1,0,1,0,0
32,1,0.9135802469135802,1,checkpoints/sudoku_extreme_hf/checkpoint,7,1,blanks_1,46.41636965625118,0,486,fixed_point,1,changed_wrong,0.8641975308641975,4,1,0,1,0,0
32,1,0.7407407407407407,1,checkpoints/sudoku_extreme_hf/checkpoint,21,1,blanks_1,46.41636965625118,0,487,fixed_point,1,changed_wrong,0.6049382716049383,25,1,0,1,0,0
32,1,0.7654320987654321,1,checkpoints/sudoku_extreme_hf/checkpoint,18,1,blanks_1,46.41636965625118,0,488,fixed_point,1,changed_wrong,0.7777777777777778,4,1,0,1,0,0
32,1,0.7283950617283951,1,checkpoints/sudoku_extreme_hf/checkpoint,21,1,blanks_1,46.41636965625118,0,489,fixed_point,1,changed_wrong,0.6419753086419753,17,1,0,1,0,0
32,1,0.8395061728395061,1,checkpoints/sudoku_extreme_hf/checkpoint,12,1,blanks_1,46.41636965625118,0,490,fixed_point,1,changed_wrong,0.7530864197530864,15,1,0,1,0,0
32,1,0.691358024691358,1,checkpoints/sudoku_extreme_hf/checkpoint,25,1,blanks_1,46.41636965625118,0,491,fixed_point,1,changed_wrong,0.691358024691358,8,1,0,1,0,0
32,1,0.8024691358024691,1,checkpoints/sudoku_extreme_hf/checkpoint,16,1,blanks_1,46.41636965625118,0,492,fixed_point,1,changed_wrong,0.8271604938271605,14,1,0,1,0,0
32,1,0.7160493827160493,1,checkpoints/sudoku_extreme_hf/checkpoint,23,1,blanks_1,46.41636965625118,0,493,fixed_point,1,changed_wrong,0.691358024691358,4,1,0,1,0,0
32,1,0.7283950617283951,0,checkpoints/sudoku_extreme_hf/checkpoint,22,1,blanks_1,46.41636965625118,0,494,fixed_point,1,invalid_fixed_point,0.7283950617283951,0,1,0,0,0,0
32,1,0.8518518518518519,1,checkpoints/sudoku_extreme_hf/checkpoint,12,1,blanks_1,46.41636965625118,0,495,fixed_point,1,changed_wrong,0.7407407407407407,16,1,0,1,0,0
32,1,0.8024691358024691,1,checkpoints/sudoku_extreme_hf/checkpoint,16,1,blanks_1,46.41636965625118,0,496,fixed_point,1,changed_wrong,0.6666666666666666,17,1,0,1,0,0
32,1,0.7654320987654321,1,checkpoints/sudoku_extreme_hf/checkpoint,19,1,blanks_1,46.41636965625118,0,497,fixed_point,1,changed_wrong,0.691358024691358,24,1,0,1,0,0
32,1,0.691358024691358,1,checkpoints/sudoku_extreme_hf/checkpoint,24,1,blanks_1,46.41636965625118,0,498,fixed_point,1,changed_wrong,0.654320987654321,20,1,0,1,0,0
32,1,0.6172839506172839,1,checkpoints/sudoku_extreme_hf/checkpoint,30,1,blanks_1,46.41636965625118,0,499,fixed_point,1,changed_wrong,0.6666666666666666,15,1,0,1,0,0
32,1,0.9259259259259259,1,checkpoints/sudoku_extreme_hf/checkpoint,5,1,blanks_1,46.41636965625118,0,500,fixed_point,1,changed_wrong,0.7530864197530864,16,0,0,1,18,0
32,1,0.8148148148148148,1,checkpoints/sudoku_extreme_hf/checkpoint,14,1,blanks_1,46.41636965625118,0,501,fixed_point,1,changed_wrong,0.7530864197530864,7,1,0,1,0,0
32,1,0.6419753086419753,1,checkpoints/sudoku_extreme_hf/checkpoint,29,1,blanks_1,46.41636965625118,0,502,fixed_point,1,changed_wrong,0.6172839506172839,4,1,0,1,0,0
32,1,0.6296296296296297,1,checkpoints/sudoku_extreme_hf/checkpoint,29,1,blanks_1,46.41636965625118,0,503,fixed_point,1,changed_wrong,0.5925925925925926,16,1,0,1,0,0
32,1,1.0,1,checkpoints/sudoku_extreme_hf/checkpoint,0,1,blanks_1,46.41636965625118,1,504,fixed_point,0,became_wrong,0.9135802469135802,7,1,0,1,0,0
32,1,0.8888888888888888,1,checkpoints/sudoku_extreme_hf/checkpoint,9,1,blanks_1,46.41636965625118,0,505,fixed_point,1,changed_wrong,0.7407407407407407,22,1,0,1,0,0
32,1,0.8765432098765432,1,checkpoints/sudoku_extreme_hf/checkpoint,10,1,blanks_1,46.41636965625118,0,506,fixed_point,1,changed_wrong,0.8271604938271605,17,1,0,1,0,0
32,1,0.7160493827160493,1,checkpoints/sudoku_extreme_hf/checkpoint,23,1,blanks_1,46.41636965625118,0,507,fixed_point,1,changed_wrong,0.7160493827160493,13,1,0,1,0,0
32,1,0.8518518518518519,1,checkpoints/sudoku_extreme_hf/checkpoint,11,1,blanks_1,46.41636965625118,0,508,fixed_point,1,changed_wrong,0.7283950617283951,18,1,0,1,0,0
32,1,0.6666666666666666,1,checkpoints/sudoku_extreme_hf/checkpoint,26,1,blanks_1,46.41636965625118,0,509,fixed_point,1,changed_wrong,0.6049382716049383,14,1,0,1,0,0
32,1,0.7777777777777778,1,checkpoints/sudoku_extreme_hf/checkpoint,18,1,blanks_1,46.41636965625118,0,510,fixed_point,1,changed_wrong,0.6790123456790124,17,1,0,1,0,0
32,1,0.6419753086419753,1,checkpoints/sudoku_extreme_hf/checkpoint,28,1,blanks_1,46.41636965625118,0,511,fixed_point,1,changed_wrong,0.6296296296296297,21,1,0,1,0,0
32,1,0.7530864197530864,1,checkpoints/sudoku_extreme_hf/checkpoint,20,1,blanks_1,42.34368228125085,0,512,fixed_point,1,changed_wrong,0.7037037037037037,16,1,0,1,0,0
32,1,0.8148148148148148,1,checkpoints/sudoku_extreme_hf/checkpoint,14,1,blanks_1,42.34368228125085,0,513,fixed_point,1,changed_wrong,0.654320987654321,16,1,0,1,0,0
32,1,0.6296296296296297,1,checkpoints/sudoku_extreme_hf/checkpoint,29,1,blanks_1,42.34368228125085,0,514,fixed_point,1,changed_wrong,0.691358024691358,10,1,0,1,0,0
32,1,0.7407407407407407,1,checkpoints/sudoku_extreme_hf/checkpoint,21,0,blanks_1,42.34368228125085,0,515,fixed_point,1,changed_wrong,0.6172839506172839,24,1,0,1,0,24
32,1,1.0,1,checkpoints/sudoku_extreme_hf/checkpoint,0,1,blanks_1,42.34368228125085,1,516,fixed_point,0,became_wrong,0.9259259259259259,6,1,0,1,0,0
32,1,0.8888888888888888,1,checkpoints/sudoku_extreme_hf/checkpoint,9,1,blanks_1,42.34368228125085,0,517,fixed_point,1,changed_wrong,0.7654320987654321,22,1,0,1,0,0
32,1,0.8024691358024691,1,checkpoints/sudoku_extreme_hf/checkpoint,16,1,blanks_1,42.34368228125085,0,518,fixed_point,1,changed_wrong,0.6296296296296297,26,0,0,1,24,0
32,1,0.8271604938271605,1,checkpoints/sudoku_extreme_hf/checkpoint,14,1,blanks_1,42.34368228125085,0,519,fixed_point,1,changed_wrong,0.9506172839506173,11,1,0,1,0,0
32,1,0.6419753086419753,1,checkpoints/sudoku_extreme_hf/checkpoint,28,1,blanks_1,42.34368228125085,0,520,fixed_point,1,changed_wrong,0.7283950617283951,12,1,0,1,0,0
32,1,0.691358024691358,1,checkpoints/sudoku_extreme_hf/checkpoint,24,1,blanks_1,42.34368228125085,0,521,fixed_point,1,changed_wrong,0.6049382716049383,22,1,0,1,0,0
32,1,0.8765432098765432,1,checkpoints/sudoku_extreme_hf/checkpoint,10,1,blanks_1,42.34368228125085,0,522,fixed_point,1,changed_wrong,0.6419753086419753,25,1,0,1,0,0
32,1,0.9259259259259259,1,checkpoints/sudoku_extreme_hf/checkpoint,6,1,blanks_1,42.34368228125085,0,523,fixed_point,1,changed_wrong,0.9506172839506173,10,1,0,1,0,0
32,1,0.9259259259259259,1,checkpoints/sudoku_extreme_hf/checkpoint,6,1,blanks_1,42.34368228125085,0,524,fixed_point,1,changed_wrong,0.6666666666666666,26,1,0,1,0,0
32,1,0.9135802469135802,0,checkpoints/sudoku_extreme_hf/checkpoint,7,1,blanks_1,42.34368228125085,0,525,fixed_point,1,invalid_fixed_point,0.9135802469135802,0,1,0,0,0,0
32,1,0.7407407407407407,1,checkpoints/sudoku_extreme_hf/checkpoint,21,1,blanks_1,42.34368228125085,0,526,fixed_point,1,changed_wrong,0.6666666666666666,12,1,0,1,0,0
32,1,0.6790123456790124,1,checkpoints/sudoku_extreme_hf/checkpoint,26,0,blanks_1,42.34368228125085,0,527,fixed_point,1,changed_wrong,0.6172839506172839,27,1,0,1,0,20
32,1,0.6419753086419753,1,checkpoints/sudoku_extreme_hf/checkpoint,28,1,blanks_1,42.34368228125085,0,528,fixed_point,1,changed_wrong,0.6296296296296297,11,1,0,1,0,0
32,1,0.7777777777777778,1,checkpoints/sudoku_extreme_hf/checkpoint,17,1,blanks_1,42.34368228125085,0,529,fixed_point,1,changed_wrong,0.5432098765432098,35,1,0,1,0,0
32,1,0.8518518518518519,1,checkpoints/sudoku_extreme_hf/checkpoint,12,1,blanks_1,42.34368228125085,0,530,fixed_point,1,changed_wrong,0.6049382716049383,29,0,0,1,23,0
32,1,0.6790123456790124,1,checkpoints/sudoku_extreme_hf/checkpoint,25,1,blanks_1,42.34368228125085,0,531,fixed_point,1,changed_wrong,0.6296296296296297,26,0,0,1,17,0
32,1,0.9012345679012346,1,checkpoints/sudoku_extreme_hf/checkpoint,8,1,blanks_1,42.34368228125085,0,532,fixed_point,1,changed_wrong,0.6790123456790124,26,1,0,1,0,0
32,1,0.8024691358024691,0,checkpoints/sudoku_extreme_hf/checkpoint,16,1,blanks_1,42.34368228125085,0,533,fixed_point,1,invalid_fixed_point,0.8024691358024691,0,1,0,0,0,0
32,1,0.7777777777777778,1,checkpoints/sudoku_extreme_hf/checkpoint,17,1,blanks_1,42.34368228125085,0,534,fixed_point,1,changed_wrong,0.8271604938271605,17,1,0,1,0,0
32,1,0.7530864197530864,1,checkpoints/sudoku_extreme_hf/checkpoint,19,1,blanks_1,42.34368228125085,0,535,fixed_point,1,changed_wrong,0.7777777777777778,26,0,0,1,18,0
32,1,0.8024691358024691,1,checkpoints/sudoku_extreme_hf/checkpoint,16,1,blanks_1,42.34368228125085,0,536,fixed_point,1,changed_wrong,0.6172839506172839,31,0,0,1,4,0
32,1,0.8518518518518519,0,checkpoints/sudoku_extreme_hf/checkpoint,12,1,blanks_1,42.34368228125085,0,537,fixed_point,1,invalid_fixed_point,0.8518518518518519,0,1,0,0,0,0
32,1,0.9012345679012346,1,checkpoints/sudoku_extreme_hf/checkpoint,8,1,blanks_1,42.34368228125085,0,538,fixed_point,1,changed_wrong,0.7901234567901234,9,1,0,1,0,0
32,1,0.5679012345679012,1,checkpoints/sudoku_extreme_hf/checkpoint,34,1,blanks_1,42.34368228125085,0,539,fixed_point,1,changed_wrong,0.5925925925925926,8,1,0,1,0,0
32,1,0.8024691358024691,1,checkpoints/sudoku_extreme_hf/checkpoint,16,1,blanks_1,42.34368228125085,0,540,fixed_point,1,changed_wrong,0.7530864197530864,17,1,0,1,0,0
32,1,0.8518518518518519,1,checkpoints/sudoku_extreme_hf/checkpoint,12,1,blanks_1,42.34368228125085,0,541,fixed_point,1,changed_wrong,0.7407407407407407,18,1,0,1,0,0
32,1,0.8395061728395061,1,checkpoints/sudoku_extreme_hf/checkpoint,13,1,blanks_1,42.34368228125085,0,542,fixed_point,1,changed_wrong,0.8518518518518519,7,1,0,1,0,0
32,1,1.0,0,checkpoints/sudoku_extreme_hf/checkpoint,0,1,blanks_1,42.34368228125085,1,543,fixed_point,0,stable_correct,1.0,0,1,1,0,0,0
32,1,0.7283950617283951,1,checkpoints/sudoku_extreme_hf/checkpoint,22,0,blanks_1,35.8892666874997,0,544,fixed_point,1,changed_wrong,0.7777777777777778,23,0,0,1,9,28
32,1,0.8024691358024691,1,checkpoints/sudoku_extreme_hf/checkpoint,16,1,blanks_1,35.8892666874997,0,545,fixed_point,1,changed_wrong,0.691358024691358,28,1,0,1,0,0
32,1,0.7283950617283951,1,checkpoints/sudoku_extreme_hf/checkpoint,21,1,blanks_1,35.8892666874997,0,546,fixed_point,1,changed_wrong,0.7160493827160493,25,1,0,1,0,0
32,1,1.0,0,checkpoints/sudoku_extreme_hf/checkpoint,0,1,blanks_1,35.8892666874997,1,547,fixed_point,0,stable_correct,1.0,0,1,1,0,0,0
32,1,0.6049382716049383,1,checkpoints/sudoku_extreme_hf/checkpoint,31,1,blanks_1,35.8892666874997,0,548,fixed_point,1,changed_wrong,0.691358024691358,29,1,0,1,0,0
32,1,1.0,1,checkpoints/sudoku_extreme_hf/checkpoint,0,1,blanks_1,35.8892666874997,1,549,fixed_point,0,became_wrong,0.8641975308641975,11,1,0,1,0,0
32,1,0.8148148148148148,1,checkpoints/sudoku_extreme_hf/checkpoint,15,1,blanks_1,35.8892666874997,0,550,fixed_point,1,changed_wrong,0.654320987654321,29,1,0,1,0,0
32,1,0.691358024691358,1,checkpoints/sudoku_extreme_hf/checkpoint,24,1,blanks_1,35.8892666874997,0,551,fixed_point,1,changed_wrong,0.6419753086419753,25,0,0,1,13,0
32,1,0.8024691358024691,1,checkpoints/sudoku_extreme_hf/checkpoint,15,1,blanks_1,35.8892666874997,0,552,fixed_point,1,changed_wrong,0.6666666666666666,12,1,0,1,0,0
32,1,0.7407407407407407,1,checkpoints/sudoku_extreme_hf/checkpoint,20,1,blanks_1,35.8892666874997,0,553,fixed_point,1,changed_wrong,0.7037037037037037,22,1,0,1,0,0
32,1,0.7777777777777778,1,checkpoints/sudoku_extreme_hf/checkpoint,18,1,blanks_1,35.8892666874997,0,554,fixed_point,1,changed_wrong,0.8271604938271605,13,1,0,1,0,0
32,1,0.7777777777777778,0,checkpoints/sudoku_extreme_hf/checkpoint,18,1,blanks_1,35.8892666874997,0,555,fixed_point,1,invalid_fixed_point,0.7777777777777778,0,1,0,0,0,0
32,1,0.7407407407407407,1,checkpoints/sudoku_extreme_hf/checkpoint,21,1,blanks_1,35.8892666874997,0,556,fixed_point,1,changed_wrong,0.6049382716049383,28,1,0,1,0,0
32,1,0.6419753086419753,1,checkpoints/sudoku_extreme_hf/checkpoint,29,1,blanks_1,35.8892666874997,0,557,fixed_point,1,changed_wrong,0.5432098765432098,20,0,0,1,19,0
32,1,0.9259259259259259,1,checkpoints/sudoku_extreme_hf/checkpoint,6,1,blanks_1,35.8892666874997,0,558,fixed_point,1,changed_wrong,0.7283950617283951,17,0,0,1,18,0
32,1,0.8765432098765432,1,checkpoints/sudoku_extreme_hf/checkpoint,10,1,blanks_1,35.8892666874997,0,559,fixed_point,1,changed_wrong,0.6790123456790124,25,1,0,1,0,0
32,1,1.0,0,checkpoints/sudoku_extreme_hf/checkpoint,0,1,blanks_1,35.8892666874997,1,560,fixed_point,0,stable_correct,1.0,0,1,1,0,0,0
32,1,0.6296296296296297,1,checkpoints/sudoku_extreme_hf/checkpoint,29,1,blanks_1,35.8892666874997,0,561,fixed_point,1,changed_wrong,0.654320987654321,21,0,0,1,19,0
32,1,0.7777777777777778,1,checkpoints/sudoku_extreme_hf/checkpoint,17,1,blanks_1,35.8892666874997,0,562,fixed_point,1,changed_wrong,0.6666666666666666,19,1,0,1,0,0
32,1,0.8765432098765432,1,checkpoints/sudoku_extreme_hf/checkpoint,10,1,blanks_1,35.8892666874997,0,563,fixed_point,1,changed_wrong,0.8395061728395061,4,1,0,1,0,0
32,1,0.9135802469135802,1,checkpoints/sudoku_extreme_hf/checkpoint,7,1,blanks_1,35.8892666874997,0,564,fixed_point,1,changed_wrong,0.7530864197530864,15,1,0,1,0,0
32,1,0.6666666666666666,1,checkpoints/sudoku_extreme_hf/checkpoint,26,1,blanks_1,35.8892666874997,0,565,fixed_point,1,changed_wrong,0.5555555555555556,13,1,0,1,0,0
32,1,1.0,1,checkpoints/sudoku_extreme_hf/checkpoint,0,1,blanks_1,35.8892666874997,1,566,fixed_point,0,became_wrong,0.7160493827160493,23,1,0,1,0,0
32,1,1.0,1,checkpoints/sudoku_extreme_hf/checkpoint,0,1,blanks_1,35.8892666874997,1,567,fixed_point,0,became_wrong,0.8888888888888888,9,1,0,1,0,0
32,1,0.8641975308641975,1,checkpoints/sudoku_extreme_hf/checkpoint,11,1,blanks_1,35.8892666874997,0,568,fixed_point,1,changed_wrong,0.6419753086419753,28,0,0,1,23,0
32,1,0.8024691358024691,1,checkpoints/sudoku_extreme_hf/checkpoint,15,1,blanks_1,35.8892666874997,0,569,fixed_point,1,became_correct,1.0,16,1,1,1,0,0
32,1,0.6172839506172839,1,checkpoints/sudoku_extreme_hf/checkpoint,31,1,blanks_1,35.8892666874997,0,570,fixed_point,1,changed_wrong,0.5308641975308642,35,1,0,1,0,0
32,1,1.0,1,checkpoints/sudoku_extreme_hf/checkpoint,0,1,blanks_1,35.8892666874997,1,571,fixed_point,0,became_wrong,0.8518518518518519,12,1,0,1,0,0
32,1,0.6419753086419753,1,checkpoints/sudoku_extreme_hf/checkpoint,28,1,blanks_1,35.8892666874997,0,572,fixed_point,1,changed_wrong,0.5555555555555556,25,1,0,1,0,0
32,1,0.9259259259259259,0,checkpoints/sudoku_extreme_hf/checkpoint,6,1,blanks_1,35.8892666874997,0,573,fixed_point,1,invalid_fixed_point,0.9259259259259259,0,1,0,0,0,0
32,1,0.8518518518518519,1,checkpoints/sudoku_extreme_hf/checkpoint,12,1,blanks_1,35.8892666874997,0,574,fixed_point,1,changed_wrong,0.7407407407407407,12,1,0,1,0,0
32,1,0.9506172839506173,1,checkpoints/sudoku_extreme_hf/checkpoint,4,1,blanks_1,35.8892666874997,0,575,fixed_point,1,changed_wrong,0.8148148148148148,19,1,0,1,0,0
32,1,0.9506172839506173,1,checkpoints/sudoku_extreme_hf/checkpoint,4,1,blanks_1,45.833698187500715,0,576,fixed_point,1,changed_wrong,0.7777777777777778,15,1,0,1,0,0
32,1,1.0,1,checkpoints/sudoku_extreme_hf/checkpoint,0,1,blanks_1,45.833698187500715,1,577,fixed_point,0,became_wrong,0.654320987654321,28,1,0,1,0,0
32,1,0.6790123456790124,1,checkpoints/sudoku_extreme_hf/checkpoint,26,1,blanks_1,45.833698187500715,0,578,fixed_point,1,changed_wrong,0.8271604938271605,13,1,0,1,0,0
32,1,0.7160493827160493,1,checkpoints/sudoku_extreme_hf/checkpoint,23,0,blanks_1,45.833698187500715,0,579,fixed_point,1,changed_wrong,0.7037037037037037,17,0,0,1,15,12
32,1,0.8518518518518519,1,checkpoints/sudoku_extreme_hf/checkpoint,12,1,blanks_1,45.833698187500715,0,580,fixed_point,1,changed_wrong,0.8024691358024691,4,1,0,1,0,0
32,1,0.7407407407407407,1,checkpoints/sudoku_extreme_hf/checkpoint,21,1,blanks_1,45.833698187500715,0,581,fixed_point,1,changed_wrong,0.7160493827160493,9,1,0,1,0,0
32,1,0.7283950617283951,1,checkpoints/sudoku_extreme_hf/checkpoint,21,1,blanks_1,45.833698187500715,0,582,fixed_point,1,changed_wrong,0.5925925925925926,24,1,0,1,0,0
32,1,0.8395061728395061,1,checkpoints/sudoku_extreme_hf/checkpoint,13,1,blanks_1,45.833698187500715,0,583,fixed_point,1,changed_wrong,0.7160493827160493,19,1,0,1,0,0
32,1,1.0,1,checkpoints/sudoku_extreme_hf/checkpoint,0,1,blanks_1,45.833698187500715,1,584,fixed_point,0,became_wrong,0.7901234567901234,17,1,0,1,0,0
32,1,0.8024691358024691,1,checkpoints/sudoku_extreme_hf/checkpoint,15,0,blanks_1,45.833698187500715,0,585,fixed_point,1,changed_wrong,0.6296296296296297,20,1,0,1,0,14
32,1,0.7407407407407407,1,checkpoints/sudoku_extreme_hf/checkpoint,20,1,blanks_1,45.833698187500715,0,586,fixed_point,1,changed_wrong,0.5925925925925926,27,1,0,1,0,0
32,1,0.654320987654321,1,checkpoints/sudoku_extreme_hf/checkpoint,27,1,blanks_1,45.833698187500715,0,587,fixed_point,1,changed_wrong,0.6296296296296297,12,1,0,1,0,0
32,1,0.9012345679012346,1,checkpoints/sudoku_extreme_hf/checkpoint,7,1,blanks_1,45.833698187500715,0,588,fixed_point,1,changed_wrong,0.6666666666666666,23,1,0,1,0,0
32,1,0.7407407407407407,1,checkpoints/sudoku_extreme_hf/checkpoint,20,1,blanks_1,45.833698187500715,0,589,fixed_point,1,changed_wrong,0.6666666666666666,28,1,0,1,0,0
32,1,0.8888888888888888,1,checkpoints/sudoku_extreme_hf/checkpoint,9,1,blanks_1,45.833698187500715,0,590,fixed_point,1,changed_wrong,0.7901234567901234,22,1,0,1,0,0
32,1,0.6296296296296297,1,checkpoints/sudoku_extreme_hf/checkpoint,29,1,blanks_1,45.833698187500715,0,591,fixed_point,1,changed_wrong,0.5679012345679012,27,1,0,1,0,0
32,1,0.7901234567901234,1,checkpoints/sudoku_extreme_hf/checkpoint,16,1,blanks_1,45.833698187500715,0,592,fixed_point,1,changed_wrong,0.654320987654321,35,1,0,1,0,0
32,1,0.9506172839506173,1,checkpoints/sudoku_extreme_hf/checkpoint,4,1,blanks_1,45.833698187500715,0,593,fixed_point,1,changed_wrong,0.7777777777777778,15,1,0,1,0,0
32,1,0.8395061728395061,1,checkpoints/sudoku_extreme_hf/checkpoint,13,1,blanks_1,45.833698187500715,0,594,fixed_point,1,changed_wrong,0.7037037037037037,12,1,0,1,0,0
32,1,0.8641975308641975,1,checkpoints/sudoku_extreme_hf/checkpoint,10,1,blanks_1,45.833698187500715,0,595,fixed_point,1,changed_wrong,0.7901234567901234,14,1,0,1,0,0
32,1,0.8271604938271605,1,checkpoints/sudoku_extreme_hf/checkpoint,14,1,blanks_1,45.833698187500715,0,596,fixed_point,1,changed_wrong,0.6049382716049383,28,1,0,1,0,0
32,1,0.6296296296296297,1,checkpoints/sudoku_extreme_hf/checkpoint,29,1,blanks_1,45.833698187500715,0,597,fixed_point,1,changed_wrong,0.654320987654321,6,1,0,1,0,0
32,1,0.8518518518518519,1,checkpoints/sudoku_extreme_hf/checkpoint,12,1,blanks_1,45.833698187500715,0,598,fixed_point,1,changed_wrong,0.8888888888888888,16,1,0,1,0,0
32,1,1.0,1,checkpoints/sudoku_extreme_hf/checkpoint,0,1,blanks_1,45.833698187500715,1,599,fixed_point,0,became_wrong,0.7160493827160493,23,1,0,1,0,0
32,1,0.7654320987654321,1,checkpoints/sudoku_extreme_hf/checkpoint,19,1,blanks_1,45.833698187500715,0,600,fixed_point,1,changed_wrong,0.6790123456790124,21,1,0,1,0,0
32,1,0.7530864197530864,1,checkpoints/sudoku_extreme_hf/checkpoint,20,1,blanks_1,45.833698187500715,0,601,fixed_point,1,changed_wrong,0.7901234567901234,9,0,0,1,10,0
32,1,0.7901234567901234,1,checkpoints/sudoku_extreme_hf/checkpoint,17,1,blanks_1,45.833698187500715,0,602,fixed_point,1,changed_wrong,0.6296296296296297,30,1,0,1,0,0
32,1,0.7654320987654321,1,checkpoints/sudoku_extreme_hf/checkpoint,18,1,blanks_1,45.833698187500715,0,603,fixed_point,1,changed_wrong,0.691358024691358,14,1,0,1,0,0
32,1,0.8765432098765432,1,checkpoints/sudoku_extreme_hf/checkpoint,10,1,blanks_1,45.833698187500715,0,604,fixed_point,1,changed_wrong,0.6172839506172839,23,1,0,1,0,0
32,1,0.691358024691358,0,checkpoints/sudoku_extreme_hf/checkpoint,25,1,blanks_1,45.833698187500715,0,605,fixed_point,1,invalid_fixed_point,0.691358024691358,0,1,0,0,0,0
32,1,0.9259259259259259,1,checkpoints/sudoku_extreme_hf/checkpoint,6,1,blanks_1,45.833698187500715,0,606,fixed_point,1,changed_wrong,0.7777777777777778,18,1,0,1,0,0
32,1,0.9135802469135802,1,checkpoints/sudoku_extreme_hf/checkpoint,7,1,blanks_1,45.833698187500715,0,607,fixed_point,1,changed_wrong,0.7160493827160493,17,1,0,1,0,0
32,1,0.7654320987654321,1,checkpoints/sudoku_extreme_hf/checkpoint,19,1,blanks_1,37.70553293749934,0,608,fixed_point,1,changed_wrong,0.7777777777777778,7,1,0,1,0,0
32,1,0.6419753086419753,0,checkpoints/sudoku_extreme_hf/checkpoint,29,1,blanks_1,37.70553293749934,0,609,fixed_point,1,invalid_fixed_point,0.6419753086419753,0,1,0,0,0,0
32,1,1.0,1,checkpoints/sudoku_extreme_hf/checkpoint,0,1,blanks_1,37.70553293749934,1,610,fixed_point,0,became_wrong,0.7283950617283951,22,1,0,1,0,0
32,1,0.7283950617283951,1,checkpoints/sudoku_extreme_hf/checkpoint,21,1,blanks_1,37.70553293749934,0,611,fixed_point,1,changed_wrong,0.5555555555555556,28,0,0,1,16,0
32,1,0.9506172839506173,1,checkpoints/sudoku_extreme_hf/checkpoint,4,1,blanks_1,37.70553293749934,0,612,fixed_point,1,changed_wrong,0.8148148148148148,18,1,0,1,0,0
32,1,0.7530864197530864,1,checkpoints/sudoku_extreme_hf/checkpoint,20,1,blanks_1,37.70553293749934,0,613,fixed_point,1,changed_wrong,0.7037037037037037,21,1,0,1,0,0
32,1,0.7160493827160493,1,checkpoints/sudoku_extreme_hf/checkpoint,23,1,blanks_1,37.70553293749934,0,614,fixed_point,1,changed_wrong,0.6296296296296297,26,1,0,1,0,0
32,1,0.691358024691358,1,checkpoints/sudoku_extreme_hf/checkpoint,25,1,blanks_1,37.70553293749934,0,615,fixed_point,1,changed_wrong,0.5925925925925926,27,1,0,1,0,0
32,1,0.7777777777777778,1,checkpoints/sudoku_extreme_hf/checkpoint,18,1,blanks_1,37.70553293749934,0,616,fixed_point,1,changed_wrong,0.6790123456790124,14,1,0,1,0,0
32,1,0.8024691358024691,1,checkpoints/sudoku_extreme_hf/checkpoint,15,1,blanks_1,37.70553293749934,0,617,fixed_point,1,changed_wrong,0.5679012345679012,27,1,0,1,0,0
32,1,0.7530864197530864,0,checkpoints/sudoku_extreme_hf/checkpoint,20,1,blanks_1,37.70553293749934,0,618,fixed_point,1,invalid_fixed_point,0.7530864197530864,0,1,0,0,0,0
32,1,1.0,1,checkpoints/sudoku_extreme_hf/checkpoint,0,1,blanks_1,37.70553293749934,1,619,fixed_point,0,became_wrong,0.7407407407407407,21,1,0,1,0,0
32,1,0.6790123456790124,0,checkpoints/sudoku_extreme_hf/checkpoint,25,1,blanks_1,37.70553293749934,0,620,fixed_point,1,invalid_fixed_point,0.6790123456790124,0,1,0,0,0,0
32,1,0.9259259259259259,1,checkpoints/sudoku_extreme_hf/checkpoint,6,1,blanks_1,37.70553293749934,0,621,fixed_point,1,changed_wrong,0.9259259259259259,6,1,0,1,0,0
32,1,0.7654320987654321,1,checkpoints/sudoku_extreme_hf/checkpoint,19,1,blanks_1,37.70553293749934,0,622,fixed_point,1,changed_wrong,0.6790123456790124,16,1,0,1,0,0
32,1,0.7901234567901234,1,checkpoints/sudoku_extreme_hf/checkpoint,17,1,blanks_1,37.70553293749934,0,623,fixed_point,1,changed_wrong,0.7283950617283951,15,1,0,1,0,0
32,1,0.7037037037037037,1,checkpoints/sudoku_extreme_hf/checkpoint,24,1,blanks_1,37.70553293749934,0,624,fixed_point,1,changed_wrong,0.8024691358024691,16,1,0,1,0,0
32,1,0.7777777777777778,1,checkpoints/sudoku_extreme_hf/checkpoint,18,1,blanks_1,37.70553293749934,0,625,fixed_point,1,changed_wrong,0.7654320987654321,6,1,0,1,0,0
32,1,0.7530864197530864,1,checkpoints/sudoku_extreme_hf/checkpoint,20,1,blanks_1,37.70553293749934,0,626,fixed_point,1,changed_wrong,0.5432098765432098,25,1,0,1,0,0
32,1,0.7777777777777778,1,checkpoints/sudoku_extreme_hf/checkpoint,18,1,blanks_1,37.70553293749934,0,627,fixed_point,1,changed_wrong,0.7037037037037037,20,1,0,1,0,0
32,1,0.5802469135802469,1,checkpoints/sudoku_extreme_hf/checkpoint,34,1,blanks_1,37.70553293749934,0,628,fixed_point,1,changed_wrong,0.5802469135802469,4,1,0,1,0,0
32,1,0.654320987654321,1,checkpoints/sudoku_extreme_hf/checkpoint,27,1,blanks_1,37.70553293749934,0,629,fixed_point,1,changed_wrong,0.6049382716049383,21,1,0,1,0,0
32,1,0.7654320987654321,1,checkpoints/sudoku_extreme_hf/checkpoint,19,1,blanks_1,37.70553293749934,0,630,fixed_point,1,changed_wrong,0.6790123456790124,29,1,0,1,0,0
32,1,0.6666666666666666,1,checkpoints/sudoku_extreme_hf/checkpoint,26,1,blanks_1,37.70553293749934,0,631,fixed_point,1,changed_wrong,0.5555555555555556,21,1,0,1,0,0
32,1,0.5925925925925926,1,checkpoints/sudoku_extreme_hf/checkpoint,32,1,blanks_1,37.70553293749934,0,632,fixed_point,1,changed_wrong,0.5679012345679012,23,1,0,1,0,0
32,1,0.7407407407407407,1,checkpoints/sudoku_extreme_hf/checkpoint,20,0,blanks_1,37.70553293749934,0,633,fixed_point,1,changed_wrong,0.5802469135802469,26,0,0,1,27,26
32,1,0.6172839506172839,1,checkpoints/sudoku_extreme_hf/checkpoint,31,1,blanks_1,37.70553293749934,0,634,fixed_point,1,changed_wrong,0.6172839506172839,22,1,0,1,0,0
32,1,0.7160493827160493,1,checkpoints/sudoku_extreme_hf/checkpoint,23,1,blanks_1,37.70553293749934,0,635,fixed_point,1,changed_wrong,0.7037037037037037,10,1,0,1,0,0
32,1,0.8641975308641975,1,checkpoints/sudoku_extreme_hf/checkpoint,11,1,blanks_1,37.70553293749934,0,636,fixed_point,1,changed_wrong,0.8888888888888888,6,1,0,1,0,0
32,1,0.7901234567901234,1,checkpoints/sudoku_extreme_hf/checkpoint,16,1,blanks_1,37.70553293749934,0,637,fixed_point,1,changed_wrong,0.6172839506172839,21,1,0,1,0,0
32,1,0.8641975308641975,1,checkpoints/sudoku_extreme_hf/checkpoint,11,1,blanks_1,37.70553293749934,0,638,fixed_point,1,changed_wrong,0.8395061728395061,16,1,0,1,0,0
32,1,0.9506172839506173,0,checkpoints/sudoku_extreme_hf/checkpoint,4,1,blanks_1,37.70553293749934,0,639,fixed_point,1,invalid_fixed_point,0.9506172839506173,0,1,0,0,0,0
32,1,0.8271604938271605,1,checkpoints/sudoku_extreme_hf/checkpoint,14,1,blanks_1,33.95905999999904,0,640,fixed_point,1,changed_wrong,0.9506172839506173,10,1,0,1,0,0
32,1,0.7283950617283951,1,checkpoints/sudoku_extreme_hf/checkpoint,21,1,blanks_1,33.95905999999904,0,641,fixed_point,1,changed_wrong,0.6666666666666666,16,1,0,1,0,0
32,1,0.8888888888888888,1,checkpoints/sudoku_extreme_hf/checkpoint,9,1,blanks_1,33.95905999999904,0,642,fixed_point,1,changed_wrong,0.8395061728395061,11,1,0,1,0,0
32,1,0.9259259259259259,1,checkpoints/sudoku_extreme_hf/checkpoint,6,1,blanks_1,33.95905999999904,0,643,fixed_point,1,changed_wrong,0.8518518518518519,8,1,0,1,0,0
32,1,0.7654320987654321,1,checkpoints/sudoku_extreme_hf/checkpoint,19,1,blanks_1,33.95905999999904,0,644,fixed_point,1,changed_wrong,0.6790123456790124,32,0,0,1,24,0
32,1,0.654320987654321,0,checkpoints/sudoku_extreme_hf/checkpoint,28,1,blanks_1,33.95905999999904,0,645,fixed_point,1,invalid_fixed_point,0.654320987654321,0,1,0,0,0,0
32,1,0.7530864197530864,1,checkpoints/sudoku_extreme_hf/checkpoint,20,0,blanks_1,33.95905999999904,0,646,fixed_point,1,changed_wrong,0.7777777777777778,23,1,0,1,0,23
32,1,0.7407407407407407,1,checkpoints/sudoku_extreme_hf/checkpoint,20,1,blanks_1,33.95905999999904,0,647,fixed_point,1,changed_wrong,0.691358024691358,25,1,0,1,0,0
32,1,0.8765432098765432,1,checkpoints/sudoku_extreme_hf/checkpoint,10,1,blanks_1,33.95905999999904,0,648,fixed_point,1,changed_wrong,0.5925925925925926,25,1,0,1,0,0
32,1,1.0,1,checkpoints/sudoku_extreme_hf/checkpoint,0,1,blanks_1,33.95905999999904,1,649,fixed_point,0,became_wrong,0.7407407407407407,21,1,0,1,0,0
32,1,1.0,1,checkpoints/sudoku_extreme_hf/checkpoint,0,1,blanks_1,33.95905999999904,1,650,fixed_point,0,became_wrong,0.6666666666666666,27,1,0,1,0,0
32,1,0.7160493827160493,0,checkpoints/sudoku_extreme_hf/checkpoint,22,1,blanks_1,33.95905999999904,0,651,fixed_point,1,invalid_fixed_point,0.7160493827160493,0,1,0,0,0,0
32,1,1.0,1,checkpoints/sudoku_extreme_hf/checkpoint,0,1,blanks_1,33.95905999999904,1,652,fixed_point,0,became_wrong,0.8395061728395061,13,1,0,1,0,0
32,1,0.7283950617283951,1,checkpoints/sudoku_extreme_hf/checkpoint,21,1,blanks_1,33.95905999999904,0,653,fixed_point,1,changed_wrong,0.6172839506172839,15,1,0,1,0,0
32,1,0.691358024691358,1,checkpoints/sudoku_extreme_hf/checkpoint,25,1,blanks_1,33.95905999999904,0,654,fixed_point,1,changed_wrong,0.6790123456790124,12,1,0,1,0,0
32,1,0.6419753086419753,1,checkpoints/sudoku_extreme_hf/checkpoint,29,1,blanks_1,33.95905999999904,0,655,fixed_point,1,changed_wrong,0.6419753086419753,8,1,0,1,0,0
32,1,0.691358024691358,1,checkpoints/sudoku_extreme_hf/checkpoint,25,1,blanks_1,33.95905999999904,0,656,fixed_point,1,changed_wrong,0.6296296296296297,27,0,0,1,27,0
32,1,0.9259259259259259,0,checkpoints/sudoku_extreme_hf/checkpoint,6,1,blanks_1,33.95905999999904,0,657,fixed_point,1,invalid_fixed_point,0.9259259259259259,0,1,0,0,0,0
32,1,0.7777777777777778,1,checkpoints/sudoku_extreme_hf/checkpoint,18,1,blanks_1,33.95905999999904,0,658,fixed_point,1,changed_wrong,0.691358024691358,17,1,0,1,0,0
32,1,0.7777777777777778,1,checkpoints/sudoku_extreme_hf/checkpoint,18,1,blanks_1,33.95905999999904,0,659,fixed_point,1,changed_wrong,0.6666666666666666,19,1,0,1,0,0
32,1,1.0,1,checkpoints/sudoku_extreme_hf/checkpoint,0,1,blanks_1,33.95905999999904,1,660,fixed_point,0,became_wrong,0.9506172839506173,4,1,0,1,0,0
32,1,0.691358024691358,1,checkpoints/sudoku_extreme_hf/checkpoint,25,0,blanks_1,33.95905999999904,0,661,fixed_point,1,changed_wrong,0.5925925925925926,30,1,0,1,0,30
32,1,0.7407407407407407,1,checkpoints/sudoku_extreme_hf/checkpoint,20,1,blanks_1,33.95905999999904,0,662,fixed_point,1,changed_wrong,0.6296296296296297,17,1,0,1,0,0
32,1,0.7654320987654321,1,checkpoints/sudoku_extreme_hf/checkpoint,18,1,blanks_1,33.95905999999904,0,663,fixed_point,1,changed_wrong,0.6172839506172839,27,1,0,1,0,0
32,1,0.8641975308641975,1,checkpoints/sudoku_extreme_hf/checkpoint,11,1,blanks_1,33.95905999999904,0,664,fixed_point,1,changed_wrong,0.6790123456790124,26,1,0,1,0,0
32,1,0.9135802469135802,1,checkpoints/sudoku_extreme_hf/checkpoint,7,1,blanks_1,33.95905999999904,0,665,fixed_point,1,changed_wrong,0.7530864197530864,18,1,0,1,0,0
32,1,0.7654320987654321,1,checkpoints/sudoku_extreme_hf/checkpoint,19,0,blanks_1,33.95905999999904,0,666,fixed_point,1,changed_wrong,0.7160493827160493,16,1,0,1,0,3
32,1,1.0,1,checkpoints/sudoku_extreme_hf/checkpoint,0,1,blanks_1,33.95905999999904,1,667,fixed_point,0,became_wrong,0.7283950617283951,22,1,0,1,0,0
32,1,0.7160493827160493,1,checkpoints/sudoku_extreme_hf/checkpoint,22,1,blanks_1,33.95905999999904,0,668,fixed_point,1,changed_wrong,0.6666666666666666,18,1,0,1,0,0
32,1,1.0,1,checkpoints/sudoku_extreme_hf/checkpoint,0,1,blanks_1,33.95905999999904,1,669,fixed_point,0,became_wrong,0.7407407407407407,21,1,0,1,0,0
32,1,0.9012345679012346,0,checkpoints/sudoku_extreme_hf/checkpoint,8,1,blanks_1,33.95905999999904,0,670,fixed_point,1,invalid_fixed_point,0.9012345679012346,0,1,0,0,0,0
32,1,0.8024691358024691,1,checkpoints/sudoku_extreme_hf/checkpoint,15,1,blanks_1,33.95905999999904,0,671,fixed_point,1,changed_wrong,0.7530864197530864,23,1,0,1,0,0
32,1,0.6790123456790124,1,checkpoints/sudoku_extreme_hf/checkpoint,25,0,blanks_1,33.581689812500315,0,672,fixed_point,1,changed_wrong,0.7283950617283951,26,1,0,1,0,26
32,1,0.691358024691358,1,checkpoints/sudoku_extreme_hf/checkpoint,25,1,blanks_1,33.581689812500315,0,673,fixed_point,1,changed_wrong,0.7407407407407407,13,1,0,1,0,0
32,1,0.8518518518518519,1,checkpoints/sudoku_extreme_hf/checkpoint,12,1,blanks_1,33.581689812500315,0,674,fixed_point,1,changed_wrong,0.8641975308641975,12,1,0,1,0,0
32,1,0.8765432098765432,1,checkpoints/sudoku_extreme_hf/checkpoint,10,1,blanks_1,33.581689812500315,0,675,fixed_point,1,changed_wrong,0.8518518518518519,6,1,0,1,0,0
32,1,0.7037037037037037,1,checkpoints/sudoku_extreme_hf/checkpoint,24,1,blanks_1,33.581689812500315,0,676,fixed_point,1,changed_wrong,0.6790123456790124,4,1,0,1,0,0
32,1,0.7901234567901234,1,checkpoints/sudoku_extreme_hf/checkpoint,16,1,blanks_1,33.581689812500315,0,677,fixed_point,1,changed_wrong,0.7530864197530864,20,1,0,1,0,0
32,1,0.8148148148148148,1,checkpoints/sudoku_extreme_hf/checkpoint,15,0,blanks_1,33.581689812500315,0,678,fixed_point,1,changed_wrong,0.7654320987654321,16,1,0,1,0,18
32,1,1.0,1,checkpoints/sudoku_extreme_hf/checkpoint,0,1,blanks_1,33.581689812500315,1,679,fixed_point,0,became_wrong,0.8271604938271605,14,1,0,1,0,0
32,1,0.9012345679012346,1,checkpoints/sudoku_extreme_hf/checkpoint,8,1,blanks_1,33.581689812500315,0,680,fixed_point,1,changed_wrong,0.7283950617283951,21,1,0,1,0,0
32,1,0.8024691358024691,1,checkpoints/sudoku_extreme_hf/checkpoint,15,1,blanks_1,33.581689812500315,0,681,fixed_point,1,changed_wrong,0.7037037037037037,16,1,0,1,0,0
32,1,1.0,1,checkpoints/sudoku_extreme_hf/checkpoint,0,1,blanks_1,33.581689812500315,1,682,fixed_point,0,became_wrong,0.9135802469135802,7,1,0,1,0,0
32,1,0.8024691358024691,1,checkpoints/sudoku_extreme_hf/checkpoint,15,1,blanks_1,33.581689812500315,0,683,fixed_point,1,changed_wrong,0.7530864197530864,11,1,0,1,0,0
32,1,0.6172839506172839,1,checkpoints/sudoku_extreme_hf/checkpoint,30,1,blanks_1,33.581689812500315,0,684,fixed_point,1,changed_wrong,0.5061728395061729,14,1,0,1,0,0
32,1,0.8765432098765432,0,checkpoints/sudoku_extreme_hf/checkpoint,10,1,blanks_1,33.581689812500315,0,685,fixed_point,1,invalid_fixed_point,0.8765432098765432,0,1,0,0,0,0
32,1,0.6790123456790124,1,checkpoints/sudoku_extreme_hf/checkpoint,26,1,blanks_1,33.581689812500315,0,686,fixed_point,1,changed_wrong,0.6419753086419753,6,1,0,1,0,0
32,1,0.9506172839506173,1,checkpoints/sudoku_extreme_hf/checkpoint,4,1,blanks_1,33.581689812500315,0,687,fixed_point,1,changed_wrong,0.8395061728395061,10,1,0,1,0,0
32,1,0.654320987654321,1,checkpoints/sudoku_extreme_hf/checkpoint,28,1,blanks_1,33.581689812500315,0,688,fixed_point,1,changed_wrong,0.5308641975308642,22,1,0,1,0,0
32,1,0.6296296296296297,1,checkpoints/sudoku_extreme_hf/checkpoint,30,1,blanks_1,33.581689812500315,0,689,fixed_point,1,changed_wrong,0.654320987654321,21,1,0,1,0,0
32,1,0.8518518518518519,0,checkpoints/sudoku_extreme_hf/checkpoint,12,1,blanks_1,33.581689812500315,0,690,fixed_point,1,invalid_fixed_point,0.8518518518518519,0,1,0,0,0,0
32,1,0.7777777777777778,1,checkpoints/sudoku_extreme_hf/checkpoint,18,1,blanks_1,33.581689812500315,0,691,fixed_point,1,changed_wrong,0.6419753086419753,29,1,0,1,0,0
32,1,0.7160493827160493,1,checkpoints/sudoku_extreme_hf/checkpoint,23,1,blanks_1,33.581689812500315,0,692,fixed_point,1,changed_wrong,0.7037037037037037,25,1,0,1,0,0
32,1,0.7407407407407407,0,checkpoints/sudoku_extreme_hf/checkpoint,21,1,blanks_1,33.581689812500315,0,693,fixed_point,1,invalid_fixed_point,0.7407407407407407,0,1,0,0,0,0
32,1,0.8148148148148148,1,checkpoints/sudoku_extreme_hf/checkpoint,15,1,blanks_1,33.581689812500315,0,694,fixed_point,1,changed_wrong,0.8271604938271605,18,1,0,1,0,0
32,1,0.8024691358024691,1,checkpoints/sudoku_extreme_hf/checkpoint,15,1,blanks_1,33.581689812500315,0,695,fixed_point,1,changed_wrong,0.7654320987654321,25,1,0,1,0,0
32,1,0.9259259259259259,0,checkpoints/sudoku_extreme_hf/checkpoint,6,1,blanks_1,33.581689812500315,0,696,fixed_point,1,invalid_fixed_point,0.9259259259259259,0,1,0,0,0,0
32,1,0.7654320987654321,1,checkpoints/sudoku_extreme_hf/checkpoint,18,0,blanks_1,33.581689812500315,0,697,fixed_point,1,changed_wrong,0.6790123456790124,19,1,0,1,0,16
32,1,0.6790123456790124,1,checkpoints/sudoku_extreme_hf/checkpoint,26,0,blanks_1,33.581689812500315,0,698,fixed_point,1,changed_wrong,0.6790123456790124,21,1,0,1,0,18
32,1,0.7407407407407407,1,checkpoints/sudoku_extreme_hf/checkpoint,20,0,blanks_1,33.581689812500315,0,699,fixed_point,1,changed_wrong,0.5679012345679012,36,1,0,1,0,20
32,1,0.8518518518518519,1,checkpoints/sudoku_extreme_hf/checkpoint,12,1,blanks_1,33.581689812500315,0,700,fixed_point,1,changed_wrong,0.6790123456790124,19,1,0,1,0,0
32,1,0.7901234567901234,1,checkpoints/sudoku_extreme_hf/checkpoint,16,1,blanks_1,33.581689812500315,0,701,fixed_point,1,changed_wrong,0.691358024691358,20,1,0,1,0,0
32,1,1.0,1,checkpoints/sudoku_extreme_hf/checkpoint,0,1,blanks_1,33.581689812500315,1,702,fixed_point,0,became_wrong,0.8271604938271605,14,1,0,1,0,0
32,1,1.0,1,checkpoints/sudoku_extreme_hf/checkpoint,0,1,blanks_1,33.581689812500315,1,703,fixed_point,0,became_wrong,0.8148148148148148,15,1,0,1,0,0
32,1,0.691358024691358,1,checkpoints/sudoku_extreme_hf/checkpoint,24,1,blanks_1,33.172036593750676,0,704,fixed_point,1,changed_wrong,0.6049382716049383,19,0,0,1,26,0
32,1,0.7777777777777778,1,checkpoints/sudoku_extreme_hf/checkpoint,18,1,blanks_1,33.172036593750676,0,705,fixed_point,1,changed_wrong,0.8765432098765432,22,1,0,1,0,0
32,1,0.7160493827160493,1,checkpoints/sudoku_extreme_hf/checkpoint,23,1,blanks_1,33.172036593750676,0,706,fixed_point,1,changed_wrong,0.7530864197530864,27,1,0,1,0,0
32,1,0.8148148148148148,1,checkpoints/sudoku_extreme_hf/checkpoint,15,0,blanks_1,33.172036593750676,0,707,fixed_point,1,changed_wrong,0.8024691358024691,14,1,0,1,0,12
32,1,0.8518518518518519,0,checkpoints/sudoku_extreme_hf/checkpoint,12,1,blanks_1,33.172036593750676,0,708,fixed_point,1,invalid_fixed_point,0.8518518518518519,0,1,0,0,0,0
32,1,0.8024691358024691,1,checkpoints/sudoku_extreme_hf/checkpoint,16,1,blanks_1,33.172036593750676,0,709,fixed_point,1,changed_wrong,0.6790123456790124,22,1,0,1,0,0
32,1,0.8641975308641975,1,checkpoints/sudoku_extreme_hf/checkpoint,11,1,blanks_1,33.172036593750676,0,710,fixed_point,1,changed_wrong,0.691358024691358,30,1,0,1,0,0
32,1,0.7901234567901234,1,checkpoints/sudoku_extreme_hf/checkpoint,16,1,blanks_1,33.172036593750676,0,711,fixed_point,1,changed_wrong,0.691358024691358,31,1,0,1,0,0
32,1,0.8888888888888888,1,checkpoints/sudoku_extreme_hf/checkpoint,9,1,blanks_1,33.172036593750676,0,712,fixed_point,1,changed_wrong,0.8518518518518519,4,1,0,1,0,0
32,1,0.7901234567901234,0,checkpoints/sudoku_extreme_hf/checkpoint,16,1,blanks_1,33.172036593750676,0,713,fixed_point,1,invalid_fixed_point,0.7901234567901234,0,1,0,0,0,0
32,1,0.9506172839506173,1,checkpoints/sudoku_extreme_hf/checkpoint,4,1,blanks_1,33.172036593750676,0,714,fixed_point,1,changed_wrong,0.7777777777777778,14,1,0,1,0,0
32,1,0.8641975308641975,0,checkpoints/sudoku_extreme_hf/checkpoint,11,1,blanks_1,33.172036593750676,0,715,fixed_point,1,invalid_fixed_point,0.8641975308641975,0,1,0,0,0,0
32,1,0.7283950617283951,1,checkpoints/sudoku_extreme_hf/checkpoint,21,1,blanks_1,33.172036593750676,0,716,fixed_point,1,changed_wrong,0.7160493827160493,10,1,0,1,0,0
32,1,0.8395061728395061,1,checkpoints/sudoku_extreme_hf/checkpoint,13,1,blanks_1,33.172036593750676,0,717,fixed_point,1,changed_wrong,0.8641975308641975,9,1,0,1,0,0
32,1,0.9506172839506173,1,checkpoints/sudoku_extreme_hf/checkpoint,4,1,blanks_1,33.172036593750676,0,718,fixed_point,1,changed_wrong,0.654320987654321,26,1,0,1,0,0
32,1,0.9012345679012346,1,checkpoints/sudoku_extreme_hf/checkpoint,7,1,blanks_1,33.172036593750676,0,719,fixed_point,1,changed_wrong,0.5432098765432098,33,0,0,1,23,0
32,1,1.0,1,checkpoints/sudoku_extreme_hf/checkpoint,0,1,blanks_1,33.172036593750676,1,720,fixed_point,0,became_wrong,0.7901234567901234,17,1,0,1,0,0
32,1,0.7160493827160493,1,checkpoints/sudoku_extreme_hf/checkpoint,22,1,blanks_1,33.172036593750676,0,721,fixed_point,1,changed_wrong,0.5802469135802469,22,1,0,1,0,0
32,1,0.5802469135802469,1,checkpoints/sudoku_extreme_hf/checkpoint,34,1,blanks_1,33.172036593750676,0,722,fixed_point,1,changed_wrong,0.6666666666666666,10,1,0,1,0,0
32,1,0.8271604938271605,1,checkpoints/sudoku_extreme_hf/checkpoint,14,1,blanks_1,33.172036593750676,0,723,fixed_point,1,changed_wrong,0.654320987654321,24,0,0,1,24,0
32,1,0.6419753086419753,1,checkpoints/sudoku_extreme_hf/checkpoint,29,1,blanks_1,33.172036593750676,0,724,fixed_point,1,changed_wrong,0.6419753086419753,21,1,0,1,0,0
32,1,0.9259259259259259,1,checkpoints/sudoku_extreme_hf/checkpoint,6,1,blanks_1,33.172036593750676,0,725,fixed_point,1,changed_wrong,0.7283950617283951,16,1,0,1,0,0
32,1,0.7407407407407407,1,checkpoints/sudoku_extreme_hf/checkpoint,21,1,blanks_1,33.172036593750676,0,726,fixed_point,1,changed_wrong,0.691358024691358,15,1,0,1,0,0
32,1,1.0,1,checkpoints/sudoku_extreme_hf/checkpoint,0,1,blanks_1,33.172036593750676,1,727,fixed_point,0,became_wrong,0.7777777777777778,18,1,0,1,0,0
32,1,1.0,0,checkpoints/sudoku_extreme_hf/checkpoint,0,1,blanks_1,33.172036593750676,1,728,fixed_point,0,stable_correct,1.0,0,1,1,0,0,0
32,1,0.7037037037037037,1,checkpoints/sudoku_extreme_hf/checkpoint,24,1,blanks_1,33.172036593750676,0,729,fixed_point,1,changed_wrong,0.5555555555555556,24,1,0,1,0,0
32,1,0.9012345679012346,1,checkpoints/sudoku_extreme_hf/checkpoint,8,1,blanks_1,33.172036593750676,0,730,fixed_point,1,changed_wrong,0.654320987654321,29,1,0,1,0,0
32,1,0.9259259259259259,1,checkpoints/sudoku_extreme_hf/checkpoint,6,1,blanks_1,33.172036593750676,0,731,fixed_point,1,changed_wrong,0.7654320987654321,14,1,0,1,0,0
32,1,0.8765432098765432,1,checkpoints/sudoku_extreme_hf/checkpoint,10,1,blanks_1,33.172036593750676,0,732,fixed_point,1,changed_wrong,0.7283950617283951,14,1,0,1,0,0
32,1,0.9259259259259259,1,checkpoints/sudoku_extreme_hf/checkpoint,6,1,blanks_1,33.172036593750676,0,733,fixed_point,1,changed_wrong,0.8765432098765432,10,1,0,1,0,0
32,1,0.7283950617283951,1,checkpoints/sudoku_extreme_hf/checkpoint,21,1,blanks_1,33.172036593750676,0,734,fixed_point,1,changed_wrong,0.6666666666666666,17,1,0,1,0,0
32,1,0.6419753086419753,1,checkpoints/sudoku_extreme_hf/checkpoint,28,1,blanks_1,33.172036593750676,0,735,fixed_point,1,changed_wrong,0.7160493827160493,23,1,0,1,0,0
32,1,0.7037037037037037,1,checkpoints/sudoku_extreme_hf/checkpoint,24,1,blanks_1,34.16739550000081,0,736,fixed_point,1,changed_wrong,0.654320987654321,4,1,0,1,0,0
32,1,0.9629629629629629,1,checkpoints/sudoku_extreme_hf/checkpoint,3,0,blanks_1,34.16739550000081,0,737,fixed_point,1,became_correct,1.0,3,1,1,1,0,3
32,1,0.7407407407407407,1,checkpoints/sudoku_extreme_hf/checkpoint,21,1,blanks_1,34.16739550000081,0,738,fixed_point,1,changed_wrong,0.7283950617283951,18,1,0,1,0,0
32,1,0.6666666666666666,1,checkpoints/sudoku_extreme_hf/checkpoint,27,1,blanks_1,34.16739550000081,0,739,fixed_point,1,changed_wrong,0.5679012345679012,27,1,0,1,0,0
32,1,0.8518518518518519,1,checkpoints/sudoku_extreme_hf/checkpoint,11,1,blanks_1,34.16739550000081,0,740,fixed_point,1,changed_wrong,0.8518518518518519,6,1,0,1,0,0
32,1,0.9012345679012346,1,checkpoints/sudoku_extreme_hf/checkpoint,7,1,blanks_1,34.16739550000081,0,741,fixed_point,1,changed_wrong,0.8024691358024691,15,1,0,1,0,0
32,1,0.8518518518518519,0,checkpoints/sudoku_extreme_hf/checkpoint,12,1,blanks_1,34.16739550000081,0,742,fixed_point,1,invalid_fixed_point,0.8518518518518519,0,1,0,0,0,0
32,1,0.8765432098765432,0,checkpoints/sudoku_extreme_hf/checkpoint,10,1,blanks_1,34.16739550000081,0,743,fixed_point,1,invalid_fixed_point,0.8765432098765432,0,1,0,0,0,0
32,1,0.691358024691358,1,checkpoints/sudoku_extreme_hf/checkpoint,25,1,blanks_1,34.16739550000081,0,744,fixed_point,1,changed_wrong,0.6049382716049383,14,1,0,1,0,0
32,1,0.8148148148148148,0,checkpoints/sudoku_extreme_hf/checkpoint,15,1,blanks_1,34.16739550000081,0,745,fixed_point,1,invalid_fixed_point,0.8148148148148148,0,1,0,0,0,0
32,1,0.7530864197530864,1,checkpoints/sudoku_extreme_hf/checkpoint,20,1,blanks_1,34.16739550000081,0,746,fixed_point,1,changed_wrong,0.6419753086419753,20,1,0,1,0,0
32,1,0.6419753086419753,1,checkpoints/sudoku_extreme_hf/checkpoint,28,1,blanks_1,34.16739550000081,0,747,fixed_point,1,changed_wrong,0.5555555555555556,27,1,0,1,0,0
32,1,0.7283950617283951,1,checkpoints/sudoku_extreme_hf/checkpoint,22,1,blanks_1,34.16739550000081,0,748,fixed_point,1,changed_wrong,0.6666666666666666,25,1,0,1,0,0
32,1,0.8765432098765432,1,checkpoints/sudoku_extreme_hf/checkpoint,9,1,blanks_1,34.16739550000081,0,749,fixed_point,1,changed_wrong,0.7530864197530864,23,0,0,1,12,0
32,1,0.8271604938271605,1,checkpoints/sudoku_extreme_hf/checkpoint,13,1,blanks_1,34.16739550000081,0,750,fixed_point,1,changed_wrong,0.7901234567901234,4,1,0,1,0,0
32,1,0.8641975308641975,1,checkpoints/sudoku_extreme_hf/checkpoint,11,1,blanks_1,34.16739550000081,0,751,fixed_point,1,changed_wrong,0.691358024691358,15,1,0,1,0,0
32,1,0.8641975308641975,1,checkpoints/sudoku_extreme_hf/checkpoint,11,1,blanks_1,34.16739550000081,0,752,fixed_point,1,changed_wrong,0.7283950617283951,16,1,0,1,0,0
32,1,0.7901234567901234,1,checkpoints/sudoku_extreme_hf/checkpoint,17,1,blanks_1,34.16739550000081,0,753,fixed_point,1,changed_wrong,0.6790123456790124,21,1,0,1,0,0
32,1,0.7777777777777778,1,checkpoints/sudoku_extreme_hf/checkpoint,18,1,blanks_1,34.16739550000081,0,754,fixed_point,1,changed_wrong,0.6419753086419753,25,1,0,1,0,0
32,1,0.8271604938271605,0,checkpoints/sudoku_extreme_hf/checkpoint,13,1,blanks_1,34.16739550000081,0,755,fixed_point,1,invalid_fixed_point,0.8271604938271605,0,1,0,0,0,0
32,1,0.9506172839506173,1,checkpoints/sudoku_extreme_hf/checkpoint,4,1,blanks_1,34.16739550000081,0,756,fixed_point,1,changed_wrong,0.7037037037037037,23,1,0,1,0,0
32,1,0.9259259259259259,1,checkpoints/sudoku_extreme_hf/checkpoint,6,1,blanks_1,34.16739550000081,0,757,fixed_point,1,changed_wrong,0.6790123456790124,21,1,0,1,0,0
32,1,0.9135802469135802,1,checkpoints/sudoku_extreme_hf/checkpoint,7,1,blanks_1,34.16739550000081,0,758,fixed_point,1,changed_wrong,0.8148148148148148,8,1,0,1,0,0
32,1,0.8395061728395061,0,checkpoints/sudoku_extreme_hf/checkpoint,12,1,blanks_1,34.16739550000081,0,759,fixed_point,1,invalid_fixed_point,0.8395061728395061,0,1,0,0,0,0
32,1,0.8641975308641975,1,checkpoints/sudoku_extreme_hf/checkpoint,11,1,blanks_1,34.16739550000081,0,760,fixed_point,1,changed_wrong,0.691358024691358,16,1,0,1,0,0
32,1,0.7901234567901234,1,checkpoints/sudoku_extreme_hf/checkpoint,17,1,blanks_1,34.16739550000081,0,761,fixed_point,1,changed_wrong,0.7530864197530864,4,1,0,1,0,0
32,1,0.6296296296296297,1,checkpoints/sudoku_extreme_hf/checkpoint,29,0,blanks_1,34.16739550000081,0,762,fixed_point,1,changed_wrong,0.691358024691358,26,1,0,1,0,18
32,1,0.9259259259259259,1,checkpoints/sudoku_extreme_hf/checkpoint,6,1,blanks_1,34.16739550000081,0,763,fixed_point,1,changed_wrong,0.8765432098765432,4,1,0,1,0,0
32,1,0.5802469135802469,1,checkpoints/sudoku_extreme_hf/checkpoint,33,1,blanks_1,34.16739550000081,0,764,fixed_point,1,changed_wrong,0.6419753086419753,23,0,0,1,17,0
32,1,0.6790123456790124,1,checkpoints/sudoku_extreme_hf/checkpoint,25,1,blanks_1,34.16739550000081,0,765,fixed_point,1,changed_wrong,0.5185185185185185,27,1,0,1,0,0
32,1,0.8024691358024691,1,checkpoints/sudoku_extreme_hf/checkpoint,16,1,blanks_1,34.16739550000081,0,766,fixed_point,1,changed_wrong,0.6666666666666666,25,1,0,1,0,0
32,1,1.0,1,checkpoints/sudoku_extreme_hf/checkpoint,0,1,blanks_1,34.16739550000081,1,767,fixed_point,0,became_wrong,0.8271604938271605,14,1,0,1,0,0
32,1,0.8148148148148148,1,checkpoints/sudoku_extreme_hf/checkpoint,15,1,blanks_1,38.5869054687511,0,768,fixed_point,1,changed_wrong,0.6790123456790124,17,1,0,1,0,0
32,1,0.8641975308641975,1,checkpoints/sudoku_extreme_hf/checkpoint,11,1,blanks_1,38.5869054687511,0,769,fixed_point,1,changed_wrong,0.7901234567901234,10,1,0,1,0,0
32,1,0.7037037037037037,1,checkpoints/sudoku_extreme_hf/checkpoint,24,1,blanks_1,38.5869054687511,0,770,fixed_point,1,changed_wrong,0.7037037037037037,15,1,0,1,0,0
32,1,0.8518518518518519,1,checkpoints/sudoku_extreme_hf/checkpoint,11,1,blanks_1,38.5869054687511,0,771,fixed_point,1,changed_wrong,0.7654320987654321,8,1,0,1,0,0
32,1,0.9506172839506173,0,checkpoints/sudoku_extreme_hf/checkpoint,4,1,blanks_1,38.5869054687511,0,772,fixed_point,1,invalid_fixed_point,0.9506172839506173,0,1,0,0,0,0
32,1,0.7407407407407407,1,checkpoints/sudoku_extreme_hf/checkpoint,21,1,blanks_1,38.5869054687511,0,773,fixed_point,1,changed_wrong,0.654320987654321,16,1,0,1,0,0
32,1,0.691358024691358,1,checkpoints/sudoku_extreme_hf/checkpoint,24,1,blanks_1,38.5869054687511,0,774,fixed_point,1,changed_wrong,0.654320987654321,25,0,0,1,15,0
32,1,0.7037037037037037,0,checkpoints/sudoku_extreme_hf/checkpoint,23,1,blanks_1,38.5869054687511,0,775,fixed_point,1,invalid_fixed_point,0.7037037037037037,0,1,0,0,0,0
32,1,0.6790123456790124,1,checkpoints/sudoku_extreme_hf/checkpoint,26,1,blanks_1,38.5869054687511,0,776,fixed_point,1,changed_wrong,0.691358024691358,12,1,0,1,0,0
32,1,0.7160493827160493,1,checkpoints/sudoku_extreme_hf/checkpoint,22,1,blanks_1,38.5869054687511,0,777,fixed_point,1,changed_wrong,0.7160493827160493,15,0,0,1,7,0
32,1,0.7283950617283951,1,checkpoints/sudoku_extreme_hf/checkpoint,21,1,blanks_1,38.5869054687511,0,778,fixed_point,1,changed_wrong,0.7530864197530864,4,1,0,1,0,0
32,1,0.7283950617283951,1,checkpoints/sudoku_extreme_hf/checkpoint,21,1,blanks_1,38.5869054687511,0,779,fixed_point,1,changed_wrong,0.6419753086419753,14,1,0,1,0,0
32,1,0.7530864197530864,1,checkpoints/sudoku_extreme_hf/checkpoint,20,1,blanks_1,38.5869054687511,0,780,fixed_point,1,changed_wrong,0.7283950617283951,19,1,0,1,0,0
32,1,0.8148148148148148,1,checkpoints/sudoku_extreme_hf/checkpoint,14,1,blanks_1,38.5869054687511,0,781,fixed_point,1,changed_wrong,0.7037037037037037,10,1,0,1,0,0
32,1,0.8271604938271605,1,checkpoints/sudoku_extreme_hf/checkpoint,14,1,blanks_1,38.5869054687511,0,782,fixed_point,1,changed_wrong,0.8271604938271605,19,1,0,1,0,0
32,1,0.9135802469135802,1,checkpoints/sudoku_extreme_hf/checkpoint,7,1,blanks_1,38.5869054687511,0,783,fixed_point,1,changed_wrong,0.8518518518518519,6,1,0,1,0,0
32,1,0.8641975308641975,1,checkpoints/sudoku_extreme_hf/checkpoint,11,1,blanks_1,38.5869054687511,0,784,fixed_point,1,changed_wrong,0.9259259259259259,5,0,0,1,6,0
32,1,0.9135802469135802,1,checkpoints/sudoku_extreme_hf/checkpoint,6,1,blanks_1,38.5869054687511,0,785,fixed_point,1,changed_wrong,0.6790123456790124,19,1,0,1,0,0
32,1,0.7160493827160493,1,checkpoints/sudoku_extreme_hf/checkpoint,23,1,blanks_1,38.5869054687511,0,786,fixed_point,1,changed_wrong,0.6666666666666666,13,1,0,1,0,0
32,1,0.6790123456790124,1,checkpoints/sudoku_extreme_hf/checkpoint,25,1,blanks_1,38.5869054687511,0,787,fixed_point,1,changed_wrong,0.5925925925925926,26,0,0,1,18,0
32,1,0.6172839506172839,1,checkpoints/sudoku_extreme_hf/checkpoint,30,1,blanks_1,38.5869054687511,0,788,fixed_point,1,changed_wrong,0.5555555555555556,32,1,0,1,0,0
32,1,0.691358024691358,1,checkpoints/sudoku_extreme_hf/checkpoint,24,1,blanks_1,38.5869054687511,0,789,fixed_point,1,changed_wrong,0.691358024691358,25,1,0,1,0,0
32,1,0.9012345679012346,1,checkpoints/sudoku_extreme_hf/checkpoint,8,1,blanks_1,38.5869054687511,0,790,fixed_point,1,became_correct,1.0,8,1,1,1,0,0
32,1,0.7037037037037037,1,checkpoints/sudoku_extreme_hf/checkpoint,24,1,blanks_1,38.5869054687511,0,791,fixed_point,1,changed_wrong,0.654320987654321,21,1,0,1,0,0
32,1,0.7160493827160493,1,checkpoints/sudoku_extreme_hf/checkpoint,22,1,blanks_1,38.5869054687511,0,792,fixed_point,1,changed_wrong,0.5802469135802469,34,1,0,1,0,0
32,1,0.7037037037037037,1,checkpoints/sudoku_extreme_hf/checkpoint,23,1,blanks_1,38.5869054687511,0,793,fixed_point,1,changed_wrong,0.7777777777777778,16,1,0,1,0,0
32,1,0.8024691358024691,1,checkpoints/sudoku_extreme_hf/checkpoint,16,1,blanks_1,38.5869054687511,0,794,fixed_point,1,changed_wrong,0.7530864197530864,8,1,0,1,0,0
32,1,0.7530864197530864,1,checkpoints/sudoku_extreme_hf/checkpoint,20,1,blanks_1,38.5869054687511,0,795,fixed_point,1,changed_wrong,0.7160493827160493,9,0,0,1,4,0
32,1,0.6666666666666666,1,checkpoints/sudoku_extreme_hf/checkpoint,27,1,blanks_1,38.5869054687511,0,796,fixed_point,1,changed_wrong,0.6790123456790124,6,1,0,1,0,0
32,1,0.8518518518518519,1,checkpoints/sudoku_extreme_hf/checkpoint,12,1,blanks_1,38.5869054687511,0,797,fixed_point,1,changed_wrong,0.6666666666666666,22,1,0,1,0,0
32,1,0.8395061728395061,1,checkpoints/sudoku_extreme_hf/checkpoint,13,1,blanks_1,38.5869054687511,0,798,fixed_point,1,changed_wrong,0.6419753086419753,26,1,0,1,0,0
32,1,0.8271604938271605,1,checkpoints/sudoku_extreme_hf/checkpoint,14,1,blanks_1,38.5869054687511,0,799,fixed_point,1,changed_wrong,0.6666666666666666,25,1,0,1,0,0
32,1,0.9506172839506173,1,checkpoints/sudoku_extreme_hf/checkpoint,4,1,blanks_1,40.66830793749965,0,800,fixed_point,1,changed_wrong,0.6296296296296297,27,1,0,1,0,0
32,1,0.7777777777777778,1,checkpoints/sudoku_extreme_hf/checkpoint,18,0,blanks_1,40.66830793749965,0,801,fixed_point,1,changed_wrong,0.7407407407407407,24,1,0,1,0,15
32,1,0.7777777777777778,0,checkpoints/sudoku_extreme_hf/checkpoint,18,1,blanks_1,40.66830793749965,0,802,fixed_point,1,invalid_fixed_point,0.7777777777777778,0,1,0,0,0,0
32,1,0.5925925925925926,1,checkpoints/sudoku_extreme_hf/checkpoint,32,1,blanks_1,40.66830793749965,0,803,fixed_point,1,changed_wrong,0.6419753086419753,19,0,0,1,26,0
32,1,0.8765432098765432,1,checkpoints/sudoku_extreme_hf/checkpoint,10,1,blanks_1,40.66830793749965,0,804,fixed_point,1,changed_wrong,0.7777777777777778,13,1,0,1,0,0
32,1,0.9135802469135802,1,checkpoints/sudoku_extreme_hf/checkpoint,6,1,blanks_1,40.66830793749965,0,805,fixed_point,1,changed_wrong,0.7407407407407407,22,1,0,1,0,0
32,1,0.5925925925925926,1,checkpoints/sudoku_extreme_hf/checkpoint,33,1,blanks_1,40.66830793749965,0,806,fixed_point,1,changed_wrong,0.654320987654321,13,0,0,1,23,0
32,1,0.9012345679012346,1,checkpoints/sudoku_extreme_hf/checkpoint,8,1,blanks_1,40.66830793749965,0,807,fixed_point,1,became_correct,1.0,8,1,1,1,0,0
32,1,0.691358024691358,1,checkpoints/sudoku_extreme_hf/checkpoint,24,1,blanks_1,40.66830793749965,0,808,fixed_point,1,changed_wrong,0.7160493827160493,20,1,0,1,0,0
32,1,1.0,0,checkpoints/sudoku_extreme_hf/checkpoint,0,1,blanks_1,40.66830793749965,1,809,fixed_point,0,stable_correct,1.0,0,1,1,0,0,0
32,1,0.7654320987654321,1,checkpoints/sudoku_extreme_hf/checkpoint,19,1,blanks_1,40.66830793749965,0,810,fixed_point,1,changed_wrong,0.654320987654321,23,1,0,1,0,0
32,1,0.8641975308641975,0,checkpoints/sudoku_extreme_hf/checkpoint,10,1,blanks_1,40.66830793749965,0,811,fixed_point,1,invalid_fixed_point,0.8641975308641975,0,1,0,0,0,0
32,1,0.8765432098765432,1,checkpoints/sudoku_extreme_hf/checkpoint,9,1,blanks_1,40.66830793749965,0,812,fixed_point,1,changed_wrong,0.9506172839506173,6,1,0,1,0,0
32,1,0.9012345679012346,1,checkpoints/sudoku_extreme_hf/checkpoint,8,1,blanks_1,40.66830793749965,0,813,fixed_point,1,changed_wrong,0.8641975308641975,11,1,0,1,0,0
32,1,0.7777777777777778,1,checkpoints/sudoku_extreme_hf/checkpoint,17,1,blanks_1,40.66830793749965,0,814,fixed_point,1,changed_wrong,0.7530864197530864,4,1,0,1,0,0
32,1,0.5925925925925926,1,checkpoints/sudoku_extreme_hf/checkpoint,32,1,blanks_1,40.66830793749965,0,815,fixed_point,1,changed_wrong,0.6049382716049383,14,1,0,1,0,0
32,1,1.0,1,checkpoints/sudoku_extreme_hf/checkpoint,0,1,blanks_1,40.66830793749965,1,816,fixed_point,0,became_wrong,0.7037037037037037,24,0,0,1,29,0
32,1,0.7530864197530864,1,checkpoints/sudoku_extreme_hf/checkpoint,19,1,blanks_1,40.66830793749965,0,817,fixed_point,1,changed_wrong,0.8641975308641975,20,1,0,1,0,0
32,1,0.8765432098765432,0,checkpoints/sudoku_extreme_hf/checkpoint,10,1,blanks_1,40.66830793749965,0,818,fixed_point,1,invalid_fixed_point,0.8765432098765432,0,1,0,0,0,0
32,1,0.8271604938271605,1,checkpoints/sudoku_extreme_hf/checkpoint,14,1,blanks_1,40.66830793749965,0,819,fixed_point,1,changed_wrong,0.7160493827160493,24,1,0,1,0,0
32,1,0.654320987654321,1,checkpoints/sudoku_extreme_hf/checkpoint,28,1,blanks_1,40.66830793749965,0,820,fixed_point,1,changed_wrong,0.7407407407407407,28,1,0,1,0,0
32,1,0.8271604938271605,1,checkpoints/sudoku_extreme_hf/checkpoint,14,1,blanks_1,40.66830793749965,0,821,fixed_point,1,changed_wrong,0.8765432098765432,4,1,0,1,0,0
32,1,0.8148148148148148,1,checkpoints/sudoku_extreme_hf/checkpoint,15,1,blanks_1,40.66830793749965,0,822,fixed_point,1,changed_wrong,0.654320987654321,21,1,0,1,0,0
32,1,0.7407407407407407,1,checkpoints/sudoku_extreme_hf/checkpoint,20,1,blanks_1,40.66830793749965,0,823,fixed_point,1,changed_wrong,0.6296296296296297,20,1,0,1,0,0
32,1,0.8271604938271605,1,checkpoints/sudoku_extreme_hf/checkpoint,13,1,blanks_1,40.66830793749965,0,824,fixed_point,1,changed_wrong,0.6666666666666666,18,1,0,1,0,0
32,1,0.9506172839506173,1,checkpoints/sudoku_extreme_hf/checkpoint,4,1,blanks_1,40.66830793749965,0,825,fixed_point,1,changed_wrong,0.6296296296296297,28,1,0,1,0,0
32,1,0.6172839506172839,1,checkpoints/sudoku_extreme_hf/checkpoint,31,1,blanks_1,40.66830793749965,0,826,fixed_point,1,changed_wrong,0.7160493827160493,32,0,0,1,14,0
32,1,0.7407407407407407,1,checkpoints/sudoku_extreme_hf/checkpoint,21,1,blanks_1,40.66830793749965,0,827,fixed_point,1,changed_wrong,0.691358024691358,12,1,0,1,0,0
32,1,0.9259259259259259,1,checkpoints/sudoku_extreme_hf/checkpoint,5,1,blanks_1,40.66830793749965,0,828,fixed_point,1,changed_wrong,0.7160493827160493,22,1,0,1,0,0
32,1,0.8641975308641975,1,checkpoints/sudoku_extreme_hf/checkpoint,11,1,blanks_1,40.66830793749965,0,829,fixed_point,1,changed_wrong,0.6666666666666666,23,1,0,1,0,0
32,1,0.7283950617283951,1,checkpoints/sudoku_extreme_hf/checkpoint,22,1,blanks_1,40.66830793749965,0,830,fixed_point,1,changed_wrong,0.7037037037037037,14,1,0,1,0,0
32,1,0.9259259259259259,1,checkpoints/sudoku_extreme_hf/checkpoint,6,1,blanks_1,40.66830793749965,0,831,fixed_point,1,changed_wrong,0.7530864197530864,15,1,0,1,0,0
32,1,0.6790123456790124,1,checkpoints/sudoku_extreme_hf/checkpoint,25,1,blanks_1,38.20819396874953,0,832,fixed_point,1,changed_wrong,0.5432098765432098,29,1,0,1,0,0
32,1,0.8148148148148148,1,checkpoints/sudoku_extreme_hf/checkpoint,14,1,blanks_1,38.20819396874953,0,833,fixed_point,1,changed_wrong,0.7901234567901234,14,0,0,1,3,0
32,1,0.7283950617283951,1,checkpoints/sudoku_extreme_hf/checkpoint,22,1,blanks_1,38.20819396874953,0,834,fixed_point,1,changed_wrong,0.6790123456790124,16,1,0,1,0,0
32,1,0.7901234567901234,1,checkpoints/sudoku_extreme_hf/checkpoint,16,0,blanks_1,38.20819396874953,0,835,fixed_point,1,changed_wrong,0.5555555555555556,30,1,0,1,0,19
32,1,0.654320987654321,1,checkpoints/sudoku_extreme_hf/checkpoint,27,1,blanks_1,38.20819396874953,0,836,fixed_point,1,changed_wrong,0.691358024691358,15,1,0,1,0,0
32,1,0.6666666666666666,1,checkpoints/sudoku_extreme_hf/checkpoint,26,0,blanks_1,38.20819396874953,0,837,fixed_point,1,changed_wrong,0.8024691358024691,24,1,0,1,0,26
32,1,0.8395061728395061,1,checkpoints/sudoku_extreme_hf/checkpoint,13,1,blanks_1,38.20819396874953,0,838,fixed_point,1,changed_wrong,0.6419753086419753,30,1,0,1,0,0
32,1,0.9506172839506173,1,checkpoints/sudoku_extreme_hf/checkpoint,4,1,blanks_1,38.20819396874953,0,839,fixed_point,1,changed_wrong,0.8765432098765432,10,1,0,1,0,0
32,1,0.7530864197530864,1,checkpoints/sudoku_extreme_hf/checkpoint,20,1,blanks_1,38.20819396874953,0,840,fixed_point,1,changed_wrong,0.7777777777777778,21,0,0,1,20,0
32,1,0.8765432098765432,1,checkpoints/sudoku_extreme_hf/checkpoint,10,1,blanks_1,38.20819396874953,0,841,fixed_point,1,changed_wrong,0.8395061728395061,8,1,0,1,0,0
32,1,0.9012345679012346,1,checkpoints/sudoku_extreme_hf/checkpoint,8,1,blanks_1,38.20819396874953,0,842,fixed_point,1,changed_wrong,0.6666666666666666,28,1,0,1,0,0
32,1,0.7530864197530864,1,checkpoints/sudoku_extreme_hf/checkpoint,20,0,blanks_1,38.20819396874953,0,843,fixed_point,1,changed_wrong,0.654320987654321,21,1,0,1,0,14
32,1,0.7407407407407407,1,checkpoints/sudoku_extreme_hf/checkpoint,21,1,blanks_1,38.20819396874953,0,844,fixed_point,1,changed_wrong,0.5432098765432098,32,0,0,1,13,0
32,1,0.7777777777777778,1,checkpoints/sudoku_extreme_hf/checkpoint,18,1,blanks_1,38.20819396874953,0,845,fixed_point,1,changed_wrong,0.6666666666666666,15,1,0,1,0,0
32,1,0.8148148148148148,1,checkpoints/sudoku_extreme_hf/checkpoint,15,1,blanks_1,38.20819396874953,0,846,fixed_point,1,changed_wrong,0.654320987654321,16,1,0,1,0,0
32,1,0.6419753086419753,1,checkpoints/sudoku_extreme_hf/checkpoint,29,1,blanks_1,38.20819396874953,0,847,fixed_point,1,changed_wrong,0.654320987654321,17,1,0,1,0,0
32,1,1.0,1,checkpoints/sudoku_extreme_hf/checkpoint,0,1,blanks_1,38.20819396874953,1,848,fixed_point,0,became_wrong,0.8395061728395061,13,1,0,1,0,0
32,1,0.6790123456790124,1,checkpoints/sudoku_extreme_hf/checkpoint,25,0,blanks_1,38.20819396874953,0,849,fixed_point,1,changed_wrong,0.49382716049382713,29,1,0,1,0,26
32,1,0.7901234567901234,1,checkpoints/sudoku_extreme_hf/checkpoint,16,1,blanks_1,38.20819396874953,0,850,fixed_point,1,changed_wrong,0.6419753086419753,19,1,0,1,0,0
32,1,0.8024691358024691,1,checkpoints/sudoku_extreme_hf/checkpoint,16,1,blanks_1,38.20819396874953,0,851,fixed_point,1,changed_wrong,0.8148148148148148,18,1,0,1,0,0
32,1,0.8888888888888888,1,checkpoints/sudoku_extreme_hf/checkpoint,9,1,blanks_1,38.20819396874953,0,852,fixed_point,1,changed_wrong,0.691358024691358,19,1,0,1,0,0
32,1,0.7407407407407407,1,checkpoints/sudoku_extreme_hf/checkpoint,21,1,blanks_1,38.20819396874953,0,853,fixed_point,1,changed_wrong,0.5185185185185185,28,1,0,1,0,0
32,1,0.9506172839506173,1,checkpoints/sudoku_extreme_hf/checkpoint,4,1,blanks_1,38.20819396874953,0,854,fixed_point,1,changed_wrong,0.7160493827160493,25,1,0,1,0,0
32,1,1.0,1,checkpoints/sudoku_extreme_hf/checkpoint,0,1,blanks_1,38.20819396874953,1,855,fixed_point,0,became_wrong,0.691358024691358,25,1,0,1,0,0
32,1,0.9135802469135802,1,checkpoints/sudoku_extreme_hf/checkpoint,7,1,blanks_1,38.20819396874953,0,856,fixed_point,1,changed_wrong,0.7283950617283951,19,1,0,1,0,0
32,1,0.9506172839506173,1,checkpoints/sudoku_extreme_hf/checkpoint,4,1,blanks_1,38.20819396874953,0,857,fixed_point,1,changed_wrong,0.691358024691358,25,1,0,1,0,0
32,1,0.9506172839506173,0,checkpoints/sudoku_extreme_hf/checkpoint,4,1,blanks_1,38.20819396874953,0,858,fixed_point,1,invalid_fixed_point,0.9506172839506173,0,1,0,0,0,0
32,1,1.0,1,checkpoints/sudoku_extreme_hf/checkpoint,0,1,blanks_1,38.20819396874953,1,859,fixed_point,0,became_wrong,0.9259259259259259,6,1,0,1,0,0
32,1,0.9506172839506173,1,checkpoints/sudoku_extreme_hf/checkpoint,4,1,blanks_1,38.20819396874953,0,860,fixed_point,1,changed_wrong,0.6790123456790124,27,1,0,1,0,0
32,1,0.8888888888888888,1,checkpoints/sudoku_extreme_hf/checkpoint,9,1,blanks_1,38.20819396874953,0,861,fixed_point,1,changed_wrong,0.7777777777777778,19,0,0,1,12,0
32,1,0.7901234567901234,1,checkpoints/sudoku_extreme_hf/checkpoint,17,1,blanks_1,38.20819396874953,0,862,fixed_point,1,changed_wrong,0.6790123456790124,15,1,0,1,0,0
32,1,0.654320987654321,1,checkpoints/sudoku_extreme_hf/checkpoint,27,1,blanks_1,38.20819396874953,0,863,fixed_point,1,changed_wrong,0.6419753086419753,24,1,0,1,0,0
32,1,0.691358024691358,1,checkpoints/sudoku_extreme_hf/checkpoint,24,0,blanks_1,33.49201703124827,0,864,fixed_point,1,changed_wrong,0.7777777777777778,18,1,0,1,0,20
32,1,0.8641975308641975,1,checkpoints/sudoku_extreme_hf/checkpoint,11,1,blanks_1,33.49201703124827,0,865,fixed_point,1,changed_wrong,0.9012345679012346,12,1,0,1,0,0
32,1,0.6790123456790124,1,checkpoints/sudoku_extreme_hf/checkpoint,25,0,blanks_1,33.49201703124827,0,866,fixed_point,1,changed_wrong,0.654320987654321,13,0,0,1,14,15
32,1,0.7777777777777778,1,checkpoints/sudoku_extreme_hf/checkpoint,18,0,blanks_1,33.49201703124827,0,867,fixed_point,1,changed_wrong,0.7283950617283951,21,1,0,1,0,11
32,1,0.7407407407407407,1,checkpoints/sudoku_extreme_hf/checkpoint,20,1,blanks_1,33.49201703124827,0,868,fixed_point,1,changed_wrong,0.6790123456790124,8,1,0,1,0,0
32,1,0.7283950617283951,1,checkpoints/sudoku_extreme_hf/checkpoint,21,1,blanks_1,33.49201703124827,0,869,fixed_point,1,changed_wrong,0.5555555555555556,29,0,0,1,20,0
32,1,1.0,1,checkpoints/sudoku_extreme_hf/checkpoint,0,1,blanks_1,33.49201703124827,1,870,fixed_point,0,became_wrong,0.7530864197530864,20,0,0,1,14,0
32,1,1.0,1,checkpoints/sudoku_extreme_hf/checkpoint,0,1,blanks_1,33.49201703124827,1,871,fixed_point,0,became_wrong,0.9259259259259259,6,1,0,1,0,0
32,1,0.9135802469135802,0,checkpoints/sudoku_extreme_hf/checkpoint,7,1,blanks_1,33.49201703124827,0,872,fixed_point,1,invalid_fixed_point,0.9135802469135802,0,1,0,0,0,0
32,1,1.0,1,checkpoints/sudoku_extreme_hf/checkpoint,0,1,blanks_1,33.49201703124827,1,873,fixed_point,0,became_wrong,0.7654320987654321,19,0,0,1,18,0
32,1,0.7777777777777778,1,checkpoints/sudoku_extreme_hf/checkpoint,17,0,blanks_1,33.49201703124827,0,874,fixed_point,1,changed_wrong,0.7407407407407407,21,1,0,1,0,20
32,1,0.9259259259259259,1,checkpoints/sudoku_extreme_hf/checkpoint,5,1,blanks_1,33.49201703124827,0,875,fixed_point,1,changed_wrong,0.6419753086419753,27,0,0,1,23,0
32,1,0.8888888888888888,1,checkpoints/sudoku_extreme_hf/checkpoint,9,1,blanks_1,33.49201703124827,0,876,fixed_point,1,changed_wrong,0.8395061728395061,16,1,0,1,0,0
32,1,0.6666666666666666,1,checkpoints/sudoku_extreme_hf/checkpoint,26,1,blanks_1,33.49201703124827,0,877,fixed_point,1,changed_wrong,0.5802469135802469,28,1,0,1,0,0
32,1,0.9506172839506173,1,checkpoints/sudoku_extreme_hf/checkpoint,4,1,blanks_1,33.49201703124827,0,878,fixed_point,1,changed_wrong,0.654320987654321,26,1,0,1,0,0
32,1,1.0,1,checkpoints/sudoku_extreme_hf/checkpoint,0,1,blanks_1,33.49201703124827,1,879,fixed_point,0,became_wrong,0.7777777777777778,18,1,0,1,0,0
32,1,0.8148148148148148,1,checkpoints/sudoku_extreme_hf/checkpoint,15,1,blanks_1,33.49201703124827,0,880,fixed_point,1,changed_wrong,0.7901234567901234,11,1,0,1,0,0
32,1,0.8518518518518519,0,checkpoints/sudoku_extreme_hf/checkpoint,12,1,blanks_1,33.49201703124827,0,881,fixed_point,1,invalid_fixed_point,0.8518518518518519,0,1,0,0,0,0
32,1,0.7654320987654321,1,checkpoints/sudoku_extreme_hf/checkpoint,19,0,blanks_1,33.49201703124827,0,882,fixed_point,1,changed_wrong,0.6790123456790124,17,1,0,1,0,14
32,1,0.6666666666666666,1,checkpoints/sudoku_extreme_hf/checkpoint,27,0,blanks_1,33.49201703124827,0,883,fixed_point,1,changed_wrong,0.6666666666666666,20,1,0,1,0,19
32,1,0.8395061728395061,1,checkpoints/sudoku_extreme_hf/checkpoint,13,1,blanks_1,33.49201703124827,0,884,fixed_point,1,changed_wrong,0.8271604938271605,6,1,0,1,0,0
32,1,0.8024691358024691,1,checkpoints/sudoku_extreme_hf/checkpoint,16,0,blanks_1,33.49201703124827,0,885,fixed_point,1,changed_wrong,0.6790123456790124,21,0,0,1,9,24
32,1,0.9135802469135802,1,checkpoints/sudoku_extreme_hf/checkpoint,7,1,blanks_1,33.49201703124827,0,886,fixed_point,1,changed_wrong,0.7160493827160493,25,1,0,1,0,0
32,1,0.8148148148148148,1,checkpoints/sudoku_extreme_hf/checkpoint,15,1,blanks_1,33.49201703124827,0,887,fixed_point,1,changed_wrong,0.7160493827160493,27,1,0,1,0,0
32,1,0.8518518518518519,1,checkpoints/sudoku_extreme_hf/checkpoint,11,1,blanks_1,33.49201703124827,0,888,fixed_point,1,changed_wrong,0.7283950617283951,11,1,0,1,0,0
32,1,0.691358024691358,1,checkpoints/sudoku_extreme_hf/checkpoint,25,1,blanks_1,33.49201703124827,0,889,fixed_point,1,changed_wrong,0.6790123456790124,21,1,0,1,0,0
32,1,0.7407407407407407,1,checkpoints/sudoku_extreme_hf/checkpoint,21,1,blanks_1,33.49201703124827,0,890,fixed_point,1,changed_wrong,0.7777777777777778,12,0,0,1,20,0
32,1,0.8641975308641975,1,checkpoints/sudoku_extreme_hf/checkpoint,11,1,blanks_1,33.49201703124827,0,891,fixed_point,1,changed_wrong,0.7777777777777778,15,0,0,1,19,0
32,1,1.0,1,checkpoints/sudoku_extreme_hf/checkpoint,0,1,blanks_1,33.49201703124827,1,892,fixed_point,0,became_wrong,0.7037037037037037,24,1,0,1,0,0
32,1,0.7160493827160493,1,checkpoints/sudoku_extreme_hf/checkpoint,22,0,blanks_1,33.49201703124827,0,893,fixed_point,1,changed_wrong,0.9506172839506173,24,1,0,1,0,25
32,1,0.7777777777777778,1,checkpoints/sudoku_extreme_hf/checkpoint,17,1,blanks_1,33.49201703124827,0,894,fixed_point,1,changed_wrong,0.6172839506172839,19,1,0,1,0,0
32,1,0.7777777777777778,1,checkpoints/sudoku_extreme_hf/checkpoint,18,1,blanks_1,33.49201703124827,0,895,fixed_point,1,changed_wrong,0.5555555555555556,32,1,0,1,0,0
32,1,0.6296296296296297,1,checkpoints/sudoku_extreme_hf/checkpoint,29,1,blanks_1,32.80601140624917,0,896,fixed_point,1,changed_wrong,0.5555555555555556,26,1,0,1,0,0
32,1,0.7530864197530864,1,checkpoints/sudoku_extreme_hf/checkpoint,20,0,blanks_1,32.80601140624917,0,897,fixed_point,1,changed_wrong,0.7037037037037037,20,1,0,1,0,24
32,1,0.5925925925925926,1,checkpoints/sudoku_extreme_hf/checkpoint,33,1,blanks_1,32.80601140624917,0,898,fixed_point,1,changed_wrong,0.6296296296296297,24,0,0,1,17,0
32,1,0.7901234567901234,1,checkpoints/sudoku_extreme_hf/checkpoint,17,1,blanks_1,32.80601140624917,0,899,fixed_point,1,changed_wrong,0.6049382716049383,19,1,0,1,0,0
32,1,0.7283950617283951,0,checkpoints/sudoku_extreme_hf/checkpoint,21,1,blanks_1,32.80601140624917,0,900,fixed_point,1,invalid_fixed_point,0.7283950617283951,0,1,0,0,0,0
32,1,0.9259259259259259,1,checkpoints/sudoku_extreme_hf/checkpoint,6,1,blanks_1,32.80601140624917,0,901,fixed_point,1,changed_wrong,0.7777777777777778,18,1,0,1,0,0
32,1,0.9135802469135802,1,checkpoints/sudoku_extreme_hf/checkpoint,7,1,blanks_1,32.80601140624917,0,902,fixed_point,1,changed_wrong,0.9506172839506173,4,1,0,1,0,0
32,1,0.7407407407407407,1,checkpoints/sudoku_extreme_hf/checkpoint,21,1,blanks_1,32.80601140624917,0,903,fixed_point,1,changed_wrong,0.6790123456790124,14,1,0,1,0,0
32,1,0.6419753086419753,1,checkpoints/sudoku_extreme_hf/checkpoint,28,0,blanks_1,32.80601140624917,0,904,fixed_point,1,changed_wrong,0.6790123456790124,25,1,0,1,0,11
32,1,0.9506172839506173,1,checkpoints/sudoku_extreme_hf/checkpoint,4,1,blanks_1,32.80601140624917,0,905,fixed_point,1,changed_wrong,0.8765432098765432,13,1,0,1,0,0
32,1,0.8024691358024691,1,checkpoints/sudoku_extreme_hf/checkpoint,15,1,blanks_1,32.80601140624917,0,906,fixed_point,1,changed_wrong,0.6049382716049383,30,1,0,1,0,0
32,1,0.6296296296296297,1,checkpoints/sudoku_extreme_hf/checkpoint,29,1,blanks_1,32.80601140624917,0,907,fixed_point,1,changed_wrong,0.6049382716049383,4,1,0,1,0,0
32,1,0.7777777777777778,0,checkpoints/sudoku_extreme_hf/checkpoint,18,1,blanks_1,32.80601140624917,0,908,fixed_point,1,invalid_fixed_point,0.7777777777777778,0,1,0,0,0,0
32,1,0.9259259259259259,0,checkpoints/sudoku_extreme_hf/checkpoint,5,1,blanks_1,32.80601140624917,0,909,fixed_point,1,invalid_fixed_point,0.9259259259259259,0,1,0,0,0,0
32,1,0.7160493827160493,1,checkpoints/sudoku_extreme_hf/checkpoint,23,1,blanks_1,32.80601140624917,0,910,fixed_point,1,changed_wrong,0.7530864197530864,27,1,0,1,0,0
32,1,0.691358024691358,1,checkpoints/sudoku_extreme_hf/checkpoint,24,1,blanks_1,32.80601140624917,0,911,fixed_point,1,changed_wrong,0.5679012345679012,14,1,0,1,0,0
32,1,1.0,0,checkpoints/sudoku_extreme_hf/checkpoint,0,1,blanks_1,32.80601140624917,1,912,fixed_point,0,stable_correct,1.0,0,1,1,0,0,0
32,1,0.8395061728395061,1,checkpoints/sudoku_extreme_hf/checkpoint,13,1,blanks_1,32.80601140624917,0,913,fixed_point,1,changed_wrong,0.8271604938271605,11,1,0,1,0,0
32,1,0.6296296296296297,1,checkpoints/sudoku_extreme_hf/checkpoint,29,1,blanks_1,32.80601140624917,0,914,fixed_point,1,changed_wrong,0.5432098765432098,23,1,0,1,0,0
32,1,0.9012345679012346,1,checkpoints/sudoku_extreme_hf/checkpoint,7,0,blanks_1,32.80601140624917,0,915,fixed_point,1,changed_wrong,0.5925925925925926,27,1,0,1,0,15
32,1,0.8765432098765432,1,checkpoints/sudoku_extreme_hf/checkpoint,9,0,blanks_1,32.80601140624917,0,916,fixed_point,1,changed_wrong,0.6049382716049383,28,1,0,1,0,12
32,1,0.7283950617283951,1,checkpoints/sudoku_extreme_hf/checkpoint,21,1,blanks_1,32.80601140624917,0,917,fixed_point,1,changed_wrong,0.6666666666666666,19,1,0,1,0,0
32,1,0.8148148148148148,1,checkpoints/sudoku_extreme_hf/checkpoint,15,1,blanks_1,32.80601140624917,0,918,fixed_point,1,changed_wrong,0.6790123456790124,28,1,0,1,0,0
32,1,0.7530864197530864,1,checkpoints/sudoku_extreme_hf/checkpoint,19,1,blanks_1,32.80601140624917,0,919,fixed_point,1,changed_wrong,0.6049382716049383,25,1,0,1,0,0
32,1,0.8518518518518519,1,checkpoints/sudoku_extreme_hf/checkpoint,12,1,blanks_1,32.80601140624917,0,920,fixed_point,1,changed_wrong,0.7530864197530864,18,1,0,1,0,0
32,1,1.0,1,checkpoints/sudoku_extreme_hf/checkpoint,0,1,blanks_1,32.80601140624917,1,921,fixed_point,0,became_wrong,0.8024691358024691,16,1,0,1,0,0
32,1,0.8395061728395061,1,checkpoints/sudoku_extreme_hf/checkpoint,13,1,blanks_1,32.80601140624917,0,922,fixed_point,1,changed_wrong,0.6790123456790124,24,1,0,1,0,0
32,1,0.7407407407407407,0,checkpoints/sudoku_extreme_hf/checkpoint,21,1,blanks_1,32.80601140624917,0,923,fixed_point,1,invalid_fixed_point,0.7407407407407407,0,1,0,0,0,0
32,1,0.7530864197530864,1,checkpoints/sudoku_extreme_hf/checkpoint,20,1,blanks_1,32.80601140624917,0,924,fixed_point,1,changed_wrong,0.7037037037037037,11,1,0,1,0,0
32,1,0.8271604938271605,1,checkpoints/sudoku_extreme_hf/checkpoint,14,1,blanks_1,32.80601140624917,0,925,fixed_point,1,changed_wrong,0.9012345679012346,6,1,0,1,0,0
32,1,0.691358024691358,1,checkpoints/sudoku_extreme_hf/checkpoint,25,1,blanks_1,32.80601140624917,0,926,fixed_point,1,changed_wrong,0.691358024691358,6,1,0,1,0,0
32,1,0.8888888888888888,0,checkpoints/sudoku_extreme_hf/checkpoint,8,1,blanks_1,32.80601140624917,0,927,fixed_point,1,invalid_fixed_point,0.8888888888888888,0,1,0,0,0,0
32,1,0.6296296296296297,1,checkpoints/sudoku_extreme_hf/checkpoint,29,1,blanks_1,32.21505990624962,0,928,fixed_point,1,changed_wrong,0.6296296296296297,14,1,0,1,0,0
32,1,0.9259259259259259,1,checkpoints/sudoku_extreme_hf/checkpoint,6,1,blanks_1,32.21505990624962,0,929,fixed_point,1,changed_wrong,0.7777777777777778,17,1,0,1,0,0
32,1,0.7407407407407407,1,checkpoints/sudoku_extreme_hf/checkpoint,20,1,blanks_1,32.21505990624962,0,930,fixed_point,1,changed_wrong,0.691358024691358,24,1,0,1,0,0
32,1,0.691358024691358,1,checkpoints/sudoku_extreme_hf/checkpoint,24,1,blanks_1,32.21505990624962,0,931,fixed_point,1,changed_wrong,0.7160493827160493,6,1,0,1,0,0
32,1,0.7777777777777778,1,checkpoints/sudoku_extreme_hf/checkpoint,18,1,blanks_1,32.21505990624962,0,932,fixed_point,1,changed_wrong,0.7037037037037037,22,1,0,1,0,0
32,1,0.654320987654321,1,checkpoints/sudoku_extreme_hf/checkpoint,27,1,blanks_1,32.21505990624962,0,933,fixed_point,1,changed_wrong,0.6419753086419753,21,1,0,1,0,0
32,1,0.7160493827160493,1,checkpoints/sudoku_extreme_hf/checkpoint,22,1,blanks_1,32.21505990624962,0,934,fixed_point,1,changed_wrong,0.7160493827160493,26,1,0,1,0,0
32,1,0.8395061728395061,1,checkpoints/sudoku_extreme_hf/checkpoint,12,1,blanks_1,32.21505990624962,0,935,fixed_point,1,changed_wrong,0.7160493827160493,17,1,0,1,0,0
32,1,0.8024691358024691,1,checkpoints/sudoku_extreme_hf/checkpoint,16,1,blanks_1,32.21505990624962,0,936,fixed_point,1,changed_wrong,0.654320987654321,16,1,0,1,0,0
32,1,0.654320987654321,1,checkpoints/sudoku_extreme_hf/checkpoint,28,1,blanks_1,32.21505990624962,0,937,fixed_point,1,changed_wrong,0.654320987654321,4,1,0,1,0,0
32,1,0.7407407407407407,1,checkpoints/sudoku_extreme_hf/checkpoint,20,1,blanks_1,32.21505990624962,0,938,fixed_point,1,changed_wrong,0.5802469135802469,26,0,0,1,9,0
32,1,0.8148148148148148,1,checkpoints/sudoku_extreme_hf/checkpoint,15,1,blanks_1,32.21505990624962,0,939,fixed_point,1,changed_wrong,0.7530864197530864,14,1,0,1,0,0
32,1,0.691358024691358,1,checkpoints/sudoku_extreme_hf/checkpoint,24,1,blanks_1,32.21505990624962,0,940,fixed_point,1,changed_wrong,0.6419753086419753,13,1,0,1,0,0
32,1,0.9012345679012346,1,checkpoints/sudoku_extreme_hf/checkpoint,8,1,blanks_1,32.21505990624962,0,941,fixed_point,1,changed_wrong,0.7777777777777778,19,0,0,1,22,0
32,1,0.7777777777777778,1,checkpoints/sudoku_extreme_hf/checkpoint,17,1,blanks_1,32.21505990624962,0,942,fixed_point,1,changed_wrong,0.7777777777777778,16,1,0,1,0,0
32,1,0.7901234567901234,1,checkpoints/sudoku_extreme_hf/checkpoint,17,1,blanks_1,32.21505990624962,0,943,fixed_point,1,changed_wrong,0.8518518518518519,16,1,0,1,0,0
32,1,1.0,1,checkpoints/sudoku_extreme_hf/checkpoint,0,1,blanks_1,32.21505990624962,1,944,fixed_point,0,became_wrong,0.9012345679012346,8,1,0,1,0,0
32,1,0.7160493827160493,1,checkpoints/sudoku_extreme_hf/checkpoint,23,1,blanks_1,32.21505990624962,0,945,fixed_point,1,changed_wrong,0.6666666666666666,19,1,0,1,0,0
32,1,0.8271604938271605,1,checkpoints/sudoku_extreme_hf/checkpoint,14,1,blanks_1,32.21505990624962,0,946,fixed_point,1,changed_wrong,0.654320987654321,22,1,0,1,0,0
32,1,0.7037037037037037,1,checkpoints/sudoku_extreme_hf/checkpoint,24,1,blanks_1,32.21505990624962,0,947,fixed_point,1,changed_wrong,0.6790123456790124,12,1,0,1,0,0
32,1,0.7777777777777778,1,checkpoints/sudoku_extreme_hf/checkpoint,18,1,blanks_1,32.21505990624962,0,948,fixed_point,1,changed_wrong,0.7407407407407407,7,1,0,1,0,0
32,1,0.7283950617283951,1,checkpoints/sudoku_extreme_hf/checkpoint,22,1,blanks_1,32.21505990624962,0,949,fixed_point,1,changed_wrong,0.6296296296296297,18,1,0,1,0,0
32,1,0.7407407407407407,1,checkpoints/sudoku_extreme_hf/checkpoint,21,1,blanks_1,32.21505990624962,0,950,fixed_point,1,changed_wrong,0.7407407407407407,13,1,0,1,0,0
32,1,0.8148148148148148,1,checkpoints/sudoku_extreme_hf/checkpoint,15,1,blanks_1,32.21505990624962,0,951,fixed_point,1,changed_wrong,0.7530864197530864,10,1,0,1,0,0
32,1,0.9259259259259259,0,checkpoints/sudoku_extreme_hf/checkpoint,6,1,blanks_1,32.21505990624962,0,952,fixed_point,1,invalid_fixed_point,0.9259259259259259,0,1,0,0,0,0
32,1,0.9506172839506173,1,checkpoints/sudoku_extreme_hf/checkpoint,4,1,blanks_1,32.21505990624962,0,953,fixed_point,1,changed_wrong,0.8395061728395061,9,1,0,1,0,0
32,1,0.8148148148148148,1,checkpoints/sudoku_extreme_hf/checkpoint,15,1,blanks_1,32.21505990624962,0,954,fixed_point,1,changed_wrong,0.7283950617283951,20,1,0,1,0,0
32,1,0.7901234567901234,1,checkpoints/sudoku_extreme_hf/checkpoint,17,1,blanks_1,32.21505990624962,0,955,fixed_point,1,changed_wrong,0.8148148148148148,17,1,0,1,0,0
32,1,0.9506172839506173,1,checkpoints/sudoku_extreme_hf/checkpoint,4,1,blanks_1,32.21505990624962,0,956,fixed_point,1,changed_wrong,0.7407407407407407,23,1,0,1,0,0
32,1,0.5679012345679012,1,checkpoints/sudoku_extreme_hf/checkpoint,34,1,blanks_1,32.21505990624962,0,957,fixed_point,1,changed_wrong,0.5185185185185185,23,0,0,1,25,0
32,1,0.7654320987654321,0,checkpoints/sudoku_extreme_hf/checkpoint,19,1,blanks_1,32.21505990624962,0,958,fixed_point,1,invalid_fixed_point,0.7654320987654321,0,1,0,0,0,0
32,1,1.0,1,checkpoints/sudoku_extreme_hf/checkpoint,0,1,blanks_1,32.21505990624962,1,959,fixed_point,0,became_wrong,0.8271604938271605,14,1,0,1,0,0
32,1,0.7777777777777778,1,checkpoints/sudoku_extreme_hf/checkpoint,18,1,blanks_1,33.49899384375021,0,960,fixed_point,1,changed_wrong,0.7037037037037037,29,1,0,1,0,0
32,1,0.8271604938271605,0,checkpoints/sudoku_extreme_hf/checkpoint,13,1,blanks_1,33.49899384375021,0,961,fixed_point,1,invalid_fixed_point,0.8271604938271605,0,1,0,0,0,0
32,1,0.6666666666666666,1,checkpoints/sudoku_extreme_hf/checkpoint,27,0,blanks_1,33.49899384375021,0,962,fixed_point,1,changed_wrong,0.5555555555555556,23,1,0,1,0,23
32,1,0.6419753086419753,1,checkpoints/sudoku_extreme_hf/checkpoint,28,1,blanks_1,33.49899384375021,0,963,fixed_point,1,changed_wrong,0.5925925925925926,29,1,0,1,0,0
32,1,0.6296296296296297,1,checkpoints/sudoku_extreme_hf/checkpoint,30,1,blanks_1,33.49899384375021,0,964,fixed_point,1,changed_wrong,0.7160493827160493,25,1,0,1,0,0
32,1,0.9012345679012346,0,checkpoints/sudoku_extreme_hf/checkpoint,8,1,blanks_1,33.49899384375021,0,965,fixed_point,1,invalid_fixed_point,0.9012345679012346,0,1,0,0,0,0
32,1,0.8641975308641975,1,checkpoints/sudoku_extreme_hf/checkpoint,11,1,blanks_1,33.49899384375021,0,966,fixed_point,1,changed_wrong,0.6296296296296297,28,0,0,1,3,0
32,1,0.6666666666666666,1,checkpoints/sudoku_extreme_hf/checkpoint,27,0,blanks_1,33.49899384375021,0,967,fixed_point,1,changed_wrong,0.654320987654321,18,1,0,1,0,30
32,1,0.9012345679012346,1,checkpoints/sudoku_extreme_hf/checkpoint,7,1,blanks_1,33.49899384375021,0,968,fixed_point,1,changed_wrong,0.654320987654321,28,1,0,1,0,0
32,1,0.7283950617283951,1,checkpoints/sudoku_extreme_hf/checkpoint,22,1,blanks_1,33.49899384375021,0,969,fixed_point,1,changed_wrong,0.5925925925925926,27,1,0,1,0,0
32,1,1.0,1,checkpoints/sudoku_extreme_hf/checkpoint,0,1,blanks_1,33.49899384375021,1,970,fixed_point,0,became_wrong,0.9135802469135802,7,1,0,1,0,0
32,1,0.7283950617283951,1,checkpoints/sudoku_extreme_hf/checkpoint,21,0,blanks_1,33.49899384375021,0,971,fixed_point,1,changed_wrong,0.6296296296296297,27,1,0,1,0,13
32,1,0.7777777777777778,1,checkpoints/sudoku_extreme_hf/checkpoint,18,0,blanks_1,33.49899384375021,0,972,fixed_point,1,changed_wrong,0.8024691358024691,17,1,0,1,0,21
32,1,0.7777777777777778,1,checkpoints/sudoku_extreme_hf/checkpoint,18,1,blanks_1,33.49899384375021,0,973,fixed_point,1,changed_wrong,0.6790123456790124,21,1,0,1,0,0
32,1,0.7901234567901234,1,checkpoints/sudoku_extreme_hf/checkpoint,16,1,blanks_1,33.49899384375021,0,974,fixed_point,1,changed_wrong,0.654320987654321,17,1,0,1,0,0
32,1,0.7777777777777778,1,checkpoints/sudoku_extreme_hf/checkpoint,18,0,blanks_1,33.49899384375021,0,975,fixed_point,1,changed_wrong,0.6419753086419753,25,1,0,1,0,26
32,1,0.8271604938271605,1,checkpoints/sudoku_extreme_hf/checkpoint,14,1,blanks_1,33.49899384375021,0,976,fixed_point,1,changed_wrong,0.7407407407407407,17,1,0,1,0,0
32,1,1.0,1,checkpoints/sudoku_extreme_hf/checkpoint,0,1,blanks_1,33.49899384375021,1,977,fixed_point,0,became_wrong,0.7901234567901234,17,1,0,1,0,0
32,1,0.8395061728395061,1,checkpoints/sudoku_extreme_hf/checkpoint,13,1,blanks_1,33.49899384375021,0,978,fixed_point,1,changed_wrong,0.7654320987654321,18,1,0,1,0,0
32,1,0.691358024691358,1,checkpoints/sudoku_extreme_hf/checkpoint,24,0,blanks_1,33.49899384375021,0,979,fixed_point,1,changed_wrong,0.654320987654321,30,1,0,1,0,14
32,1,0.8518518518518519,1,checkpoints/sudoku_extreme_hf/checkpoint,12,1,blanks_1,33.49899384375021,0,980,fixed_point,1,changed_wrong,0.6790123456790124,18,1,0,1,0,0
32,1,1.0,1,checkpoints/sudoku_extreme_hf/checkpoint,0,1,blanks_1,33.49899384375021,1,981,fixed_point,0,became_wrong,0.7407407407407407,21,1,0,1,0,0
32,1,0.7777777777777778,1,checkpoints/sudoku_extreme_hf/checkpoint,18,1,blanks_1,33.49899384375021,0,982,fixed_point,1,changed_wrong,0.8518518518518519,13,1,0,1,0,0
32,1,0.9506172839506173,1,checkpoints/sudoku_extreme_hf/checkpoint,4,1,blanks_1,33.49899384375021,0,983,fixed_point,1,changed_wrong,0.6296296296296297,32,1,0,1,0,0
32,1,0.8395061728395061,1,checkpoints/sudoku_extreme_hf/checkpoint,13,1,blanks_1,33.49899384375021,0,984,fixed_point,1,changed_wrong,0.7654320987654321,12,1,0,1,0,0
32,1,0.8765432098765432,1,checkpoints/sudoku_extreme_hf/checkpoint,10,1,blanks_1,33.49899384375021,0,985,fixed_point,1,changed_wrong,0.691358024691358,23,1,0,1,0,0
32,1,0.7777777777777778,1,checkpoints/sudoku_extreme_hf/checkpoint,17,1,blanks_1,33.49899384375021,0,986,fixed_point,1,changed_wrong,0.8148148148148148,12,1,0,1,0,0
32,1,0.6666666666666666,1,checkpoints/sudoku_extreme_hf/checkpoint,27,1,blanks_1,33.49899384375021,0,987,fixed_point,1,changed_wrong,0.7037037037037037,16,1,0,1,0,0
32,1,0.9135802469135802,0,checkpoints/sudoku_extreme_hf/checkpoint,6,1,blanks_1,33.49899384375021,0,988,fixed_point,1,invalid_fixed_point,0.9135802469135802,0,1,0,0,0,0
32,1,0.654320987654321,1,checkpoints/sudoku_extreme_hf/checkpoint,27,1,blanks_1,33.49899384375021,0,989,fixed_point,1,changed_wrong,0.5679012345679012,14,1,0,1,0,0
32,1,0.9012345679012346,1,checkpoints/sudoku_extreme_hf/checkpoint,8,1,blanks_1,33.49899384375021,0,990,fixed_point,1,changed_wrong,0.6296296296296297,26,1,0,1,0,0
32,1,1.0,1,checkpoints/sudoku_extreme_hf/checkpoint,0,1,blanks_1,33.49899384375021,1,991,fixed_point,0,became_wrong,0.691358024691358,25,1,0,1,0,0
32,1,0.7901234567901234,1,checkpoints/sudoku_extreme_hf/checkpoint,17,1,blanks_1,134.00071550000092,0,992,fixed_point,1,changed_wrong,0.6790123456790124,11,1,0,1,0,0
32,1,1.0,1,checkpoints/sudoku_extreme_hf/checkpoint,0,1,blanks_1,134.00071550000092,1,993,fixed_point,0,became_wrong,0.9012345679012346,8,1,0,1,0,0
32,1,0.7283950617283951,1,checkpoints/sudoku_extreme_hf/checkpoint,22,1,blanks_1,134.00071550000092,0,994,fixed_point,1,changed_wrong,0.7160493827160493,18,1,0,1,0,0
32,1,0.8518518518518519,1,checkpoints/sudoku_extreme_hf/checkpoint,12,0,blanks_1,134.00071550000092,0,995,fixed_point,1,changed_wrong,0.6172839506172839,25,1,0,1,0,3
32,1,1.0,0,checkpoints/sudoku_extreme_hf/checkpoint,0,1,blanks_1,134.00071550000092,1,996,fixed_point,0,stable_correct,1.0,0,1,1,0,0,0
32,1,0.6790123456790124,1,checkpoints/sudoku_extreme_hf/checkpoint,26,1,blanks_1,134.00071550000092,0,997,fixed_point,1,changed_wrong,0.5925925925925926,20,1,0,1,0,0
32,1,0.8888888888888888,1,checkpoints/sudoku_extreme_hf/checkpoint,9,1,blanks_1,134.00071550000092,0,998,fixed_point,1,changed_wrong,0.8271604938271605,6,1,0,1,0,0
32,1,0.8888888888888888,1,checkpoints/sudoku_extreme_hf/checkpoint,9,1,blanks_1,134.00071550000092,0,999,fixed_point,1,changed_wrong,0.8395061728395061,4,1,0,1,0,0
32,2,0.6666666666666666,1,checkpoints/sudoku_extreme_hf/checkpoint,26,0,blanks_2,40.80959696874942,0,0,fixed_point,1,changed_wrong,0.6666666666666666,27,0,0,1,9,19
32,2,0.8271604938271605,1,checkpoints/sudoku_extreme_hf/checkpoint,13,1,blanks_2,40.80959696874942,0,1,fixed_point,1,changed_wrong,0.5802469135802469,30,1,0,1,0,0
32,2,1.0,1,checkpoints/sudoku_extreme_hf/checkpoint,0,1,blanks_2,40.80959696874942,1,2,fixed_point,0,became_wrong,0.7654320987654321,19,1,0,1,0,0
32,2,0.7530864197530864,1,checkpoints/sudoku_extreme_hf/checkpoint,19,1,blanks_2,40.80959696874942,0,3,fixed_point,1,changed_wrong,0.6666666666666666,16,1,0,1,0,0
32,2,1.0,0,checkpoints/sudoku_extreme_hf/checkpoint,0,1,blanks_2,40.80959696874942,1,4,fixed_point,0,stable_correct,1.0,0,1,1,0,0,0
32,2,0.8024691358024691,1,checkpoints/sudoku_extreme_hf/checkpoint,15,1,blanks_2,40.80959696874942,0,5,fixed_point,1,changed_wrong,0.6790123456790124,33,1,0,1,0,0
32,2,0.7530864197530864,1,checkpoints/sudoku_extreme_hf/checkpoint,19,1,blanks_2,40.80959696874942,0,6,fixed_point,1,changed_wrong,0.8271604938271605,9,1,0,1,0,0
32,2,0.7037037037037037,1,checkpoints/sudoku_extreme_hf/checkpoint,23,1,blanks_2,40.80959696874942,0,7,fixed_point,1,changed_wrong,0.6049382716049383,25,1,0,1,0,0
32,2,0.6666666666666666,1,checkpoints/sudoku_extreme_hf/checkpoint,27,1,blanks_2,40.80959696874942,0,8,fixed_point,1,changed_wrong,0.654320987654321,10,1,0,1,0,0
32,2,0.9506172839506173,1,checkpoints/sudoku_extreme_hf/checkpoint,4,1,blanks_2,40.80959696874942,0,9,fixed_point,1,changed_wrong,0.7160493827160493,20,0,0,1,6,0
32,2,0.8518518518518519,1,checkpoints/sudoku_extreme_hf/checkpoint,11,1,blanks_2,40.80959696874942,0,10,fixed_point,1,changed_wrong,0.8395061728395061,22,1,0,1,0,0
32,2,1.0,1,checkpoints/sudoku_extreme_hf/checkpoint,0,1,blanks_2,40.80959696874942,1,11,fixed_point,0,became_wrong,0.7530864197530864,20,1,0,1,0,0
32,2,0.9259259259259259,0,checkpoints/sudoku_extreme_hf/checkpoint,5,1,blanks_2,40.80959696874942,0,12,fixed_point,1,invalid_fixed_point,0.9259259259259259,0,1,0,0,0,0
32,2,0.8641975308641975,1,checkpoints/sudoku_extreme_hf/checkpoint,10,1,blanks_2,40.80959696874942,0,13,fixed_point,1,changed_wrong,0.654320987654321,33,1,0,1,0,0
32,2,1.0,0,checkpoints/sudoku_extreme_hf/checkpoint,0,1,blanks_2,40.80959696874942,1,14,fixed_point,0,stable_correct,1.0,0,1,1,0,0,0
32,2,0.7777777777777778,1,checkpoints/sudoku_extreme_hf/checkpoint,18,1,blanks_2,40.80959696874942,0,15,fixed_point,1,changed_wrong,0.6296296296296297,20,1,0,1,0,0
32,2,1.0,1,checkpoints/sudoku_extreme_hf/checkpoint,0,1,blanks_2,40.80959696874942,1,16,fixed_point,0,became_wrong,0.7777777777777778,18,1,0,1,0,0
32,2,0.8765432098765432,1,checkpoints/sudoku_extreme_hf/checkpoint,10,1,blanks_2,40.80959696874942,0,17,fixed_point,1,changed_wrong,0.6419753086419753,27,1,0,1,0,0
32,2,0.6666666666666666,1,checkpoints/sudoku_extreme_hf/checkpoint,26,1,blanks_2,40.80959696874942,0,18,fixed_point,1,changed_wrong,0.5679012345679012,15,1,0,1,0,0
32,2,1.0,1,checkpoints/sudoku_extreme_hf/checkpoint,0,1,blanks_2,40.80959696874942,1,19,fixed_point,0,became_wrong,0.8641975308641975,11,1,0,1,0,0
32,2,1.0,1,checkpoints/sudoku_extreme_hf/checkpoint,0,1,blanks_2,40.80959696874942,1,20,fixed_point,0,became_wrong,0.9259259259259259,6,1,0,1,0,0
32,2,0.8148148148148148,0,checkpoints/sudoku_extreme_hf/checkpoint,15,1,blanks_2,40.80959696874942,0,21,fixed_point,1,invalid_fixed_point,0.8148148148148148,0,1,0,0,0,0
32,2,0.9506172839506173,1,checkpoints/sudoku_extreme_hf/checkpoint,4,1,blanks_2,40.80959696874942,0,22,fixed_point,1,changed_wrong,0.8148148148148148,18,1,0,1,0,0
32,2,0.7901234567901234,0,checkpoints/sudoku_extreme_hf/checkpoint,16,1,blanks_2,40.80959696874942,0,23,fixed_point,1,invalid_fixed_point,0.7901234567901234,0,1,0,0,0,0
32,2,0.8765432098765432,1,checkpoints/sudoku_extreme_hf/checkpoint,10,0,blanks_2,40.80959696874942,0,24,fixed_point,1,changed_wrong,0.8024691358024691,21,0,0,1,26,13
32,2,0.8148148148148148,1,checkpoints/sudoku_extreme_hf/checkpoint,14,1,blanks_2,40.80959696874942,0,25,fixed_point,1,changed_wrong,0.6419753086419753,23,1,0,1,0,0
32,2,0.7037037037037037,1,checkpoints/sudoku_extreme_hf/checkpoint,22,1,blanks_2,40.80959696874942,0,26,fixed_point,1,changed_wrong,0.654320987654321,22,1,0,1,0,0
32,2,0.8271604938271605,1,checkpoints/sudoku_extreme_hf/checkpoint,13,1,blanks_2,40.80959696874942,0,27,fixed_point,1,changed_wrong,0.8888888888888888,22,1,0,1,0,0
32,2,0.8518518518518519,1,checkpoints/sudoku_extreme_hf/checkpoint,11,1,blanks_2,40.80959696874942,0,28,fixed_point,1,changed_wrong,0.7654320987654321,8,1,0,1,0,0
32,2,0.7901234567901234,1,checkpoints/sudoku_extreme_hf/checkpoint,17,1,blanks_2,40.80959696874942,0,29,fixed_point,1,changed_wrong,0.7654320987654321,12,1,0,1,0,0
32,2,0.9506172839506173,1,checkpoints/sudoku_extreme_hf/checkpoint,4,1,blanks_2,40.80959696874942,0,30,fixed_point,1,changed_wrong,0.7283950617283951,19,1,0,1,0,0
32,2,1.0,1,checkpoints/sudoku_extreme_hf/checkpoint,0,1,blanks_2,40.80959696874942,1,31,fixed_point,0,became_wrong,0.8518518518518519,12,1,0,1,0,0
32,2,0.7283950617283951,1,checkpoints/sudoku_extreme_hf/checkpoint,22,1,blanks_2,39.33360046874945,0,32,fixed_point,1,changed_wrong,0.7037037037037037,11,1,0,1,0,0
32,2,0.7654320987654321,1,checkpoints/sudoku_extreme_hf/checkpoint,18,1,blanks_2,39.33360046874945,0,33,fixed_point,1,changed_wrong,0.7283950617283951,15,1,0,1,0,0
32,2,0.7654320987654321,1,checkpoints/sudoku_extreme_hf/checkpoint,18,1,blanks_2,39.33360046874945,0,34,fixed_point,1,changed_wrong,0.7530864197530864,14,1,0,1,0,0
32,2,1.0,1,checkpoints/sudoku_extreme_hf/checkpoint,0,1,blanks_2,39.33360046874945,1,35,fixed_point,0,became_wrong,0.9259259259259259,6,1,0,1,0,0
32,2,0.8271604938271605,1,checkpoints/sudoku_extreme_hf/checkpoint,14,1,blanks_2,39.33360046874945,0,36,fixed_point,1,changed_wrong,0.7037037037037037,17,1,0,1,0,0
32,2,0.8148148148148148,1,checkpoints/sudoku_extreme_hf/checkpoint,14,1,blanks_2,39.33360046874945,0,37,fixed_point,1,changed_wrong,0.6049382716049383,26,0,0,1,20,0
32,2,0.9506172839506173,1,checkpoints/sudoku_extreme_hf/checkpoint,4,1,blanks_2,39.33360046874945,0,38,fixed_point,1,changed_wrong,0.691358024691358,22,1,0,1,0,0
32,2,0.7283950617283951,1,checkpoints/sudoku_extreme_hf/checkpoint,22,1,blanks_2,39.33360046874945,0,39,fixed_point,1,changed_wrong,0.7037037037037037,11,1,0,1,0,0
32,2,1.0,1,checkpoints/sudoku_extreme_hf/checkpoint,0,1,blanks_2,39.33360046874945,1,40,fixed_point,0,became_wrong,0.691358024691358,25,1,0,1,0,0
32,2,0.9012345679012346,1,checkpoints/sudoku_extreme_hf/checkpoint,8,1,blanks_2,39.33360046874945,0,41,fixed_point,1,changed_wrong,0.9012345679012346,6,1,0,1,0,0
32,2,0.8641975308641975,1,checkpoints/sudoku_extreme_hf/checkpoint,11,1,blanks_2,39.33360046874945,0,42,fixed_point,1,changed_wrong,0.691358024691358,26,1,0,1,0,0
32,2,0.9259259259259259,1,checkpoints/sudoku_extreme_hf/checkpoint,6,1,blanks_2,39.33360046874945,0,43,fixed_point,1,changed_wrong,0.6419753086419753,26,1,0,1,0,0
32,2,0.691358024691358,0,checkpoints/sudoku_extreme_hf/checkpoint,24,1,blanks_2,39.33360046874945,0,44,fixed_point,1,invalid_fixed_point,0.691358024691358,0,1,0,0,0,0
32,2,0.9506172839506173,1,checkpoints/sudoku_extreme_hf/checkpoint,4,1,blanks_2,39.33360046874945,0,45,fixed_point,1,changed_wrong,0.7654320987654321,16,1,0,1,0,0
32,2,0.691358024691358,1,checkpoints/sudoku_extreme_hf/checkpoint,24,1,blanks_2,39.33360046874945,0,46,fixed_point,1,changed_wrong,0.49382716049382713,24,1,0,1,0,0
32,2,0.9506172839506173,1,checkpoints/sudoku_extreme_hf/checkpoint,4,1,blanks_2,39.33360046874945,0,47,fixed_point,1,changed_wrong,0.7530864197530864,17,1,0,1,0,0
32,2,0.8765432098765432,1,checkpoints/sudoku_extreme_hf/checkpoint,10,1,blanks_2,39.33360046874945,0,48,fixed_point,1,changed_wrong,0.8024691358024691,18,1,0,1,0,0
32,2,0.9506172839506173,1,checkpoints/sudoku_extreme_hf/checkpoint,3,1,blanks_2,39.33360046874945,0,49,fixed_point,1,changed_wrong,0.6172839506172839,29,1,0,1,0,0
32,2,0.7777777777777778,1,checkpoints/sudoku_extreme_hf/checkpoint,18,1,blanks_2,39.33360046874945,0,50,fixed_point,1,changed_wrong,0.7283950617283951,17,1,0,1,0,0
32,2,0.8518518518518519,1,checkpoints/sudoku_extreme_hf/checkpoint,12,1,blanks_2,39.33360046874945,0,51,fixed_point,1,changed_wrong,0.9259259259259259,8,1,0,1,0,0
32,2,0.6419753086419753,1,checkpoints/sudoku_extreme_hf/checkpoint,29,1,blanks_2,39.33360046874945,0,52,fixed_point,1,changed_wrong,0.6666666666666666,20,1,0,1,0,0
32,2,0.8888888888888888,1,checkpoints/sudoku_extreme_hf/checkpoint,9,1,blanks_2,39.33360046874945,0,53,fixed_point,1,changed_wrong,0.7037037037037037,27,1,0,1,0,0
32,2,0.8765432098765432,1,checkpoints/sudoku_extreme_hf/checkpoint,10,1,blanks_2,39.33360046874945,0,54,fixed_point,1,changed_wrong,0.8765432098765432,8,1,0,1,0,0
32,2,0.7407407407407407,1,checkpoints/sudoku_extreme_hf/checkpoint,20,1,blanks_2,39.33360046874945,0,55,fixed_point,1,changed_wrong,0.6172839506172839,16,1,0,1,0,0
32,2,0.8765432098765432,1,checkpoints/sudoku_extreme_hf/checkpoint,10,1,blanks_2,39.33360046874945,0,56,fixed_point,1,changed_wrong,0.8888888888888888,1,0,0,1,3,0
32,2,0.7901234567901234,1,checkpoints/sudoku_extreme_hf/checkpoint,17,1,blanks_2,39.33360046874945,0,57,fixed_point,1,changed_wrong,0.7037037037037037,11,1,0,1,0,0
32,2,1.0,1,checkpoints/sudoku_extreme_hf/checkpoint,0,1,blanks_2,39.33360046874945,1,58,fixed_point,0,became_wrong,0.6666666666666666,27,1,0,1,0,0
32,2,1.0,1,checkpoints/sudoku_extreme_hf/checkpoint,0,1,blanks_2,39.33360046874945,1,59,fixed_point,0,became_wrong,0.8024691358024691,16,0,0,1,12,0
32,2,1.0,0,checkpoints/sudoku_extreme_hf/checkpoint,0,1,blanks_2,39.33360046874945,1,60,fixed_point,0,stable_correct,1.0,0,1,1,0,0,0
32,2,0.6419753086419753,1,checkpoints/sudoku_extreme_hf/checkpoint,27,1,blanks_2,39.33360046874945,0,61,fixed_point,1,changed_wrong,0.6172839506172839,27,1,0,1,0,0
32,2,0.6790123456790124,1,checkpoints/sudoku_extreme_hf/checkpoint,26,0,blanks_2,39.33360046874945,0,62,fixed_point,1,changed_wrong,0.654320987654321,28,1,0,1,0,28
32,2,0.7160493827160493,1,checkpoints/sudoku_extreme_hf/checkpoint,23,0,blanks_2,39.33360046874945,0,63,fixed_point,1,changed_wrong,0.7160493827160493,20,1,0,1,0,9
32,2,0.6296296296296297,1,checkpoints/sudoku_extreme_hf/checkpoint,28,1,blanks_2,42.81095934374868,0,64,fixed_point,1,changed_wrong,0.5925925925925926,12,1,0,1,0,0
32,2,0.9012345679012346,1,checkpoints/sudoku_extreme_hf/checkpoint,8,1,blanks_2,42.81095934374868,0,65,fixed_point,1,changed_wrong,0.6172839506172839,27,1,0,1,0,0
32,2,1.0,1,checkpoints/sudoku_extreme_hf/checkpoint,0,1,blanks_2,42.81095934374868,1,66,fixed_point,0,became_wrong,0.7654320987654321,19,1,0,1,0,0
32,2,0.7777777777777778,1,checkpoints/sudoku_extreme_hf/checkpoint,18,1,blanks_2,42.81095934374868,0,67,fixed_point,1,changed_wrong,0.6172839506172839,21,0,0,1,20,0
32,2,1.0,1,checkpoints/sudoku_extreme_hf/checkpoint,0,1,blanks_2,42.81095934374868,1,68,fixed_point,0,became_wrong,0.7777777777777778,18,1,0,1,0,0
32,2,1.0,1,checkpoints/sudoku_extreme_hf/checkpoint,0,1,blanks_2,42.81095934374868,1,69,fixed_point,0,became_wrong,0.7283950617283951,22,1,0,1,0,0
32,2,0.7901234567901234,1,checkpoints/sudoku_extreme_hf/checkpoint,16,1,blanks_2,42.81095934374868,0,70,fixed_point,1,changed_wrong,0.6790123456790124,22,1,0,1,0,0
32,2,0.8024691358024691,1,checkpoints/sudoku_extreme_hf/checkpoint,15,1,blanks_2,42.81095934374868,0,71,fixed_point,1,changed_wrong,0.7654320987654321,12,0,0,1,10,0
32,2,0.9506172839506173,1,checkpoints/sudoku_extreme_hf/checkpoint,4,1,blanks_2,42.81095934374868,0,72,fixed_point,1,changed_wrong,0.7530864197530864,20,1,0,1,0,0
32,2,0.9259259259259259,1,checkpoints/sudoku_extreme_hf/checkpoint,5,1,blanks_2,42.81095934374868,0,73,fixed_point,1,changed_wrong,0.7654320987654321,23,1,0,1,0,0
32,2,1.0,1,checkpoints/sudoku_extreme_hf/checkpoint,0,1,blanks_2,42.81095934374868,1,74,fixed_point,0,became_wrong,0.7160493827160493,23,1,0,1,0,0
32,2,0.8518518518518519,1,checkpoints/sudoku_extreme_hf/checkpoint,12,1,blanks_2,42.81095934374868,0,75,fixed_point,1,changed_wrong,0.7901234567901234,15,1,0,1,0,0
32,2,0.8518518518518519,1,checkpoints/sudoku_extreme_hf/checkpoint,11,1,blanks_2,42.81095934374868,0,76,fixed_point,1,changed_wrong,0.7777777777777778,6,1,0,1,0,0
32,2,0.9506172839506173,1,checkpoints/sudoku_extreme_hf/checkpoint,4,1,blanks_2,42.81095934374868,0,77,fixed_point,1,changed_wrong,0.8024691358024691,12,1,0,1,0,0
32,2,0.8148148148148148,1,checkpoints/sudoku_extreme_hf/checkpoint,15,1,blanks_2,42.81095934374868,0,78,fixed_point,1,changed_wrong,0.7901234567901234,14,1,0,1,0,0
32,2,1.0,0,checkpoints/sudoku_extreme_hf/checkpoint,0,1,blanks_2,42.81095934374868,1,79,fixed_point,0,stable_correct,1.0,0,1,1,0,0,0
32,2,1.0,1,checkpoints/sudoku_extreme_hf/checkpoint,0,1,blanks_2,42.81095934374868,1,80,fixed_point,0,became_wrong,0.8148148148148148,15,1,0,1,0,0
32,2,1.0,1,checkpoints/sudoku_extreme_hf/checkpoint,0,1,blanks_2,42.81095934374868,1,81,fixed_point,0,became_wrong,0.8888888888888888,9,1,0,1,0,0
32,2,0.8271604938271605,1,checkpoints/sudoku_extreme_hf/checkpoint,13,1,blanks_2,42.81095934374868,0,82,fixed_point,1,changed_wrong,0.7283950617283951,14,1,0,1,0,0
32,2,0.8271604938271605,0,checkpoints/sudoku_extreme_hf/checkpoint,13,1,blanks_2,42.81095934374868,0,83,fixed_point,1,invalid_fixed_point,0.8271604938271605,0,1,0,0,0,0
32,2,1.0,1,checkpoints/sudoku_extreme_hf/checkpoint,0,1,blanks_2,42.81095934374868,1,84,fixed_point,0,became_wrong,0.7160493827160493,23,1,0,1,0,0
32,2,0.7037037037037037,1,checkpoints/sudoku_extreme_hf/checkpoint,22,1,blanks_2,42.81095934374868,0,85,fixed_point,1,changed_wrong,0.5925925925925926,17,1,0,1,0,0
32,2,0.8395061728395061,1,checkpoints/sudoku_extreme_hf/checkpoint,11,1,blanks_2,42.81095934374868,0,86,fixed_point,1,changed_wrong,0.7901234567901234,6,1,0,1,0,0
32,2,0.7901234567901234,1,checkpoints/sudoku_extreme_hf/checkpoint,17,1,blanks_2,42.81095934374868,0,87,fixed_point,1,changed_wrong,0.691358024691358,20,1,0,1,0,0
32,2,0.691358024691358,1,checkpoints/sudoku_extreme_hf/checkpoint,24,1,blanks_2,42.81095934374868,0,88,fixed_point,1,changed_wrong,0.654320987654321,20,1,0,1,0,0
32,2,0.8518518518518519,0,checkpoints/sudoku_extreme_hf/checkpoint,11,1,blanks_2,42.81095934374868,0,89,fixed_point,1,invalid_fixed_point,0.8518518518518519,0,1,0,0,0,0
32,2,0.8765432098765432,1,checkpoints/sudoku_extreme_hf/checkpoint,10,1,blanks_2,42.81095934374868,0,90,fixed_point,1,changed_wrong,0.7037037037037037,21,1,0,1,0,0
32,2,0.5432098765432098,1,checkpoints/sudoku_extreme_hf/checkpoint,35,1,blanks_2,42.81095934374868,0,91,fixed_point,1,changed_wrong,0.5555555555555556,12,1,0,1,0,0
32,2,0.7777777777777778,1,checkpoints/sudoku_extreme_hf/checkpoint,17,1,blanks_2,42.81095934374868,0,92,fixed_point,1,changed_wrong,0.7037037037037037,18,1,0,1,0,0
32,2,1.0,1,checkpoints/sudoku_extreme_hf/checkpoint,0,1,blanks_2,42.81095934374868,1,93,fixed_point,0,became_wrong,0.7037037037037037,24,1,0,1,0,0
32,2,1.0,1,checkpoints/sudoku_extreme_hf/checkpoint,0,1,blanks_2,42.81095934374868,1,94,fixed_point,0,became_wrong,0.7037037037037037,24,1,0,1,0,0
32,2,1.0,1,checkpoints/sudoku_extreme_hf/checkpoint,0,1,blanks_2,42.81095934374868,1,95,fixed_point,0,became_wrong,0.654320987654321,28,1,0,1,0,0
32,2,0.8641975308641975,1,checkpoints/sudoku_extreme_hf/checkpoint,11,1,blanks_2,45.33772399999947,0,96,fixed_point,1,changed_wrong,0.5925925925925926,27,0,0,1,28,0
32,2,0.7777777777777778,1,checkpoints/sudoku_extreme_hf/checkpoint,17,1,blanks_2,45.33772399999947,0,97,fixed_point,1,changed_wrong,0.7777777777777778,15,1,0,1,0,0
32,2,0.7407407407407407,1,checkpoints/sudoku_extreme_hf/checkpoint,21,1,blanks_2,45.33772399999947,0,98,fixed_point,1,changed_wrong,0.7777777777777778,12,1,0,1,0,0
32,2,1.0,0,checkpoints/sudoku_extreme_hf/checkpoint,0,1,blanks_2,45.33772399999947,1,99,fixed_point,0,stable_correct,1.0,0,1,1,0,0,0
32,2,0.8641975308641975,1,checkpoints/sudoku_extreme_hf/checkpoint,11,1,blanks_2,45.33772399999947,0,100,fixed_point,1,changed_wrong,0.6049382716049383,34,1,0,1,0,0
32,2,0.7777777777777778,1,checkpoints/sudoku_extreme_hf/checkpoint,16,1,blanks_2,45.33772399999947,0,101,fixed_point,1,changed_wrong,0.7901234567901234,19,1,0,1,0,0
32,2,0.9506172839506173,1,checkpoints/sudoku_extreme_hf/checkpoint,3,1,blanks_2,45.33772399999947,0,102,fixed_point,1,changed_wrong,0.8518518518518519,14,1,0,1,0,0
32,2,0.8765432098765432,1,checkpoints/sudoku_extreme_hf/checkpoint,10,1,blanks_2,45.33772399999947,0,103,fixed_point,1,changed_wrong,0.6790123456790124,17,1,0,1,0,0
32,2,0.9012345679012346,0,checkpoints/sudoku_extreme_hf/checkpoint,8,1,blanks_2,45.33772399999947,0,104,fixed_point,1,invalid_fixed_point,0.9012345679012346,0,1,0,0,0,0
32,2,0.7530864197530864,1,checkpoints/sudoku_extreme_hf/checkpoint,18,1,blanks_2,45.33772399999947,0,105,fixed_point,1,changed_wrong,0.6296296296296297,19,1,0,1,0,0
32,2,0.9259259259259259,1,checkpoints/sudoku_extreme_hf/checkpoint,6,1,blanks_2,45.33772399999947,0,106,fixed_point,1,changed_wrong,0.7283950617283951,18,1,0,1,0,0
32,2,0.6296296296296297,1,checkpoints/sudoku_extreme_hf/checkpoint,30,1,blanks_2,45.33772399999947,0,107,fixed_point,1,changed_wrong,0.5802469135802469,24,1,0,1,0,0
32,2,0.7654320987654321,0,checkpoints/sudoku_extreme_hf/checkpoint,18,1,blanks_2,45.33772399999947,0,108,fixed_point,1,invalid_fixed_point,0.7654320987654321,0,1,0,0,0,0
32,2,0.8271604938271605,0,checkpoints/sudoku_extreme_hf/checkpoint,14,1,blanks_2,45.33772399999947,0,109,fixed_point,1,invalid_fixed_point,0.8271604938271605,0,1,0,0,0,0
32,2,0.7777777777777778,1,checkpoints/sudoku_extreme_hf/checkpoint,16,1,blanks_2,45.33772399999947,0,110,fixed_point,1,changed_wrong,0.6790123456790124,11,1,0,1,0,0
32,2,0.7777777777777778,1,checkpoints/sudoku_extreme_hf/checkpoint,17,1,blanks_2,45.33772399999947,0,111,fixed_point,1,became_correct,1.0,18,1,1,1,0,0
32,2,0.9135802469135802,1,checkpoints/sudoku_extreme_hf/checkpoint,7,1,blanks_2,45.33772399999947,0,112,fixed_point,1,changed_wrong,0.8765432098765432,16,1,0,1,0,0
32,2,0.9506172839506173,1,checkpoints/sudoku_extreme_hf/checkpoint,4,1,blanks_2,45.33772399999947,0,113,fixed_point,1,changed_wrong,0.6172839506172839,28,1,0,1,0,0
32,2,0.7530864197530864,1,checkpoints/sudoku_extreme_hf/checkpoint,19,0,blanks_2,45.33772399999947,0,114,fixed_point,1,changed_wrong,0.6419753086419753,19,0,0,1,13,26
32,2,0.8518518518518519,1,checkpoints/sudoku_extreme_hf/checkpoint,12,1,blanks_2,45.33772399999947,0,115,fixed_point,1,changed_wrong,0.7654320987654321,18,1,0,1,0,0
32,2,0.6419753086419753,1,checkpoints/sudoku_extreme_hf/checkpoint,27,1,blanks_2,45.33772399999947,0,116,fixed_point,1,changed_wrong,0.5555555555555556,25,1,0,1,0,0
32,2,0.7654320987654321,1,checkpoints/sudoku_extreme_hf/checkpoint,18,0,blanks_2,45.33772399999947,0,117,fixed_point,1,changed_wrong,0.691358024691358,22,1,0,1,0,20
32,2,0.6296296296296297,1,checkpoints/sudoku_extreme_hf/checkpoint,28,1,blanks_2,45.33772399999947,0,118,fixed_point,1,changed_wrong,0.6172839506172839,6,1,0,1,0,0
32,2,0.8395061728395061,1,checkpoints/sudoku_extreme_hf/checkpoint,13,1,blanks_2,45.33772399999947,0,119,fixed_point,1,changed_wrong,0.7407407407407407,13,1,0,1,0,0
32,2,0.9259259259259259,1,checkpoints/sudoku_extreme_hf/checkpoint,6,1,blanks_2,45.33772399999947,0,120,fixed_point,1,changed_wrong,0.7407407407407407,15,1,0,1,0,0
32,2,1.0,1,checkpoints/sudoku_extreme_hf/checkpoint,0,1,blanks_2,45.33772399999947,1,121,fixed_point,0,became_wrong,0.8765432098765432,10,1,0,1,0,0
32,2,0.654320987654321,1,checkpoints/sudoku_extreme_hf/checkpoint,27,0,blanks_2,45.33772399999947,0,122,fixed_point,1,changed_wrong,0.5802469135802469,32,1,0,1,0,9
32,2,1.0,1,checkpoints/sudoku_extreme_hf/checkpoint,0,1,blanks_2,45.33772399999947,1,123,fixed_point,0,became_wrong,0.7530864197530864,20,1,0,1,0,0
32,2,0.7654320987654321,1,checkpoints/sudoku_extreme_hf/checkpoint,18,1,blanks_2,45.33772399999947,0,124,fixed_point,1,changed_wrong,0.5925925925925926,34,1,0,1,0,0
32,2,0.9135802469135802,1,checkpoints/sudoku_extreme_hf/checkpoint,7,1,blanks_2,45.33772399999947,0,125,fixed_point,1,changed_wrong,0.8518518518518519,11,1,0,1,0,0
32,2,0.7037037037037037,1,checkpoints/sudoku_extreme_hf/checkpoint,23,1,blanks_2,45.33772399999947,0,126,fixed_point,1,changed_wrong,0.691358024691358,10,1,0,1,0,0
32,2,0.9259259259259259,1,checkpoints/sudoku_extreme_hf/checkpoint,6,1,blanks_2,45.33772399999947,0,127,fixed_point,1,changed_wrong,0.7037037037037037,23,1,0,1,0,0
32,2,0.9135802469135802,1,checkpoints/sudoku_extreme_hf/checkpoint,7,1,blanks_2,39.138531343748895,0,128,fixed_point,1,changed_wrong,0.654320987654321,27,1,0,1,0,0
32,2,0.8024691358024691,1,checkpoints/sudoku_extreme_hf/checkpoint,15,0,blanks_2,39.138531343748895,0,129,fixed_point,1,changed_wrong,0.8024691358024691,11,1,0,1,0,3
32,2,0.9259259259259259,1,checkpoints/sudoku_extreme_hf/checkpoint,6,1,blanks_2,39.138531343748895,0,130,fixed_point,1,changed_wrong,0.7283950617283951,18,1,0,1,0,0
32,2,0.6666666666666666,1,checkpoints/sudoku_extreme_hf/checkpoint,26,1,blanks_2,39.138531343748895,0,131,fixed_point,1,changed_wrong,0.6172839506172839,26,0,0,1,17,0
32,2,0.7777777777777778,1,checkpoints/sudoku_extreme_hf/checkpoint,18,1,blanks_2,39.138531343748895,0,132,fixed_point,1,changed_wrong,0.6790123456790124,13,1,0,1,0,0
32,2,0.9506172839506173,1,checkpoints/sudoku_extreme_hf/checkpoint,4,1,blanks_2,39.138531343748895,0,133,fixed_point,1,changed_wrong,0.7037037037037037,21,1,0,1,0,0
32,2,0.8148148148148148,1,checkpoints/sudoku_extreme_hf/checkpoint,14,1,blanks_2,39.138531343748895,0,134,fixed_point,1,changed_wrong,0.7901234567901234,4,1,0,1,0,0
32,2,0.9012345679012346,1,checkpoints/sudoku_extreme_hf/checkpoint,8,1,blanks_2,39.138531343748895,0,135,fixed_point,1,changed_wrong,0.7283950617283951,18,1,0,1,0,0
32,2,0.9259259259259259,1,checkpoints/sudoku_extreme_hf/checkpoint,5,1,blanks_2,39.138531343748895,0,136,fixed_point,1,changed_wrong,0.691358024691358,24,1,0,1,0,0
32,2,0.7160493827160493,1,checkpoints/sudoku_extreme_hf/checkpoint,22,1,blanks_2,39.138531343748895,0,137,fixed_point,1,changed_wrong,0.6172839506172839,37,0,0,1,18,0
32,2,0.7901234567901234,1,checkpoints/sudoku_extreme_hf/checkpoint,17,0,blanks_2,39.138531343748895,0,138,fixed_point,1,changed_wrong,0.7160493827160493,14,1,0,1,0,8
32,2,0.7283950617283951,1,checkpoints/sudoku_extreme_hf/checkpoint,21,1,blanks_2,39.138531343748895,0,139,fixed_point,1,changed_wrong,0.7777777777777778,26,1,0,1,0,0
32,2,0.9259259259259259,1,checkpoints/sudoku_extreme_hf/checkpoint,6,1,blanks_2,39.138531343748895,0,140,fixed_point,1,changed_wrong,0.6296296296296297,28,1,0,1,0,0
32,2,1.0,0,checkpoints/sudoku_extreme_hf/checkpoint,0,1,blanks_2,39.138531343748895,1,141,fixed_point,0,stable_correct,1.0,0,1,1,0,0,0
32,2,0.9135802469135802,1,checkpoints/sudoku_extreme_hf/checkpoint,7,1,blanks_2,39.138531343748895,0,142,fixed_point,1,changed_wrong,0.9506172839506173,10,1,0,1,0,0
32,2,0.9012345679012346,1,checkpoints/sudoku_extreme_hf/checkpoint,8,1,blanks_2,39.138531343748895,0,143,fixed_point,1,changed_wrong,0.9135802469135802,7,1,0,1,0,0
32,2,0.8024691358024691,1,checkpoints/sudoku_extreme_hf/checkpoint,14,1,blanks_2,39.138531343748895,0,144,fixed_point,1,changed_wrong,0.6049382716049383,22,0,0,1,23,0
32,2,0.7283950617283951,1,checkpoints/sudoku_extreme_hf/checkpoint,20,1,blanks_2,39.138531343748895,0,145,fixed_point,1,changed_wrong,0.5679012345679012,25,1,0,1,0,0
32,2,1.0,1,checkpoints/sudoku_extreme_hf/checkpoint,0,1,blanks_2,39.138531343748895,1,146,fixed_point,0,became_wrong,0.654320987654321,28,1,0,1,0,0
32,2,0.9506172839506173,0,checkpoints/sudoku_extreme_hf/checkpoint,3,1,blanks_2,39.138531343748895,0,147,fixed_point,1,invalid_fixed_point,0.9506172839506173,0,1,0,0,0,0
32,2,0.8271604938271605,1,checkpoints/sudoku_extreme_hf/checkpoint,14,1,blanks_2,39.138531343748895,0,148,fixed_point,1,changed_wrong,0.6172839506172839,20,0,0,1,9,0
32,2,1.0,1,checkpoints/sudoku_extreme_hf/checkpoint,0,1,blanks_2,39.138531343748895,1,149,fixed_point,0,became_wrong,0.8518518518518519,12,1,0,1,0,0
32,2,0.7530864197530864,1,checkpoints/sudoku_extreme_hf/checkpoint,19,1,blanks_2,39.138531343748895,0,150,fixed_point,1,changed_wrong,0.7160493827160493,14,1,0,1,0,0
32,2,0.8148148148148148,1,checkpoints/sudoku_extreme_hf/checkpoint,14,1,blanks_2,39.138531343748895,0,151,fixed_point,1,changed_wrong,0.6172839506172839,22,1,0,1,0,0
32,2,1.0,1,checkpoints/sudoku_extreme_hf/checkpoint,0,1,blanks_2,39.138531343748895,1,152,fixed_point,0,became_wrong,0.7530864197530864,20,1,0,1,0,0
32,2,0.7777777777777778,1,checkpoints/sudoku_extreme_hf/checkpoint,18,1,blanks_2,39.138531343748895,0,153,fixed_point,1,changed_wrong,0.5925925925925926,27,1,0,1,0,0
32,2,0.8765432098765432,1,checkpoints/sudoku_extreme_hf/checkpoint,9,1,blanks_2,39.138531343748895,0,154,fixed_point,1,changed_wrong,0.8271604938271605,4,1,0,1,0,0
32,2,0.9259259259259259,1,checkpoints/sudoku_extreme_hf/checkpoint,6,1,blanks_2,39.138531343748895,0,155,fixed_point,1,changed_wrong,0.8888888888888888,4,1,0,1,0,0
32,2,0.8641975308641975,1,checkpoints/sudoku_extreme_hf/checkpoint,9,1,blanks_2,39.138531343748895,0,156,fixed_point,1,became_correct,1.0,11,1,1,1,0,0
32,2,0.8518518518518519,1,checkpoints/sudoku_extreme_hf/checkpoint,12,1,blanks_2,39.138531343748895,0,157,fixed_point,1,changed_wrong,0.8395061728395061,16,1,0,1,0,0
32,2,0.9259259259259259,1,checkpoints/sudoku_extreme_hf/checkpoint,5,1,blanks_2,39.138531343748895,0,158,fixed_point,1,changed_wrong,0.8024691358024691,16,1,0,1,0,0
32,2,1.0,1,checkpoints/sudoku_extreme_hf/checkpoint,0,1,blanks_2,39.138531343748895,1,159,fixed_point,0,became_wrong,0.8518518518518519,12,1,0,1,0,0
32,2,0.691358024691358,1,checkpoints/sudoku_extreme_hf/checkpoint,23,1,blanks_2,33.57783437500039,0,160,fixed_point,1,changed_wrong,0.6049382716049383,15,1,0,1,0,0
32,2,1.0,1,checkpoints/sudoku_extreme_hf/checkpoint,0,1,blanks_2,33.57783437500039,1,161,fixed_point,0,became_wrong,0.9135802469135802,7,1,0,1,0,0
32,2,0.7283950617283951,1,checkpoints/sudoku_extreme_hf/checkpoint,21,1,blanks_2,33.57783437500039,0,162,fixed_point,1,changed_wrong,0.6049382716049383,27,1,0,1,0,0
32,2,0.7901234567901234,1,checkpoints/sudoku_extreme_hf/checkpoint,16,1,blanks_2,33.57783437500039,0,163,fixed_point,1,changed_wrong,0.6790123456790124,18,1,0,1,0,0
32,2,0.8641975308641975,1,checkpoints/sudoku_extreme_hf/checkpoint,9,1,blanks_2,33.57783437500039,0,164,fixed_point,1,changed_wrong,0.9012345679012346,4,1,0,1,0,0
32,2,0.7901234567901234,1,checkpoints/sudoku_extreme_hf/checkpoint,16,1,blanks_2,33.57783437500039,0,165,fixed_point,1,changed_wrong,0.6790123456790124,16,0,0,1,15,0
32,2,0.8765432098765432,1,checkpoints/sudoku_extreme_hf/checkpoint,10,1,blanks_2,33.57783437500039,0,166,fixed_point,1,changed_wrong,0.8395061728395061,6,1,0,1,0,0
32,2,0.7777777777777778,1,checkpoints/sudoku_extreme_hf/checkpoint,17,0,blanks_2,33.57783437500039,0,167,fixed_point,1,changed_wrong,0.654320987654321,24,1,0,1,0,26
32,2,0.9506172839506173,1,checkpoints/sudoku_extreme_hf/checkpoint,4,1,blanks_2,33.57783437500039,0,168,fixed_point,1,changed_wrong,0.6790123456790124,24,1,0,1,0,0
32,2,0.9259259259259259,1,checkpoints/sudoku_extreme_hf/checkpoint,6,1,blanks_2,33.57783437500039,0,169,fixed_point,1,changed_wrong,0.691358024691358,23,1,0,1,0,0
32,2,0.8765432098765432,1,checkpoints/sudoku_extreme_hf/checkpoint,10,1,blanks_2,33.57783437500039,0,170,fixed_point,1,changed_wrong,0.6172839506172839,26,1,0,1,0,0
32,2,0.7530864197530864,1,checkpoints/sudoku_extreme_hf/checkpoint,20,1,blanks_2,33.57783437500039,0,171,fixed_point,1,changed_wrong,0.7160493827160493,4,1,0,1,0,0
32,2,1.0,1,checkpoints/sudoku_extreme_hf/checkpoint,0,1,blanks_2,33.57783437500039,1,172,fixed_point,0,became_wrong,0.7777777777777778,18,1,0,1,0,0
32,2,0.9135802469135802,1,checkpoints/sudoku_extreme_hf/checkpoint,7,1,blanks_2,33.57783437500039,0,173,fixed_point,1,changed_wrong,0.8518518518518519,6,1,0,1,0,0
32,2,0.9259259259259259,1,checkpoints/sudoku_extreme_hf/checkpoint,5,1,blanks_2,33.57783437500039,0,174,fixed_point,1,changed_wrong,0.5802469135802469,31,1,0,1,0,0
32,2,0.8518518518518519,1,checkpoints/sudoku_extreme_hf/checkpoint,12,1,blanks_2,33.57783437500039,0,175,fixed_point,1,changed_wrong,0.6666666666666666,17,1,0,1,0,0
32,2,0.8518518518518519,0,checkpoints/sudoku_extreme_hf/checkpoint,11,1,blanks_2,33.57783437500039,0,176,fixed_point,1,invalid_fixed_point,0.8518518518518519,0,1,0,0,0,0
32,2,1.0,0,checkpoints/sudoku_extreme_hf/checkpoint,0,1,blanks_2,33.57783437500039,1,177,fixed_point,0,stable_correct,1.0,0,1,1,0,0,0
32,2,0.8271604938271605,0,checkpoints/sudoku_extreme_hf/checkpoint,13,1,blanks_2,33.57783437500039,0,178,fixed_point,1,invalid_fixed_point,0.8271604938271605,0,1,0,0,0,0
32,2,0.9259259259259259,1,checkpoints/sudoku_extreme_hf/checkpoint,6,1,blanks_2,33.57783437500039,0,179,fixed_point,1,changed_wrong,0.6666666666666666,24,1,0,1,0,0
32,2,1.0,1,checkpoints/sudoku_extreme_hf/checkpoint,0,1,blanks_2,33.57783437500039,1,180,fixed_point,0,became_wrong,0.9506172839506173,4,1,0,1,0,0
32,2,1.0,1,checkpoints/sudoku_extreme_hf/checkpoint,0,1,blanks_2,33.57783437500039,1,181,fixed_point,0,became_wrong,0.7283950617283951,22,1,0,1,0,0
32,2,0.8024691358024691,1,checkpoints/sudoku_extreme_hf/checkpoint,16,0,blanks_2,33.57783437500039,0,182,fixed_point,1,changed_wrong,0.6049382716049383,23,1,0,1,0,11
32,2,0.7037037037037037,1,checkpoints/sudoku_extreme_hf/checkpoint,23,1,blanks_2,33.57783437500039,0,183,fixed_point,1,changed_wrong,0.691358024691358,20,0,0,1,24,0
32,2,0.8395061728395061,1,checkpoints/sudoku_extreme_hf/checkpoint,13,1,blanks_2,33.57783437500039,0,184,fixed_point,1,changed_wrong,0.6296296296296297,30,1,0,1,0,0
32,2,0.9135802469135802,1,checkpoints/sudoku_extreme_hf/checkpoint,7,1,blanks_2,33.57783437500039,0,185,fixed_point,1,changed_wrong,0.7901234567901234,15,1,0,1,0,0
32,2,0.9012345679012346,1,checkpoints/sudoku_extreme_hf/checkpoint,8,1,blanks_2,33.57783437500039,0,186,fixed_point,1,changed_wrong,0.8271604938271605,7,1,0,1,0,0
32,2,0.7283950617283951,1,checkpoints/sudoku_extreme_hf/checkpoint,20,1,blanks_2,33.57783437500039,0,187,fixed_point,1,changed_wrong,0.691358024691358,6,1,0,1,0,0
32,2,0.9012345679012346,1,checkpoints/sudoku_extreme_hf/checkpoint,8,1,blanks_2,33.57783437500039,0,188,fixed_point,1,changed_wrong,0.6172839506172839,26,1,0,1,0,0
32,2,0.7777777777777778,1,checkpoints/sudoku_extreme_hf/checkpoint,17,1,blanks_2,33.57783437500039,0,189,fixed_point,1,changed_wrong,0.6172839506172839,23,0,0,1,26,0
32,2,1.0,0,checkpoints/sudoku_extreme_hf/checkpoint,0,1,blanks_2,33.57783437500039,1,190,fixed_point,0,stable_correct,1.0,0,1,1,0,0,0
32,2,0.7901234567901234,1,checkpoints/sudoku_extreme_hf/checkpoint,17,1,blanks_2,33.57783437500039,0,191,fixed_point,1,changed_wrong,0.7283950617283951,22,1,0,1,0,0
32,2,0.7654320987654321,1,checkpoints/sudoku_extreme_hf/checkpoint,18,1,blanks_2,33.180826375000194,0,192,fixed_point,1,changed_wrong,0.7037037037037037,17,1,0,1,0,0
32,2,1.0,1,checkpoints/sudoku_extreme_hf/checkpoint,0,1,blanks_2,33.180826375000194,1,193,fixed_point,0,became_wrong,0.7654320987654321,19,1,0,1,0,0
32,2,1.0,1,checkpoints/sudoku_extreme_hf/checkpoint,0,1,blanks_2,33.180826375000194,1,194,fixed_point,0,became_wrong,0.7283950617283951,22,1,0,1,0,0
32,2,0.8024691358024691,1,checkpoints/sudoku_extreme_hf/checkpoint,16,1,blanks_2,33.180826375000194,0,195,fixed_point,1,changed_wrong,0.654320987654321,18,1,0,1,0,0
32,2,0.654320987654321,1,checkpoints/sudoku_extreme_hf/checkpoint,27,0,blanks_2,33.180826375000194,0,196,fixed_point,1,changed_wrong,0.6172839506172839,18,1,0,1,0,6
32,2,0.7654320987654321,1,checkpoints/sudoku_extreme_hf/checkpoint,18,1,blanks_2,33.180826375000194,0,197,fixed_point,1,changed_wrong,0.6790123456790124,18,1,0,1,0,0
32,2,0.8148148148148148,1,checkpoints/sudoku_extreme_hf/checkpoint,15,1,blanks_2,33.180826375000194,0,198,fixed_point,1,changed_wrong,0.7160493827160493,13,1,0,1,0,0
32,2,0.9506172839506173,0,checkpoints/sudoku_extreme_hf/checkpoint,4,1,blanks_2,33.180826375000194,0,199,fixed_point,1,invalid_fixed_point,0.9506172839506173,0,1,0,0,0,0
32,2,0.9506172839506173,1,checkpoints/sudoku_extreme_hf/checkpoint,4,1,blanks_2,33.180826375000194,0,200,fixed_point,1,changed_wrong,0.7407407407407407,19,1,0,1,0,0
32,2,0.7037037037037037,1,checkpoints/sudoku_extreme_hf/checkpoint,24,0,blanks_2,33.180826375000194,0,201,fixed_point,1,changed_wrong,0.6666666666666666,28,1,0,1,0,28
32,2,0.9259259259259259,1,checkpoints/sudoku_extreme_hf/checkpoint,6,1,blanks_2,33.180826375000194,0,202,fixed_point,1,changed_wrong,0.7530864197530864,18,1,0,1,0,0
32,2,0.7407407407407407,1,checkpoints/sudoku_extreme_hf/checkpoint,21,1,blanks_2,33.180826375000194,0,203,fixed_point,1,changed_wrong,0.6419753086419753,21,1,0,1,0,0
32,2,0.8148148148148148,1,checkpoints/sudoku_extreme_hf/checkpoint,15,1,blanks_2,33.180826375000194,0,204,fixed_point,1,changed_wrong,0.8641975308641975,4,1,0,1,0,0
32,2,0.9012345679012346,1,checkpoints/sudoku_extreme_hf/checkpoint,8,1,blanks_2,33.180826375000194,0,205,fixed_point,1,changed_wrong,0.7777777777777778,20,1,0,1,0,0
32,2,0.8641975308641975,1,checkpoints/sudoku_extreme_hf/checkpoint,10,1,blanks_2,33.180826375000194,0,206,fixed_point,1,changed_wrong,0.5802469135802469,32,1,0,1,0,0
32,2,0.9259259259259259,0,checkpoints/sudoku_extreme_hf/checkpoint,6,1,blanks_2,33.180826375000194,0,207,fixed_point,1,invalid_fixed_point,0.9259259259259259,0,1,0,0,0,0
32,2,1.0,1,checkpoints/sudoku_extreme_hf/checkpoint,0,1,blanks_2,33.180826375000194,1,208,fixed_point,0,became_wrong,0.7777777777777778,18,1,0,1,0,0
32,2,0.8518518518518519,1,checkpoints/sudoku_extreme_hf/checkpoint,12,1,blanks_2,33.180826375000194,0,209,fixed_point,1,changed_wrong,0.7037037037037037,18,1,0,1,0,0
32,2,0.8518518518518519,1,checkpoints/sudoku_extreme_hf/checkpoint,12,1,blanks_2,33.180826375000194,0,210,fixed_point,1,changed_wrong,0.6666666666666666,26,1,0,1,0,0
32,2,1.0,1,checkpoints/sudoku_extreme_hf/checkpoint,0,1,blanks_2,33.180826375000194,1,211,fixed_point,0,became_wrong,0.8024691358024691,16,1,0,1,0,0
32,2,0.8518518518518519,1,checkpoints/sudoku_extreme_hf/checkpoint,12,1,blanks_2,33.180826375000194,0,212,fixed_point,1,changed_wrong,0.7654320987654321,19,1,0,1,0,0
32,2,0.9135802469135802,0,checkpoints/sudoku_extreme_hf/checkpoint,6,1,blanks_2,33.180826375000194,0,213,fixed_point,1,invalid_fixed_point,0.9135802469135802,0,1,0,0,0,0
32,2,0.7654320987654321,1,checkpoints/sudoku_extreme_hf/checkpoint,19,1,blanks_2,33.180826375000194,0,214,fixed_point,1,changed_wrong,0.6172839506172839,21,0,0,1,19,0
32,2,0.7407407407407407,1,checkpoints/sudoku_extreme_hf/checkpoint,21,1,blanks_2,33.180826375000194,0,215,fixed_point,1,changed_wrong,0.6666666666666666,30,1,0,1,0,0
32,2,0.7654320987654321,1,checkpoints/sudoku_extreme_hf/checkpoint,19,1,blanks_2,33.180826375000194,0,216,fixed_point,1,changed_wrong,0.5679012345679012,21,1,0,1,0,0
32,2,1.0,1,checkpoints/sudoku_extreme_hf/checkpoint,0,1,blanks_2,33.180826375000194,1,217,fixed_point,0,became_wrong,0.8024691358024691,16,1,0,1,0,0
32,2,0.8888888888888888,1,checkpoints/sudoku_extreme_hf/checkpoint,9,1,blanks_2,33.180826375000194,0,218,fixed_point,1,changed_wrong,0.6419753086419753,25,0,0,1,21,0
32,2,0.8271604938271605,1,checkpoints/sudoku_extreme_hf/checkpoint,13,1,blanks_2,33.180826375000194,0,219,fixed_point,1,changed_wrong,0.6172839506172839,26,1,0,1,0,0
32,2,0.8148148148148148,1,checkpoints/sudoku_extreme_hf/checkpoint,15,1,blanks_2,33.180826375000194,0,220,fixed_point,1,changed_wrong,0.6172839506172839,27,0,0,1,17,0
32,2,0.8271604938271605,1,checkpoints/sudoku_extreme_hf/checkpoint,14,1,blanks_2,33.180826375000194,0,221,fixed_point,1,changed_wrong,0.7777777777777778,4,1,0,1,0,0
32,2,0.9012345679012346,1,checkpoints/sudoku_extreme_hf/checkpoint,8,1,blanks_2,33.180826375000194,0,222,fixed_point,1,changed_wrong,0.9135802469135802,11,1,0,1,0,0
32,2,0.7777777777777778,1,checkpoints/sudoku_extreme_hf/checkpoint,18,1,blanks_2,33.180826375000194,0,223,fixed_point,1,changed_wrong,0.6172839506172839,18,1,0,1,0,0
32,2,0.9506172839506173,1,checkpoints/sudoku_extreme_hf/checkpoint,4,1,blanks_2,33.04009175000111,0,224,fixed_point,1,changed_wrong,0.8395061728395061,17,1,0,1,0,0
32,2,0.8024691358024691,1,checkpoints/sudoku_extreme_hf/checkpoint,15,1,blanks_2,33.04009175000111,0,225,fixed_point,1,changed_wrong,0.7160493827160493,21,1,0,1,0,0
32,2,0.9135802469135802,1,checkpoints/sudoku_extreme_hf/checkpoint,6,1,blanks_2,33.04009175000111,0,226,fixed_point,1,changed_wrong,0.8518518518518519,9,1,0,1,0,0
32,2,0.6419753086419753,1,checkpoints/sudoku_extreme_hf/checkpoint,28,1,blanks_2,33.04009175000111,0,227,fixed_point,1,changed_wrong,0.5555555555555556,23,1,0,1,0,0
32,2,1.0,1,checkpoints/sudoku_extreme_hf/checkpoint,0,1,blanks_2,33.04009175000111,1,228,fixed_point,0,became_wrong,0.9012345679012346,8,1,0,1,0,0
32,2,0.8641975308641975,1,checkpoints/sudoku_extreme_hf/checkpoint,10,1,blanks_2,33.04009175000111,0,229,fixed_point,1,changed_wrong,0.8641975308641975,16,1,0,1,0,0
32,2,1.0,1,checkpoints/sudoku_extreme_hf/checkpoint,0,1,blanks_2,33.04009175000111,1,230,fixed_point,0,became_wrong,0.7037037037037037,24,1,0,1,0,0
32,2,0.9506172839506173,1,checkpoints/sudoku_extreme_hf/checkpoint,4,1,blanks_2,33.04009175000111,0,231,fixed_point,1,changed_wrong,0.8765432098765432,13,1,0,1,0,0
32,2,0.691358024691358,1,checkpoints/sudoku_extreme_hf/checkpoint,25,0,blanks_2,33.04009175000111,0,232,fixed_point,1,changed_wrong,0.5679012345679012,25,0,0,1,10,19
32,2,0.9012345679012346,1,checkpoints/sudoku_extreme_hf/checkpoint,8,1,blanks_2,33.04009175000111,0,233,fixed_point,1,changed_wrong,0.6172839506172839,26,1,0,1,0,0
32,2,1.0,1,checkpoints/sudoku_extreme_hf/checkpoint,0,1,blanks_2,33.04009175000111,1,234,fixed_point,0,became_wrong,0.8395061728395061,13,1,0,1,0,0
32,2,0.5802469135802469,1,checkpoints/sudoku_extreme_hf/checkpoint,32,1,blanks_2,33.04009175000111,0,235,fixed_point,1,changed_wrong,0.5925925925925926,16,1,0,1,0,0
32,2,0.9506172839506173,1,checkpoints/sudoku_extreme_hf/checkpoint,3,1,blanks_2,33.04009175000111,0,236,fixed_point,1,changed_wrong,0.8765432098765432,6,1,0,1,0,0
32,2,0.7777777777777778,1,checkpoints/sudoku_extreme_hf/checkpoint,18,1,blanks_2,33.04009175000111,0,237,fixed_point,1,changed_wrong,0.691358024691358,25,1,0,1,0,0
32,2,0.9506172839506173,1,checkpoints/sudoku_extreme_hf/checkpoint,3,1,blanks_2,33.04009175000111,0,238,fixed_point,1,changed_wrong,0.7654320987654321,16,1,0,1,0,0
32,2,0.8271604938271605,1,checkpoints/sudoku_extreme_hf/checkpoint,14,1,blanks_2,33.04009175000111,0,239,fixed_point,1,changed_wrong,0.6790123456790124,20,1,0,1,0,0
32,2,0.8148148148148148,0,checkpoints/sudoku_extreme_hf/checkpoint,14,1,blanks_2,33.04009175000111,0,240,fixed_point,1,invalid_fixed_point,0.8148148148148148,0,1,0,0,0,0
32,2,0.9012345679012346,1,checkpoints/sudoku_extreme_hf/checkpoint,8,1,blanks_2,33.04009175000111,0,241,fixed_point,1,changed_wrong,0.7654320987654321,20,1,0,1,0,0
32,2,1.0,1,checkpoints/sudoku_extreme_hf/checkpoint,0,1,blanks_2,33.04009175000111,1,242,fixed_point,0,became_wrong,0.8024691358024691,16,1,0,1,0,0
32,2,0.8518518518518519,1,checkpoints/sudoku_extreme_hf/checkpoint,10,1,blanks_2,33.04009175000111,0,243,fixed_point,1,changed_wrong,0.5185185185185185,38,1,0,1,0,0
32,2,0.8765432098765432,1,checkpoints/sudoku_extreme_hf/checkpoint,10,1,blanks_2,33.04009175000111,0,244,fixed_point,1,changed_wrong,0.654320987654321,25,1,0,1,0,0
32,2,0.7037037037037037,1,checkpoints/sudoku_extreme_hf/checkpoint,22,1,blanks_2,33.04009175000111,0,245,fixed_point,1,changed_wrong,0.691358024691358,16,1,0,1,0,0
32,2,0.9259259259259259,1,checkpoints/sudoku_extreme_hf/checkpoint,6,1,blanks_2,33.04009175000111,0,246,fixed_point,1,changed_wrong,0.9012345679012346,13,1,0,1,0,0
32,2,1.0,1,checkpoints/sudoku_extreme_hf/checkpoint,0,1,blanks_2,33.04009175000111,1,247,fixed_point,0,became_wrong,0.8148148148148148,15,1,0,1,0,0
32,2,1.0,1,checkpoints/sudoku_extreme_hf/checkpoint,0,1,blanks_2,33.04009175000111,1,248,fixed_point,0,became_wrong,0.9506172839506173,4,1,0,1,0,0
32,2,0.9259259259259259,1,checkpoints/sudoku_extreme_hf/checkpoint,6,1,blanks_2,33.04009175000111,0,249,fixed_point,1,changed_wrong,0.6419753086419753,30,1,0,1,0,0
32,2,1.0,1,checkpoints/sudoku_extreme_hf/checkpoint,0,1,blanks_2,33.04009175000111,1,250,fixed_point,0,became_wrong,0.7530864197530864,20,0,0,1,20,0
32,2,0.9012345679012346,1,checkpoints/sudoku_extreme_hf/checkpoint,8,1,blanks_2,33.04009175000111,0,251,fixed_point,1,changed_wrong,0.7037037037037037,20,1,0,1,0,0
32,2,0.7777777777777778,1,checkpoints/sudoku_extreme_hf/checkpoint,18,1,blanks_2,33.04009175000111,0,252,fixed_point,1,changed_wrong,0.7037037037037037,25,1,0,1,0,0
32,2,1.0,1,checkpoints/sudoku_extreme_hf/checkpoint,0,1,blanks_2,33.04009175000111,1,253,fixed_point,0,became_wrong,0.6419753086419753,29,1,0,1,0,0
32,2,0.9506172839506173,1,checkpoints/sudoku_extreme_hf/checkpoint,4,1,blanks_2,33.04009175000111,0,254,fixed_point,1,changed_wrong,0.7283950617283951,19,0,0,1,27,0
32,2,0.8271604938271605,1,checkpoints/sudoku_extreme_hf/checkpoint,14,1,blanks_2,33.04009175000111,0,255,fixed_point,1,changed_wrong,0.7777777777777778,18,1,0,1,0,0
32,2,0.8024691358024691,1,checkpoints/sudoku_extreme_hf/checkpoint,15,1,blanks_2,36.452113843749245,0,256,fixed_point,1,changed_wrong,0.7283950617283951,27,1,0,1,0,0
32,2,0.6790123456790124,1,checkpoints/sudoku_extreme_hf/checkpoint,25,1,blanks_2,36.452113843749245,0,257,fixed_point,1,changed_wrong,0.6296296296296297,21,1,0,1,0,0
32,2,0.7283950617283951,1,checkpoints/sudoku_extreme_hf/checkpoint,21,1,blanks_2,36.452113843749245,0,258,fixed_point,1,changed_wrong,0.5925925925925926,27,1,0,1,0,0
32,2,0.7283950617283951,0,checkpoints/sudoku_extreme_hf/checkpoint,20,1,blanks_2,36.452113843749245,0,259,fixed_point,1,invalid_fixed_point,0.7283950617283951,0,1,0,0,0,0
32,2,1.0,1,checkpoints/sudoku_extreme_hf/checkpoint,0,1,blanks_2,36.452113843749245,1,260,fixed_point,0,became_wrong,0.6419753086419753,29,1,0,1,0,0
32,2,0.7037037037037037,0,checkpoints/sudoku_extreme_hf/checkpoint,23,1,blanks_2,36.452113843749245,0,261,fixed_point,1,invalid_fixed_point,0.7037037037037037,0,1,0,0,0,0
32,2,0.8271604938271605,1,checkpoints/sudoku_extreme_hf/checkpoint,13,1,blanks_2,36.452113843749245,0,262,fixed_point,1,changed_wrong,0.7530864197530864,6,1,0,1,0,0
32,2,0.8024691358024691,1,checkpoints/sudoku_extreme_hf/checkpoint,15,1,blanks_2,36.452113843749245,0,263,fixed_point,1,changed_wrong,0.7901234567901234,9,1,0,1,0,0
32,2,0.9259259259259259,0,checkpoints/sudoku_extreme_hf/checkpoint,5,1,blanks_2,36.452113843749245,0,264,fixed_point,1,invalid_fixed_point,0.9259259259259259,0,1,0,0,0,0
32,2,1.0,1,checkpoints/sudoku_extreme_hf/checkpoint,0,1,blanks_2,36.452113843749245,1,265,fixed_point,0,became_wrong,0.9259259259259259,6,1,0,1,0,0
32,2,1.0,1,checkpoints/sudoku_extreme_hf/checkpoint,0,1,blanks_2,36.452113843749245,1,266,fixed_point,0,became_wrong,0.7037037037037037,24,1,0,1,0,0
32,2,0.8888888888888888,1,checkpoints/sudoku_extreme_hf/checkpoint,9,1,blanks_2,36.452113843749245,0,267,fixed_point,1,changed_wrong,0.7407407407407407,18,1,0,1,0,0
32,2,0.7283950617283951,1,checkpoints/sudoku_extreme_hf/checkpoint,20,1,blanks_2,36.452113843749245,0,268,fixed_point,1,changed_wrong,0.7407407407407407,25,1,0,1,0,0
32,2,0.9012345679012346,1,checkpoints/sudoku_extreme_hf/checkpoint,8,1,blanks_2,36.452113843749245,0,269,fixed_point,1,changed_wrong,0.5679012345679012,35,1,0,1,0,0
32,2,0.9506172839506173,1,checkpoints/sudoku_extreme_hf/checkpoint,4,1,blanks_2,36.452113843749245,0,270,fixed_point,1,changed_wrong,0.6790123456790124,29,1,0,1,0,0
32,2,0.7530864197530864,1,checkpoints/sudoku_extreme_hf/checkpoint,19,1,blanks_2,36.452113843749245,0,271,fixed_point,1,changed_wrong,0.5802469135802469,24,1,0,1,0,0
32,2,1.0,1,checkpoints/sudoku_extreme_hf/checkpoint,0,1,blanks_2,36.452113843749245,1,272,fixed_point,0,became_wrong,0.7654320987654321,19,0,0,1,26,0
32,2,0.9259259259259259,0,checkpoints/sudoku_extreme_hf/checkpoint,6,1,blanks_2,36.452113843749245,0,273,fixed_point,1,invalid_fixed_point,0.9259259259259259,0,1,0,0,0,0
32,2,0.8148148148148148,0,checkpoints/sudoku_extreme_hf/checkpoint,13,1,blanks_2,36.452113843749245,0,274,fixed_point,1,invalid_fixed_point,0.8148148148148148,0,1,0,0,0,0
32,2,1.0,1,checkpoints/sudoku_extreme_hf/checkpoint,0,1,blanks_2,36.452113843749245,1,275,fixed_point,0,became_wrong,0.7901234567901234,17,1,0,1,0,0
32,2,0.7654320987654321,1,checkpoints/sudoku_extreme_hf/checkpoint,19,1,blanks_2,36.452113843749245,0,276,fixed_point,1,changed_wrong,0.5679012345679012,26,1,0,1,0,0
32,2,1.0,1,checkpoints/sudoku_extreme_hf/checkpoint,0,1,blanks_2,36.452113843749245,1,277,fixed_point,0,became_wrong,0.8888888888888888,9,1,0,1,0,0
32,2,0.8641975308641975,1,checkpoints/sudoku_extreme_hf/checkpoint,10,1,blanks_2,36.452113843749245,0,278,fixed_point,1,changed_wrong,0.6790123456790124,20,1,0,1,0,0
32,2,0.8641975308641975,1,checkpoints/sudoku_extreme_hf/checkpoint,11,1,blanks_2,36.452113843749245,0,279,fixed_point,1,changed_wrong,0.6419753086419753,25,1,0,1,0,0
32,2,0.9506172839506173,1,checkpoints/sudoku_extreme_hf/checkpoint,4,1,blanks_2,36.452113843749245,0,280,fixed_point,1,changed_wrong,0.7530864197530864,22,1,0,1,0,0
32,2,0.7037037037037037,1,checkpoints/sudoku_extreme_hf/checkpoint,23,0,blanks_2,36.452113843749245,0,281,fixed_point,1,changed_wrong,0.5802469135802469,23,0,0,1,13,25
32,2,0.7654320987654321,1,checkpoints/sudoku_extreme_hf/checkpoint,18,1,blanks_2,36.452113843749245,0,282,fixed_point,1,changed_wrong,0.6049382716049383,24,1,0,1,0,0
32,2,0.8765432098765432,1,checkpoints/sudoku_extreme_hf/checkpoint,10,1,blanks_2,36.452113843749245,0,283,fixed_point,1,changed_wrong,0.9135802469135802,4,1,0,1,0,0
32,2,0.8518518518518519,1,checkpoints/sudoku_extreme_hf/checkpoint,11,1,blanks_2,36.452113843749245,0,284,fixed_point,1,changed_wrong,0.8518518518518519,17,1,0,1,0,0
32,2,0.7777777777777778,1,checkpoints/sudoku_extreme_hf/checkpoint,18,1,blanks_2,36.452113843749245,0,285,fixed_point,1,changed_wrong,0.6049382716049383,29,1,0,1,0,0
32,2,0.8024691358024691,1,checkpoints/sudoku_extreme_hf/checkpoint,15,1,blanks_2,36.452113843749245,0,286,fixed_point,1,changed_wrong,0.8271604938271605,13,1,0,1,0,0
32,2,0.7901234567901234,1,checkpoints/sudoku_extreme_hf/checkpoint,17,1,blanks_2,36.452113843749245,0,287,fixed_point,1,changed_wrong,0.7530864197530864,11,1,0,1,0,0
32,2,1.0,1,checkpoints/sudoku_extreme_hf/checkpoint,0,1,blanks_2,39.45558540624994,1,288,fixed_point,0,became_wrong,0.8395061728395061,13,1,0,1,0,0
32,2,0.8024691358024691,1,checkpoints/sudoku_extreme_hf/checkpoint,16,1,blanks_2,39.45558540624994,0,289,fixed_point,1,changed_wrong,0.7777777777777778,9,1,0,1,0,0
32,2,0.7777777777777778,1,checkpoints/sudoku_extreme_hf/checkpoint,17,1,blanks_2,39.45558540624994,0,290,fixed_point,1,changed_wrong,0.7407407407407407,21,1,0,1,0,0
32,2,0.8148148148148148,1,checkpoints/sudoku_extreme_hf/checkpoint,14,1,blanks_2,39.45558540624994,0,291,fixed_point,1,changed_wrong,0.7407407407407407,8,1,0,1,0,0
32,2,0.8888888888888888,1,checkpoints/sudoku_extreme_hf/checkpoint,7,1,blanks_2,39.45558540624994,0,292,fixed_point,1,changed_wrong,0.6296296296296297,28,1,0,1,0,0
32,2,0.8271604938271605,1,checkpoints/sudoku_extreme_hf/checkpoint,14,1,blanks_2,39.45558540624994,0,293,fixed_point,1,changed_wrong,0.6666666666666666,19,0,0,1,30,0
32,2,0.7037037037037037,1,checkpoints/sudoku_extreme_hf/checkpoint,22,1,blanks_2,39.45558540624994,0,294,fixed_point,1,changed_wrong,0.5555555555555556,27,1,0,1,0,0
32,2,0.7283950617283951,1,checkpoints/sudoku_extreme_hf/checkpoint,20,1,blanks_2,39.45558540624994,0,295,fixed_point,1,changed_wrong,0.6419753086419753,10,1,0,1,0,0
32,2,0.8641975308641975,1,checkpoints/sudoku_extreme_hf/checkpoint,10,1,blanks_2,39.45558540624994,0,296,fixed_point,1,changed_wrong,0.8518518518518519,14,1,0,1,0,0
32,2,1.0,1,checkpoints/sudoku_extreme_hf/checkpoint,0,1,blanks_2,39.45558540624994,1,297,fixed_point,0,became_wrong,0.8024691358024691,16,0,0,1,18,0
32,2,0.8888888888888888,1,checkpoints/sudoku_extreme_hf/checkpoint,8,1,blanks_2,39.45558540624994,0,298,fixed_point,1,changed_wrong,0.6296296296296297,31,1,0,1,0,0
32,2,0.7530864197530864,1,checkpoints/sudoku_extreme_hf/checkpoint,19,1,blanks_2,39.45558540624994,0,299,fixed_point,1,changed_wrong,0.6172839506172839,26,1,0,1,0,0
32,2,0.7283950617283951,1,checkpoints/sudoku_extreme_hf/checkpoint,21,0,blanks_2,39.45558540624994,0,300,fixed_point,1,changed_wrong,0.5925925925925926,20,0,0,1,30,14
32,2,0.6172839506172839,0,checkpoints/sudoku_extreme_hf/checkpoint,30,1,blanks_2,39.45558540624994,0,301,fixed_point,1,invalid_fixed_point,0.6172839506172839,0,1,0,0,0,0
32,2,0.8888888888888888,1,checkpoints/sudoku_extreme_hf/checkpoint,8,1,blanks_2,39.45558540624994,0,302,fixed_point,1,changed_wrong,0.654320987654321,28,1,0,1,0,0
32,2,0.7530864197530864,1,checkpoints/sudoku_extreme_hf/checkpoint,19,1,blanks_2,39.45558540624994,0,303,fixed_point,1,changed_wrong,0.691358024691358,19,1,0,1,0,0
32,2,0.8765432098765432,1,checkpoints/sudoku_extreme_hf/checkpoint,10,1,blanks_2,39.45558540624994,0,304,fixed_point,1,changed_wrong,0.7407407407407407,19,0,0,1,24,0
32,2,0.8271604938271605,1,checkpoints/sudoku_extreme_hf/checkpoint,14,1,blanks_2,39.45558540624994,0,305,fixed_point,1,changed_wrong,0.7901234567901234,11,1,0,1,0,0
32,2,0.8765432098765432,1,checkpoints/sudoku_extreme_hf/checkpoint,10,1,blanks_2,39.45558540624994,0,306,fixed_point,1,changed_wrong,0.9259259259259259,14,1,0,1,0,0
32,2,0.7530864197530864,1,checkpoints/sudoku_extreme_hf/checkpoint,19,1,blanks_2,39.45558540624994,0,307,fixed_point,1,changed_wrong,0.6790123456790124,19,1,0,1,0,0
32,2,0.9506172839506173,1,checkpoints/sudoku_extreme_hf/checkpoint,4,1,blanks_2,39.45558540624994,0,308,fixed_point,1,changed_wrong,0.8395061728395061,9,1,0,1,0,0
32,2,0.6419753086419753,1,checkpoints/sudoku_extreme_hf/checkpoint,28,0,blanks_2,39.45558540624994,0,309,fixed_point,1,changed_wrong,0.7160493827160493,19,1,0,1,0,19
32,2,0.9506172839506173,1,checkpoints/sudoku_extreme_hf/checkpoint,4,1,blanks_2,39.45558540624994,0,310,fixed_point,1,changed_wrong,0.7901234567901234,21,1,0,1,0,0
32,2,0.8271604938271605,1,checkpoints/sudoku_extreme_hf/checkpoint,13,1,blanks_2,39.45558540624994,0,311,fixed_point,1,changed_wrong,0.7037037037037037,21,1,0,1,0,0
32,2,0.7777777777777778,1,checkpoints/sudoku_extreme_hf/checkpoint,17,1,blanks_2,39.45558540624994,0,312,fixed_point,1,changed_wrong,0.9506172839506173,15,1,0,1,0,0
32,2,1.0,1,checkpoints/sudoku_extreme_hf/checkpoint,0,1,blanks_2,39.45558540624994,1,313,fixed_point,0,became_wrong,0.7654320987654321,19,1,0,1,0,0
32,2,0.9506172839506173,1,checkpoints/sudoku_extreme_hf/checkpoint,4,1,blanks_2,39.45558540624994,0,314,fixed_point,1,changed_wrong,0.7407407407407407,21,1,0,1,0,0
32,2,0.9012345679012346,1,checkpoints/sudoku_extreme_hf/checkpoint,8,1,blanks_2,39.45558540624994,0,315,fixed_point,1,changed_wrong,0.7777777777777778,15,0,0,1,24,0
32,2,0.8641975308641975,1,checkpoints/sudoku_extreme_hf/checkpoint,11,1,blanks_2,39.45558540624994,0,316,fixed_point,1,changed_wrong,0.5555555555555556,29,1,0,1,0,0
32,2,0.8765432098765432,1,checkpoints/sudoku_extreme_hf/checkpoint,9,1,blanks_2,39.45558540624994,0,317,fixed_point,1,changed_wrong,0.9506172839506173,6,1,0,1,0,0
32,2,0.7283950617283951,0,checkpoints/sudoku_extreme_hf/checkpoint,21,1,blanks_2,39.45558540624994,0,318,fixed_point,1,invalid_fixed_point,0.7283950617283951,0,1,0,0,0,0
32,2,0.7283950617283951,1,checkpoints/sudoku_extreme_hf/checkpoint,21,1,blanks_2,39.45558540624994,0,319,fixed_point,1,changed_wrong,0.5802469135802469,34,1,0,1,0,0
32,2,1.0,1,checkpoints/sudoku_extreme_hf/checkpoint,0,1,blanks_2,37.21660590625042,1,320,fixed_point,0,became_wrong,0.8024691358024691,16,0,0,1,21,0
32,2,0.7530864197530864,1,checkpoints/sudoku_extreme_hf/checkpoint,20,1,blanks_2,37.21660590625042,0,321,fixed_point,1,changed_wrong,0.7160493827160493,23,1,0,1,0,0
32,2,1.0,0,checkpoints/sudoku_extreme_hf/checkpoint,0,1,blanks_2,37.21660590625042,1,322,fixed_point,0,stable_correct,1.0,0,1,1,0,0,0
32,2,0.8888888888888888,1,checkpoints/sudoku_extreme_hf/checkpoint,8,1,blanks_2,37.21660590625042,0,323,fixed_point,1,changed_wrong,0.7901234567901234,12,1,0,1,0,0
32,2,0.9506172839506173,1,checkpoints/sudoku_extreme_hf/checkpoint,4,1,blanks_2,37.21660590625042,0,324,fixed_point,1,changed_wrong,0.9012345679012346,11,1,0,1,0,0
32,2,1.0,1,checkpoints/sudoku_extreme_hf/checkpoint,0,1,blanks_2,37.21660590625042,1,325,fixed_point,0,became_wrong,0.7654320987654321,19,1,0,1,0,0
32,2,0.9506172839506173,1,checkpoints/sudoku_extreme_hf/checkpoint,3,1,blanks_2,37.21660590625042,0,326,fixed_point,1,changed_wrong,0.7530864197530864,18,1,0,1,0,0
32,2,1.0,1,checkpoints/sudoku_extreme_hf/checkpoint,0,1,blanks_2,37.21660590625042,1,327,fixed_point,0,became_wrong,0.6790123456790124,26,1,0,1,0,0
32,2,0.8765432098765432,1,checkpoints/sudoku_extreme_hf/checkpoint,10,1,blanks_2,37.21660590625042,0,328,fixed_point,1,changed_wrong,0.654320987654321,24,1,0,1,0,0
32,2,0.8395061728395061,1,checkpoints/sudoku_extreme_hf/checkpoint,13,1,blanks_2,37.21660590625042,0,329,fixed_point,1,changed_wrong,0.6666666666666666,28,1,0,1,0,0
32,2,1.0,1,checkpoints/sudoku_extreme_hf/checkpoint,0,1,blanks_2,37.21660590625042,1,330,fixed_point,0,became_wrong,0.7901234567901234,17,1,0,1,0,0
32,2,1.0,1,checkpoints/sudoku_extreme_hf/checkpoint,0,1,blanks_2,37.21660590625042,1,331,fixed_point,0,became_wrong,0.9259259259259259,6,1,0,1,0,0
32,2,1.0,1,checkpoints/sudoku_extreme_hf/checkpoint,0,1,blanks_2,37.21660590625042,1,332,fixed_point,0,became_wrong,0.9259259259259259,6,1,0,1,0,0
32,2,0.9259259259259259,1,checkpoints/sudoku_extreme_hf/checkpoint,6,1,blanks_2,37.21660590625042,0,333,fixed_point,1,changed_wrong,0.7654320987654321,16,1,0,1,0,0
32,2,0.8765432098765432,1,checkpoints/sudoku_extreme_hf/checkpoint,10,1,blanks_2,37.21660590625042,0,334,fixed_point,1,changed_wrong,0.7160493827160493,15,1,0,1,0,0
32,2,0.8024691358024691,1,checkpoints/sudoku_extreme_hf/checkpoint,15,1,blanks_2,37.21660590625042,0,335,fixed_point,1,changed_wrong,0.6172839506172839,24,1,0,1,0,0
32,2,0.8271604938271605,1,checkpoints/sudoku_extreme_hf/checkpoint,14,1,blanks_2,37.21660590625042,0,336,fixed_point,1,changed_wrong,0.7777777777777778,4,1,0,1,0,0
32,2,1.0,0,checkpoints/sudoku_extreme_hf/checkpoint,0,1,blanks_2,37.21660590625042,1,337,fixed_point,0,stable_correct,1.0,0,1,1,0,0,0
32,2,0.9135802469135802,1,checkpoints/sudoku_extreme_hf/checkpoint,7,1,blanks_2,37.21660590625042,0,338,fixed_point,1,changed_wrong,0.7530864197530864,20,1,0,1,0,0
32,2,0.8888888888888888,1,checkpoints/sudoku_extreme_hf/checkpoint,9,1,blanks_2,37.21660590625042,0,339,fixed_point,1,changed_wrong,0.7777777777777778,15,1,0,1,0,0
32,2,1.0,1,checkpoints/sudoku_extreme_hf/checkpoint,0,1,blanks_2,37.21660590625042,1,340,fixed_point,0,became_wrong,0.8024691358024691,16,1,0,1,0,0
32,2,0.9506172839506173,1,checkpoints/sudoku_extreme_hf/checkpoint,4,1,blanks_2,37.21660590625042,0,341,fixed_point,1,changed_wrong,0.9259259259259259,9,1,0,1,0,0
32,2,0.7901234567901234,1,checkpoints/sudoku_extreme_hf/checkpoint,16,1,blanks_2,37.21660590625042,0,342,fixed_point,1,changed_wrong,0.8271604938271605,13,1,0,1,0,0
32,2,0.7283950617283951,1,checkpoints/sudoku_extreme_hf/checkpoint,21,1,blanks_2,37.21660590625042,0,343,fixed_point,1,changed_wrong,0.9012345679012346,17,1,0,1,0,0
32,2,0.7530864197530864,1,checkpoints/sudoku_extreme_hf/checkpoint,19,1,blanks_2,37.21660590625042,0,344,fixed_point,1,changed_wrong,0.7037037037037037,19,1,0,1,0,0
32,2,0.8024691358024691,1,checkpoints/sudoku_extreme_hf/checkpoint,14,1,blanks_2,37.21660590625042,0,345,fixed_point,1,changed_wrong,0.8765432098765432,7,1,0,1,0,0
32,2,0.9506172839506173,1,checkpoints/sudoku_extreme_hf/checkpoint,4,1,blanks_2,37.21660590625042,0,346,fixed_point,1,changed_wrong,0.9012345679012346,4,1,0,1,0,0
32,2,1.0,1,checkpoints/sudoku_extreme_hf/checkpoint,0,1,blanks_2,37.21660590625042,1,347,fixed_point,0,became_wrong,0.8024691358024691,16,0,0,1,23,0
32,2,1.0,1,checkpoints/sudoku_extreme_hf/checkpoint,0,1,blanks_2,37.21660590625042,1,348,fixed_point,0,became_wrong,0.9012345679012346,8,1,0,1,0,0
32,2,0.8148148148148148,1,checkpoints/sudoku_extreme_hf/checkpoint,15,1,blanks_2,37.21660590625042,0,349,fixed_point,1,changed_wrong,0.7160493827160493,10,1,0,1,0,0
32,2,0.9135802469135802,1,checkpoints/sudoku_extreme_hf/checkpoint,6,1,blanks_2,37.21660590625042,0,350,fixed_point,1,changed_wrong,0.8641975308641975,4,1,0,1,0,0
32,2,0.691358024691358,1,checkpoints/sudoku_extreme_hf/checkpoint,25,1,blanks_2,37.21660590625042,0,351,fixed_point,1,changed_wrong,0.5802469135802469,24,0,0,1,20,0
32,2,0.8271604938271605,1,checkpoints/sudoku_extreme_hf/checkpoint,14,1,blanks_2,42.17876818750099,0,352,fixed_point,1,changed_wrong,0.5925925925925926,27,1,0,1,0,0
32,2,0.9259259259259259,1,checkpoints/sudoku_extreme_hf/checkpoint,6,1,blanks_2,42.17876818750099,0,353,fixed_point,1,changed_wrong,0.6790123456790124,23,1,0,1,0,0
32,2,0.9506172839506173,0,checkpoints/sudoku_extreme_hf/checkpoint,4,1,blanks_2,42.17876818750099,0,354,fixed_point,1,invalid_fixed_point,0.9506172839506173,0,1,0,0,0,0
32,2,0.9259259259259259,1,checkpoints/sudoku_extreme_hf/checkpoint,5,1,blanks_2,42.17876818750099,0,355,fixed_point,1,changed_wrong,0.8641975308641975,14,1,0,1,0,0
32,2,0.8518518518518519,1,checkpoints/sudoku_extreme_hf/checkpoint,12,1,blanks_2,42.17876818750099,0,356,fixed_point,1,changed_wrong,0.7654320987654321,12,1,0,1,0,0
32,2,0.7160493827160493,1,checkpoints/sudoku_extreme_hf/checkpoint,22,1,blanks_2,42.17876818750099,0,357,fixed_point,1,changed_wrong,0.7037037037037037,22,0,0,1,15,0
32,2,0.9506172839506173,1,checkpoints/sudoku_extreme_hf/checkpoint,4,1,blanks_2,42.17876818750099,0,358,fixed_point,1,changed_wrong,0.8395061728395061,17,1,0,1,0,0
32,2,0.7777777777777778,1,checkpoints/sudoku_extreme_hf/checkpoint,18,1,blanks_2,42.17876818750099,0,359,fixed_point,1,changed_wrong,0.9012345679012346,20,1,0,1,0,0
32,2,1.0,1,checkpoints/sudoku_extreme_hf/checkpoint,0,1,blanks_2,42.17876818750099,1,360,fixed_point,0,became_wrong,0.6790123456790124,26,1,0,1,0,0
32,2,0.9259259259259259,1,checkpoints/sudoku_extreme_hf/checkpoint,6,1,blanks_2,42.17876818750099,0,361,fixed_point,1,changed_wrong,0.7530864197530864,15,1,0,1,0,0
32,2,0.9259259259259259,1,checkpoints/sudoku_extreme_hf/checkpoint,6,1,blanks_2,42.17876818750099,0,362,fixed_point,1,changed_wrong,0.6790123456790124,21,1,0,1,0,0
32,2,1.0,1,checkpoints/sudoku_extreme_hf/checkpoint,0,1,blanks_2,42.17876818750099,1,363,fixed_point,0,became_wrong,0.7407407407407407,21,0,0,1,23,0
32,2,0.9259259259259259,1,checkpoints/sudoku_extreme_hf/checkpoint,6,1,blanks_2,42.17876818750099,0,364,fixed_point,1,changed_wrong,0.6049382716049383,29,1,0,1,0,0
32,2,0.9259259259259259,1,checkpoints/sudoku_extreme_hf/checkpoint,6,1,blanks_2,42.17876818750099,0,365,fixed_point,1,changed_wrong,0.8765432098765432,14,1,0,1,0,0
32,2,0.8765432098765432,1,checkpoints/sudoku_extreme_hf/checkpoint,10,1,blanks_2,42.17876818750099,0,366,fixed_point,1,changed_wrong,0.9506172839506173,6,1,0,1,0,0
32,2,0.8148148148148148,1,checkpoints/sudoku_extreme_hf/checkpoint,14,1,blanks_2,42.17876818750099,0,367,fixed_point,1,changed_wrong,0.8888888888888888,6,1,0,1,0,0
32,2,0.8148148148148148,1,checkpoints/sudoku_extreme_hf/checkpoint,15,1,blanks_2,42.17876818750099,0,368,fixed_point,1,changed_wrong,0.8148148148148148,4,1,0,1,0,0
32,2,1.0,1,checkpoints/sudoku_extreme_hf/checkpoint,0,1,blanks_2,42.17876818750099,1,369,fixed_point,0,became_wrong,0.7160493827160493,23,1,0,1,0,0
32,2,0.8395061728395061,1,checkpoints/sudoku_extreme_hf/checkpoint,12,1,blanks_2,42.17876818750099,0,370,fixed_point,1,changed_wrong,0.7160493827160493,20,1,0,1,0,0
32,2,0.9259259259259259,1,checkpoints/sudoku_extreme_hf/checkpoint,6,1,blanks_2,42.17876818750099,0,371,fixed_point,1,changed_wrong,0.8765432098765432,15,1,0,1,0,0
32,2,1.0,1,checkpoints/sudoku_extreme_hf/checkpoint,0,1,blanks_2,42.17876818750099,1,372,fixed_point,0,became_wrong,0.7901234567901234,17,1,0,1,0,0
32,2,0.9259259259259259,1,checkpoints/sudoku_extreme_hf/checkpoint,6,1,blanks_2,42.17876818750099,0,373,fixed_point,1,changed_wrong,0.7901234567901234,18,1,0,1,0,0
32,2,0.8765432098765432,1,checkpoints/sudoku_extreme_hf/checkpoint,10,1,blanks_2,42.17876818750099,0,374,fixed_point,1,changed_wrong,0.7777777777777778,10,1,0,1,0,0
32,2,0.8395061728395061,1,checkpoints/sudoku_extreme_hf/checkpoint,13,1,blanks_2,42.17876818750099,0,375,fixed_point,1,changed_wrong,0.7283950617283951,23,1,0,1,0,0
32,2,0.8148148148148148,1,checkpoints/sudoku_extreme_hf/checkpoint,15,1,blanks_2,42.17876818750099,0,376,fixed_point,1,changed_wrong,0.8024691358024691,22,1,0,1,0,0
32,2,0.9506172839506173,1,checkpoints/sudoku_extreme_hf/checkpoint,4,1,blanks_2,42.17876818750099,0,377,fixed_point,1,changed_wrong,0.7654320987654321,16,1,0,1,0,0
32,2,1.0,1,checkpoints/sudoku_extreme_hf/checkpoint,0,1,blanks_2,42.17876818750099,1,378,fixed_point,0,became_wrong,0.8024691358024691,16,0,0,1,20,0
32,2,1.0,1,checkpoints/sudoku_extreme_hf/checkpoint,0,1,blanks_2,42.17876818750099,1,379,fixed_point,0,became_wrong,0.8641975308641975,11,1,0,1,0,0
32,2,0.7777777777777778,1,checkpoints/sudoku_extreme_hf/checkpoint,16,1,blanks_2,42.17876818750099,0,380,fixed_point,1,changed_wrong,0.7530864197530864,22,1,0,1,0,0
32,2,0.7901234567901234,1,checkpoints/sudoku_extreme_hf/checkpoint,16,0,blanks_2,42.17876818750099,0,381,fixed_point,1,changed_wrong,0.7407407407407407,18,0,0,1,16,15
32,2,0.8395061728395061,1,checkpoints/sudoku_extreme_hf/checkpoint,12,1,blanks_2,42.17876818750099,0,382,fixed_point,1,changed_wrong,0.7777777777777778,11,1,0,1,0,0
32,2,0.6790123456790124,1,checkpoints/sudoku_extreme_hf/checkpoint,24,1,blanks_2,42.17876818750099,0,383,fixed_point,1,changed_wrong,0.5432098765432098,24,1,0,1,0,0
32,2,0.9506172839506173,1,checkpoints/sudoku_extreme_hf/checkpoint,4,1,blanks_2,33.67610103124896,0,384,fixed_point,1,changed_wrong,0.8148148148148148,17,1,0,1,0,0
32,2,0.9506172839506173,1,checkpoints/sudoku_extreme_hf/checkpoint,4,1,blanks_2,33.67610103124896,0,385,fixed_point,1,changed_wrong,0.7777777777777778,21,1,0,1,0,0
32,2,1.0,1,checkpoints/sudoku_extreme_hf/checkpoint,0,1,blanks_2,33.67610103124896,1,386,fixed_point,0,became_wrong,0.7160493827160493,23,1,0,1,0,0
32,2,0.7530864197530864,1,checkpoints/sudoku_extreme_hf/checkpoint,19,1,blanks_2,33.67610103124896,0,387,fixed_point,1,changed_wrong,0.654320987654321,15,1,0,1,0,0
32,2,0.8024691358024691,1,checkpoints/sudoku_extreme_hf/checkpoint,16,1,blanks_2,33.67610103124896,0,388,fixed_point,1,changed_wrong,0.8271604938271605,24,0,0,1,19,0
32,2,0.691358024691358,1,checkpoints/sudoku_extreme_hf/checkpoint,24,1,blanks_2,33.67610103124896,0,389,fixed_point,1,changed_wrong,0.654320987654321,22,1,0,1,0,0
32,2,0.8765432098765432,1,checkpoints/sudoku_extreme_hf/checkpoint,10,1,blanks_2,33.67610103124896,0,390,fixed_point,1,changed_wrong,0.654320987654321,30,0,0,1,21,0
32,2,0.6419753086419753,1,checkpoints/sudoku_extreme_hf/checkpoint,28,1,blanks_2,33.67610103124896,0,391,fixed_point,1,changed_wrong,0.6049382716049383,13,1,0,1,0,0
32,2,0.8765432098765432,1,checkpoints/sudoku_extreme_hf/checkpoint,10,1,blanks_2,33.67610103124896,0,392,fixed_point,1,changed_wrong,0.8271604938271605,16,1,0,1,0,0
32,2,0.9012345679012346,1,checkpoints/sudoku_extreme_hf/checkpoint,8,1,blanks_2,33.67610103124896,0,393,fixed_point,1,changed_wrong,0.654320987654321,22,1,0,1,0,0
32,2,0.8395061728395061,1,checkpoints/sudoku_extreme_hf/checkpoint,13,1,blanks_2,33.67610103124896,0,394,fixed_point,1,changed_wrong,0.8024691358024691,10,1,0,1,0,0
32,2,0.9135802469135802,1,checkpoints/sudoku_extreme_hf/checkpoint,6,1,blanks_2,33.67610103124896,0,395,fixed_point,1,changed_wrong,0.7283950617283951,18,1,0,1,0,0
32,2,0.9135802469135802,1,checkpoints/sudoku_extreme_hf/checkpoint,6,1,blanks_2,33.67610103124896,0,396,fixed_point,1,changed_wrong,0.7901234567901234,16,1,0,1,0,0
32,2,0.6666666666666666,1,checkpoints/sudoku_extreme_hf/checkpoint,26,0,blanks_2,33.67610103124896,0,397,fixed_point,1,changed_wrong,0.6049382716049383,33,1,0,1,0,15
32,2,0.9506172839506173,1,checkpoints/sudoku_extreme_hf/checkpoint,4,1,blanks_2,33.67610103124896,0,398,fixed_point,1,changed_wrong,0.6296296296296297,26,1,0,1,0,0
32,2,0.9012345679012346,1,checkpoints/sudoku_extreme_hf/checkpoint,7,1,blanks_2,33.67610103124896,0,399,fixed_point,1,changed_wrong,0.9506172839506173,4,1,0,1,0,0
32,2,0.8024691358024691,1,checkpoints/sudoku_extreme_hf/checkpoint,16,1,blanks_2,33.67610103124896,0,400,fixed_point,1,changed_wrong,0.7283950617283951,28,1,0,1,0,0
32,2,1.0,1,checkpoints/sudoku_extreme_hf/checkpoint,0,1,blanks_2,33.67610103124896,1,401,fixed_point,0,became_wrong,0.7654320987654321,19,1,0,1,0,0
32,2,0.9506172839506173,1,checkpoints/sudoku_extreme_hf/checkpoint,4,1,blanks_2,33.67610103124896,0,402,fixed_point,1,changed_wrong,0.8518518518518519,8,1,0,1,0,0
32,2,0.654320987654321,1,checkpoints/sudoku_extreme_hf/checkpoint,26,1,blanks_2,33.67610103124896,0,403,fixed_point,1,changed_wrong,0.6172839506172839,33,1,0,1,0,0
32,2,0.8765432098765432,0,checkpoints/sudoku_extreme_hf/checkpoint,8,1,blanks_2,33.67610103124896,0,404,fixed_point,1,invalid_fixed_point,0.8765432098765432,0,1,0,0,0,0
32,2,0.9259259259259259,1,checkpoints/sudoku_extreme_hf/checkpoint,5,1,blanks_2,33.67610103124896,0,405,fixed_point,1,changed_wrong,0.6666666666666666,22,1,0,1,0,0
32,2,0.8395061728395061,1,checkpoints/sudoku_extreme_hf/checkpoint,13,1,blanks_2,33.67610103124896,0,406,fixed_point,1,changed_wrong,0.6172839506172839,31,0,0,1,26,0
32,2,0.7283950617283951,1,checkpoints/sudoku_extreme_hf/checkpoint,21,1,blanks_2,33.67610103124896,0,407,fixed_point,1,changed_wrong,0.7160493827160493,8,1,0,1,0,0
32,2,1.0,1,checkpoints/sudoku_extreme_hf/checkpoint,0,1,blanks_2,33.67610103124896,1,408,fixed_point,0,became_wrong,0.8641975308641975,11,1,0,1,0,0
32,2,1.0,1,checkpoints/sudoku_extreme_hf/checkpoint,0,1,blanks_2,33.67610103124896,1,409,fixed_point,0,became_wrong,0.8518518518518519,12,1,0,1,0,0
32,2,0.691358024691358,1,checkpoints/sudoku_extreme_hf/checkpoint,25,1,blanks_2,33.67610103124896,0,410,fixed_point,1,changed_wrong,0.5925925925925926,27,1,0,1,0,0
32,2,0.9259259259259259,1,checkpoints/sudoku_extreme_hf/checkpoint,6,1,blanks_2,33.67610103124896,0,411,fixed_point,1,changed_wrong,0.8024691358024691,16,1,0,1,0,0
32,2,0.8765432098765432,1,checkpoints/sudoku_extreme_hf/checkpoint,10,1,blanks_2,33.67610103124896,0,412,fixed_point,1,changed_wrong,0.691358024691358,27,1,0,1,0,0
32,2,1.0,1,checkpoints/sudoku_extreme_hf/checkpoint,0,1,blanks_2,33.67610103124896,1,413,fixed_point,0,became_wrong,0.5925925925925926,33,1,0,1,0,0
32,2,0.9506172839506173,1,checkpoints/sudoku_extreme_hf/checkpoint,4,1,blanks_2,33.67610103124896,0,414,fixed_point,1,changed_wrong,0.6296296296296297,28,0,0,1,31,0
32,2,1.0,1,checkpoints/sudoku_extreme_hf/checkpoint,0,1,blanks_2,33.67610103124896,1,415,fixed_point,0,became_wrong,0.9506172839506173,4,1,0,1,0,0
32,2,0.9259259259259259,1,checkpoints/sudoku_extreme_hf/checkpoint,6,1,blanks_2,33.097814406248816,0,416,fixed_point,1,changed_wrong,0.8148148148148148,18,1,0,1,0,0
32,2,0.8024691358024691,1,checkpoints/sudoku_extreme_hf/checkpoint,15,1,blanks_2,33.097814406248816,0,417,fixed_point,1,changed_wrong,0.7901234567901234,27,1,0,1,0,0
32,2,0.8765432098765432,1,checkpoints/sudoku_extreme_hf/checkpoint,9,1,blanks_2,33.097814406248816,0,418,fixed_point,1,changed_wrong,0.6666666666666666,20,1,0,1,0,0
32,2,0.8271604938271605,1,checkpoints/sudoku_extreme_hf/checkpoint,14,0,blanks_2,33.097814406248816,0,419,fixed_point,1,changed_wrong,0.7901234567901234,12,1,0,1,0,20
32,2,0.7530864197530864,1,checkpoints/sudoku_extreme_hf/checkpoint,19,1,blanks_2,33.097814406248816,0,420,fixed_point,1,changed_wrong,0.5925925925925926,27,0,0,1,23,0
32,2,0.7283950617283951,1,checkpoints/sudoku_extreme_hf/checkpoint,21,0,blanks_2,33.097814406248816,0,421,fixed_point,1,changed_wrong,0.7777777777777778,23,1,0,1,0,32
32,2,0.9506172839506173,1,checkpoints/sudoku_extreme_hf/checkpoint,3,1,blanks_2,33.097814406248816,0,422,fixed_point,1,changed_wrong,0.7037037037037037,22,1,0,1,0,0
32,2,0.7037037037037037,1,checkpoints/sudoku_extreme_hf/checkpoint,23,1,blanks_2,33.097814406248816,0,423,fixed_point,1,changed_wrong,0.654320987654321,7,1,0,1,0,0
32,2,0.8888888888888888,1,checkpoints/sudoku_extreme_hf/checkpoint,8,1,blanks_2,33.097814406248816,0,424,fixed_point,1,changed_wrong,0.8148148148148148,7,1,0,1,0,0
32,2,0.9506172839506173,1,checkpoints/sudoku_extreme_hf/checkpoint,4,1,blanks_2,33.097814406248816,0,425,fixed_point,1,changed_wrong,0.9506172839506173,7,1,0,1,0,0
32,2,0.9012345679012346,1,checkpoints/sudoku_extreme_hf/checkpoint,8,1,blanks_2,33.097814406248816,0,426,fixed_point,1,changed_wrong,0.7160493827160493,16,1,0,1,0,0
32,2,0.8395061728395061,0,checkpoints/sudoku_extreme_hf/checkpoint,12,1,blanks_2,33.097814406248816,0,427,fixed_point,1,invalid_fixed_point,0.8395061728395061,0,1,0,0,0,0
32,2,0.7901234567901234,1,checkpoints/sudoku_extreme_hf/checkpoint,15,0,blanks_2,33.097814406248816,0,428,fixed_point,1,changed_wrong,0.6419753086419753,27,1,0,1,0,24
32,2,0.8395061728395061,1,checkpoints/sudoku_extreme_hf/checkpoint,12,1,blanks_2,33.097814406248816,0,429,fixed_point,1,changed_wrong,0.7283950617283951,12,0,0,1,17,0
32,2,0.9012345679012346,0,checkpoints/sudoku_extreme_hf/checkpoint,8,1,blanks_2,33.097814406248816,0,430,fixed_point,1,invalid_fixed_point,0.9012345679012346,0,1,0,0,0,0
32,2,1.0,1,checkpoints/sudoku_extreme_hf/checkpoint,0,1,blanks_2,33.097814406248816,1,431,fixed_point,0,became_wrong,0.7407407407407407,21,1,0,1,0,0
32,2,0.8765432098765432,1,checkpoints/sudoku_extreme_hf/checkpoint,10,1,blanks_2,33.097814406248816,0,432,fixed_point,1,changed_wrong,0.9506172839506173,14,1,0,1,0,0
32,2,0.6296296296296297,1,checkpoints/sudoku_extreme_hf/checkpoint,29,1,blanks_2,33.097814406248816,0,433,fixed_point,1,changed_wrong,0.6419753086419753,11,1,0,1,0,0
32,2,0.9506172839506173,1,checkpoints/sudoku_extreme_hf/checkpoint,4,1,blanks_2,33.097814406248816,0,434,fixed_point,1,changed_wrong,0.7283950617283951,20,1,0,1,0,0
32,2,0.9135802469135802,1,checkpoints/sudoku_extreme_hf/checkpoint,7,1,blanks_2,33.097814406248816,0,435,fixed_point,1,changed_wrong,0.7160493827160493,23,1,0,1,0,0
32,2,1.0,1,checkpoints/sudoku_extreme_hf/checkpoint,0,1,blanks_2,33.097814406248816,1,436,fixed_point,0,became_wrong,0.8271604938271605,14,1,0,1,0,0
32,2,0.7901234567901234,1,checkpoints/sudoku_extreme_hf/checkpoint,16,1,blanks_2,33.097814406248816,0,437,fixed_point,1,changed_wrong,0.6419753086419753,30,1,0,1,0,0
32,2,0.7901234567901234,1,checkpoints/sudoku_extreme_hf/checkpoint,17,1,blanks_2,33.097814406248816,0,438,fixed_point,1,changed_wrong,0.7283950617283951,26,1,0,1,0,0
32,2,1.0,1,checkpoints/sudoku_extreme_hf/checkpoint,0,1,blanks_2,33.097814406248816,1,439,fixed_point,0,became_wrong,0.8641975308641975,11,1,0,1,0,0
32,2,0.7283950617283951,1,checkpoints/sudoku_extreme_hf/checkpoint,21,0,blanks_2,33.097814406248816,0,440,fixed_point,1,changed_wrong,0.654320987654321,22,1,0,1,0,22
32,2,0.8765432098765432,1,checkpoints/sudoku_extreme_hf/checkpoint,10,0,blanks_2,33.097814406248816,0,441,fixed_point,1,changed_wrong,0.6790123456790124,24,1,0,1,0,3
32,2,0.7777777777777778,1,checkpoints/sudoku_extreme_hf/checkpoint,17,1,blanks_2,33.097814406248816,0,442,fixed_point,1,changed_wrong,0.9259259259259259,12,1,0,1,0,0
32,2,0.8395061728395061,0,checkpoints/sudoku_extreme_hf/checkpoint,13,1,blanks_2,33.097814406248816,0,443,fixed_point,1,invalid_fixed_point,0.8395061728395061,0,1,0,0,0,0
32,2,0.7530864197530864,1,checkpoints/sudoku_extreme_hf/checkpoint,19,1,blanks_2,33.097814406248816,0,444,fixed_point,1,changed_wrong,0.6419753086419753,22,1,0,1,0,0
32,2,0.7777777777777778,1,checkpoints/sudoku_extreme_hf/checkpoint,18,1,blanks_2,33.097814406248816,0,445,fixed_point,1,changed_wrong,0.6172839506172839,20,0,0,1,15,0
32,2,0.9259259259259259,1,checkpoints/sudoku_extreme_hf/checkpoint,5,1,blanks_2,33.097814406248816,0,446,fixed_point,1,changed_wrong,0.7654320987654321,17,1,0,1,0,0
32,2,0.8271604938271605,1,checkpoints/sudoku_extreme_hf/checkpoint,14,1,blanks_2,33.097814406248816,0,447,fixed_point,1,changed_wrong,0.691358024691358,23,1,0,1,0,0
32,2,0.5802469135802469,1,checkpoints/sudoku_extreme_hf/checkpoint,33,1,blanks_2,33.9205892499983,0,448,fixed_point,1,changed_wrong,0.5061728395061729,19,0,0,1,24,0
32,2,1.0,1,checkpoints/sudoku_extreme_hf/checkpoint,0,1,blanks_2,33.9205892499983,1,449,fixed_point,0,became_wrong,0.6049382716049383,32,1,0,1,0,0
32,2,0.8024691358024691,1,checkpoints/sudoku_extreme_hf/checkpoint,16,1,blanks_2,33.9205892499983,0,450,fixed_point,1,changed_wrong,0.8395061728395061,11,0,0,1,13,0
32,2,0.6790123456790124,1,checkpoints/sudoku_extreme_hf/checkpoint,25,1,blanks_2,33.9205892499983,0,451,fixed_point,1,changed_wrong,0.7160493827160493,4,1,0,1,0,0
32,2,1.0,1,checkpoints/sudoku_extreme_hf/checkpoint,0,1,blanks_2,33.9205892499983,1,452,fixed_point,0,became_wrong,0.8395061728395061,13,1,0,1,0,0
32,2,0.9012345679012346,1,checkpoints/sudoku_extreme_hf/checkpoint,8,1,blanks_2,33.9205892499983,0,453,fixed_point,1,changed_wrong,0.8395061728395061,14,1,0,1,0,0
32,2,1.0,1,checkpoints/sudoku_extreme_hf/checkpoint,0,1,blanks_2,33.9205892499983,1,454,fixed_point,0,became_wrong,0.8271604938271605,14,1,0,1,0,0
32,2,1.0,1,checkpoints/sudoku_extreme_hf/checkpoint,0,1,blanks_2,33.9205892499983,1,455,fixed_point,0,became_wrong,0.6296296296296297,30,1,0,1,0,0
32,2,1.0,1,checkpoints/sudoku_extreme_hf/checkpoint,0,1,blanks_2,33.9205892499983,1,456,fixed_point,0,became_wrong,0.7654320987654321,19,1,0,1,0,0
32,2,0.8271604938271605,1,checkpoints/sudoku_extreme_hf/checkpoint,13,1,blanks_2,33.9205892499983,0,457,fixed_point,1,changed_wrong,0.654320987654321,21,0,0,1,26,0
32,2,0.6790123456790124,1,checkpoints/sudoku_extreme_hf/checkpoint,26,1,blanks_2,33.9205892499983,0,458,fixed_point,1,changed_wrong,0.654320987654321,19,1,0,1,0,0
32,2,1.0,1,checkpoints/sudoku_extreme_hf/checkpoint,0,1,blanks_2,33.9205892499983,1,459,fixed_point,0,became_wrong,0.691358024691358,25,0,0,1,13,0
32,2,0.9506172839506173,1,checkpoints/sudoku_extreme_hf/checkpoint,4,1,blanks_2,33.9205892499983,0,460,fixed_point,1,changed_wrong,0.8518518518518519,15,1,0,1,0,0
32,2,0.8765432098765432,1,checkpoints/sudoku_extreme_hf/checkpoint,10,1,blanks_2,33.9205892499983,0,461,fixed_point,1,changed_wrong,0.5802469135802469,29,1,0,1,0,0
32,2,0.8765432098765432,1,checkpoints/sudoku_extreme_hf/checkpoint,10,1,blanks_2,33.9205892499983,0,462,fixed_point,1,changed_wrong,0.691358024691358,16,1,0,1,0,0
32,2,0.7777777777777778,1,checkpoints/sudoku_extreme_hf/checkpoint,18,1,blanks_2,33.9205892499983,0,463,fixed_point,1,changed_wrong,0.8518518518518519,11,1,0,1,0,0
32,2,0.7777777777777778,1,checkpoints/sudoku_extreme_hf/checkpoint,18,1,blanks_2,33.9205892499983,0,464,fixed_point,1,changed_wrong,0.7037037037037037,29,1,0,1,0,0
32,2,0.6666666666666666,1,checkpoints/sudoku_extreme_hf/checkpoint,26,1,blanks_2,33.9205892499983,0,465,fixed_point,1,changed_wrong,0.6296296296296297,4,1,0,1,0,0
32,2,0.7407407407407407,1,checkpoints/sudoku_extreme_hf/checkpoint,20,0,blanks_2,33.9205892499983,0,466,fixed_point,1,changed_wrong,0.7037037037037037,18,1,0,1,0,11
32,2,0.8395061728395061,1,checkpoints/sudoku_extreme_hf/checkpoint,13,1,blanks_2,33.9205892499983,0,467,fixed_point,1,changed_wrong,0.7160493827160493,19,1,0,1,0,0
32,2,0.9259259259259259,1,checkpoints/sudoku_extreme_hf/checkpoint,6,1,blanks_2,33.9205892499983,0,468,fixed_point,1,changed_wrong,0.7407407407407407,17,1,0,1,0,0
32,2,0.9259259259259259,1,checkpoints/sudoku_extreme_hf/checkpoint,6,1,blanks_2,33.9205892499983,0,469,fixed_point,1,changed_wrong,0.6666666666666666,30,1,0,1,0,0
32,2,0.9506172839506173,1,checkpoints/sudoku_extreme_hf/checkpoint,4,1,blanks_2,33.9205892499983,0,470,fixed_point,1,changed_wrong,0.6172839506172839,31,1,0,1,0,0
32,2,1.0,0,checkpoints/sudoku_extreme_hf/checkpoint,0,1,blanks_2,33.9205892499983,1,471,fixed_point,0,stable_correct,1.0,0,1,1,0,0,0
32,2,0.8395061728395061,1,checkpoints/sudoku_extreme_hf/checkpoint,11,1,blanks_2,33.9205892499983,0,472,fixed_point,1,changed_wrong,0.654320987654321,26,1,0,1,0,0
32,2,0.8641975308641975,0,checkpoints/sudoku_extreme_hf/checkpoint,11,1,blanks_2,33.9205892499983,0,473,fixed_point,1,invalid_fixed_point,0.8641975308641975,0,1,0,0,0,0
32,2,0.7777777777777778,1,checkpoints/sudoku_extreme_hf/checkpoint,18,1,blanks_2,33.9205892499983,0,474,fixed_point,1,changed_wrong,0.7901234567901234,7,1,0,1,0,0
32,2,0.8148148148148148,1,checkpoints/sudoku_extreme_hf/checkpoint,15,1,blanks_2,33.9205892499983,0,475,fixed_point,1,changed_wrong,0.7654320987654321,4,1,0,1,0,0
32,2,0.8641975308641975,1,checkpoints/sudoku_extreme_hf/checkpoint,11,1,blanks_2,33.9205892499983,0,476,fixed_point,1,changed_wrong,0.7777777777777778,9,1,0,1,0,0
32,2,0.9259259259259259,0,checkpoints/sudoku_extreme_hf/checkpoint,6,1,blanks_2,33.9205892499983,0,477,fixed_point,1,invalid_fixed_point,0.9259259259259259,0,1,0,0,0,0
32,2,0.7160493827160493,1,checkpoints/sudoku_extreme_hf/checkpoint,22,1,blanks_2,33.9205892499983,0,478,fixed_point,1,changed_wrong,0.7160493827160493,15,1,0,1,0,0
32,2,0.6172839506172839,1,checkpoints/sudoku_extreme_hf/checkpoint,30,1,blanks_2,33.9205892499983,0,479,fixed_point,1,changed_wrong,0.5802469135802469,21,1,0,1,0,0
32,2,0.691358024691358,1,checkpoints/sudoku_extreme_hf/checkpoint,25,0,blanks_2,32.09277153125001,0,480,fixed_point,1,changed_wrong,0.5925925925925926,27,0,0,1,3,20
32,2,1.0,1,checkpoints/sudoku_extreme_hf/checkpoint,0,1,blanks_2,32.09277153125001,1,481,fixed_point,0,became_wrong,0.7654320987654321,19,1,0,1,0,0
32,2,0.8765432098765432,1,checkpoints/sudoku_extreme_hf/checkpoint,10,1,blanks_2,32.09277153125001,0,482,fixed_point,1,changed_wrong,0.7901234567901234,17,1,0,1,0,0
32,2,0.8888888888888888,1,checkpoints/sudoku_extreme_hf/checkpoint,8,1,blanks_2,32.09277153125001,0,483,fixed_point,1,changed_wrong,0.9259259259259259,4,1,0,1,0,0
32,2,0.8271604938271605,1,checkpoints/sudoku_extreme_hf/checkpoint,13,1,blanks_2,32.09277153125001,0,484,fixed_point,1,changed_wrong,0.8518518518518519,4,1,0,1,0,0
32,2,0.8024691358024691,1,checkpoints/sudoku_extreme_hf/checkpoint,15,1,blanks_2,32.09277153125001,0,485,fixed_point,1,changed_wrong,0.8148148148148148,10,0,0,1,13,0
32,2,0.8518518518518519,0,checkpoints/sudoku_extreme_hf/checkpoint,11,1,blanks_2,32.09277153125001,0,486,fixed_point,1,invalid_fixed_point,0.8518518518518519,0,1,0,0,0,0
32,2,0.7407407407407407,1,checkpoints/sudoku_extreme_hf/checkpoint,20,1,blanks_2,32.09277153125001,0,487,fixed_point,1,changed_wrong,0.6666666666666666,28,1,0,1,0,0
32,2,0.8271604938271605,1,checkpoints/sudoku_extreme_hf/checkpoint,14,1,blanks_2,32.09277153125001,0,488,fixed_point,1,changed_wrong,0.8271604938271605,18,1,0,1,0,0
32,2,0.7160493827160493,1,checkpoints/sudoku_extreme_hf/checkpoint,22,1,blanks_2,32.09277153125001,0,489,fixed_point,1,changed_wrong,0.6296296296296297,14,1,0,1,0,0
32,2,0.6790123456790124,1,checkpoints/sudoku_extreme_hf/checkpoint,25,1,blanks_2,32.09277153125001,0,490,fixed_point,1,changed_wrong,0.6296296296296297,10,1,0,1,0,0
32,2,0.8518518518518519,1,checkpoints/sudoku_extreme_hf/checkpoint,12,1,blanks_2,32.09277153125001,0,491,fixed_point,1,changed_wrong,0.5925925925925926,29,1,0,1,0,0
32,2,1.0,1,checkpoints/sudoku_extreme_hf/checkpoint,0,1,blanks_2,32.09277153125001,1,492,fixed_point,0,became_wrong,0.691358024691358,25,1,0,1,0,0
32,2,1.0,1,checkpoints/sudoku_extreme_hf/checkpoint,0,1,blanks_2,32.09277153125001,1,493,fixed_point,0,became_wrong,0.7283950617283951,22,0,0,1,3,0
32,2,0.8888888888888888,1,checkpoints/sudoku_extreme_hf/checkpoint,7,1,blanks_2,32.09277153125001,0,494,fixed_point,1,changed_wrong,0.6172839506172839,30,1,0,1,0,0
32,2,0.8765432098765432,1,checkpoints/sudoku_extreme_hf/checkpoint,9,1,blanks_2,32.09277153125001,0,495,fixed_point,1,changed_wrong,0.8765432098765432,19,1,0,1,0,0
32,2,0.7777777777777778,1,checkpoints/sudoku_extreme_hf/checkpoint,17,1,blanks_2,32.09277153125001,0,496,fixed_point,1,changed_wrong,0.654320987654321,25,1,0,1,0,0
32,2,0.9012345679012346,1,checkpoints/sudoku_extreme_hf/checkpoint,8,1,blanks_2,32.09277153125001,0,497,fixed_point,1,changed_wrong,0.6296296296296297,28,1,0,1,0,0
32,2,0.7407407407407407,1,checkpoints/sudoku_extreme_hf/checkpoint,21,1,blanks_2,32.09277153125001,0,498,fixed_point,1,changed_wrong,0.6790123456790124,24,1,0,1,0,0
32,2,0.6790123456790124,1,checkpoints/sudoku_extreme_hf/checkpoint,25,1,blanks_2,32.09277153125001,0,499,fixed_point,1,changed_wrong,0.5802469135802469,22,1,0,1,0,0
32,2,0.9259259259259259,1,checkpoints/sudoku_extreme_hf/checkpoint,6,1,blanks_2,32.09277153125001,0,500,fixed_point,1,changed_wrong,0.7777777777777778,18,1,0,1,0,0
32,2,0.8765432098765432,1,checkpoints/sudoku_extreme_hf/checkpoint,10,1,blanks_2,32.09277153125001,0,501,fixed_point,1,changed_wrong,0.8271604938271605,6,1,0,1,0,0
32,2,0.8271604938271605,1,checkpoints/sudoku_extreme_hf/checkpoint,12,1,blanks_2,32.09277153125001,0,502,fixed_point,1,changed_wrong,0.8271604938271605,18,1,0,1,0,0
32,2,0.7530864197530864,1,checkpoints/sudoku_extreme_hf/checkpoint,20,1,blanks_2,32.09277153125001,0,503,fixed_point,1,changed_wrong,0.7160493827160493,12,1,0,1,0,0
32,2,0.9506172839506173,1,checkpoints/sudoku_extreme_hf/checkpoint,4,1,blanks_2,32.09277153125001,0,504,fixed_point,1,changed_wrong,0.6666666666666666,29,1,0,1,0,0
32,2,0.9259259259259259,1,checkpoints/sudoku_extreme_hf/checkpoint,6,1,blanks_2,32.09277153125001,0,505,fixed_point,1,changed_wrong,0.8518518518518519,13,1,0,1,0,0
32,2,0.9259259259259259,1,checkpoints/sudoku_extreme_hf/checkpoint,6,1,blanks_2,32.09277153125001,0,506,fixed_point,1,changed_wrong,0.7037037037037037,21,0,0,1,18,0
32,2,0.691358024691358,0,checkpoints/sudoku_extreme_hf/checkpoint,24,1,blanks_2,32.09277153125001,0,507,fixed_point,1,invalid_fixed_point,0.691358024691358,0,1,0,0,0,0
32,2,0.8395061728395061,1,checkpoints/sudoku_extreme_hf/checkpoint,12,1,blanks_2,32.09277153125001,0,508,fixed_point,1,changed_wrong,0.6666666666666666,18,1,0,1,0,0
32,2,0.8888888888888888,1,checkpoints/sudoku_extreme_hf/checkpoint,8,1,blanks_2,32.09277153125001,0,509,fixed_point,1,changed_wrong,0.8395061728395061,14,1,0,1,0,0
32,2,0.9259259259259259,1,checkpoints/sudoku_extreme_hf/checkpoint,6,1,blanks_2,32.09277153125001,0,510,fixed_point,1,changed_wrong,0.7530864197530864,17,1,0,1,0,0
32,2,0.6049382716049383,1,checkpoints/sudoku_extreme_hf/checkpoint,30,1,blanks_2,32.09277153125001,0,511,fixed_point,1,changed_wrong,0.5925925925925926,18,1,0,1,0,0
32,2,0.8518518518518519,1,checkpoints/sudoku_extreme_hf/checkpoint,12,1,blanks_2,38.8681515937499,0,512,fixed_point,1,changed_wrong,0.7530864197530864,21,1,0,1,0,0
32,2,0.8518518518518519,1,checkpoints/sudoku_extreme_hf/checkpoint,10,1,blanks_2,38.8681515937499,0,513,fixed_point,1,changed_wrong,0.7407407407407407,20,1,0,1,0,0
32,2,0.7777777777777778,1,checkpoints/sudoku_extreme_hf/checkpoint,17,1,blanks_2,38.8681515937499,0,514,fixed_point,1,changed_wrong,0.7037037037037037,12,1,0,1,0,0
32,2,0.9506172839506173,1,checkpoints/sudoku_extreme_hf/checkpoint,4,1,blanks_2,38.8681515937499,0,515,fixed_point,1,changed_wrong,0.7160493827160493,25,1,0,1,0,0
32,2,0.7407407407407407,1,checkpoints/sudoku_extreme_hf/checkpoint,19,1,blanks_2,38.8681515937499,0,516,fixed_point,1,changed_wrong,0.6172839506172839,26,1,0,1,0,0
32,2,1.0,1,checkpoints/sudoku_extreme_hf/checkpoint,0,1,blanks_2,38.8681515937499,1,517,fixed_point,0,became_wrong,0.8888888888888888,9,1,0,1,0,0
32,2,0.8271604938271605,1,checkpoints/sudoku_extreme_hf/checkpoint,14,1,blanks_2,38.8681515937499,0,518,fixed_point,1,changed_wrong,0.8148148148148148,8,1,0,1,0,0
32,2,0.7777777777777778,1,checkpoints/sudoku_extreme_hf/checkpoint,17,0,blanks_2,38.8681515937499,0,519,fixed_point,1,changed_wrong,0.7530864197530864,6,1,0,1,0,6
32,2,0.9259259259259259,1,checkpoints/sudoku_extreme_hf/checkpoint,6,1,blanks_2,38.8681515937499,0,520,fixed_point,1,changed_wrong,0.7160493827160493,23,1,0,1,0,0
32,2,1.0,1,checkpoints/sudoku_extreme_hf/checkpoint,0,1,blanks_2,38.8681515937499,1,521,fixed_point,0,became_wrong,0.6172839506172839,31,1,0,1,0,0
32,2,0.8024691358024691,1,checkpoints/sudoku_extreme_hf/checkpoint,15,1,blanks_2,38.8681515937499,0,522,fixed_point,1,changed_wrong,0.7407407407407407,15,1,0,1,0,0
32,2,0.7777777777777778,1,checkpoints/sudoku_extreme_hf/checkpoint,18,1,blanks_2,38.8681515937499,0,523,fixed_point,1,changed_wrong,0.9259259259259259,18,1,0,1,0,0
32,2,0.9259259259259259,1,checkpoints/sudoku_extreme_hf/checkpoint,6,1,blanks_2,38.8681515937499,0,524,fixed_point,1,changed_wrong,0.6666666666666666,26,1,0,1,0,0
32,2,0.7530864197530864,1,checkpoints/sudoku_extreme_hf/checkpoint,19,1,blanks_2,38.8681515937499,0,525,fixed_point,1,changed_wrong,0.7407407407407407,30,1,0,1,0,0
32,2,0.7654320987654321,1,checkpoints/sudoku_extreme_hf/checkpoint,17,0,blanks_2,38.8681515937499,0,526,fixed_point,1,changed_wrong,0.5925925925925926,21,1,0,1,0,9
32,2,1.0,1,checkpoints/sudoku_extreme_hf/checkpoint,0,1,blanks_2,38.8681515937499,1,527,fixed_point,0,became_wrong,0.8148148148148148,15,1,0,1,0,0
32,2,0.7160493827160493,1,checkpoints/sudoku_extreme_hf/checkpoint,22,0,blanks_2,38.8681515937499,0,528,fixed_point,1,changed_wrong,0.5925925925925926,23,1,0,1,0,5
32,2,0.8765432098765432,1,checkpoints/sudoku_extreme_hf/checkpoint,10,1,blanks_2,38.8681515937499,0,529,fixed_point,1,changed_wrong,0.7901234567901234,25,1,0,1,0,0
32,2,0.8024691358024691,1,checkpoints/sudoku_extreme_hf/checkpoint,16,1,blanks_2,38.8681515937499,0,530,fixed_point,1,changed_wrong,0.7654320987654321,28,1,0,1,0,0
32,2,0.7530864197530864,1,checkpoints/sudoku_extreme_hf/checkpoint,18,1,blanks_2,38.8681515937499,0,531,fixed_point,1,changed_wrong,0.7160493827160493,4,1,0,1,0,0
32,2,0.8765432098765432,1,checkpoints/sudoku_extreme_hf/checkpoint,10,1,blanks_2,38.8681515937499,0,532,fixed_point,1,changed_wrong,0.7160493827160493,18,1,0,1,0,0
32,2,0.8148148148148148,1,checkpoints/sudoku_extreme_hf/checkpoint,15,1,blanks_2,38.8681515937499,0,533,fixed_point,1,changed_wrong,0.8395061728395061,4,1,0,1,0,0
32,2,0.8148148148148148,1,checkpoints/sudoku_extreme_hf/checkpoint,15,1,blanks_2,38.8681515937499,0,534,fixed_point,1,changed_wrong,0.7777777777777778,23,1,0,1,0,0
32,2,0.7407407407407407,1,checkpoints/sudoku_extreme_hf/checkpoint,21,1,blanks_2,38.8681515937499,0,535,fixed_point,1,changed_wrong,0.691358024691358,31,1,0,1,0,0
32,2,0.9012345679012346,1,checkpoints/sudoku_extreme_hf/checkpoint,7,1,blanks_2,38.8681515937499,0,536,fixed_point,1,changed_wrong,0.6419753086419753,28,1,0,1,0,0
32,2,0.8518518518518519,0,checkpoints/sudoku_extreme_hf/checkpoint,11,1,blanks_2,38.8681515937499,0,537,fixed_point,1,invalid_fixed_point,0.8518518518518519,0,1,0,0,0,0
32,2,0.8395061728395061,1,checkpoints/sudoku_extreme_hf/checkpoint,13,1,blanks_2,38.8681515937499,0,538,fixed_point,1,changed_wrong,0.7901234567901234,6,1,0,1,0,0
32,2,0.7407407407407407,1,checkpoints/sudoku_extreme_hf/checkpoint,20,1,blanks_2,38.8681515937499,0,539,fixed_point,1,changed_wrong,0.6666666666666666,11,1,0,1,0,0
32,2,0.8148148148148148,1,checkpoints/sudoku_extreme_hf/checkpoint,14,1,blanks_2,38.8681515937499,0,540,fixed_point,1,changed_wrong,0.7777777777777778,18,1,0,1,0,0
32,2,1.0,1,checkpoints/sudoku_extreme_hf/checkpoint,0,1,blanks_2,38.8681515937499,1,541,fixed_point,0,became_wrong,0.7283950617283951,22,1,0,1,0,0
32,2,0.8271604938271605,1,checkpoints/sudoku_extreme_hf/checkpoint,14,1,blanks_2,38.8681515937499,0,542,fixed_point,1,changed_wrong,0.6790123456790124,21,1,0,1,0,0
32,2,1.0,0,checkpoints/sudoku_extreme_hf/checkpoint,0,1,blanks_2,38.8681515937499,1,543,fixed_point,0,stable_correct,1.0,0,1,1,0,0,0
32,2,0.654320987654321,1,checkpoints/sudoku_extreme_hf/checkpoint,27,0,blanks_2,43.771568187500165,0,544,fixed_point,1,changed_wrong,0.6790123456790124,19,0,0,1,15,14
32,2,0.8271604938271605,1,checkpoints/sudoku_extreme_hf/checkpoint,14,1,blanks_2,43.771568187500165,0,545,fixed_point,1,changed_wrong,0.654320987654321,23,1,0,1,0,0
32,2,0.7654320987654321,1,checkpoints/sudoku_extreme_hf/checkpoint,17,1,blanks_2,43.771568187500165,0,546,fixed_point,1,changed_wrong,0.7037037037037037,16,1,0,1,0,0
32,2,1.0,0,checkpoints/sudoku_extreme_hf/checkpoint,0,1,blanks_2,43.771568187500165,1,547,fixed_point,0,stable_correct,1.0,0,1,1,0,0,0
32,2,0.7407407407407407,1,checkpoints/sudoku_extreme_hf/checkpoint,20,1,blanks_2,43.771568187500165,0,548,fixed_point,1,changed_wrong,0.7037037037037037,19,1,0,1,0,0
32,2,0.9259259259259259,1,checkpoints/sudoku_extreme_hf/checkpoint,6,1,blanks_2,43.771568187500165,0,549,fixed_point,1,changed_wrong,0.8765432098765432,4,1,0,1,0,0
32,2,0.6666666666666666,1,checkpoints/sudoku_extreme_hf/checkpoint,26,0,blanks_2,43.771568187500165,0,550,fixed_point,1,changed_wrong,0.691358024691358,32,1,0,1,0,28
32,2,0.8271604938271605,1,checkpoints/sudoku_extreme_hf/checkpoint,13,1,blanks_2,43.771568187500165,0,551,fixed_point,1,changed_wrong,0.6666666666666666,27,1,0,1,0,0
32,2,0.8148148148148148,1,checkpoints/sudoku_extreme_hf/checkpoint,15,1,blanks_2,43.771568187500165,0,552,fixed_point,1,changed_wrong,0.6296296296296297,26,1,0,1,0,0
32,2,0.7901234567901234,1,checkpoints/sudoku_extreme_hf/checkpoint,16,1,blanks_2,43.771568187500165,0,553,fixed_point,1,changed_wrong,0.691358024691358,23,1,0,1,0,0
32,2,0.7407407407407407,1,checkpoints/sudoku_extreme_hf/checkpoint,20,1,blanks_2,43.771568187500165,0,554,fixed_point,1,changed_wrong,0.7777777777777778,18,0,0,1,6,0
32,2,1.0,1,checkpoints/sudoku_extreme_hf/checkpoint,0,1,blanks_2,43.771568187500165,1,555,fixed_point,0,became_wrong,0.6790123456790124,26,1,0,1,0,0
32,2,0.8888888888888888,1,checkpoints/sudoku_extreme_hf/checkpoint,8,1,blanks_2,43.771568187500165,0,556,fixed_point,1,changed_wrong,0.8641975308641975,8,0,0,1,3,0
32,2,0.9135802469135802,1,checkpoints/sudoku_extreme_hf/checkpoint,7,1,blanks_2,43.771568187500165,0,557,fixed_point,1,changed_wrong,0.7037037037037037,23,1,0,1,0,0
32,2,0.9012345679012346,1,checkpoints/sudoku_extreme_hf/checkpoint,8,1,blanks_2,43.771568187500165,0,558,fixed_point,1,changed_wrong,0.8271604938271605,6,1,0,1,0,0
32,2,0.8888888888888888,1,checkpoints/sudoku_extreme_hf/checkpoint,9,1,blanks_2,43.771568187500165,0,559,fixed_point,1,changed_wrong,0.7901234567901234,18,1,0,1,0,0
32,2,1.0,0,checkpoints/sudoku_extreme_hf/checkpoint,0,1,blanks_2,43.771568187500165,1,560,fixed_point,0,stable_correct,1.0,0,1,1,0,0,0
32,2,0.6419753086419753,1,checkpoints/sudoku_extreme_hf/checkpoint,28,1,blanks_2,43.771568187500165,0,561,fixed_point,1,changed_wrong,0.7160493827160493,12,1,0,1,0,0
32,2,1.0,1,checkpoints/sudoku_extreme_hf/checkpoint,0,1,blanks_2,43.771568187500165,1,562,fixed_point,0,became_wrong,0.7777777777777778,18,1,0,1,0,0
32,2,0.691358024691358,1,checkpoints/sudoku_extreme_hf/checkpoint,23,1,blanks_2,43.771568187500165,0,563,fixed_point,1,changed_wrong,0.6666666666666666,21,0,0,1,19,0
32,2,1.0,1,checkpoints/sudoku_extreme_hf/checkpoint,0,1,blanks_2,43.771568187500165,1,564,fixed_point,0,became_wrong,0.8641975308641975,11,1,0,1,0,0
32,2,0.7407407407407407,1,checkpoints/sudoku_extreme_hf/checkpoint,21,1,blanks_2,43.771568187500165,0,565,fixed_point,1,changed_wrong,0.7283950617283951,16,1,0,1,0,0
32,2,0.7160493827160493,1,checkpoints/sudoku_extreme_hf/checkpoint,23,1,blanks_2,43.771568187500165,0,566,fixed_point,1,changed_wrong,0.6419753086419753,20,0,0,1,12,0
32,2,0.9259259259259259,1,checkpoints/sudoku_extreme_hf/checkpoint,5,1,blanks_2,43.771568187500165,0,567,fixed_point,1,became_correct,1.0,6,1,1,1,0,0
32,2,1.0,1,checkpoints/sudoku_extreme_hf/checkpoint,0,1,blanks_2,43.771568187500165,1,568,fixed_point,0,became_wrong,0.7283950617283951,22,0,0,1,6,0
32,2,1.0,1,checkpoints/sudoku_extreme_hf/checkpoint,0,1,blanks_2,43.771568187500165,1,569,fixed_point,0,became_wrong,0.9506172839506173,4,1,0,1,0,0
32,2,0.7654320987654321,1,checkpoints/sudoku_extreme_hf/checkpoint,19,1,blanks_2,43.771568187500165,0,570,fixed_point,1,changed_wrong,0.6666666666666666,17,1,0,1,0,0
32,2,0.8765432098765432,1,checkpoints/sudoku_extreme_hf/checkpoint,8,1,blanks_2,43.771568187500165,0,571,fixed_point,1,changed_wrong,0.7037037037037037,16,1,0,1,0,0
32,2,0.7037037037037037,1,checkpoints/sudoku_extreme_hf/checkpoint,23,1,blanks_2,43.771568187500165,0,572,fixed_point,1,changed_wrong,0.7037037037037037,10,1,0,1,0,0
32,2,1.0,1,checkpoints/sudoku_extreme_hf/checkpoint,0,1,blanks_2,43.771568187500165,1,573,fixed_point,0,became_wrong,0.8024691358024691,16,1,0,1,0,0
32,2,0.8888888888888888,1,checkpoints/sudoku_extreme_hf/checkpoint,9,1,blanks_2,43.771568187500165,0,574,fixed_point,1,changed_wrong,0.7037037037037037,21,1,0,1,0,0
32,2,0.9012345679012346,1,checkpoints/sudoku_extreme_hf/checkpoint,8,1,blanks_2,43.771568187500165,0,575,fixed_point,1,changed_wrong,0.8271604938271605,19,1,0,1,0,0
32,2,0.9506172839506173,1,checkpoints/sudoku_extreme_hf/checkpoint,3,1,blanks_2,43.5787311875,0,576,fixed_point,1,changed_wrong,0.7777777777777778,15,1,0,1,0,0
32,2,0.7777777777777778,1,checkpoints/sudoku_extreme_hf/checkpoint,18,0,blanks_2,43.5787311875,0,577,fixed_point,1,changed_wrong,0.6172839506172839,24,0,0,1,3,12
32,2,0.8765432098765432,1,checkpoints/sudoku_extreme_hf/checkpoint,8,1,blanks_2,43.5787311875,0,578,fixed_point,1,changed_wrong,0.7407407407407407,13,1,0,1,0,0
32,2,0.6419753086419753,1,checkpoints/sudoku_extreme_hf/checkpoint,29,1,blanks_2,43.5787311875,0,579,fixed_point,1,changed_wrong,0.7160493827160493,17,0,0,1,17,0
32,2,0.8271604938271605,0,checkpoints/sudoku_extreme_hf/checkpoint,13,1,blanks_2,43.5787311875,0,580,fixed_point,1,invalid_fixed_point,0.8271604938271605,0,1,0,0,0,0
32,2,0.8518518518518519,1,checkpoints/sudoku_extreme_hf/checkpoint,11,1,blanks_2,43.5787311875,0,581,fixed_point,1,changed_wrong,0.6419753086419753,25,1,0,1,0,0
32,2,0.7037037037037037,1,checkpoints/sudoku_extreme_hf/checkpoint,24,1,blanks_2,43.5787311875,0,582,fixed_point,1,changed_wrong,0.7160493827160493,18,1,0,1,0,0
32,2,0.7037037037037037,1,checkpoints/sudoku_extreme_hf/checkpoint,24,1,blanks_2,43.5787311875,0,583,fixed_point,1,changed_wrong,0.7407407407407407,8,1,0,1,0,0
32,2,1.0,1,checkpoints/sudoku_extreme_hf/checkpoint,0,1,blanks_2,43.5787311875,1,584,fixed_point,0,became_wrong,0.7901234567901234,17,1,0,1,0,0
32,2,0.8641975308641975,1,checkpoints/sudoku_extreme_hf/checkpoint,10,1,blanks_2,43.5787311875,0,585,fixed_point,1,changed_wrong,0.8765432098765432,20,1,0,1,0,0
32,2,0.7407407407407407,1,checkpoints/sudoku_extreme_hf/checkpoint,20,1,blanks_2,43.5787311875,0,586,fixed_point,1,changed_wrong,0.5925925925925926,27,1,0,1,0,0
32,2,0.6296296296296297,1,checkpoints/sudoku_extreme_hf/checkpoint,29,1,blanks_2,43.5787311875,0,587,fixed_point,1,changed_wrong,0.691358024691358,10,1,0,1,0,0
32,2,0.691358024691358,1,checkpoints/sudoku_extreme_hf/checkpoint,24,1,blanks_2,43.5787311875,0,588,fixed_point,1,changed_wrong,0.6296296296296297,18,1,0,1,0,0
32,2,0.7160493827160493,1,checkpoints/sudoku_extreme_hf/checkpoint,22,1,blanks_2,43.5787311875,0,589,fixed_point,1,changed_wrong,0.6666666666666666,12,1,0,1,0,0
32,2,0.7777777777777778,1,checkpoints/sudoku_extreme_hf/checkpoint,18,1,blanks_2,43.5787311875,0,590,fixed_point,1,changed_wrong,0.7777777777777778,8,1,0,1,0,0
32,2,0.7654320987654321,1,checkpoints/sudoku_extreme_hf/checkpoint,18,1,blanks_2,43.5787311875,0,591,fixed_point,1,changed_wrong,0.7407407407407407,10,1,0,1,0,0
32,2,0.7037037037037037,1,checkpoints/sudoku_extreme_hf/checkpoint,23,1,blanks_2,43.5787311875,0,592,fixed_point,1,changed_wrong,0.654320987654321,27,1,0,1,0,0
32,2,1.0,1,checkpoints/sudoku_extreme_hf/checkpoint,0,1,blanks_2,43.5787311875,1,593,fixed_point,0,became_wrong,0.7777777777777778,18,1,0,1,0,0
32,2,0.7283950617283951,1,checkpoints/sudoku_extreme_hf/checkpoint,21,1,blanks_2,43.5787311875,0,594,fixed_point,1,changed_wrong,0.7407407407407407,11,1,0,1,0,0
32,2,0.8148148148148148,1,checkpoints/sudoku_extreme_hf/checkpoint,13,1,blanks_2,43.5787311875,0,595,fixed_point,1,changed_wrong,0.5925925925925926,27,1,0,1,0,0
32,2,0.8024691358024691,1,checkpoints/sudoku_extreme_hf/checkpoint,16,1,blanks_2,43.5787311875,0,596,fixed_point,1,changed_wrong,0.8271604938271605,4,1,0,1,0,0
32,2,0.8765432098765432,1,checkpoints/sudoku_extreme_hf/checkpoint,10,1,blanks_2,43.5787311875,0,597,fixed_point,1,changed_wrong,0.7283950617283951,18,1,0,1,0,0
32,2,0.9506172839506173,1,checkpoints/sudoku_extreme_hf/checkpoint,4,1,blanks_2,43.5787311875,0,598,fixed_point,1,changed_wrong,0.7901234567901234,13,1,0,1,0,0
32,2,1.0,1,checkpoints/sudoku_extreme_hf/checkpoint,0,1,blanks_2,43.5787311875,1,599,fixed_point,0,became_wrong,0.7160493827160493,23,1,0,1,0,0
32,2,0.8888888888888888,1,checkpoints/sudoku_extreme_hf/checkpoint,9,0,blanks_2,43.5787311875,0,600,fixed_point,1,changed_wrong,0.654320987654321,24,1,0,1,0,3
32,2,0.7530864197530864,1,checkpoints/sudoku_extreme_hf/checkpoint,19,1,blanks_2,43.5787311875,0,601,fixed_point,1,changed_wrong,0.6296296296296297,27,1,0,1,0,0
32,2,0.8271604938271605,1,checkpoints/sudoku_extreme_hf/checkpoint,13,1,blanks_2,43.5787311875,0,602,fixed_point,1,changed_wrong,0.691358024691358,21,1,0,1,0,0
32,2,0.7283950617283951,1,checkpoints/sudoku_extreme_hf/checkpoint,22,1,blanks_2,43.5787311875,0,603,fixed_point,1,changed_wrong,0.5802469135802469,25,1,0,1,0,0
32,2,0.9506172839506173,1,checkpoints/sudoku_extreme_hf/checkpoint,4,1,blanks_2,43.5787311875,0,604,fixed_point,1,changed_wrong,0.8765432098765432,6,1,0,1,0,0
32,2,0.8888888888888888,1,checkpoints/sudoku_extreme_hf/checkpoint,8,1,blanks_2,43.5787311875,0,605,fixed_point,1,changed_wrong,0.7901234567901234,9,1,0,1,0,0
32,2,1.0,1,checkpoints/sudoku_extreme_hf/checkpoint,0,1,blanks_2,43.5787311875,1,606,fixed_point,0,became_wrong,0.7654320987654321,19,1,0,1,0,0
32,2,0.9135802469135802,1,checkpoints/sudoku_extreme_hf/checkpoint,7,1,blanks_2,43.5787311875,0,607,fixed_point,1,changed_wrong,0.7160493827160493,17,1,0,1,0,0
32,2,0.8765432098765432,1,checkpoints/sudoku_extreme_hf/checkpoint,10,1,blanks_2,44.2616938749989,0,608,fixed_point,1,changed_wrong,0.7160493827160493,18,1,0,1,0,0
32,2,0.8395061728395061,1,checkpoints/sudoku_extreme_hf/checkpoint,13,1,blanks_2,44.2616938749989,0,609,fixed_point,1,changed_wrong,0.6049382716049383,29,1,0,1,0,0
32,2,0.9506172839506173,1,checkpoints/sudoku_extreme_hf/checkpoint,4,1,blanks_2,44.2616938749989,0,610,fixed_point,1,changed_wrong,0.6666666666666666,23,1,0,1,0,0
32,2,0.8148148148148148,1,checkpoints/sudoku_extreme_hf/checkpoint,14,1,blanks_2,44.2616938749989,0,611,fixed_point,1,changed_wrong,0.654320987654321,27,1,0,1,0,0
32,2,0.9506172839506173,1,checkpoints/sudoku_extreme_hf/checkpoint,4,1,blanks_2,44.2616938749989,0,612,fixed_point,1,changed_wrong,0.8148148148148148,18,1,0,1,0,0
32,2,0.6790123456790124,1,checkpoints/sudoku_extreme_hf/checkpoint,26,0,blanks_2,44.2616938749989,0,613,fixed_point,1,changed_wrong,0.691358024691358,21,1,0,1,0,2
32,2,0.7530864197530864,1,checkpoints/sudoku_extreme_hf/checkpoint,19,1,blanks_2,44.2616938749989,0,614,fixed_point,1,changed_wrong,0.7407407407407407,21,1,0,1,0,0
32,2,0.8765432098765432,1,checkpoints/sudoku_extreme_hf/checkpoint,10,1,blanks_2,44.2616938749989,0,615,fixed_point,1,changed_wrong,0.6296296296296297,29,1,0,1,0,0
32,2,0.9259259259259259,1,checkpoints/sudoku_extreme_hf/checkpoint,6,1,blanks_2,44.2616938749989,0,616,fixed_point,1,changed_wrong,0.5802469135802469,31,1,0,1,0,0
32,2,0.6296296296296297,1,checkpoints/sudoku_extreme_hf/checkpoint,28,1,blanks_2,44.2616938749989,0,617,fixed_point,1,changed_wrong,0.5925925925925926,11,1,0,1,0,0
32,2,0.9506172839506173,1,checkpoints/sudoku_extreme_hf/checkpoint,4,1,blanks_2,44.2616938749989,0,618,fixed_point,1,changed_wrong,0.691358024691358,23,1,0,1,0,0
32,2,0.7407407407407407,1,checkpoints/sudoku_extreme_hf/checkpoint,19,1,blanks_2,44.2616938749989,0,619,fixed_point,1,changed_wrong,0.6790123456790124,14,1,0,1,0,0
32,2,0.8518518518518519,1,checkpoints/sudoku_extreme_hf/checkpoint,12,1,blanks_2,44.2616938749989,0,620,fixed_point,1,changed_wrong,0.7777777777777778,12,1,0,1,0,0
32,2,1.0,1,checkpoints/sudoku_extreme_hf/checkpoint,0,1,blanks_2,44.2616938749989,1,621,fixed_point,0,became_wrong,0.9259259259259259,6,1,0,1,0,0
32,2,0.8148148148148148,1,checkpoints/sudoku_extreme_hf/checkpoint,15,1,blanks_2,44.2616938749989,0,622,fixed_point,1,changed_wrong,0.691358024691358,23,1,0,1,0,0
32,2,0.7530864197530864,1,checkpoints/sudoku_extreme_hf/checkpoint,20,1,blanks_2,44.2616938749989,0,623,fixed_point,1,changed_wrong,0.7037037037037037,13,1,0,1,0,0
32,2,0.6666666666666666,1,checkpoints/sudoku_extreme_hf/checkpoint,25,1,blanks_2,44.2616938749989,0,624,fixed_point,1,changed_wrong,0.6049382716049383,19,1,0,1,0,0
32,2,0.7901234567901234,1,checkpoints/sudoku_extreme_hf/checkpoint,16,1,blanks_2,44.2616938749989,0,625,fixed_point,1,changed_wrong,0.6790123456790124,16,1,0,1,0,0
32,2,0.9259259259259259,1,checkpoints/sudoku_extreme_hf/checkpoint,5,1,blanks_2,44.2616938749989,0,626,fixed_point,1,changed_wrong,0.6790123456790124,26,1,0,1,0,0
32,2,0.7654320987654321,1,checkpoints/sudoku_extreme_hf/checkpoint,19,1,blanks_2,44.2616938749989,0,627,fixed_point,1,changed_wrong,0.654320987654321,27,0,0,1,12,0
32,2,0.8395061728395061,1,checkpoints/sudoku_extreme_hf/checkpoint,12,1,blanks_2,44.2616938749989,0,628,fixed_point,1,changed_wrong,0.5925925925925926,22,1,0,1,0,0
32,2,0.7283950617283951,1,checkpoints/sudoku_extreme_hf/checkpoint,21,1,blanks_2,44.2616938749989,0,629,fixed_point,1,changed_wrong,0.6296296296296297,15,1,0,1,0,0
32,2,0.7283950617283951,1,checkpoints/sudoku_extreme_hf/checkpoint,22,1,blanks_2,44.2616938749989,0,630,fixed_point,1,changed_wrong,0.7037037037037037,4,1,0,1,0,0
32,2,0.7160493827160493,1,checkpoints/sudoku_extreme_hf/checkpoint,22,0,blanks_2,44.2616938749989,0,631,fixed_point,1,changed_wrong,0.6419753086419753,15,0,0,1,14,19
32,2,0.7530864197530864,1,checkpoints/sudoku_extreme_hf/checkpoint,19,1,blanks_2,44.2616938749989,0,632,fixed_point,1,changed_wrong,0.6666666666666666,22,0,0,1,5,0
32,2,0.9259259259259259,1,checkpoints/sudoku_extreme_hf/checkpoint,6,1,blanks_2,44.2616938749989,0,633,fixed_point,1,changed_wrong,0.8024691358024691,19,0,0,1,26,0
32,2,1.0,1,checkpoints/sudoku_extreme_hf/checkpoint,0,1,blanks_2,44.2616938749989,1,634,fixed_point,0,became_wrong,0.7037037037037037,24,0,0,1,34,0
32,2,0.8765432098765432,1,checkpoints/sudoku_extreme_hf/checkpoint,10,1,blanks_2,44.2616938749989,0,635,fixed_point,1,changed_wrong,0.7037037037037037,17,1,0,1,0,0
32,2,0.7407407407407407,1,checkpoints/sudoku_extreme_hf/checkpoint,20,1,blanks_2,44.2616938749989,0,636,fixed_point,1,changed_wrong,0.6419753086419753,23,1,0,1,0,0
32,2,0.9506172839506173,1,checkpoints/sudoku_extreme_hf/checkpoint,4,1,blanks_2,44.2616938749989,0,637,fixed_point,1,changed_wrong,0.6790123456790124,23,1,0,1,0,0
32,2,0.9506172839506173,1,checkpoints/sudoku_extreme_hf/checkpoint,4,1,blanks_2,44.2616938749989,0,638,fixed_point,1,became_correct,1.0,4,1,1,1,0,0
32,2,1.0,1,checkpoints/sudoku_extreme_hf/checkpoint,0,1,blanks_2,44.2616938749989,1,639,fixed_point,0,became_wrong,0.9506172839506173,4,1,0,1,0,0
32,2,0.8641975308641975,1,checkpoints/sudoku_extreme_hf/checkpoint,11,1,blanks_2,39.9139671874984,0,640,fixed_point,1,changed_wrong,0.7901234567901234,8,1,0,1,0,0
32,2,1.0,1,checkpoints/sudoku_extreme_hf/checkpoint,0,1,blanks_2,39.9139671874984,1,641,fixed_point,0,became_wrong,0.6172839506172839,31,1,0,1,0,0
32,2,0.9259259259259259,0,checkpoints/sudoku_extreme_hf/checkpoint,5,1,blanks_2,39.9139671874984,0,642,fixed_point,1,invalid_fixed_point,0.9259259259259259,0,1,0,0,0,0
32,2,0.654320987654321,1,checkpoints/sudoku_extreme_hf/checkpoint,26,1,blanks_2,39.9139671874984,0,643,fixed_point,1,changed_wrong,0.7654320987654321,14,1,0,1,0,0
32,2,0.8395061728395061,1,checkpoints/sudoku_extreme_hf/checkpoint,12,1,blanks_2,39.9139671874984,0,644,fixed_point,1,changed_wrong,0.691358024691358,22,1,0,1,0,0
32,2,0.691358024691358,1,checkpoints/sudoku_extreme_hf/checkpoint,25,1,blanks_2,39.9139671874984,0,645,fixed_point,1,changed_wrong,0.654320987654321,18,1,0,1,0,0
32,2,0.9135802469135802,1,checkpoints/sudoku_extreme_hf/checkpoint,7,1,blanks_2,39.9139671874984,0,646,fixed_point,1,changed_wrong,0.6172839506172839,29,1,0,1,0,0
32,2,0.8271604938271605,1,checkpoints/sudoku_extreme_hf/checkpoint,14,1,blanks_2,39.9139671874984,0,647,fixed_point,1,changed_wrong,0.8888888888888888,6,1,0,1,0,0
32,2,0.8765432098765432,1,checkpoints/sudoku_extreme_hf/checkpoint,10,1,blanks_2,39.9139671874984,0,648,fixed_point,1,changed_wrong,0.5925925925925926,25,1,0,1,0,0
32,2,0.5925925925925926,1,checkpoints/sudoku_extreme_hf/checkpoint,32,1,blanks_2,39.9139671874984,0,649,fixed_point,1,changed_wrong,0.6296296296296297,20,1,0,1,0,0
32,2,0.8271604938271605,1,checkpoints/sudoku_extreme_hf/checkpoint,14,1,blanks_2,39.9139671874984,0,650,fixed_point,1,changed_wrong,0.6049382716049383,28,1,0,1,0,0
32,2,0.7407407407407407,1,checkpoints/sudoku_extreme_hf/checkpoint,20,1,blanks_2,39.9139671874984,0,651,fixed_point,1,changed_wrong,0.7037037037037037,12,1,0,1,0,0
32,2,1.0,1,checkpoints/sudoku_extreme_hf/checkpoint,0,1,blanks_2,39.9139671874984,1,652,fixed_point,0,became_wrong,0.8395061728395061,13,1,0,1,0,0
32,2,1.0,1,checkpoints/sudoku_extreme_hf/checkpoint,0,1,blanks_2,39.9139671874984,1,653,fixed_point,0,became_wrong,0.6049382716049383,32,0,0,1,24,0
32,2,0.8395061728395061,1,checkpoints/sudoku_extreme_hf/checkpoint,13,0,blanks_2,39.9139671874984,0,654,fixed_point,1,changed_wrong,0.6419753086419753,26,1,0,1,0,17
32,2,0.8888888888888888,1,checkpoints/sudoku_extreme_hf/checkpoint,8,1,blanks_2,39.9139671874984,0,655,fixed_point,1,changed_wrong,0.8024691358024691,19,1,0,1,0,0
32,2,0.8888888888888888,1,checkpoints/sudoku_extreme_hf/checkpoint,8,1,blanks_2,39.9139671874984,0,656,fixed_point,1,changed_wrong,0.6666666666666666,21,1,0,1,0,0
32,2,1.0,0,checkpoints/sudoku_extreme_hf/checkpoint,0,1,blanks_2,39.9139671874984,1,657,fixed_point,0,stable_correct,1.0,0,1,1,0,0,0
32,2,1.0,1,checkpoints/sudoku_extreme_hf/checkpoint,0,1,blanks_2,39.9139671874984,1,658,fixed_point,0,became_wrong,0.6296296296296297,30,1,0,1,0,0
32,2,0.691358024691358,1,checkpoints/sudoku_extreme_hf/checkpoint,24,1,blanks_2,39.9139671874984,0,659,fixed_point,1,changed_wrong,0.5925925925925926,25,1,0,1,0,0
32,2,0.8024691358024691,1,checkpoints/sudoku_extreme_hf/checkpoint,16,1,blanks_2,39.9139671874984,0,660,fixed_point,1,changed_wrong,0.654320987654321,27,1,0,1,0,0
32,2,0.6049382716049383,1,checkpoints/sudoku_extreme_hf/checkpoint,30,0,blanks_2,39.9139671874984,0,661,fixed_point,1,changed_wrong,0.5061728395061729,31,1,0,1,0,8
32,2,0.8518518518518519,1,checkpoints/sudoku_extreme_hf/checkpoint,12,1,blanks_2,39.9139671874984,0,662,fixed_point,1,changed_wrong,0.5679012345679012,31,1,0,1,0,0
32,2,0.8888888888888888,1,checkpoints/sudoku_extreme_hf/checkpoint,7,1,blanks_2,39.9139671874984,0,663,fixed_point,1,changed_wrong,0.6666666666666666,22,1,0,1,0,0
32,2,0.8024691358024691,1,checkpoints/sudoku_extreme_hf/checkpoint,15,1,blanks_2,39.9139671874984,0,664,fixed_point,1,changed_wrong,0.8641975308641975,24,1,0,1,0,0
32,2,0.9506172839506173,1,checkpoints/sudoku_extreme_hf/checkpoint,4,1,blanks_2,39.9139671874984,0,665,fixed_point,1,changed_wrong,0.9135802469135802,11,1,0,1,0,0
32,2,1.0,1,checkpoints/sudoku_extreme_hf/checkpoint,0,1,blanks_2,39.9139671874984,1,666,fixed_point,0,became_wrong,0.8271604938271605,14,1,0,1,0,0
32,2,0.9259259259259259,0,checkpoints/sudoku_extreme_hf/checkpoint,6,1,blanks_2,39.9139671874984,0,667,fixed_point,1,invalid_fixed_point,0.9259259259259259,0,1,0,0,0,0
32,2,0.8641975308641975,1,checkpoints/sudoku_extreme_hf/checkpoint,11,1,blanks_2,39.9139671874984,0,668,fixed_point,1,changed_wrong,0.7160493827160493,12,1,0,1,0,0
32,2,0.9506172839506173,1,checkpoints/sudoku_extreme_hf/checkpoint,4,1,blanks_2,39.9139671874984,0,669,fixed_point,1,changed_wrong,0.7777777777777778,15,1,0,1,0,0
32,2,0.7283950617283951,1,checkpoints/sudoku_extreme_hf/checkpoint,21,1,blanks_2,39.9139671874984,0,670,fixed_point,1,changed_wrong,0.7283950617283951,24,1,0,1,0,0
32,2,0.7037037037037037,1,checkpoints/sudoku_extreme_hf/checkpoint,24,1,blanks_2,39.9139671874984,0,671,fixed_point,1,changed_wrong,0.5925925925925926,19,1,0,1,0,0
32,2,0.8641975308641975,1,checkpoints/sudoku_extreme_hf/checkpoint,10,1,blanks_2,34.812821187498955,0,672,fixed_point,1,changed_wrong,0.6790123456790124,31,1,0,1,0,0
32,2,0.7530864197530864,1,checkpoints/sudoku_extreme_hf/checkpoint,19,0,blanks_2,34.812821187498955,0,673,fixed_point,1,changed_wrong,0.5925925925925926,26,1,0,1,0,20
32,2,0.8765432098765432,1,checkpoints/sudoku_extreme_hf/checkpoint,10,1,blanks_2,34.812821187498955,0,674,fixed_point,1,changed_wrong,0.8518518518518519,4,1,0,1,0,0
32,2,1.0,1,checkpoints/sudoku_extreme_hf/checkpoint,0,1,blanks_2,34.812821187498955,1,675,fixed_point,0,became_wrong,0.9506172839506173,4,1,0,1,0,0
32,2,1.0,1,checkpoints/sudoku_extreme_hf/checkpoint,0,1,blanks_2,34.812821187498955,1,676,fixed_point,0,became_wrong,0.8765432098765432,10,1,0,1,0,0
32,2,0.8395061728395061,1,checkpoints/sudoku_extreme_hf/checkpoint,13,1,blanks_2,34.812821187498955,0,677,fixed_point,1,changed_wrong,0.7037037037037037,23,1,0,1,0,0
32,2,0.7160493827160493,1,checkpoints/sudoku_extreme_hf/checkpoint,22,1,blanks_2,34.812821187498955,0,678,fixed_point,1,changed_wrong,0.6790123456790124,12,1,0,1,0,0
32,2,0.7530864197530864,1,checkpoints/sudoku_extreme_hf/checkpoint,19,1,blanks_2,34.812821187498955,0,679,fixed_point,1,changed_wrong,0.6049382716049383,23,0,0,1,18,0
32,2,0.9506172839506173,1,checkpoints/sudoku_extreme_hf/checkpoint,4,1,blanks_2,34.812821187498955,0,680,fixed_point,1,changed_wrong,0.7283950617283951,20,0,0,1,29,0
32,2,0.8518518518518519,1,checkpoints/sudoku_extreme_hf/checkpoint,11,1,blanks_2,34.812821187498955,0,681,fixed_point,1,changed_wrong,0.654320987654321,20,1,0,1,0,0
32,2,0.7283950617283951,1,checkpoints/sudoku_extreme_hf/checkpoint,21,1,blanks_2,34.812821187498955,0,682,fixed_point,1,changed_wrong,0.6172839506172839,23,1,0,1,0,0
32,2,0.8271604938271605,1,checkpoints/sudoku_extreme_hf/checkpoint,14,1,blanks_2,34.812821187498955,0,683,fixed_point,1,changed_wrong,0.6790123456790124,26,0,0,1,6,0
32,2,0.8641975308641975,1,checkpoints/sudoku_extreme_hf/checkpoint,9,1,blanks_2,34.812821187498955,0,684,fixed_point,1,changed_wrong,0.7654320987654321,10,1,0,1,0,0
32,2,0.8395061728395061,1,checkpoints/sudoku_extreme_hf/checkpoint,12,1,blanks_2,34.812821187498955,0,685,fixed_point,1,changed_wrong,0.7777777777777778,9,1,0,1,0,0
32,2,0.7407407407407407,0,checkpoints/sudoku_extreme_hf/checkpoint,21,1,blanks_2,34.812821187498955,0,686,fixed_point,1,invalid_fixed_point,0.7407407407407407,0,1,0,0,0,0
32,2,0.8395061728395061,1,checkpoints/sudoku_extreme_hf/checkpoint,12,1,blanks_2,34.812821187498955,0,687,fixed_point,1,changed_wrong,0.7407407407407407,10,1,0,1,0,0
32,2,0.8641975308641975,1,checkpoints/sudoku_extreme_hf/checkpoint,11,1,blanks_2,34.812821187498955,0,688,fixed_point,1,changed_wrong,0.7654320987654321,16,1,0,1,0,0
32,2,0.9012345679012346,1,checkpoints/sudoku_extreme_hf/checkpoint,8,1,blanks_2,34.812821187498955,0,689,fixed_point,1,changed_wrong,0.6049382716049383,30,1,0,1,0,0
32,2,0.8148148148148148,1,checkpoints/sudoku_extreme_hf/checkpoint,14,1,blanks_2,34.812821187498955,0,690,fixed_point,1,changed_wrong,0.7654320987654321,12,1,0,1,0,0
32,2,0.7037037037037037,1,checkpoints/sudoku_extreme_hf/checkpoint,24,1,blanks_2,34.812821187498955,0,691,fixed_point,1,changed_wrong,0.7654320987654321,16,1,0,1,0,0
32,2,0.8641975308641975,1,checkpoints/sudoku_extreme_hf/checkpoint,11,1,blanks_2,34.812821187498955,0,692,fixed_point,1,changed_wrong,0.7901234567901234,16,1,0,1,0,0
32,2,0.7777777777777778,1,checkpoints/sudoku_extreme_hf/checkpoint,16,1,blanks_2,34.812821187498955,0,693,fixed_point,1,changed_wrong,0.8024691358024691,22,1,0,1,0,0
32,2,0.8024691358024691,1,checkpoints/sudoku_extreme_hf/checkpoint,15,1,blanks_2,34.812821187498955,0,694,fixed_point,1,changed_wrong,0.6790123456790124,18,1,0,1,0,0
32,2,1.0,1,checkpoints/sudoku_extreme_hf/checkpoint,0,1,blanks_2,34.812821187498955,1,695,fixed_point,0,became_wrong,0.9259259259259259,6,1,0,1,0,0
32,2,0.9259259259259259,0,checkpoints/sudoku_extreme_hf/checkpoint,6,1,blanks_2,34.812821187498955,0,696,fixed_point,1,invalid_fixed_point,0.9259259259259259,0,1,0,0,0,0
32,2,0.7777777777777778,1,checkpoints/sudoku_extreme_hf/checkpoint,18,1,blanks_2,34.812821187498955,0,697,fixed_point,1,changed_wrong,0.6666666666666666,15,1,0,1,0,0
32,2,1.0,1,checkpoints/sudoku_extreme_hf/checkpoint,0,1,blanks_2,34.812821187498955,1,698,fixed_point,0,became_wrong,0.8641975308641975,11,1,0,1,0,0
32,2,0.9506172839506173,1,checkpoints/sudoku_extreme_hf/checkpoint,4,1,blanks_2,34.812821187498955,0,699,fixed_point,1,changed_wrong,0.8518518518518519,9,1,0,1,0,0
32,2,0.9259259259259259,1,checkpoints/sudoku_extreme_hf/checkpoint,6,1,blanks_2,34.812821187498955,0,700,fixed_point,1,changed_wrong,0.5925925925925926,29,1,0,1,0,0
32,2,0.8024691358024691,1,checkpoints/sudoku_extreme_hf/checkpoint,16,1,blanks_2,34.812821187498955,0,701,fixed_point,1,changed_wrong,0.691358024691358,12,1,0,1,0,0
32,2,0.8271604938271605,0,checkpoints/sudoku_extreme_hf/checkpoint,13,1,blanks_2,34.812821187498955,0,702,fixed_point,1,invalid_fixed_point,0.8271604938271605,0,1,0,0,0,0
32,2,0.9012345679012346,1,checkpoints/sudoku_extreme_hf/checkpoint,7,1,blanks_2,34.812821187498955,0,703,fixed_point,1,changed_wrong,0.7777777777777778,12,1,0,1,0,0
32,2,0.8024691358024691,1,checkpoints/sudoku_extreme_hf/checkpoint,16,1,blanks_2,36.21728778125011,0,704,fixed_point,1,changed_wrong,0.5185185185185185,30,1,0,1,0,0
32,2,1.0,1,checkpoints/sudoku_extreme_hf/checkpoint,0,1,blanks_2,36.21728778125011,1,705,fixed_point,0,became_wrong,0.9506172839506173,4,1,0,1,0,0
32,2,0.8518518518518519,1,checkpoints/sudoku_extreme_hf/checkpoint,12,1,blanks_2,36.21728778125011,0,706,fixed_point,1,changed_wrong,0.6296296296296297,29,0,0,1,22,0
32,2,0.7037037037037037,0,checkpoints/sudoku_extreme_hf/checkpoint,23,1,blanks_2,36.21728778125011,0,707,fixed_point,1,invalid_fixed_point,0.7037037037037037,0,1,0,0,0,0
32,2,1.0,1,checkpoints/sudoku_extreme_hf/checkpoint,0,1,blanks_2,36.21728778125011,1,708,fixed_point,0,became_wrong,0.8641975308641975,11,1,0,1,0,0
32,2,0.7037037037037037,1,checkpoints/sudoku_extreme_hf/checkpoint,24,1,blanks_2,36.21728778125011,0,709,fixed_point,1,changed_wrong,0.6419753086419753,8,1,0,1,0,0
32,2,0.8518518518518519,1,checkpoints/sudoku_extreme_hf/checkpoint,11,1,blanks_2,36.21728778125011,0,710,fixed_point,1,changed_wrong,0.8024691358024691,4,1,0,1,0,0
32,2,0.9506172839506173,1,checkpoints/sudoku_extreme_hf/checkpoint,4,1,blanks_2,36.21728778125011,0,711,fixed_point,1,changed_wrong,0.9135802469135802,11,1,0,1,0,0
32,2,1.0,1,checkpoints/sudoku_extreme_hf/checkpoint,0,1,blanks_2,36.21728778125011,1,712,fixed_point,0,became_wrong,0.7530864197530864,20,1,0,1,0,0
32,2,0.8641975308641975,1,checkpoints/sudoku_extreme_hf/checkpoint,11,1,blanks_2,36.21728778125011,0,713,fixed_point,1,changed_wrong,0.7901234567901234,8,1,0,1,0,0
32,2,0.8518518518518519,1,checkpoints/sudoku_extreme_hf/checkpoint,12,1,blanks_2,36.21728778125011,0,714,fixed_point,1,changed_wrong,0.6666666666666666,21,0,0,1,19,0
32,2,1.0,0,checkpoints/sudoku_extreme_hf/checkpoint,0,1,blanks_2,36.21728778125011,1,715,fixed_point,0,stable_correct,1.0,0,1,1,0,0,0
32,2,0.9012345679012346,1,checkpoints/sudoku_extreme_hf/checkpoint,6,1,blanks_2,36.21728778125011,0,716,fixed_point,1,changed_wrong,0.6296296296296297,24,1,0,1,0,0
32,2,1.0,1,checkpoints/sudoku_extreme_hf/checkpoint,0,1,blanks_2,36.21728778125011,1,717,fixed_point,0,became_wrong,0.9259259259259259,6,1,0,1,0,0
32,2,0.9012345679012346,1,checkpoints/sudoku_extreme_hf/checkpoint,8,1,blanks_2,36.21728778125011,0,718,fixed_point,1,changed_wrong,0.654320987654321,24,1,0,1,0,0
32,2,0.9012345679012346,1,checkpoints/sudoku_extreme_hf/checkpoint,8,1,blanks_2,36.21728778125011,0,719,fixed_point,1,changed_wrong,0.6790123456790124,23,0,0,1,31,0
32,2,0.7777777777777778,0,checkpoints/sudoku_extreme_hf/checkpoint,18,1,blanks_2,36.21728778125011,0,720,fixed_point,1,invalid_fixed_point,0.7777777777777778,0,1,0,0,0,0
32,2,0.8024691358024691,0,checkpoints/sudoku_extreme_hf/checkpoint,15,1,blanks_2,36.21728778125011,0,721,fixed_point,1,invalid_fixed_point,0.8024691358024691,0,1,0,0,0,0
32,2,0.7901234567901234,1,checkpoints/sudoku_extreme_hf/checkpoint,17,1,blanks_2,36.21728778125011,0,722,fixed_point,1,changed_wrong,0.6049382716049383,28,1,0,1,0,0
32,2,0.9506172839506173,1,checkpoints/sudoku_extreme_hf/checkpoint,3,1,blanks_2,36.21728778125011,0,723,fixed_point,1,changed_wrong,0.6172839506172839,29,0,0,1,11,0
32,2,0.7037037037037037,1,checkpoints/sudoku_extreme_hf/checkpoint,23,1,blanks_2,36.21728778125011,0,724,fixed_point,1,changed_wrong,0.7530864197530864,12,0,0,1,21,0
32,2,1.0,1,checkpoints/sudoku_extreme_hf/checkpoint,0,1,blanks_2,36.21728778125011,1,725,fixed_point,0,became_wrong,0.9506172839506173,4,1,0,1,0,0
32,2,0.9012345679012346,1,checkpoints/sudoku_extreme_hf/checkpoint,7,1,blanks_2,36.21728778125011,0,726,fixed_point,1,changed_wrong,0.7530864197530864,15,1,0,1,0,0
32,2,0.8641975308641975,1,checkpoints/sudoku_extreme_hf/checkpoint,11,1,blanks_2,36.21728778125011,0,727,fixed_point,1,changed_wrong,0.7777777777777778,21,1,0,1,0,0
32,2,0.8888888888888888,1,checkpoints/sudoku_extreme_hf/checkpoint,8,1,blanks_2,36.21728778125011,0,728,fixed_point,1,changed_wrong,0.8024691358024691,10,1,0,1,0,0
32,2,0.8765432098765432,1,checkpoints/sudoku_extreme_hf/checkpoint,10,1,blanks_2,36.21728778125011,0,729,fixed_point,1,changed_wrong,0.7160493827160493,18,1,0,1,0,0
32,2,0.9135802469135802,1,checkpoints/sudoku_extreme_hf/checkpoint,7,1,blanks_2,36.21728778125011,0,730,fixed_point,1,changed_wrong,0.6419753086419753,29,1,0,1,0,0
32,2,0.9506172839506173,1,checkpoints/sudoku_extreme_hf/checkpoint,3,1,blanks_2,36.21728778125011,0,731,fixed_point,1,changed_wrong,0.691358024691358,21,1,0,1,0,0
32,2,0.6666666666666666,0,checkpoints/sudoku_extreme_hf/checkpoint,27,1,blanks_2,36.21728778125011,0,732,fixed_point,1,invalid_fixed_point,0.6666666666666666,0,1,0,0,0,0
32,2,1.0,1,checkpoints/sudoku_extreme_hf/checkpoint,0,1,blanks_2,36.21728778125011,1,733,fixed_point,0,became_wrong,0.8888888888888888,9,1,0,1,0,0
32,2,0.7283950617283951,1,checkpoints/sudoku_extreme_hf/checkpoint,21,1,blanks_2,36.21728778125011,0,734,fixed_point,1,changed_wrong,0.5432098765432098,20,0,0,1,22,0
32,2,0.8024691358024691,1,checkpoints/sudoku_extreme_hf/checkpoint,15,1,blanks_2,36.21728778125011,0,735,fixed_point,1,changed_wrong,0.7654320987654321,4,1,0,1,0,0
32,2,0.8888888888888888,1,checkpoints/sudoku_extreme_hf/checkpoint,9,1,blanks_2,37.581601124999864,0,736,fixed_point,1,changed_wrong,0.7777777777777778,23,1,0,1,0,0
32,2,0.9506172839506173,1,checkpoints/sudoku_extreme_hf/checkpoint,4,1,blanks_2,37.581601124999864,0,737,fixed_point,1,changed_wrong,0.9135802469135802,4,1,0,1,0,0
32,2,0.8888888888888888,1,checkpoints/sudoku_extreme_hf/checkpoint,9,1,blanks_2,37.581601124999864,0,738,fixed_point,1,changed_wrong,0.8765432098765432,11,1,0,1,0,0
32,2,0.8395061728395061,1,checkpoints/sudoku_extreme_hf/checkpoint,13,1,blanks_2,37.581601124999864,0,739,fixed_point,1,changed_wrong,0.691358024691358,19,1,0,1,0,0
32,2,0.9012345679012346,1,checkpoints/sudoku_extreme_hf/checkpoint,8,1,blanks_2,37.581601124999864,0,740,fixed_point,1,changed_wrong,0.7037037037037037,23,1,0,1,0,0
32,2,0.8641975308641975,1,checkpoints/sudoku_extreme_hf/checkpoint,11,1,blanks_2,37.581601124999864,0,741,fixed_point,1,changed_wrong,0.5802469135802469,29,0,0,1,15,0
32,2,0.8765432098765432,1,checkpoints/sudoku_extreme_hf/checkpoint,10,1,blanks_2,37.581601124999864,0,742,fixed_point,1,became_correct,1.0,10,1,1,1,0,0
32,2,1.0,1,checkpoints/sudoku_extreme_hf/checkpoint,0,1,blanks_2,37.581601124999864,1,743,fixed_point,0,became_wrong,0.9506172839506173,4,1,0,1,0,0
32,2,0.7160493827160493,1,checkpoints/sudoku_extreme_hf/checkpoint,22,1,blanks_2,37.581601124999864,0,744,fixed_point,1,changed_wrong,0.691358024691358,20,1,0,1,0,0
32,2,0.9506172839506173,1,checkpoints/sudoku_extreme_hf/checkpoint,4,1,blanks_2,37.581601124999864,0,745,fixed_point,1,changed_wrong,0.654320987654321,25,1,0,1,0,0
32,2,0.7530864197530864,1,checkpoints/sudoku_extreme_hf/checkpoint,20,1,blanks_2,37.581601124999864,0,746,fixed_point,1,changed_wrong,0.6419753086419753,20,1,0,1,0,0
32,2,0.7283950617283951,1,checkpoints/sudoku_extreme_hf/checkpoint,21,1,blanks_2,37.581601124999864,0,747,fixed_point,1,changed_wrong,0.6419753086419753,19,1,0,1,0,0
32,2,0.6419753086419753,1,checkpoints/sudoku_extreme_hf/checkpoint,27,1,blanks_2,37.581601124999864,0,748,fixed_point,1,changed_wrong,0.6419753086419753,4,1,0,1,0,0
32,2,1.0,1,checkpoints/sudoku_extreme_hf/checkpoint,0,1,blanks_2,37.581601124999864,1,749,fixed_point,0,became_wrong,0.9506172839506173,4,1,0,1,0,0
32,2,0.8271604938271605,1,checkpoints/sudoku_extreme_hf/checkpoint,14,1,blanks_2,37.581601124999864,0,750,fixed_point,1,changed_wrong,0.7530864197530864,6,1,0,1,0,0
32,2,0.9506172839506173,0,checkpoints/sudoku_extreme_hf/checkpoint,4,1,blanks_2,37.581601124999864,0,751,fixed_point,1,invalid_fixed_point,0.9506172839506173,0,1,0,0,0,0
32,2,0.9506172839506173,1,checkpoints/sudoku_extreme_hf/checkpoint,4,1,blanks_2,37.581601124999864,0,752,fixed_point,1,changed_wrong,0.7530864197530864,18,1,0,1,0,0
32,2,1.0,1,checkpoints/sudoku_extreme_hf/checkpoint,0,1,blanks_2,37.581601124999864,1,753,fixed_point,0,became_wrong,0.7530864197530864,20,1,0,1,0,0
32,2,0.6049382716049383,1,checkpoints/sudoku_extreme_hf/checkpoint,32,0,blanks_2,37.581601124999864,0,754,fixed_point,1,changed_wrong,0.5555555555555556,22,1,0,1,0,13
32,2,0.9506172839506173,0,checkpoints/sudoku_extreme_hf/checkpoint,4,1,blanks_2,37.581601124999864,0,755,fixed_point,1,invalid_fixed_point,0.9506172839506173,0,1,0,0,0,0
32,2,0.6296296296296297,1,checkpoints/sudoku_extreme_hf/checkpoint,29,1,blanks_2,37.581601124999864,0,756,fixed_point,1,changed_wrong,0.6419753086419753,24,1,0,1,0,0
32,2,0.654320987654321,1,checkpoints/sudoku_extreme_hf/checkpoint,27,0,blanks_2,37.581601124999864,0,757,fixed_point,1,changed_wrong,0.6049382716049383,26,1,0,1,0,20
32,2,0.8024691358024691,1,checkpoints/sudoku_extreme_hf/checkpoint,14,1,blanks_2,37.581601124999864,0,758,fixed_point,1,changed_wrong,0.7407407407407407,15,1,0,1,0,0
32,2,0.8148148148148148,1,checkpoints/sudoku_extreme_hf/checkpoint,14,1,blanks_2,37.581601124999864,0,759,fixed_point,1,changed_wrong,0.6419753086419753,27,1,0,1,0,0
32,2,0.7407407407407407,1,checkpoints/sudoku_extreme_hf/checkpoint,21,1,blanks_2,37.581601124999864,0,760,fixed_point,1,changed_wrong,0.49382716049382713,36,1,0,1,0,0
32,2,1.0,1,checkpoints/sudoku_extreme_hf/checkpoint,0,1,blanks_2,37.581601124999864,1,761,fixed_point,0,became_wrong,0.7037037037037037,24,0,0,1,3,0
32,2,0.9753086419753086,1,checkpoints/sudoku_extreme_hf/checkpoint,2,0,blanks_2,37.581601124999864,0,762,fixed_point,1,changed_wrong,0.7037037037037037,25,1,0,1,0,2
32,2,0.7283950617283951,1,checkpoints/sudoku_extreme_hf/checkpoint,21,1,blanks_2,37.581601124999864,0,763,fixed_point,1,changed_wrong,0.654320987654321,30,1,0,1,0,0
32,2,0.6790123456790124,1,checkpoints/sudoku_extreme_hf/checkpoint,26,0,blanks_2,37.581601124999864,0,764,fixed_point,1,changed_wrong,0.8518518518518519,18,1,0,1,0,27
32,2,1.0,1,checkpoints/sudoku_extreme_hf/checkpoint,0,1,blanks_2,37.581601124999864,1,765,fixed_point,0,became_wrong,0.6666666666666666,27,1,0,1,0,0
32,2,0.7530864197530864,1,checkpoints/sudoku_extreme_hf/checkpoint,19,1,blanks_2,37.581601124999864,0,766,fixed_point,1,changed_wrong,0.6296296296296297,26,1,0,1,0,0
32,2,1.0,1,checkpoints/sudoku_extreme_hf/checkpoint,0,1,blanks_2,37.581601124999864,1,767,fixed_point,0,became_wrong,0.8271604938271605,14,1,0,1,0,0
32,2,0.8148148148148148,1,checkpoints/sudoku_extreme_hf/checkpoint,14,1,blanks_2,40.69766353124926,0,768,fixed_point,1,changed_wrong,0.8888888888888888,20,1,0,1,0,0
32,2,0.8888888888888888,1,checkpoints/sudoku_extreme_hf/checkpoint,9,1,blanks_2,40.69766353124926,0,769,fixed_point,1,changed_wrong,0.7037037037037037,19,1,0,1,0,0
32,2,0.8395061728395061,1,checkpoints/sudoku_extreme_hf/checkpoint,12,0,blanks_2,40.69766353124926,0,770,fixed_point,1,changed_wrong,0.5679012345679012,28,1,0,1,0,19
32,2,0.8518518518518519,1,checkpoints/sudoku_extreme_hf/checkpoint,12,1,blanks_2,40.69766353124926,0,771,fixed_point,1,changed_wrong,0.7654320987654321,8,1,0,1,0,0
32,2,0.8518518518518519,1,checkpoints/sudoku_extreme_hf/checkpoint,11,1,blanks_2,40.69766353124926,0,772,fixed_point,1,changed_wrong,0.8024691358024691,6,1,0,1,0,0
32,2,0.8765432098765432,1,checkpoints/sudoku_extreme_hf/checkpoint,10,1,blanks_2,40.69766353124926,0,773,fixed_point,1,changed_wrong,0.8395061728395061,4,1,0,1,0,0
32,2,0.7530864197530864,1,checkpoints/sudoku_extreme_hf/checkpoint,19,1,blanks_2,40.69766353124926,0,774,fixed_point,1,changed_wrong,0.6666666666666666,11,1,0,1,0,0
32,2,0.9506172839506173,1,checkpoints/sudoku_extreme_hf/checkpoint,4,1,blanks_2,40.69766353124926,0,775,fixed_point,1,changed_wrong,0.7160493827160493,27,1,0,1,0,0
32,2,0.9259259259259259,1,checkpoints/sudoku_extreme_hf/checkpoint,6,1,blanks_2,40.69766353124926,0,776,fixed_point,1,changed_wrong,0.8518518518518519,6,1,0,1,0,0
32,2,0.7037037037037037,1,checkpoints/sudoku_extreme_hf/checkpoint,24,1,blanks_2,40.69766353124926,0,777,fixed_point,1,changed_wrong,0.8148148148148148,10,1,0,1,0,0
32,2,0.7654320987654321,1,checkpoints/sudoku_extreme_hf/checkpoint,18,1,blanks_2,40.69766353124926,0,778,fixed_point,1,changed_wrong,0.5802469135802469,21,1,0,1,0,0
32,2,0.7283950617283951,1,checkpoints/sudoku_extreme_hf/checkpoint,21,1,blanks_2,40.69766353124926,0,779,fixed_point,1,changed_wrong,0.5679012345679012,27,1,0,1,0,0
32,2,1.0,0,checkpoints/sudoku_extreme_hf/checkpoint,0,1,blanks_2,40.69766353124926,1,780,fixed_point,0,stable_correct,1.0,0,1,1,0,0,0
32,2,0.6666666666666666,1,checkpoints/sudoku_extreme_hf/checkpoint,26,1,blanks_2,40.69766353124926,0,781,fixed_point,1,changed_wrong,0.5308641975308642,20,1,0,1,0,0
32,2,0.8271604938271605,1,checkpoints/sudoku_extreme_hf/checkpoint,14,1,blanks_2,40.69766353124926,0,782,fixed_point,1,changed_wrong,0.8271604938271605,19,1,0,1,0,0
32,2,1.0,1,checkpoints/sudoku_extreme_hf/checkpoint,0,1,blanks_2,40.69766353124926,1,783,fixed_point,0,became_wrong,0.7530864197530864,20,1,0,1,0,0
32,2,0.8148148148148148,0,checkpoints/sudoku_extreme_hf/checkpoint,14,1,blanks_2,40.69766353124926,0,784,fixed_point,1,invalid_fixed_point,0.8148148148148148,0,1,0,0,0,0
32,2,1.0,1,checkpoints/sudoku_extreme_hf/checkpoint,0,1,blanks_2,40.69766353124926,1,785,fixed_point,0,became_wrong,0.8148148148148148,15,1,0,1,0,0
32,2,0.7901234567901234,1,checkpoints/sudoku_extreme_hf/checkpoint,16,1,blanks_2,40.69766353124926,0,786,fixed_point,1,changed_wrong,0.6790123456790124,21,1,0,1,0,0
32,2,0.8518518518518519,0,checkpoints/sudoku_extreme_hf/checkpoint,11,1,blanks_2,40.69766353124926,0,787,fixed_point,1,invalid_fixed_point,0.8518518518518519,0,1,0,0,0,0
32,2,0.9135802469135802,1,checkpoints/sudoku_extreme_hf/checkpoint,7,1,blanks_2,40.69766353124926,0,788,fixed_point,1,changed_wrong,0.8148148148148148,16,1,0,1,0,0
32,2,0.8395061728395061,1,checkpoints/sudoku_extreme_hf/checkpoint,13,1,blanks_2,40.69766353124926,0,789,fixed_point,1,changed_wrong,0.6790123456790124,22,1,0,1,0,0
32,2,0.654320987654321,1,checkpoints/sudoku_extreme_hf/checkpoint,26,1,blanks_2,40.69766353124926,0,790,fixed_point,1,changed_wrong,0.691358024691358,19,1,0,1,0,0
32,2,0.6172839506172839,1,checkpoints/sudoku_extreme_hf/checkpoint,31,1,blanks_2,40.69766353124926,0,791,fixed_point,1,changed_wrong,0.5679012345679012,23,1,0,1,0,0
32,2,0.7530864197530864,1,checkpoints/sudoku_extreme_hf/checkpoint,19,0,blanks_2,40.69766353124926,0,792,fixed_point,1,changed_wrong,0.7160493827160493,17,1,0,1,0,15
32,2,0.7037037037037037,1,checkpoints/sudoku_extreme_hf/checkpoint,24,1,blanks_2,40.69766353124926,0,793,fixed_point,1,changed_wrong,0.7037037037037037,24,1,0,1,0,0
32,2,0.9506172839506173,1,checkpoints/sudoku_extreme_hf/checkpoint,4,1,blanks_2,40.69766353124926,0,794,fixed_point,1,changed_wrong,0.6666666666666666,27,0,0,1,28,0
32,2,0.7160493827160493,1,checkpoints/sudoku_extreme_hf/checkpoint,23,1,blanks_2,40.69766353124926,0,795,fixed_point,1,changed_wrong,0.6419753086419753,21,1,0,1,0,0
32,2,0.8395061728395061,1,checkpoints/sudoku_extreme_hf/checkpoint,13,1,blanks_2,40.69766353124926,0,796,fixed_point,1,changed_wrong,0.7160493827160493,12,1,0,1,0,0
32,2,0.8518518518518519,1,checkpoints/sudoku_extreme_hf/checkpoint,11,1,blanks_2,40.69766353124926,0,797,fixed_point,1,changed_wrong,0.6666666666666666,22,1,0,1,0,0
32,2,0.9135802469135802,1,checkpoints/sudoku_extreme_hf/checkpoint,7,1,blanks_2,40.69766353124926,0,798,fixed_point,1,changed_wrong,0.7530864197530864,24,1,0,1,0,0
32,2,0.9506172839506173,1,checkpoints/sudoku_extreme_hf/checkpoint,4,1,blanks_2,40.69766353124926,0,799,fixed_point,1,changed_wrong,0.9135802469135802,4,1,0,1,0,0
32,2,0.8148148148148148,1,checkpoints/sudoku_extreme_hf/checkpoint,14,1,blanks_2,35.95988390625138,0,800,fixed_point,1,changed_wrong,0.6419753086419753,22,1,0,1,0,0
32,2,0.8271604938271605,1,checkpoints/sudoku_extreme_hf/checkpoint,13,1,blanks_2,35.95988390625138,0,801,fixed_point,1,changed_wrong,0.6790123456790124,19,1,0,1,0,0
32,2,0.654320987654321,1,checkpoints/sudoku_extreme_hf/checkpoint,26,1,blanks_2,35.95988390625138,0,802,fixed_point,1,changed_wrong,0.8024691358024691,21,1,0,1,0,0
32,2,0.654320987654321,1,checkpoints/sudoku_extreme_hf/checkpoint,27,1,blanks_2,35.95988390625138,0,803,fixed_point,1,changed_wrong,0.6666666666666666,16,1,0,1,0,0
32,2,0.9135802469135802,1,checkpoints/sudoku_extreme_hf/checkpoint,7,1,blanks_2,35.95988390625138,0,804,fixed_point,1,changed_wrong,0.7777777777777778,13,1,0,1,0,0
32,2,0.9506172839506173,1,checkpoints/sudoku_extreme_hf/checkpoint,4,1,blanks_2,35.95988390625138,0,805,fixed_point,1,changed_wrong,0.8148148148148148,15,1,0,1,0,0
32,2,1.0,1,checkpoints/sudoku_extreme_hf/checkpoint,0,1,blanks_2,35.95988390625138,1,806,fixed_point,0,became_wrong,0.7530864197530864,20,1,0,1,0,0
32,2,0.8641975308641975,0,checkpoints/sudoku_extreme_hf/checkpoint,11,1,blanks_2,35.95988390625138,0,807,fixed_point,1,invalid_fixed_point,0.8641975308641975,0,1,0,0,0,0
32,2,0.7777777777777778,1,checkpoints/sudoku_extreme_hf/checkpoint,18,1,blanks_2,35.95988390625138,0,808,fixed_point,1,changed_wrong,0.6790123456790124,17,1,0,1,0,0
32,2,1.0,0,checkpoints/sudoku_extreme_hf/checkpoint,0,1,blanks_2,35.95988390625138,1,809,fixed_point,0,stable_correct,1.0,0,1,1,0,0,0
32,2,0.7407407407407407,1,checkpoints/sudoku_extreme_hf/checkpoint,20,1,blanks_2,35.95988390625138,0,810,fixed_point,1,changed_wrong,0.691358024691358,22,1,0,1,0,0
32,2,0.7654320987654321,0,checkpoints/sudoku_extreme_hf/checkpoint,19,1,blanks_2,35.95988390625138,0,811,fixed_point,1,invalid_fixed_point,0.7654320987654321,0,1,0,0,0,0
32,2,1.0,1,checkpoints/sudoku_extreme_hf/checkpoint,0,1,blanks_2,35.95988390625138,1,812,fixed_point,0,became_wrong,0.7901234567901234,17,1,0,1,0,0
32,2,0.9012345679012346,1,checkpoints/sudoku_extreme_hf/checkpoint,8,1,blanks_2,35.95988390625138,0,813,fixed_point,1,changed_wrong,0.8641975308641975,11,1,0,1,0,0
32,2,0.9012345679012346,1,checkpoints/sudoku_extreme_hf/checkpoint,6,1,blanks_2,35.95988390625138,0,814,fixed_point,1,changed_wrong,0.691358024691358,22,1,0,1,0,0
32,2,0.654320987654321,1,checkpoints/sudoku_extreme_hf/checkpoint,27,1,blanks_2,35.95988390625138,0,815,fixed_point,1,changed_wrong,0.5679012345679012,22,1,0,1,0,0
32,2,0.7777777777777778,0,checkpoints/sudoku_extreme_hf/checkpoint,18,1,blanks_2,35.95988390625138,0,816,fixed_point,1,invalid_fixed_point,0.7777777777777778,0,1,0,0,0,0
32,2,0.8395061728395061,1,checkpoints/sudoku_extreme_hf/checkpoint,13,1,blanks_2,35.95988390625138,0,817,fixed_point,1,changed_wrong,0.7901234567901234,19,1,0,1,0,0
32,2,0.8271604938271605,1,checkpoints/sudoku_extreme_hf/checkpoint,14,1,blanks_2,35.95988390625138,0,818,fixed_point,1,changed_wrong,0.691358024691358,18,1,0,1,0,0
32,2,0.8148148148148148,1,checkpoints/sudoku_extreme_hf/checkpoint,13,1,blanks_2,35.95988390625138,0,819,fixed_point,1,changed_wrong,0.5802469135802469,26,1,0,1,0,0
32,2,0.9506172839506173,1,checkpoints/sudoku_extreme_hf/checkpoint,4,1,blanks_2,35.95988390625138,0,820,fixed_point,1,changed_wrong,0.7530864197530864,17,1,0,1,0,0
32,2,0.9506172839506173,1,checkpoints/sudoku_extreme_hf/checkpoint,4,1,blanks_2,35.95988390625138,0,821,fixed_point,1,changed_wrong,0.7901234567901234,19,1,0,1,0,0
32,2,0.8024691358024691,1,checkpoints/sudoku_extreme_hf/checkpoint,16,1,blanks_2,35.95988390625138,0,822,fixed_point,1,changed_wrong,0.7654320987654321,25,1,0,1,0,0
32,2,1.0,1,checkpoints/sudoku_extreme_hf/checkpoint,0,1,blanks_2,35.95988390625138,1,823,fixed_point,0,became_wrong,0.6790123456790124,26,1,0,1,0,0
32,2,0.9506172839506173,1,checkpoints/sudoku_extreme_hf/checkpoint,3,1,blanks_2,35.95988390625138,0,824,fixed_point,1,changed_wrong,0.7160493827160493,19,0,0,1,29,0
32,2,0.9506172839506173,1,checkpoints/sudoku_extreme_hf/checkpoint,4,1,blanks_2,35.95988390625138,0,825,fixed_point,1,changed_wrong,0.8024691358024691,13,1,0,1,0,0
32,2,0.8271604938271605,1,checkpoints/sudoku_extreme_hf/checkpoint,13,1,blanks_2,35.95988390625138,0,826,fixed_point,1,changed_wrong,0.7654320987654321,27,1,0,1,0,0
32,2,0.7901234567901234,1,checkpoints/sudoku_extreme_hf/checkpoint,17,1,blanks_2,35.95988390625138,0,827,fixed_point,1,changed_wrong,0.7037037037037037,26,1,0,1,0,0
32,2,0.8765432098765432,1,checkpoints/sudoku_extreme_hf/checkpoint,9,1,blanks_2,35.95988390625138,0,828,fixed_point,1,changed_wrong,0.5925925925925926,27,0,0,1,18,0
32,2,1.0,1,checkpoints/sudoku_extreme_hf/checkpoint,0,1,blanks_2,35.95988390625138,1,829,fixed_point,0,became_wrong,0.9012345679012346,8,1,0,1,0,0
32,2,0.9135802469135802,1,checkpoints/sudoku_extreme_hf/checkpoint,7,1,blanks_2,35.95988390625138,0,830,fixed_point,1,changed_wrong,0.7160493827160493,23,1,0,1,0,0
32,2,0.9259259259259259,1,checkpoints/sudoku_extreme_hf/checkpoint,6,1,blanks_2,35.95988390625138,0,831,fixed_point,1,changed_wrong,0.7530864197530864,15,1,0,1,0,0
32,2,0.6666666666666666,1,checkpoints/sudoku_extreme_hf/checkpoint,26,1,blanks_2,38.807617187501364,0,832,fixed_point,1,changed_wrong,0.5925925925925926,23,1,0,1,0,0
32,2,0.8024691358024691,1,checkpoints/sudoku_extreme_hf/checkpoint,15,1,blanks_2,38.807617187501364,0,833,fixed_point,1,changed_wrong,0.6296296296296297,22,0,0,1,4,0
32,2,0.7283950617283951,1,checkpoints/sudoku_extreme_hf/checkpoint,20,1,blanks_2,38.807617187501364,0,834,fixed_point,1,changed_wrong,0.654320987654321,10,1,0,1,0,0
32,2,1.0,1,checkpoints/sudoku_extreme_hf/checkpoint,0,1,blanks_2,38.807617187501364,1,835,fixed_point,0,became_wrong,0.8518518518518519,12,1,0,1,0,0
32,2,0.7407407407407407,1,checkpoints/sudoku_extreme_hf/checkpoint,21,1,blanks_2,38.807617187501364,0,836,fixed_point,1,changed_wrong,0.5185185185185185,31,0,0,1,27,0
32,2,0.8024691358024691,1,checkpoints/sudoku_extreme_hf/checkpoint,16,1,blanks_2,38.807617187501364,0,837,fixed_point,1,changed_wrong,0.654320987654321,13,1,0,1,0,0
32,2,0.654320987654321,1,checkpoints/sudoku_extreme_hf/checkpoint,28,1,blanks_2,38.807617187501364,0,838,fixed_point,1,changed_wrong,0.7160493827160493,25,1,0,1,0,0
32,2,0.7037037037037037,1,checkpoints/sudoku_extreme_hf/checkpoint,22,1,blanks_2,38.807617187501364,0,839,fixed_point,1,changed_wrong,0.6296296296296297,17,1,0,1,0,0
32,2,0.8024691358024691,1,checkpoints/sudoku_extreme_hf/checkpoint,14,1,blanks_2,38.807617187501364,0,840,fixed_point,1,changed_wrong,0.7283950617283951,25,1,0,1,0,0
32,2,0.8641975308641975,1,checkpoints/sudoku_extreme_hf/checkpoint,11,1,blanks_2,38.807617187501364,0,841,fixed_point,1,changed_wrong,0.9506172839506173,11,1,0,1,0,0
32,2,0.691358024691358,1,checkpoints/sudoku_extreme_hf/checkpoint,24,1,blanks_2,38.807617187501364,0,842,fixed_point,1,changed_wrong,0.654320987654321,28,1,0,1,0,0
32,2,0.9259259259259259,1,checkpoints/sudoku_extreme_hf/checkpoint,6,1,blanks_2,38.807617187501364,0,843,fixed_point,1,changed_wrong,0.8641975308641975,6,1,0,1,0,0
32,2,0.8518518518518519,1,checkpoints/sudoku_extreme_hf/checkpoint,11,1,blanks_2,38.807617187501364,0,844,fixed_point,1,became_correct,1.0,12,1,1,1,0,0
32,2,0.8765432098765432,1,checkpoints/sudoku_extreme_hf/checkpoint,10,1,blanks_2,38.807617187501364,0,845,fixed_point,1,changed_wrong,0.7407407407407407,22,1,0,1,0,0
32,2,0.6666666666666666,1,checkpoints/sudoku_extreme_hf/checkpoint,25,1,blanks_2,38.807617187501364,0,846,fixed_point,1,changed_wrong,0.691358024691358,16,1,0,1,0,0
32,2,0.8765432098765432,1,checkpoints/sudoku_extreme_hf/checkpoint,10,1,blanks_2,38.807617187501364,0,847,fixed_point,1,changed_wrong,0.9506172839506173,6,1,0,1,0,0
32,2,0.5925925925925926,1,checkpoints/sudoku_extreme_hf/checkpoint,32,0,blanks_2,38.807617187501364,0,848,fixed_point,1,changed_wrong,0.6419753086419753,27,1,0,1,0,34
32,2,0.9259259259259259,1,checkpoints/sudoku_extreme_hf/checkpoint,6,1,blanks_2,38.807617187501364,0,849,fixed_point,1,changed_wrong,0.7407407407407407,21,1,0,1,0,0
32,2,1.0,0,checkpoints/sudoku_extreme_hf/checkpoint,0,1,blanks_2,38.807617187501364,1,850,fixed_point,0,stable_correct,1.0,0,1,1,0,0,0
32,2,0.9012345679012346,1,checkpoints/sudoku_extreme_hf/checkpoint,8,1,blanks_2,38.807617187501364,0,851,fixed_point,1,changed_wrong,0.6666666666666666,21,1,0,1,0,0
32,2,0.8888888888888888,1,checkpoints/sudoku_extreme_hf/checkpoint,9,1,blanks_2,38.807617187501364,0,852,fixed_point,1,changed_wrong,0.691358024691358,19,1,0,1,0,0
32,2,0.7777777777777778,1,checkpoints/sudoku_extreme_hf/checkpoint,17,1,blanks_2,38.807617187501364,0,853,fixed_point,1,changed_wrong,0.7037037037037037,18,1,0,1,0,0
32,2,0.9506172839506173,1,checkpoints/sudoku_extreme_hf/checkpoint,4,1,blanks_2,38.807617187501364,0,854,fixed_point,1,changed_wrong,0.7160493827160493,25,1,0,1,0,0
32,2,0.9135802469135802,1,checkpoints/sudoku_extreme_hf/checkpoint,6,1,blanks_2,38.807617187501364,0,855,fixed_point,1,changed_wrong,0.7160493827160493,20,1,0,1,0,0
32,2,0.7407407407407407,1,checkpoints/sudoku_extreme_hf/checkpoint,20,1,blanks_2,38.807617187501364,0,856,fixed_point,1,changed_wrong,0.7160493827160493,14,1,0,1,0,0
32,2,0.9259259259259259,1,checkpoints/sudoku_extreme_hf/checkpoint,5,1,blanks_2,38.807617187501364,0,857,fixed_point,1,changed_wrong,0.7160493827160493,18,1,0,1,0,0
32,2,0.8765432098765432,1,checkpoints/sudoku_extreme_hf/checkpoint,10,1,blanks_2,38.807617187501364,0,858,fixed_point,1,changed_wrong,0.6049382716049383,27,1,0,1,0,0
32,2,0.9012345679012346,1,checkpoints/sudoku_extreme_hf/checkpoint,8,1,blanks_2,38.807617187501364,0,859,fixed_point,1,changed_wrong,0.7160493827160493,23,1,0,1,0,0
32,2,0.9012345679012346,1,checkpoints/sudoku_extreme_hf/checkpoint,7,1,blanks_2,38.807617187501364,0,860,fixed_point,1,changed_wrong,0.8024691358024691,10,0,0,1,7,0
32,2,0.9259259259259259,1,checkpoints/sudoku_extreme_hf/checkpoint,5,1,blanks_2,38.807617187501364,0,861,fixed_point,1,changed_wrong,0.7037037037037037,23,1,0,1,0,0
32,2,1.0,1,checkpoints/sudoku_extreme_hf/checkpoint,0,1,blanks_2,38.807617187501364,1,862,fixed_point,0,became_wrong,0.6666666666666666,27,1,0,1,0,0
32,2,0.8395061728395061,1,checkpoints/sudoku_extreme_hf/checkpoint,12,1,blanks_2,38.807617187501364,0,863,fixed_point,1,changed_wrong,0.7777777777777778,21,1,0,1,0,0
32,2,0.8518518518518519,1,checkpoints/sudoku_extreme_hf/checkpoint,11,1,blanks_2,42.4908550937495,0,864,fixed_point,1,changed_wrong,0.6172839506172839,36,1,0,1,0,0
32,2,0.8395061728395061,1,checkpoints/sudoku_extreme_hf/checkpoint,12,1,blanks_2,42.4908550937495,0,865,fixed_point,1,changed_wrong,0.8518518518518519,15,1,0,1,0,0
32,2,0.8641975308641975,0,checkpoints/sudoku_extreme_hf/checkpoint,11,1,blanks_2,42.4908550937495,0,866,fixed_point,1,invalid_fixed_point,0.8641975308641975,0,1,0,0,0,0
32,2,0.6666666666666666,1,checkpoints/sudoku_extreme_hf/checkpoint,26,1,blanks_2,42.4908550937495,0,867,fixed_point,1,changed_wrong,0.6296296296296297,13,1,0,1,0,0
32,2,0.9506172839506173,1,checkpoints/sudoku_extreme_hf/checkpoint,4,1,blanks_2,42.4908550937495,0,868,fixed_point,1,changed_wrong,0.7654320987654321,16,1,0,1,0,0
32,2,1.0,1,checkpoints/sudoku_extreme_hf/checkpoint,0,1,blanks_2,42.4908550937495,1,869,fixed_point,0,became_wrong,0.6419753086419753,29,1,0,1,0,0
32,2,0.7283950617283951,1,checkpoints/sudoku_extreme_hf/checkpoint,22,1,blanks_2,42.4908550937495,0,870,fixed_point,1,changed_wrong,0.654320987654321,26,1,0,1,0,0
32,2,0.8641975308641975,1,checkpoints/sudoku_extreme_hf/checkpoint,9,1,blanks_2,42.4908550937495,0,871,fixed_point,1,changed_wrong,0.7283950617283951,23,1,0,1,0,0
32,2,0.9506172839506173,1,checkpoints/sudoku_extreme_hf/checkpoint,4,1,blanks_2,42.4908550937495,0,872,fixed_point,1,changed_wrong,0.9506172839506173,8,1,0,1,0,0
32,2,0.8518518518518519,1,checkpoints/sudoku_extreme_hf/checkpoint,10,1,blanks_2,42.4908550937495,0,873,fixed_point,1,changed_wrong,0.8518518518518519,8,1,0,1,0,0
32,2,0.9506172839506173,1,checkpoints/sudoku_extreme_hf/checkpoint,4,1,blanks_2,42.4908550937495,0,874,fixed_point,1,changed_wrong,0.9259259259259259,9,1,0,1,0,0
32,2,0.6790123456790124,1,checkpoints/sudoku_extreme_hf/checkpoint,25,1,blanks_2,42.4908550937495,0,875,fixed_point,1,changed_wrong,0.7407407407407407,21,1,0,1,0,0
32,2,0.9259259259259259,1,checkpoints/sudoku_extreme_hf/checkpoint,6,1,blanks_2,42.4908550937495,0,876,fixed_point,1,changed_wrong,0.8888888888888888,4,1,0,1,0,0
32,2,0.6666666666666666,1,checkpoints/sudoku_extreme_hf/checkpoint,26,1,blanks_2,42.4908550937495,0,877,fixed_point,1,changed_wrong,0.6666666666666666,14,1,0,1,0,0
32,2,0.9506172839506173,1,checkpoints/sudoku_extreme_hf/checkpoint,4,1,blanks_2,42.4908550937495,0,878,fixed_point,1,changed_wrong,0.654320987654321,26,1,0,1,0,0
32,2,0.7037037037037037,1,checkpoints/sudoku_extreme_hf/checkpoint,22,0,blanks_2,42.4908550937495,0,879,fixed_point,1,changed_wrong,0.6296296296296297,21,1,0,1,0,29
32,2,0.8271604938271605,1,checkpoints/sudoku_extreme_hf/checkpoint,13,1,blanks_2,42.4908550937495,0,880,fixed_point,1,changed_wrong,0.8765432098765432,16,1,0,1,0,0
32,2,0.8641975308641975,1,checkpoints/sudoku_extreme_hf/checkpoint,11,1,blanks_2,42.4908550937495,0,881,fixed_point,1,changed_wrong,0.7901234567901234,12,1,0,1,0,0
32,2,0.7160493827160493,1,checkpoints/sudoku_extreme_hf/checkpoint,22,0,blanks_2,42.4908550937495,0,882,fixed_point,1,changed_wrong,0.6172839506172839,24,0,0,1,25,18
32,2,0.6419753086419753,1,checkpoints/sudoku_extreme_hf/checkpoint,27,1,blanks_2,42.4908550937495,0,883,fixed_point,1,changed_wrong,0.5925925925925926,24,0,0,1,17,0
32,2,0.9012345679012346,1,checkpoints/sudoku_extreme_hf/checkpoint,7,1,blanks_2,42.4908550937495,0,884,fixed_point,1,changed_wrong,0.8395061728395061,6,1,0,1,0,0
32,2,0.6790123456790124,1,checkpoints/sudoku_extreme_hf/checkpoint,25,1,blanks_2,42.4908550937495,0,885,fixed_point,1,changed_wrong,0.6419753086419753,31,1,0,1,0,0
32,2,0.8271604938271605,1,checkpoints/sudoku_extreme_hf/checkpoint,13,1,blanks_2,42.4908550937495,0,886,fixed_point,1,changed_wrong,0.6172839506172839,28,1,0,1,0,0
32,2,0.5925925925925926,1,checkpoints/sudoku_extreme_hf/checkpoint,32,1,blanks_2,42.4908550937495,0,887,fixed_point,1,changed_wrong,0.5308641975308642,14,1,0,1,0,0
32,2,0.9259259259259259,1,checkpoints/sudoku_extreme_hf/checkpoint,6,1,blanks_2,42.4908550937495,0,888,fixed_point,1,changed_wrong,0.8395061728395061,15,1,0,1,0,0
32,2,0.8395061728395061,1,checkpoints/sudoku_extreme_hf/checkpoint,13,1,blanks_2,42.4908550937495,0,889,fixed_point,1,changed_wrong,0.7160493827160493,21,0,0,1,19,0
32,2,0.8024691358024691,1,checkpoints/sudoku_extreme_hf/checkpoint,16,1,blanks_2,42.4908550937495,0,890,fixed_point,1,changed_wrong,0.7037037037037037,18,1,0,1,0,0
32,2,0.6790123456790124,1,checkpoints/sudoku_extreme_hf/checkpoint,25,0,blanks_2,42.4908550937495,0,891,fixed_point,1,changed_wrong,0.654320987654321,24,1,0,1,0,20
32,2,1.0,1,checkpoints/sudoku_extreme_hf/checkpoint,0,1,blanks_2,42.4908550937495,1,892,fixed_point,0,became_wrong,0.7037037037037037,24,1,0,1,0,0
32,2,0.6296296296296297,1,checkpoints/sudoku_extreme_hf/checkpoint,30,1,blanks_2,42.4908550937495,0,893,fixed_point,1,changed_wrong,0.654320987654321,24,0,0,1,36,0
32,2,0.7654320987654321,1,checkpoints/sudoku_extreme_hf/checkpoint,18,0,blanks_2,42.4908550937495,0,894,fixed_point,1,changed_wrong,0.6419753086419753,20,0,0,1,30,16
32,2,0.7407407407407407,1,checkpoints/sudoku_extreme_hf/checkpoint,19,1,blanks_2,42.4908550937495,0,895,fixed_point,1,changed_wrong,0.691358024691358,26,1,0,1,0,0
32,2,0.7530864197530864,1,checkpoints/sudoku_extreme_hf/checkpoint,20,1,blanks_2,38.43776128124965,0,896,fixed_point,1,changed_wrong,0.7037037037037037,27,1,0,1,0,0
32,2,0.7654320987654321,1,checkpoints/sudoku_extreme_hf/checkpoint,19,0,blanks_2,38.43776128124965,0,897,fixed_point,1,changed_wrong,0.6666666666666666,22,0,0,1,26,19
32,2,0.6172839506172839,1,checkpoints/sudoku_extreme_hf/checkpoint,31,0,blanks_2,38.43776128124965,0,898,fixed_point,1,changed_wrong,0.6049382716049383,23,0,0,1,7,24
32,2,1.0,1,checkpoints/sudoku_extreme_hf/checkpoint,0,1,blanks_2,38.43776128124965,1,899,fixed_point,0,became_wrong,0.7530864197530864,20,1,0,1,0,0
32,2,0.9506172839506173,1,checkpoints/sudoku_extreme_hf/checkpoint,4,1,blanks_2,38.43776128124965,0,900,fixed_point,1,changed_wrong,0.8271604938271605,16,1,0,1,0,0
32,2,0.8271604938271605,1,checkpoints/sudoku_extreme_hf/checkpoint,13,1,blanks_2,38.43776128124965,0,901,fixed_point,1,changed_wrong,0.7407407407407407,9,1,0,1,0,0
32,2,0.8641975308641975,1,checkpoints/sudoku_extreme_hf/checkpoint,11,1,blanks_2,38.43776128124965,0,902,fixed_point,1,changed_wrong,0.9012345679012346,4,1,0,1,0,0
32,2,0.654320987654321,1,checkpoints/sudoku_extreme_hf/checkpoint,27,1,blanks_2,38.43776128124965,0,903,fixed_point,1,changed_wrong,0.6419753086419753,25,1,0,1,0,0
32,2,0.9506172839506173,1,checkpoints/sudoku_extreme_hf/checkpoint,4,1,blanks_2,38.43776128124965,0,904,fixed_point,1,changed_wrong,0.8024691358024691,20,1,0,1,0,0
32,2,1.0,1,checkpoints/sudoku_extreme_hf/checkpoint,0,1,blanks_2,38.43776128124965,1,905,fixed_point,0,became_wrong,0.8271604938271605,14,1,0,1,0,0
32,2,0.8888888888888888,1,checkpoints/sudoku_extreme_hf/checkpoint,8,1,blanks_2,38.43776128124965,0,906,fixed_point,1,changed_wrong,0.7901234567901234,15,1,0,1,0,0
32,2,0.7654320987654321,1,checkpoints/sudoku_extreme_hf/checkpoint,18,1,blanks_2,38.43776128124965,0,907,fixed_point,1,changed_wrong,0.654320987654321,24,0,0,1,27,0
32,2,0.7530864197530864,1,checkpoints/sudoku_extreme_hf/checkpoint,19,1,blanks_2,38.43776128124965,0,908,fixed_point,1,changed_wrong,0.7654320987654321,29,1,0,1,0,0
32,2,0.7407407407407407,1,checkpoints/sudoku_extreme_hf/checkpoint,20,1,blanks_2,38.43776128124965,0,909,fixed_point,1,changed_wrong,0.7283950617283951,10,1,0,1,0,0
32,2,0.8395061728395061,1,checkpoints/sudoku_extreme_hf/checkpoint,13,1,blanks_2,38.43776128124965,0,910,fixed_point,1,changed_wrong,0.7160493827160493,26,1,0,1,0,0
32,2,0.9135802469135802,1,checkpoints/sudoku_extreme_hf/checkpoint,7,1,blanks_2,38.43776128124965,0,911,fixed_point,1,changed_wrong,0.9259259259259259,12,1,0,1,0,0
32,2,0.8888888888888888,1,checkpoints/sudoku_extreme_hf/checkpoint,8,1,blanks_2,38.43776128124965,0,912,fixed_point,1,changed_wrong,0.8148148148148148,10,1,0,1,0,0
32,2,0.8024691358024691,1,checkpoints/sudoku_extreme_hf/checkpoint,16,0,blanks_2,38.43776128124965,0,913,fixed_point,1,changed_wrong,0.5679012345679012,31,1,0,1,0,21
32,2,0.6296296296296297,1,checkpoints/sudoku_extreme_hf/checkpoint,28,1,blanks_2,38.43776128124965,0,914,fixed_point,1,changed_wrong,0.6296296296296297,26,0,0,1,17,0
32,2,0.8148148148148148,1,checkpoints/sudoku_extreme_hf/checkpoint,14,1,blanks_2,38.43776128124965,0,915,fixed_point,1,changed_wrong,0.654320987654321,17,1,0,1,0,0
32,2,0.9012345679012346,1,checkpoints/sudoku_extreme_hf/checkpoint,7,1,blanks_2,38.43776128124965,0,916,fixed_point,1,changed_wrong,0.7407407407407407,14,1,0,1,0,0
32,2,1.0,1,checkpoints/sudoku_extreme_hf/checkpoint,0,1,blanks_2,38.43776128124965,1,917,fixed_point,0,became_wrong,0.7777777777777778,18,1,0,1,0,0
32,2,0.9506172839506173,1,checkpoints/sudoku_extreme_hf/checkpoint,4,1,blanks_2,38.43776128124965,0,918,fixed_point,1,changed_wrong,0.7530864197530864,20,1,0,1,0,0
32,2,0.9506172839506173,1,checkpoints/sudoku_extreme_hf/checkpoint,4,1,blanks_2,38.43776128124965,0,919,fixed_point,1,changed_wrong,0.7530864197530864,18,0,0,1,8,0
32,2,0.8765432098765432,1,checkpoints/sudoku_extreme_hf/checkpoint,10,1,blanks_2,38.43776128124965,0,920,fixed_point,1,changed_wrong,0.5925925925925926,30,0,0,1,17,0
32,2,0.7654320987654321,0,checkpoints/sudoku_extreme_hf/checkpoint,19,1,blanks_2,38.43776128124965,0,921,fixed_point,1,invalid_fixed_point,0.7654320987654321,0,1,0,0,0,0
32,2,0.8148148148148148,1,checkpoints/sudoku_extreme_hf/checkpoint,14,1,blanks_2,38.43776128124965,0,922,fixed_point,1,changed_wrong,0.6790123456790124,15,1,0,1,0,0
32,2,0.691358024691358,1,checkpoints/sudoku_extreme_hf/checkpoint,24,1,blanks_2,38.43776128124965,0,923,fixed_point,1,changed_wrong,0.6049382716049383,32,1,0,1,0,0
32,2,0.7777777777777778,1,checkpoints/sudoku_extreme_hf/checkpoint,18,1,blanks_2,38.43776128124965,0,924,fixed_point,1,changed_wrong,0.7037037037037037,8,1,0,1,0,0
32,2,0.9012345679012346,1,checkpoints/sudoku_extreme_hf/checkpoint,8,1,blanks_2,38.43776128124965,0,925,fixed_point,1,changed_wrong,0.8271604938271605,6,1,0,1,0,0
32,2,0.8518518518518519,1,checkpoints/sudoku_extreme_hf/checkpoint,11,1,blanks_2,38.43776128124965,0,926,fixed_point,1,changed_wrong,0.7407407407407407,17,1,0,1,0,0
32,2,0.9259259259259259,1,checkpoints/sudoku_extreme_hf/checkpoint,6,1,blanks_2,38.43776128124965,0,927,fixed_point,1,became_correct,1.0,6,1,1,1,0,0
32,2,0.691358024691358,1,checkpoints/sudoku_extreme_hf/checkpoint,25,1,blanks_2,34.60557015625021,0,928,fixed_point,1,changed_wrong,0.6790123456790124,26,1,0,1,0,0
32,2,1.0,1,checkpoints/sudoku_extreme_hf/checkpoint,0,1,blanks_2,34.60557015625021,1,929,fixed_point,0,became_wrong,0.6790123456790124,26,1,0,1,0,0
32,2,1.0,1,checkpoints/sudoku_extreme_hf/checkpoint,0,1,blanks_2,34.60557015625021,1,930,fixed_point,0,became_wrong,0.7530864197530864,20,1,0,1,0,0
32,2,0.7901234567901234,1,checkpoints/sudoku_extreme_hf/checkpoint,16,1,blanks_2,34.60557015625021,0,931,fixed_point,1,changed_wrong,0.7283950617283951,19,1,0,1,0,0
32,2,0.8148148148148148,1,checkpoints/sudoku_extreme_hf/checkpoint,14,1,blanks_2,34.60557015625021,0,932,fixed_point,1,changed_wrong,0.7160493827160493,11,1,0,1,0,0
32,2,0.8148148148148148,1,checkpoints/sudoku_extreme_hf/checkpoint,15,1,blanks_2,34.60557015625021,0,933,fixed_point,1,changed_wrong,0.6790123456790124,23,0,0,1,25,0
32,2,0.9259259259259259,1,checkpoints/sudoku_extreme_hf/checkpoint,6,1,blanks_2,34.60557015625021,0,934,fixed_point,1,changed_wrong,0.6790123456790124,30,1,0,1,0,0
32,2,0.7037037037037037,1,checkpoints/sudoku_extreme_hf/checkpoint,23,1,blanks_2,34.60557015625021,0,935,fixed_point,1,changed_wrong,0.6049382716049383,19,1,0,1,0,0
32,2,0.6790123456790124,1,checkpoints/sudoku_extreme_hf/checkpoint,25,1,blanks_2,34.60557015625021,0,936,fixed_point,1,changed_wrong,0.6172839506172839,16,0,0,1,3,0
32,2,0.9259259259259259,1,checkpoints/sudoku_extreme_hf/checkpoint,6,1,blanks_2,34.60557015625021,0,937,fixed_point,1,changed_wrong,0.9259259259259259,6,1,0,1,0,0
32,2,0.7407407407407407,1,checkpoints/sudoku_extreme_hf/checkpoint,19,1,blanks_2,34.60557015625021,0,938,fixed_point,1,changed_wrong,0.6666666666666666,10,1,0,1,0,0
32,2,1.0,1,checkpoints/sudoku_extreme_hf/checkpoint,0,1,blanks_2,34.60557015625021,1,939,fixed_point,0,became_wrong,0.8395061728395061,13,1,0,1,0,0
32,2,0.9135802469135802,1,checkpoints/sudoku_extreme_hf/checkpoint,7,1,blanks_2,34.60557015625021,0,940,fixed_point,1,changed_wrong,0.7407407407407407,22,1,0,1,0,0
32,2,0.9506172839506173,1,checkpoints/sudoku_extreme_hf/checkpoint,4,1,blanks_2,34.60557015625021,0,941,fixed_point,1,changed_wrong,0.7407407407407407,18,1,0,1,0,0
32,2,0.7037037037037037,1,checkpoints/sudoku_extreme_hf/checkpoint,24,1,blanks_2,34.60557015625021,0,942,fixed_point,1,changed_wrong,0.6172839506172839,20,1,0,1,0,0
32,2,0.654320987654321,1,checkpoints/sudoku_extreme_hf/checkpoint,26,0,blanks_2,34.60557015625021,0,943,fixed_point,1,changed_wrong,0.6419753086419753,7,1,0,1,0,16
32,2,1.0,1,checkpoints/sudoku_extreme_hf/checkpoint,0,1,blanks_2,34.60557015625021,1,944,fixed_point,0,became_wrong,0.9012345679012346,8,1,0,1,0,0
32,2,0.8641975308641975,1,checkpoints/sudoku_extreme_hf/checkpoint,11,1,blanks_2,34.60557015625021,0,945,fixed_point,1,changed_wrong,0.6172839506172839,27,1,0,1,0,0
32,2,0.5925925925925926,1,checkpoints/sudoku_extreme_hf/checkpoint,31,1,blanks_2,34.60557015625021,0,946,fixed_point,1,changed_wrong,0.49382716049382713,27,1,0,1,0,0
32,2,0.8518518518518519,1,checkpoints/sudoku_extreme_hf/checkpoint,12,1,blanks_2,34.60557015625021,0,947,fixed_point,1,changed_wrong,0.654320987654321,25,1,0,1,0,0
32,2,0.6419753086419753,1,checkpoints/sudoku_extreme_hf/checkpoint,27,1,blanks_2,34.60557015625021,0,948,fixed_point,1,changed_wrong,0.5432098765432098,18,1,0,1,0,0
32,2,0.7530864197530864,1,checkpoints/sudoku_extreme_hf/checkpoint,18,1,blanks_2,34.60557015625021,0,949,fixed_point,1,changed_wrong,0.6296296296296297,23,1,0,1,0,0
32,2,0.9259259259259259,1,checkpoints/sudoku_extreme_hf/checkpoint,6,1,blanks_2,34.60557015625021,0,950,fixed_point,1,changed_wrong,0.691358024691358,26,1,0,1,0,0
32,2,0.9506172839506173,1,checkpoints/sudoku_extreme_hf/checkpoint,4,1,blanks_2,34.60557015625021,0,951,fixed_point,1,changed_wrong,0.7037037037037037,21,1,0,1,0,0
32,2,0.8518518518518519,0,checkpoints/sudoku_extreme_hf/checkpoint,11,1,blanks_2,34.60557015625021,0,952,fixed_point,1,invalid_fixed_point,0.8518518518518519,0,1,0,0,0,0
32,2,0.9506172839506173,1,checkpoints/sudoku_extreme_hf/checkpoint,4,1,blanks_2,34.60557015625021,0,953,fixed_point,1,changed_wrong,0.8395061728395061,9,1,0,1,0,0
32,2,0.8148148148148148,1,checkpoints/sudoku_extreme_hf/checkpoint,14,1,blanks_2,34.60557015625021,0,954,fixed_point,1,changed_wrong,0.7283950617283951,20,1,0,1,0,0
32,2,0.7777777777777778,1,checkpoints/sudoku_extreme_hf/checkpoint,17,1,blanks_2,34.60557015625021,0,955,fixed_point,1,changed_wrong,0.6666666666666666,24,1,0,1,0,0
32,2,0.6296296296296297,1,checkpoints/sudoku_extreme_hf/checkpoint,29,1,blanks_2,34.60557015625021,0,956,fixed_point,1,changed_wrong,0.6049382716049383,10,1,0,1,0,0
32,2,0.8765432098765432,1,checkpoints/sudoku_extreme_hf/checkpoint,10,1,blanks_2,34.60557015625021,0,957,fixed_point,1,changed_wrong,0.7407407407407407,18,1,0,1,0,0
32,2,0.7283950617283951,0,checkpoints/sudoku_extreme_hf/checkpoint,22,1,blanks_2,34.60557015625021,0,958,fixed_point,1,invalid_fixed_point,0.7283950617283951,0,1,0,0,0,0
32,2,1.0,1,checkpoints/sudoku_extreme_hf/checkpoint,0,1,blanks_2,34.60557015625021,1,959,fixed_point,0,became_wrong,0.8271604938271605,14,1,0,1,0,0
32,2,0.6296296296296297,1,checkpoints/sudoku_extreme_hf/checkpoint,30,1,blanks_2,33.81055259374932,0,960,fixed_point,1,changed_wrong,0.5679012345679012,12,1,0,1,0,0
32,2,0.8765432098765432,1,checkpoints/sudoku_extreme_hf/checkpoint,9,1,blanks_2,33.81055259374932,0,961,fixed_point,1,changed_wrong,0.7407407407407407,22,1,0,1,0,0
32,2,0.8395061728395061,1,checkpoints/sudoku_extreme_hf/checkpoint,12,1,blanks_2,33.81055259374932,0,962,fixed_point,1,changed_wrong,0.7901234567901234,13,1,0,1,0,0
32,2,0.7407407407407407,1,checkpoints/sudoku_extreme_hf/checkpoint,21,1,blanks_2,33.81055259374932,0,963,fixed_point,1,changed_wrong,0.6666666666666666,13,1,0,1,0,0
32,2,0.7530864197530864,1,checkpoints/sudoku_extreme_hf/checkpoint,19,1,blanks_2,33.81055259374932,0,964,fixed_point,1,changed_wrong,0.6419753086419753,26,1,0,1,0,0
32,2,0.8765432098765432,1,checkpoints/sudoku_extreme_hf/checkpoint,9,1,blanks_2,33.81055259374932,0,965,fixed_point,1,changed_wrong,0.8271604938271605,4,1,0,1,0,0
32,2,0.9259259259259259,1,checkpoints/sudoku_extreme_hf/checkpoint,6,1,blanks_2,33.81055259374932,0,966,fixed_point,1,changed_wrong,0.7037037037037037,24,0,0,1,29,0
32,2,0.8641975308641975,1,checkpoints/sudoku_extreme_hf/checkpoint,10,1,blanks_2,33.81055259374932,0,967,fixed_point,1,changed_wrong,0.6419753086419753,26,1,0,1,0,0
32,2,0.7160493827160493,1,checkpoints/sudoku_extreme_hf/checkpoint,21,1,blanks_2,33.81055259374932,0,968,fixed_point,1,changed_wrong,0.5185185185185185,30,1,0,1,0,0
32,2,0.7037037037037037,1,checkpoints/sudoku_extreme_hf/checkpoint,23,1,blanks_2,33.81055259374932,0,969,fixed_point,1,changed_wrong,0.6666666666666666,22,1,0,1,0,0
32,2,0.8765432098765432,1,checkpoints/sudoku_extreme_hf/checkpoint,10,1,blanks_2,33.81055259374932,0,970,fixed_point,1,changed_wrong,0.6666666666666666,25,1,0,1,0,0
32,2,0.8395061728395061,1,checkpoints/sudoku_extreme_hf/checkpoint,12,0,blanks_2,33.81055259374932,0,971,fixed_point,1,changed_wrong,0.5925925925925926,27,1,0,1,0,6
32,2,0.654320987654321,0,checkpoints/sudoku_extreme_hf/checkpoint,27,1,blanks_2,33.81055259374932,0,972,fixed_point,1,invalid_fixed_point,0.654320987654321,0,1,0,0,0,0
32,2,0.654320987654321,1,checkpoints/sudoku_extreme_hf/checkpoint,28,1,blanks_2,33.81055259374932,0,973,fixed_point,1,changed_wrong,0.5925925925925926,19,0,0,1,25,0
32,2,0.8518518518518519,1,checkpoints/sudoku_extreme_hf/checkpoint,11,1,blanks_2,33.81055259374932,0,974,fixed_point,1,changed_wrong,0.6666666666666666,25,1,0,1,0,0
32,2,0.6049382716049383,1,checkpoints/sudoku_extreme_hf/checkpoint,31,0,blanks_2,33.81055259374932,0,975,fixed_point,1,changed_wrong,0.5679012345679012,27,1,0,1,0,27
32,2,0.6790123456790124,1,checkpoints/sudoku_extreme_hf/checkpoint,25,1,blanks_2,33.81055259374932,0,976,fixed_point,1,changed_wrong,0.691358024691358,21,1,0,1,0,0
32,2,0.8148148148148148,1,checkpoints/sudoku_extreme_hf/checkpoint,14,1,blanks_2,33.81055259374932,0,977,fixed_point,1,changed_wrong,0.7037037037037037,18,1,0,1,0,0
32,2,0.8024691358024691,1,checkpoints/sudoku_extreme_hf/checkpoint,14,1,blanks_2,33.81055259374932,0,978,fixed_point,1,changed_wrong,0.654320987654321,18,1,0,1,0,0
32,2,0.691358024691358,1,checkpoints/sudoku_extreme_hf/checkpoint,24,1,blanks_2,33.81055259374932,0,979,fixed_point,1,changed_wrong,0.5925925925925926,22,1,0,1,0,0
32,2,1.0,1,checkpoints/sudoku_extreme_hf/checkpoint,0,1,blanks_2,33.81055259374932,1,980,fixed_point,0,became_wrong,0.7160493827160493,23,1,0,1,0,0
32,2,0.8395061728395061,1,checkpoints/sudoku_extreme_hf/checkpoint,12,1,blanks_2,33.81055259374932,0,981,fixed_point,1,changed_wrong,0.6790123456790124,19,1,0,1,0,0
32,2,1.0,1,checkpoints/sudoku_extreme_hf/checkpoint,0,1,blanks_2,33.81055259374932,1,982,fixed_point,0,became_wrong,0.7530864197530864,20,1,0,1,0,0
32,2,0.9259259259259259,1,checkpoints/sudoku_extreme_hf/checkpoint,5,1,blanks_2,33.81055259374932,0,983,fixed_point,1,changed_wrong,0.8395061728395061,8,1,0,1,0,0
32,2,0.691358024691358,1,checkpoints/sudoku_extreme_hf/checkpoint,23,1,blanks_2,33.81055259374932,0,984,fixed_point,1,changed_wrong,0.5925925925925926,14,1,0,1,0,0
32,2,0.9506172839506173,1,checkpoints/sudoku_extreme_hf/checkpoint,4,1,blanks_2,33.81055259374932,0,985,fixed_point,1,changed_wrong,0.7283950617283951,22,1,0,1,0,0
32,2,0.8148148148148148,1,checkpoints/sudoku_extreme_hf/checkpoint,15,1,blanks_2,33.81055259374932,0,986,fixed_point,1,changed_wrong,0.6790123456790124,24,1,0,1,0,0
32,2,0.7160493827160493,1,checkpoints/sudoku_extreme_hf/checkpoint,23,1,blanks_2,33.81055259374932,0,987,fixed_point,1,changed_wrong,0.691358024691358,21,1,0,1,0,0
32,2,1.0,1,checkpoints/sudoku_extreme_hf/checkpoint,0,1,blanks_2,33.81055259374932,1,988,fixed_point,0,became_wrong,0.9506172839506173,4,1,0,1,0,0
32,2,0.7654320987654321,1,checkpoints/sudoku_extreme_hf/checkpoint,19,0,blanks_2,33.81055259374932,0,989,fixed_point,1,changed_wrong,0.654320987654321,20,1,0,1,0,14
32,2,1.0,1,checkpoints/sudoku_extreme_hf/checkpoint,0,1,blanks_2,33.81055259374932,1,990,fixed_point,0,became_wrong,0.7530864197530864,20,0,0,1,23,0
32,2,0.8395061728395061,1,checkpoints/sudoku_extreme_hf/checkpoint,13,1,blanks_2,33.81055259374932,0,991,fixed_point,1,changed_wrong,0.7283950617283951,10,1,0,1,0,0
32,2,1.0,1,checkpoints/sudoku_extreme_hf/checkpoint,0,1,blanks_2,137.57337424999605,1,992,fixed_point,0,became_wrong,0.8271604938271605,14,1,0,1,0,0
32,2,1.0,1,checkpoints/sudoku_extreme_hf/checkpoint,0,1,blanks_2,137.57337424999605,1,993,fixed_point,0,became_wrong,0.9012345679012346,8,1,0,1,0,0
32,2,0.6419753086419753,1,checkpoints/sudoku_extreme_hf/checkpoint,28,1,blanks_2,137.57337424999605,0,994,fixed_point,1,changed_wrong,0.6172839506172839,20,1,0,1,0,0
32,2,0.7777777777777778,1,checkpoints/sudoku_extreme_hf/checkpoint,17,1,blanks_2,137.57337424999605,0,995,fixed_point,1,changed_wrong,0.8271604938271605,4,1,0,1,0,0
32,2,0.8148148148148148,0,checkpoints/sudoku_extreme_hf/checkpoint,15,1,blanks_2,137.57337424999605,0,996,fixed_point,1,invalid_fixed_point,0.8148148148148148,0,1,0,0,0,0
32,2,0.7530864197530864,1,checkpoints/sudoku_extreme_hf/checkpoint,20,1,blanks_2,137.57337424999605,0,997,fixed_point,1,changed_wrong,0.6296296296296297,19,1,0,1,0,0
32,2,0.8518518518518519,0,checkpoints/sudoku_extreme_hf/checkpoint,11,1,blanks_2,137.57337424999605,0,998,fixed_point,1,invalid_fixed_point,0.8518518518518519,0,1,0,0,0,0
32,2,0.9506172839506173,1,checkpoints/sudoku_extreme_hf/checkpoint,4,1,blanks_2,137.57337424999605,0,999,fixed_point,1,changed_wrong,0.8395061728395061,9,1,0,1,0,0
32,5,1.0,1,checkpoints/sudoku_extreme_hf/checkpoint,0,1,blanks_5,33.05232765625021,1,0,fixed_point,0,became_wrong,0.7777777777777778,18,0,0,1,27,0
32,5,0.8765432098765432,1,checkpoints/sudoku_extreme_hf/checkpoint,8,1,blanks_5,33.05232765625021,0,1,fixed_point,1,changed_wrong,0.5925925925925926,27,1,0,1,0,0
32,5,1.0,1,checkpoints/sudoku_extreme_hf/checkpoint,0,1,blanks_5,33.05232765625021,1,2,fixed_point,0,became_wrong,0.7654320987654321,19,1,0,1,0,0
32,5,1.0,1,checkpoints/sudoku_extreme_hf/checkpoint,0,1,blanks_5,33.05232765625021,1,3,fixed_point,0,became_wrong,0.6296296296296297,30,0,0,1,23,0
32,5,1.0,0,checkpoints/sudoku_extreme_hf/checkpoint,0,1,blanks_5,33.05232765625021,1,4,fixed_point,0,stable_correct,1.0,0,1,1,0,0,0
32,5,1.0,1,checkpoints/sudoku_extreme_hf/checkpoint,0,1,blanks_5,33.05232765625021,1,5,fixed_point,0,became_wrong,0.7037037037037037,24,1,0,1,0,0
32,5,0.8641975308641975,1,checkpoints/sudoku_extreme_hf/checkpoint,9,1,blanks_5,33.05232765625021,0,6,fixed_point,1,changed_wrong,0.8271604938271605,10,1,0,1,0,0
32,5,0.9012345679012346,1,checkpoints/sudoku_extreme_hf/checkpoint,7,1,blanks_5,33.05232765625021,0,7,fixed_point,1,changed_wrong,0.7530864197530864,25,1,0,1,0,0
32,5,0.8024691358024691,1,checkpoints/sudoku_extreme_hf/checkpoint,11,1,blanks_5,33.05232765625021,0,8,fixed_point,1,changed_wrong,0.6790123456790124,21,1,0,1,0,0
32,5,1.0,1,checkpoints/sudoku_extreme_hf/checkpoint,0,1,blanks_5,33.05232765625021,1,9,fixed_point,0,became_wrong,0.7407407407407407,21,1,0,1,0,0
32,5,1.0,0,checkpoints/sudoku_extreme_hf/checkpoint,0,1,blanks_5,33.05232765625021,1,10,fixed_point,0,stable_correct,1.0,0,1,1,0,0,0
32,5,0.8518518518518519,1,checkpoints/sudoku_extreme_hf/checkpoint,9,1,blanks_5,33.05232765625021,0,11,fixed_point,1,changed_wrong,0.8148148148148148,4,1,0,1,0,0
32,5,0.9259259259259259,0,checkpoints/sudoku_extreme_hf/checkpoint,5,1,blanks_5,33.05232765625021,0,12,fixed_point,1,invalid_fixed_point,0.9259259259259259,0,1,0,0,0,0
32,5,0.7037037037037037,1,checkpoints/sudoku_extreme_hf/checkpoint,21,0,blanks_5,33.05232765625021,0,13,fixed_point,1,changed_wrong,0.6296296296296297,13,1,0,1,0,8
32,5,1.0,0,checkpoints/sudoku_extreme_hf/checkpoint,0,1,blanks_5,33.05232765625021,1,14,fixed_point,0,stable_correct,1.0,0,1,1,0,0,0
32,5,0.7777777777777778,1,checkpoints/sudoku_extreme_hf/checkpoint,16,1,blanks_5,33.05232765625021,0,15,fixed_point,1,changed_wrong,0.6296296296296297,20,1,0,1,0,0
32,5,1.0,1,checkpoints/sudoku_extreme_hf/checkpoint,0,1,blanks_5,33.05232765625021,1,16,fixed_point,0,became_wrong,0.7777777777777778,18,1,0,1,0,0
32,5,0.9506172839506173,1,checkpoints/sudoku_extreme_hf/checkpoint,4,1,blanks_5,33.05232765625021,0,17,fixed_point,1,changed_wrong,0.6790123456790124,28,1,0,1,0,0
32,5,0.9506172839506173,1,checkpoints/sudoku_extreme_hf/checkpoint,4,1,blanks_5,33.05232765625021,0,18,fixed_point,1,changed_wrong,0.9135802469135802,4,1,0,1,0,0
32,5,1.0,1,checkpoints/sudoku_extreme_hf/checkpoint,0,1,blanks_5,33.05232765625021,1,19,fixed_point,0,became_wrong,0.8641975308641975,11,1,0,1,0,0
32,5,0.9506172839506173,1,checkpoints/sudoku_extreme_hf/checkpoint,3,1,blanks_5,33.05232765625021,0,20,fixed_point,1,changed_wrong,0.8271604938271605,10,1,0,1,0,0
32,5,1.0,1,checkpoints/sudoku_extreme_hf/checkpoint,0,1,blanks_5,33.05232765625021,1,21,fixed_point,0,became_wrong,0.8518518518518519,12,1,0,1,0,0
32,5,0.9506172839506173,1,checkpoints/sudoku_extreme_hf/checkpoint,4,1,blanks_5,33.05232765625021,0,22,fixed_point,1,changed_wrong,0.8148148148148148,18,1,0,1,0,0
32,5,0.9259259259259259,1,checkpoints/sudoku_extreme_hf/checkpoint,4,1,blanks_5,33.05232765625021,0,23,fixed_point,1,changed_wrong,0.654320987654321,26,1,0,1,0,0
32,5,0.9506172839506173,1,checkpoints/sudoku_extreme_hf/checkpoint,4,1,blanks_5,33.05232765625021,0,24,fixed_point,1,changed_wrong,0.8024691358024691,13,1,0,1,0,0
32,5,1.0,0,checkpoints/sudoku_extreme_hf/checkpoint,0,1,blanks_5,33.05232765625021,1,25,fixed_point,0,stable_correct,1.0,0,1,1,0,0,0
32,5,0.9506172839506173,1,checkpoints/sudoku_extreme_hf/checkpoint,4,1,blanks_5,33.05232765625021,0,26,fixed_point,1,changed_wrong,0.7407407407407407,19,0,0,1,18,0
32,5,1.0,1,checkpoints/sudoku_extreme_hf/checkpoint,0,1,blanks_5,33.05232765625021,1,27,fixed_point,0,became_wrong,0.8888888888888888,9,1,0,1,0,0
32,5,1.0,1,checkpoints/sudoku_extreme_hf/checkpoint,0,1,blanks_5,33.05232765625021,1,28,fixed_point,0,became_wrong,0.8888888888888888,9,1,0,1,0,0
32,5,1.0,1,checkpoints/sudoku_extreme_hf/checkpoint,0,1,blanks_5,33.05232765625021,1,29,fixed_point,0,became_wrong,0.6790123456790124,26,1,0,1,0,0
32,5,1.0,1,checkpoints/sudoku_extreme_hf/checkpoint,0,1,blanks_5,33.05232765625021,1,30,fixed_point,0,became_wrong,0.9506172839506173,4,1,0,1,0,0
32,5,0.9259259259259259,1,checkpoints/sudoku_extreme_hf/checkpoint,6,1,blanks_5,33.05232765625021,0,31,fixed_point,1,changed_wrong,0.7037037037037037,20,1,0,1,0,0
32,5,1.0,1,checkpoints/sudoku_extreme_hf/checkpoint,0,1,blanks_5,37.841506124999924,1,32,fixed_point,0,became_wrong,0.654320987654321,28,0,0,1,25,0
32,5,1.0,1,checkpoints/sudoku_extreme_hf/checkpoint,0,1,blanks_5,37.841506124999924,1,33,fixed_point,0,became_wrong,0.9506172839506173,4,1,0,1,0,0
32,5,1.0,1,checkpoints/sudoku_extreme_hf/checkpoint,0,1,blanks_5,37.841506124999924,1,34,fixed_point,0,became_wrong,0.6419753086419753,29,1,0,1,0,0
32,5,0.9259259259259259,0,checkpoints/sudoku_extreme_hf/checkpoint,6,1,blanks_5,37.841506124999924,0,35,fixed_point,1,invalid_fixed_point,0.9259259259259259,0,1,0,0,0,0
32,5,0.9506172839506173,1,checkpoints/sudoku_extreme_hf/checkpoint,4,1,blanks_5,37.841506124999924,0,36,fixed_point,1,changed_wrong,0.8271604938271605,10,1,0,1,0,0
32,5,1.0,1,checkpoints/sudoku_extreme_hf/checkpoint,0,1,blanks_5,37.841506124999924,1,37,fixed_point,0,became_wrong,0.7777777777777778,18,1,0,1,0,0
32,5,0.8148148148148148,1,checkpoints/sudoku_extreme_hf/checkpoint,13,0,blanks_5,37.841506124999924,0,38,fixed_point,1,changed_wrong,0.7283950617283951,21,1,0,1,0,8
32,5,0.9259259259259259,1,checkpoints/sudoku_extreme_hf/checkpoint,6,1,blanks_5,37.841506124999924,0,39,fixed_point,1,changed_wrong,0.7407407407407407,18,1,0,1,0,0
32,5,1.0,1,checkpoints/sudoku_extreme_hf/checkpoint,0,1,blanks_5,37.841506124999924,1,40,fixed_point,0,became_wrong,0.691358024691358,25,1,0,1,0,0
32,5,0.9259259259259259,1,checkpoints/sudoku_extreme_hf/checkpoint,5,1,blanks_5,37.841506124999924,0,41,fixed_point,1,changed_wrong,0.8765432098765432,10,1,0,1,0,0
32,5,1.0,1,checkpoints/sudoku_extreme_hf/checkpoint,0,1,blanks_5,37.841506124999924,1,42,fixed_point,0,became_wrong,0.7654320987654321,19,1,0,1,0,0
32,5,1.0,1,checkpoints/sudoku_extreme_hf/checkpoint,0,1,blanks_5,37.841506124999924,1,43,fixed_point,0,became_wrong,0.7160493827160493,23,1,0,1,0,0
32,5,0.9259259259259259,1,checkpoints/sudoku_extreme_hf/checkpoint,6,1,blanks_5,37.841506124999924,0,44,fixed_point,1,changed_wrong,0.8271604938271605,20,1,0,1,0,0
32,5,0.9506172839506173,1,checkpoints/sudoku_extreme_hf/checkpoint,4,1,blanks_5,37.841506124999924,0,45,fixed_point,1,changed_wrong,0.7654320987654321,16,1,0,1,0,0
32,5,0.8641975308641975,1,checkpoints/sudoku_extreme_hf/checkpoint,9,0,blanks_5,37.841506124999924,0,46,fixed_point,1,changed_wrong,0.7283950617283951,20,1,0,1,0,10
32,5,0.9506172839506173,1,checkpoints/sudoku_extreme_hf/checkpoint,4,1,blanks_5,37.841506124999924,0,47,fixed_point,1,changed_wrong,0.7654320987654321,15,1,0,1,0,0
32,5,1.0,1,checkpoints/sudoku_extreme_hf/checkpoint,0,1,blanks_5,37.841506124999924,1,48,fixed_point,0,became_wrong,0.7901234567901234,17,1,0,1,0,0
32,5,0.9506172839506173,1,checkpoints/sudoku_extreme_hf/checkpoint,3,1,blanks_5,37.841506124999924,0,49,fixed_point,1,changed_wrong,0.6296296296296297,32,1,0,1,0,0
32,5,1.0,1,checkpoints/sudoku_extreme_hf/checkpoint,0,1,blanks_5,37.841506124999924,1,50,fixed_point,0,became_wrong,0.7037037037037037,24,1,0,1,0,0
32,5,0.8888888888888888,1,checkpoints/sudoku_extreme_hf/checkpoint,8,1,blanks_5,37.841506124999924,0,51,fixed_point,1,changed_wrong,0.9259259259259259,4,1,0,1,0,0
32,5,0.8271604938271605,1,checkpoints/sudoku_extreme_hf/checkpoint,13,1,blanks_5,37.841506124999924,0,52,fixed_point,1,changed_wrong,0.7283950617283951,9,1,0,1,0,0
32,5,0.9506172839506173,1,checkpoints/sudoku_extreme_hf/checkpoint,2,1,blanks_5,37.841506124999924,0,53,fixed_point,1,changed_wrong,0.9012345679012346,4,1,0,1,0,0
32,5,0.9506172839506173,1,checkpoints/sudoku_extreme_hf/checkpoint,3,1,blanks_5,37.841506124999924,0,54,fixed_point,1,changed_wrong,0.9012345679012346,4,1,0,1,0,0
32,5,0.9259259259259259,1,checkpoints/sudoku_extreme_hf/checkpoint,6,1,blanks_5,37.841506124999924,0,55,fixed_point,1,changed_wrong,0.8148148148148148,15,1,0,1,0,0
32,5,1.0,0,checkpoints/sudoku_extreme_hf/checkpoint,0,1,blanks_5,37.841506124999924,1,56,fixed_point,0,stable_correct,1.0,0,1,1,0,0,0
32,5,1.0,1,checkpoints/sudoku_extreme_hf/checkpoint,0,1,blanks_5,37.841506124999924,1,57,fixed_point,0,became_wrong,0.9259259259259259,6,1,0,1,0,0
32,5,0.9259259259259259,1,checkpoints/sudoku_extreme_hf/checkpoint,6,1,blanks_5,37.841506124999924,0,58,fixed_point,1,changed_wrong,0.7407407407407407,19,1,0,1,0,0
32,5,1.0,1,checkpoints/sudoku_extreme_hf/checkpoint,0,1,blanks_5,37.841506124999924,1,59,fixed_point,0,became_wrong,0.8024691358024691,16,0,0,1,12,0
32,5,1.0,0,checkpoints/sudoku_extreme_hf/checkpoint,0,1,blanks_5,37.841506124999924,1,60,fixed_point,0,stable_correct,1.0,0,1,1,0,0,0
32,5,0.9259259259259259,1,checkpoints/sudoku_extreme_hf/checkpoint,5,1,blanks_5,37.841506124999924,0,61,fixed_point,1,changed_wrong,0.6172839506172839,28,1,0,1,0,0
32,5,1.0,1,checkpoints/sudoku_extreme_hf/checkpoint,0,1,blanks_5,37.841506124999924,1,62,fixed_point,0,became_wrong,0.6790123456790124,26,1,0,1,0,0
32,5,1.0,1,checkpoints/sudoku_extreme_hf/checkpoint,0,1,blanks_5,37.841506124999924,1,63,fixed_point,0,became_wrong,0.8024691358024691,16,1,0,1,0,0
32,5,1.0,1,checkpoints/sudoku_extreme_hf/checkpoint,0,1,blanks_5,42.5428810312507,1,64,fixed_point,0,became_wrong,0.8765432098765432,10,1,0,1,0,0
32,5,1.0,1,checkpoints/sudoku_extreme_hf/checkpoint,0,1,blanks_5,42.5428810312507,1,65,fixed_point,0,became_wrong,0.8395061728395061,13,1,0,1,0,0
32,5,1.0,1,checkpoints/sudoku_extreme_hf/checkpoint,0,1,blanks_5,42.5428810312507,1,66,fixed_point,0,became_wrong,0.7654320987654321,19,1,0,1,0,0
32,5,0.9012345679012346,1,checkpoints/sudoku_extreme_hf/checkpoint,8,1,blanks_5,42.5428810312507,0,67,fixed_point,1,changed_wrong,0.7777777777777778,18,1,0,1,0,0
32,5,0.8765432098765432,1,checkpoints/sudoku_extreme_hf/checkpoint,8,1,blanks_5,42.5428810312507,0,68,fixed_point,1,changed_wrong,0.8148148148148148,6,1,0,1,0,0
32,5,1.0,1,checkpoints/sudoku_extreme_hf/checkpoint,0,1,blanks_5,42.5428810312507,1,69,fixed_point,0,became_wrong,0.7283950617283951,22,1,0,1,0,0
32,5,1.0,1,checkpoints/sudoku_extreme_hf/checkpoint,0,1,blanks_5,42.5428810312507,1,70,fixed_point,0,became_wrong,0.691358024691358,25,1,0,1,0,0
32,5,1.0,1,checkpoints/sudoku_extreme_hf/checkpoint,0,1,blanks_5,42.5428810312507,1,71,fixed_point,0,became_wrong,0.7407407407407407,21,1,0,1,0,0
32,5,1.0,1,checkpoints/sudoku_extreme_hf/checkpoint,0,1,blanks_5,42.5428810312507,1,72,fixed_point,0,became_wrong,0.9135802469135802,7,1,0,1,0,0
32,5,1.0,1,checkpoints/sudoku_extreme_hf/checkpoint,0,1,blanks_5,42.5428810312507,1,73,fixed_point,0,became_wrong,0.7283950617283951,22,1,0,1,0,0
32,5,1.0,1,checkpoints/sudoku_extreme_hf/checkpoint,0,1,blanks_5,42.5428810312507,1,74,fixed_point,0,became_wrong,0.7160493827160493,23,1,0,1,0,0
32,5,0.8641975308641975,1,checkpoints/sudoku_extreme_hf/checkpoint,10,1,blanks_5,42.5428810312507,0,75,fixed_point,1,changed_wrong,0.6666666666666666,24,1,0,1,0,0
32,5,1.0,1,checkpoints/sudoku_extreme_hf/checkpoint,0,1,blanks_5,42.5428810312507,1,76,fixed_point,0,became_wrong,0.7283950617283951,22,1,0,1,0,0
32,5,1.0,1,checkpoints/sudoku_extreme_hf/checkpoint,0,1,blanks_5,42.5428810312507,1,77,fixed_point,0,became_wrong,0.7530864197530864,20,1,0,1,0,0
32,5,0.9506172839506173,1,checkpoints/sudoku_extreme_hf/checkpoint,3,1,blanks_5,42.5428810312507,0,78,fixed_point,1,changed_wrong,0.7530864197530864,21,1,0,1,0,0
32,5,1.0,0,checkpoints/sudoku_extreme_hf/checkpoint,0,1,blanks_5,42.5428810312507,1,79,fixed_point,0,stable_correct,1.0,0,1,1,0,0,0
32,5,1.0,1,checkpoints/sudoku_extreme_hf/checkpoint,0,1,blanks_5,42.5428810312507,1,80,fixed_point,0,became_wrong,0.8148148148148148,15,1,0,1,0,0
32,5,1.0,1,checkpoints/sudoku_extreme_hf/checkpoint,0,1,blanks_5,42.5428810312507,1,81,fixed_point,0,became_wrong,0.8888888888888888,9,1,0,1,0,0
32,5,1.0,1,checkpoints/sudoku_extreme_hf/checkpoint,0,1,blanks_5,42.5428810312507,1,82,fixed_point,0,became_wrong,0.8271604938271605,14,1,0,1,0,0
32,5,0.8888888888888888,0,checkpoints/sudoku_extreme_hf/checkpoint,7,1,blanks_5,42.5428810312507,0,83,fixed_point,1,invalid_fixed_point,0.8888888888888888,0,1,0,0,0,0
32,5,1.0,1,checkpoints/sudoku_extreme_hf/checkpoint,0,1,blanks_5,42.5428810312507,1,84,fixed_point,0,became_wrong,0.7160493827160493,23,1,0,1,0,0
32,5,1.0,1,checkpoints/sudoku_extreme_hf/checkpoint,0,1,blanks_5,42.5428810312507,1,85,fixed_point,0,became_wrong,0.7407407407407407,21,0,0,1,6,0
32,5,0.9259259259259259,1,checkpoints/sudoku_extreme_hf/checkpoint,6,1,blanks_5,42.5428810312507,0,86,fixed_point,1,changed_wrong,0.8765432098765432,4,1,0,1,0,0
32,5,1.0,1,checkpoints/sudoku_extreme_hf/checkpoint,0,1,blanks_5,42.5428810312507,1,87,fixed_point,0,became_wrong,0.7407407407407407,21,1,0,1,0,0
32,5,0.9259259259259259,1,checkpoints/sudoku_extreme_hf/checkpoint,5,1,blanks_5,42.5428810312507,0,88,fixed_point,1,changed_wrong,0.654320987654321,29,1,0,1,0,0
32,5,1.0,1,checkpoints/sudoku_extreme_hf/checkpoint,0,1,blanks_5,42.5428810312507,1,89,fixed_point,0,became_wrong,0.8395061728395061,13,1,0,1,0,0
32,5,1.0,1,checkpoints/sudoku_extreme_hf/checkpoint,0,1,blanks_5,42.5428810312507,1,90,fixed_point,0,became_wrong,0.8641975308641975,11,1,0,1,0,0
32,5,1.0,1,checkpoints/sudoku_extreme_hf/checkpoint,0,1,blanks_5,42.5428810312507,1,91,fixed_point,0,became_wrong,0.7283950617283951,22,1,0,1,0,0
32,5,1.0,1,checkpoints/sudoku_extreme_hf/checkpoint,0,1,blanks_5,42.5428810312507,1,92,fixed_point,0,became_wrong,0.691358024691358,25,1,0,1,0,0
32,5,1.0,1,checkpoints/sudoku_extreme_hf/checkpoint,0,1,blanks_5,42.5428810312507,1,93,fixed_point,0,became_wrong,0.7037037037037037,24,1,0,1,0,0
32,5,1.0,1,checkpoints/sudoku_extreme_hf/checkpoint,0,1,blanks_5,42.5428810312507,1,94,fixed_point,0,became_wrong,0.7037037037037037,24,1,0,1,0,0
32,5,0.9259259259259259,1,checkpoints/sudoku_extreme_hf/checkpoint,4,1,blanks_5,42.5428810312507,0,95,fixed_point,1,changed_wrong,0.8271604938271605,9,1,0,1,0,0
32,5,0.9506172839506173,1,checkpoints/sudoku_extreme_hf/checkpoint,4,1,blanks_5,41.489495687500266,0,96,fixed_point,1,changed_wrong,0.5308641975308642,36,0,0,1,3,0
32,5,0.8641975308641975,1,checkpoints/sudoku_extreme_hf/checkpoint,11,1,blanks_5,41.489495687500266,0,97,fixed_point,1,changed_wrong,0.8271604938271605,4,1,0,1,0,0
32,5,1.0,1,checkpoints/sudoku_extreme_hf/checkpoint,0,1,blanks_5,41.489495687500266,1,98,fixed_point,0,became_wrong,0.9259259259259259,6,1,0,1,0,0
32,5,1.0,0,checkpoints/sudoku_extreme_hf/checkpoint,0,1,blanks_5,41.489495687500266,1,99,fixed_point,0,stable_correct,1.0,0,1,1,0,0,0
32,5,1.0,1,checkpoints/sudoku_extreme_hf/checkpoint,0,1,blanks_5,41.489495687500266,1,100,fixed_point,0,became_wrong,0.9506172839506173,4,1,0,1,0,0
32,5,1.0,1,checkpoints/sudoku_extreme_hf/checkpoint,0,1,blanks_5,41.489495687500266,1,101,fixed_point,0,became_wrong,0.8641975308641975,11,1,0,1,0,0
32,5,1.0,1,checkpoints/sudoku_extreme_hf/checkpoint,0,1,blanks_5,41.489495687500266,1,102,fixed_point,0,became_wrong,0.8765432098765432,10,1,0,1,0,0
32,5,0.9506172839506173,1,checkpoints/sudoku_extreme_hf/checkpoint,3,1,blanks_5,41.489495687500266,0,103,fixed_point,1,changed_wrong,0.8395061728395061,9,1,0,1,0,0
32,5,1.0,1,checkpoints/sudoku_extreme_hf/checkpoint,0,1,blanks_5,41.489495687500266,1,104,fixed_point,0,became_wrong,0.7530864197530864,20,1,0,1,0,0
32,5,1.0,1,checkpoints/sudoku_extreme_hf/checkpoint,0,1,blanks_5,41.489495687500266,1,105,fixed_point,0,became_wrong,0.6790123456790124,26,1,0,1,0,0
32,5,1.0,1,checkpoints/sudoku_extreme_hf/checkpoint,0,1,blanks_5,41.489495687500266,1,106,fixed_point,0,became_wrong,0.6666666666666666,27,1,0,1,0,0
32,5,1.0,1,checkpoints/sudoku_extreme_hf/checkpoint,0,1,blanks_5,41.489495687500266,1,107,fixed_point,0,became_wrong,0.7654320987654321,19,1,0,1,0,0
32,5,1.0,1,checkpoints/sudoku_extreme_hf/checkpoint,0,1,blanks_5,41.489495687500266,1,108,fixed_point,0,became_wrong,0.8024691358024691,16,1,0,1,0,0
32,5,1.0,0,checkpoints/sudoku_extreme_hf/checkpoint,0,1,blanks_5,41.489495687500266,1,109,fixed_point,0,stable_correct,1.0,0,1,1,0,0,0
32,5,0.9506172839506173,1,checkpoints/sudoku_extreme_hf/checkpoint,3,1,blanks_5,41.489495687500266,0,110,fixed_point,1,changed_wrong,0.6296296296296297,27,1,0,1,0,0
32,5,1.0,1,checkpoints/sudoku_extreme_hf/checkpoint,0,1,blanks_5,41.489495687500266,1,111,fixed_point,0,became_wrong,0.7777777777777778,18,1,0,1,0,0
32,5,0.8888888888888888,1,checkpoints/sudoku_extreme_hf/checkpoint,7,1,blanks_5,41.489495687500266,0,112,fixed_point,1,changed_wrong,0.7283950617283951,17,1,0,1,0,0
32,5,1.0,1,checkpoints/sudoku_extreme_hf/checkpoint,0,1,blanks_5,41.489495687500266,1,113,fixed_point,0,became_wrong,0.6666666666666666,27,0,0,1,19,0
32,5,1.0,1,checkpoints/sudoku_extreme_hf/checkpoint,0,1,blanks_5,41.489495687500266,1,114,fixed_point,0,became_wrong,0.7777777777777778,18,0,0,1,14,0
32,5,0.9259259259259259,1,checkpoints/sudoku_extreme_hf/checkpoint,6,1,blanks_5,41.489495687500266,0,115,fixed_point,1,changed_wrong,0.8765432098765432,10,1,0,1,0,0
32,5,1.0,1,checkpoints/sudoku_extreme_hf/checkpoint,0,1,blanks_5,41.489495687500266,1,116,fixed_point,0,became_wrong,0.7283950617283951,22,0,0,1,14,0
32,5,0.9506172839506173,1,checkpoints/sudoku_extreme_hf/checkpoint,3,1,blanks_5,41.489495687500266,0,117,fixed_point,1,changed_wrong,0.8024691358024691,13,1,0,1,0,0
32,5,1.0,1,checkpoints/sudoku_extreme_hf/checkpoint,0,1,blanks_5,41.489495687500266,1,118,fixed_point,0,became_wrong,0.7037037037037037,24,1,0,1,0,0
32,5,1.0,1,checkpoints/sudoku_extreme_hf/checkpoint,0,1,blanks_5,41.489495687500266,1,119,fixed_point,0,became_wrong,0.7037037037037037,24,1,0,1,0,0
32,5,1.0,1,checkpoints/sudoku_extreme_hf/checkpoint,0,1,blanks_5,41.489495687500266,1,120,fixed_point,0,became_wrong,0.6790123456790124,26,1,0,1,0,0
32,5,0.9012345679012346,1,checkpoints/sudoku_extreme_hf/checkpoint,7,1,blanks_5,41.489495687500266,0,121,fixed_point,1,changed_wrong,0.691358024691358,18,1,0,1,0,0
32,5,1.0,1,checkpoints/sudoku_extreme_hf/checkpoint,0,1,blanks_5,41.489495687500266,1,122,fixed_point,0,became_wrong,0.7283950617283951,22,1,0,1,0,0
32,5,0.9012345679012346,1,checkpoints/sudoku_extreme_hf/checkpoint,8,1,blanks_5,41.489495687500266,0,123,fixed_point,1,changed_wrong,0.691358024691358,26,0,0,1,29,0
32,5,0.8765432098765432,1,checkpoints/sudoku_extreme_hf/checkpoint,6,1,blanks_5,41.489495687500266,0,124,fixed_point,1,changed_wrong,0.6296296296296297,25,0,0,1,22,0
32,5,0.9506172839506173,1,checkpoints/sudoku_extreme_hf/checkpoint,3,1,blanks_5,41.489495687500266,0,125,fixed_point,1,changed_wrong,0.6172839506172839,30,1,0,1,0,0
32,5,1.0,1,checkpoints/sudoku_extreme_hf/checkpoint,0,1,blanks_5,41.489495687500266,1,126,fixed_point,0,became_wrong,0.691358024691358,25,1,0,1,0,0
32,5,1.0,1,checkpoints/sudoku_extreme_hf/checkpoint,0,1,blanks_5,41.489495687500266,1,127,fixed_point,0,became_wrong,0.8148148148148148,15,1,0,1,0,0
32,5,0.654320987654321,1,checkpoints/sudoku_extreme_hf/checkpoint,25,1,blanks_5,42.551859218749044,0,128,fixed_point,1,changed_wrong,0.5555555555555556,13,1,0,1,0,0
32,5,1.0,1,checkpoints/sudoku_extreme_hf/checkpoint,0,1,blanks_5,42.551859218749044,1,129,fixed_point,0,became_wrong,0.9012345679012346,8,1,0,1,0,0
32,5,1.0,1,checkpoints/sudoku_extreme_hf/checkpoint,0,1,blanks_5,42.551859218749044,1,130,fixed_point,0,became_wrong,0.8024691358024691,16,1,0,1,0,0
32,5,1.0,1,checkpoints/sudoku_extreme_hf/checkpoint,0,1,blanks_5,42.551859218749044,1,131,fixed_point,0,became_wrong,0.6419753086419753,29,1,0,1,0,0
32,5,1.0,1,checkpoints/sudoku_extreme_hf/checkpoint,0,1,blanks_5,42.551859218749044,1,132,fixed_point,0,became_wrong,0.5802469135802469,34,1,0,1,0,0
32,5,1.0,1,checkpoints/sudoku_extreme_hf/checkpoint,0,1,blanks_5,42.551859218749044,1,133,fixed_point,0,became_wrong,0.8024691358024691,16,1,0,1,0,0
32,5,0.9506172839506173,1,checkpoints/sudoku_extreme_hf/checkpoint,4,1,blanks_5,42.551859218749044,0,134,fixed_point,1,changed_wrong,0.6172839506172839,31,0,0,1,21,0
32,5,0.9259259259259259,1,checkpoints/sudoku_extreme_hf/checkpoint,4,1,blanks_5,42.551859218749044,0,135,fixed_point,1,changed_wrong,0.6666666666666666,24,1,0,1,0,0
32,5,1.0,1,checkpoints/sudoku_extreme_hf/checkpoint,0,1,blanks_5,42.551859218749044,1,136,fixed_point,0,became_wrong,0.7777777777777778,18,1,0,1,0,0
32,5,0.7777777777777778,1,checkpoints/sudoku_extreme_hf/checkpoint,16,1,blanks_5,42.551859218749044,0,137,fixed_point,1,changed_wrong,0.6666666666666666,17,1,0,1,0,0
32,5,1.0,1,checkpoints/sudoku_extreme_hf/checkpoint,0,1,blanks_5,42.551859218749044,1,138,fixed_point,0,became_wrong,0.8518518518518519,12,1,0,1,0,0
32,5,1.0,1,checkpoints/sudoku_extreme_hf/checkpoint,0,1,blanks_5,42.551859218749044,1,139,fixed_point,0,became_wrong,0.7407407407407407,21,1,0,1,0,0
32,5,0.9506172839506173,1,checkpoints/sudoku_extreme_hf/checkpoint,3,1,blanks_5,42.551859218749044,0,140,fixed_point,1,changed_wrong,0.9259259259259259,9,1,0,1,0,0
32,5,1.0,0,checkpoints/sudoku_extreme_hf/checkpoint,0,1,blanks_5,42.551859218749044,1,141,fixed_point,0,stable_correct,1.0,0,1,1,0,0,0
32,5,1.0,1,checkpoints/sudoku_extreme_hf/checkpoint,0,1,blanks_5,42.551859218749044,1,142,fixed_point,0,became_wrong,0.8024691358024691,16,1,0,1,0,0
32,5,0.9506172839506173,1,checkpoints/sudoku_extreme_hf/checkpoint,4,1,blanks_5,42.551859218749044,0,143,fixed_point,1,changed_wrong,0.8271604938271605,17,1,0,1,0,0
32,5,0.9259259259259259,0,checkpoints/sudoku_extreme_hf/checkpoint,5,1,blanks_5,42.551859218749044,0,144,fixed_point,1,invalid_fixed_point,0.9259259259259259,0,1,0,0,0,0
32,5,0.8888888888888888,1,checkpoints/sudoku_extreme_hf/checkpoint,7,1,blanks_5,42.551859218749044,0,145,fixed_point,1,changed_wrong,0.7160493827160493,17,1,0,1,0,0
32,5,1.0,1,checkpoints/sudoku_extreme_hf/checkpoint,0,1,blanks_5,42.551859218749044,1,146,fixed_point,0,became_wrong,0.654320987654321,28,1,0,1,0,0
32,5,1.0,1,checkpoints/sudoku_extreme_hf/checkpoint,0,1,blanks_5,42.551859218749044,1,147,fixed_point,0,became_wrong,0.8271604938271605,14,1,0,1,0,0
32,5,1.0,1,checkpoints/sudoku_extreme_hf/checkpoint,0,1,blanks_5,42.551859218749044,1,148,fixed_point,0,became_wrong,0.7777777777777778,18,1,0,1,0,0
32,5,1.0,1,checkpoints/sudoku_extreme_hf/checkpoint,0,1,blanks_5,42.551859218749044,1,149,fixed_point,0,became_wrong,0.8518518518518519,12,1,0,1,0,0
32,5,1.0,1,checkpoints/sudoku_extreme_hf/checkpoint,0,1,blanks_5,42.551859218749044,1,150,fixed_point,0,became_wrong,0.8765432098765432,10,1,0,1,0,0
32,5,0.8271604938271605,1,checkpoints/sudoku_extreme_hf/checkpoint,13,1,blanks_5,42.551859218749044,0,151,fixed_point,1,changed_wrong,0.7407407407407407,26,0,0,1,15,0
32,5,1.0,1,checkpoints/sudoku_extreme_hf/checkpoint,0,1,blanks_5,42.551859218749044,1,152,fixed_point,0,became_wrong,0.7530864197530864,20,1,0,1,0,0
32,5,0.7037037037037037,1,checkpoints/sudoku_extreme_hf/checkpoint,22,1,blanks_5,42.551859218749044,0,153,fixed_point,1,changed_wrong,0.5802469135802469,19,0,0,1,21,0
32,5,1.0,1,checkpoints/sudoku_extreme_hf/checkpoint,0,1,blanks_5,42.551859218749044,1,154,fixed_point,0,became_wrong,0.8641975308641975,11,1,0,1,0,0
32,5,0.8641975308641975,1,checkpoints/sudoku_extreme_hf/checkpoint,8,1,blanks_5,42.551859218749044,0,155,fixed_point,1,changed_wrong,0.8271604938271605,17,1,0,1,0,0
32,5,0.9259259259259259,0,checkpoints/sudoku_extreme_hf/checkpoint,6,1,blanks_5,42.551859218749044,0,156,fixed_point,1,invalid_fixed_point,0.9259259259259259,0,1,0,0,0,0
32,5,1.0,1,checkpoints/sudoku_extreme_hf/checkpoint,0,1,blanks_5,42.551859218749044,1,157,fixed_point,0,became_wrong,0.8518518518518519,12,1,0,1,0,0
32,5,0.9506172839506173,1,checkpoints/sudoku_extreme_hf/checkpoint,4,1,blanks_5,42.551859218749044,0,158,fixed_point,1,changed_wrong,0.7901234567901234,14,1,0,1,0,0
32,5,1.0,1,checkpoints/sudoku_extreme_hf/checkpoint,0,1,blanks_5,42.551859218749044,1,159,fixed_point,0,became_wrong,0.8518518518518519,12,1,0,1,0,0
32,5,0.9259259259259259,1,checkpoints/sudoku_extreme_hf/checkpoint,5,1,blanks_5,37.71978809374943,0,160,fixed_point,1,changed_wrong,0.8641975308641975,16,1,0,1,0,0
32,5,0.9012345679012346,1,checkpoints/sudoku_extreme_hf/checkpoint,7,1,blanks_5,37.71978809374943,0,161,fixed_point,1,changed_wrong,0.7037037037037037,25,0,0,1,23,0
32,5,1.0,1,checkpoints/sudoku_extreme_hf/checkpoint,0,1,blanks_5,37.71978809374943,1,162,fixed_point,0,became_wrong,0.6790123456790124,26,1,0,1,0,0
32,5,0.9506172839506173,1,checkpoints/sudoku_extreme_hf/checkpoint,3,1,blanks_5,37.71978809374943,0,163,fixed_point,1,changed_wrong,0.6419753086419753,27,0,0,1,18,0
32,5,0.9506172839506173,1,checkpoints/sudoku_extreme_hf/checkpoint,4,1,blanks_5,37.71978809374943,0,164,fixed_point,1,changed_wrong,0.6172839506172839,31,0,0,1,24,0
32,5,1.0,1,checkpoints/sudoku_extreme_hf/checkpoint,0,1,blanks_5,37.71978809374943,1,165,fixed_point,0,became_wrong,0.7777777777777778,18,1,0,1,0,0
32,5,0.9259259259259259,1,checkpoints/sudoku_extreme_hf/checkpoint,5,1,blanks_5,37.71978809374943,0,166,fixed_point,1,changed_wrong,0.6790123456790124,26,1,0,1,0,0
32,5,0.9506172839506173,0,checkpoints/sudoku_extreme_hf/checkpoint,4,1,blanks_5,37.71978809374943,0,167,fixed_point,1,invalid_fixed_point,0.9506172839506173,0,1,0,0,0,0
32,5,1.0,1,checkpoints/sudoku_extreme_hf/checkpoint,0,1,blanks_5,37.71978809374943,1,168,fixed_point,0,became_wrong,0.8765432098765432,10,1,0,1,0,0
32,5,1.0,1,checkpoints/sudoku_extreme_hf/checkpoint,0,1,blanks_5,37.71978809374943,1,169,fixed_point,0,became_wrong,0.654320987654321,28,1,0,1,0,0
32,5,1.0,0,checkpoints/sudoku_extreme_hf/checkpoint,0,1,blanks_5,37.71978809374943,1,170,fixed_point,0,stable_correct,1.0,0,1,1,0,0,0
32,5,1.0,1,checkpoints/sudoku_extreme_hf/checkpoint,0,1,blanks_5,37.71978809374943,1,171,fixed_point,0,became_wrong,0.6419753086419753,29,1,0,1,0,0
32,5,1.0,1,checkpoints/sudoku_extreme_hf/checkpoint,0,1,blanks_5,37.71978809374943,1,172,fixed_point,0,became_wrong,0.7777777777777778,18,1,0,1,0,0
32,5,0.9506172839506173,0,checkpoints/sudoku_extreme_hf/checkpoint,4,1,blanks_5,37.71978809374943,0,173,fixed_point,1,invalid_fixed_point,0.9506172839506173,0,1,0,0,0,0
32,5,0.9259259259259259,1,checkpoints/sudoku_extreme_hf/checkpoint,4,1,blanks_5,37.71978809374943,0,174,fixed_point,1,changed_wrong,0.5802469135802469,31,1,0,1,0,0
32,5,1.0,1,checkpoints/sudoku_extreme_hf/checkpoint,0,1,blanks_5,37.71978809374943,1,175,fixed_point,0,became_wrong,0.8518518518518519,12,1,0,1,0,0
32,5,0.9506172839506173,1,checkpoints/sudoku_extreme_hf/checkpoint,4,1,blanks_5,37.71978809374943,0,176,fixed_point,1,changed_wrong,0.8518518518518519,15,1,0,1,0,0
32,5,1.0,0,checkpoints/sudoku_extreme_hf/checkpoint,0,1,blanks_5,37.71978809374943,1,177,fixed_point,0,stable_correct,1.0,0,1,1,0,0,0
32,5,1.0,1,checkpoints/sudoku_extreme_hf/checkpoint,0,1,blanks_5,37.71978809374943,1,178,fixed_point,0,became_wrong,0.8888888888888888,9,1,0,1,0,0
32,5,1.0,1,checkpoints/sudoku_extreme_hf/checkpoint,0,1,blanks_5,37.71978809374943,1,179,fixed_point,0,became_wrong,0.654320987654321,28,1,0,1,0,0
32,5,1.0,1,checkpoints/sudoku_extreme_hf/checkpoint,0,1,blanks_5,37.71978809374943,1,180,fixed_point,0,became_wrong,0.9506172839506173,4,1,0,1,0,0
32,5,1.0,1,checkpoints/sudoku_extreme_hf/checkpoint,0,1,blanks_5,37.71978809374943,1,181,fixed_point,0,became_wrong,0.7283950617283951,22,1,0,1,0,0
32,5,0.9259259259259259,1,checkpoints/sudoku_extreme_hf/checkpoint,5,1,blanks_5,37.71978809374943,0,182,fixed_point,1,changed_wrong,0.691358024691358,22,1,0,1,0,0
32,5,1.0,1,checkpoints/sudoku_extreme_hf/checkpoint,0,1,blanks_5,37.71978809374943,1,183,fixed_point,0,became_wrong,0.7283950617283951,22,1,0,1,0,0
32,5,1.0,1,checkpoints/sudoku_extreme_hf/checkpoint,0,1,blanks_5,37.71978809374943,1,184,fixed_point,0,became_wrong,0.8024691358024691,16,1,0,1,0,0
32,5,0.9506172839506173,1,checkpoints/sudoku_extreme_hf/checkpoint,4,1,blanks_5,37.71978809374943,0,185,fixed_point,1,changed_wrong,0.7530864197530864,17,1,0,1,0,0
32,5,0.8518518518518519,1,checkpoints/sudoku_extreme_hf/checkpoint,9,1,blanks_5,37.71978809374943,0,186,fixed_point,1,changed_wrong,0.6666666666666666,23,1,0,1,0,0
32,5,1.0,1,checkpoints/sudoku_extreme_hf/checkpoint,0,1,blanks_5,37.71978809374943,1,187,fixed_point,0,became_wrong,0.8024691358024691,16,1,0,1,0,0
32,5,1.0,1,checkpoints/sudoku_extreme_hf/checkpoint,0,1,blanks_5,37.71978809374943,1,188,fixed_point,0,became_wrong,0.7901234567901234,17,1,0,1,0,0
32,5,1.0,1,checkpoints/sudoku_extreme_hf/checkpoint,0,1,blanks_5,37.71978809374943,1,189,fixed_point,0,became_wrong,0.6790123456790124,26,1,0,1,0,0
32,5,1.0,0,checkpoints/sudoku_extreme_hf/checkpoint,0,1,blanks_5,37.71978809374943,1,190,fixed_point,0,stable_correct,1.0,0,1,1,0,0,0
32,5,1.0,1,checkpoints/sudoku_extreme_hf/checkpoint,0,1,blanks_5,37.71978809374943,1,191,fixed_point,0,became_wrong,0.7160493827160493,23,1,0,1,0,0
32,5,0.9259259259259259,1,checkpoints/sudoku_extreme_hf/checkpoint,3,1,blanks_5,33.41750287499856,0,192,fixed_point,1,changed_wrong,0.7283950617283951,22,1,0,1,0,0
32,5,1.0,1,checkpoints/sudoku_extreme_hf/checkpoint,0,1,blanks_5,33.41750287499856,1,193,fixed_point,0,became_wrong,0.7654320987654321,19,1,0,1,0,0
32,5,0.9135802469135802,1,checkpoints/sudoku_extreme_hf/checkpoint,6,1,blanks_5,33.41750287499856,0,194,fixed_point,1,changed_wrong,0.6049382716049383,31,0,0,1,31,0
32,5,0.9259259259259259,1,checkpoints/sudoku_extreme_hf/checkpoint,5,1,blanks_5,33.41750287499856,0,195,fixed_point,1,changed_wrong,0.7407407407407407,16,1,0,1,0,0
32,5,0.9506172839506173,1,checkpoints/sudoku_extreme_hf/checkpoint,4,1,blanks_5,33.41750287499856,0,196,fixed_point,1,changed_wrong,0.6419753086419753,25,0,0,1,23,0
32,5,1.0,1,checkpoints/sudoku_extreme_hf/checkpoint,0,1,blanks_5,33.41750287499856,1,197,fixed_point,0,became_wrong,0.8765432098765432,10,1,0,1,0,0
32,5,1.0,1,checkpoints/sudoku_extreme_hf/checkpoint,0,1,blanks_5,33.41750287499856,1,198,fixed_point,0,became_wrong,0.7283950617283951,22,1,0,1,0,0
32,5,0.9259259259259259,1,checkpoints/sudoku_extreme_hf/checkpoint,5,1,blanks_5,33.41750287499856,0,199,fixed_point,1,changed_wrong,0.5925925925925926,30,1,0,1,0,0
32,5,0.9506172839506173,1,checkpoints/sudoku_extreme_hf/checkpoint,3,1,blanks_5,33.41750287499856,0,200,fixed_point,1,changed_wrong,0.7407407407407407,19,1,0,1,0,0
32,5,1.0,1,checkpoints/sudoku_extreme_hf/checkpoint,0,1,blanks_5,33.41750287499856,1,201,fixed_point,0,became_wrong,0.9135802469135802,7,1,0,1,0,0
32,5,1.0,1,checkpoints/sudoku_extreme_hf/checkpoint,0,1,blanks_5,33.41750287499856,1,202,fixed_point,0,became_wrong,0.8024691358024691,16,1,0,1,0,0
32,5,1.0,1,checkpoints/sudoku_extreme_hf/checkpoint,0,1,blanks_5,33.41750287499856,1,203,fixed_point,0,became_wrong,0.8148148148148148,15,1,0,1,0,0
32,5,0.9506172839506173,1,checkpoints/sudoku_extreme_hf/checkpoint,3,1,blanks_5,33.41750287499856,0,204,fixed_point,1,changed_wrong,0.9012345679012346,12,1,0,1,0,0
32,5,1.0,1,checkpoints/sudoku_extreme_hf/checkpoint,0,1,blanks_5,33.41750287499856,1,205,fixed_point,0,became_wrong,0.654320987654321,28,1,0,1,0,0
32,5,0.8518518518518519,1,checkpoints/sudoku_extreme_hf/checkpoint,11,0,blanks_5,33.41750287499856,0,206,fixed_point,1,changed_wrong,0.6419753086419753,20,1,0,1,0,9
32,5,0.9259259259259259,0,checkpoints/sudoku_extreme_hf/checkpoint,6,1,blanks_5,33.41750287499856,0,207,fixed_point,1,invalid_fixed_point,0.9259259259259259,0,1,0,0,0,0
32,5,1.0,1,checkpoints/sudoku_extreme_hf/checkpoint,0,1,blanks_5,33.41750287499856,1,208,fixed_point,0,became_wrong,0.7777777777777778,18,1,0,1,0,0
32,5,0.9135802469135802,1,checkpoints/sudoku_extreme_hf/checkpoint,7,1,blanks_5,33.41750287499856,0,209,fixed_point,1,changed_wrong,0.6666666666666666,27,1,0,1,0,0
32,5,0.9259259259259259,1,checkpoints/sudoku_extreme_hf/checkpoint,5,1,blanks_5,33.41750287499856,0,210,fixed_point,1,changed_wrong,0.7407407407407407,18,1,0,1,0,0
32,5,1.0,1,checkpoints/sudoku_extreme_hf/checkpoint,0,1,blanks_5,33.41750287499856,1,211,fixed_point,0,became_wrong,0.8024691358024691,16,1,0,1,0,0
32,5,0.9259259259259259,1,checkpoints/sudoku_extreme_hf/checkpoint,5,1,blanks_5,33.41750287499856,0,212,fixed_point,1,became_correct,1.0,6,1,1,1,0,0
32,5,0.9012345679012346,1,checkpoints/sudoku_extreme_hf/checkpoint,7,1,blanks_5,33.41750287499856,0,213,fixed_point,1,changed_wrong,0.5802469135802469,28,1,0,1,0,0
32,5,1.0,1,checkpoints/sudoku_extreme_hf/checkpoint,0,1,blanks_5,33.41750287499856,1,214,fixed_point,0,became_wrong,0.6296296296296297,30,1,0,1,0,0
32,5,1.0,1,checkpoints/sudoku_extreme_hf/checkpoint,0,1,blanks_5,33.41750287499856,1,215,fixed_point,0,became_wrong,0.691358024691358,25,1,0,1,0,0
32,5,1.0,1,checkpoints/sudoku_extreme_hf/checkpoint,0,1,blanks_5,33.41750287499856,1,216,fixed_point,0,became_wrong,0.7037037037037037,24,1,0,1,0,0
32,5,1.0,1,checkpoints/sudoku_extreme_hf/checkpoint,0,1,blanks_5,33.41750287499856,1,217,fixed_point,0,became_wrong,0.8024691358024691,16,1,0,1,0,0
32,5,1.0,0,checkpoints/sudoku_extreme_hf/checkpoint,0,1,blanks_5,33.41750287499856,1,218,fixed_point,0,stable_correct,1.0,0,1,1,0,0,0
32,5,1.0,1,checkpoints/sudoku_extreme_hf/checkpoint,0,1,blanks_5,33.41750287499856,1,219,fixed_point,0,became_wrong,0.9012345679012346,8,1,0,1,0,0
32,5,1.0,1,checkpoints/sudoku_extreme_hf/checkpoint,0,1,blanks_5,33.41750287499856,1,220,fixed_point,0,became_wrong,0.9506172839506173,4,1,0,1,0,0
32,5,1.0,1,checkpoints/sudoku_extreme_hf/checkpoint,0,1,blanks_5,33.41750287499856,1,221,fixed_point,0,became_wrong,0.7654320987654321,19,1,0,1,0,0
32,5,0.9259259259259259,1,checkpoints/sudoku_extreme_hf/checkpoint,6,1,blanks_5,33.41750287499856,0,222,fixed_point,1,changed_wrong,0.7283950617283951,18,1,0,1,0,0
32,5,0.9506172839506173,1,checkpoints/sudoku_extreme_hf/checkpoint,3,1,blanks_5,33.41750287499856,0,223,fixed_point,1,changed_wrong,0.7283950617283951,19,1,0,1,0,0
32,5,1.0,1,checkpoints/sudoku_extreme_hf/checkpoint,0,1,blanks_5,34.1694475624994,1,224,fixed_point,0,became_wrong,0.7037037037037037,24,0,0,1,21,0
32,5,0.9259259259259259,1,checkpoints/sudoku_extreme_hf/checkpoint,6,1,blanks_5,34.1694475624994,0,225,fixed_point,1,changed_wrong,0.8395061728395061,8,1,0,1,0,0
32,5,1.0,1,checkpoints/sudoku_extreme_hf/checkpoint,0,1,blanks_5,34.1694475624994,1,226,fixed_point,0,became_wrong,0.9506172839506173,4,1,0,1,0,0
32,5,1.0,1,checkpoints/sudoku_extreme_hf/checkpoint,0,1,blanks_5,34.1694475624994,1,227,fixed_point,0,became_wrong,0.7530864197530864,20,1,0,1,0,0
32,5,1.0,1,checkpoints/sudoku_extreme_hf/checkpoint,0,1,blanks_5,34.1694475624994,1,228,fixed_point,0,became_wrong,0.9012345679012346,8,1,0,1,0,0
32,5,1.0,1,checkpoints/sudoku_extreme_hf/checkpoint,0,1,blanks_5,34.1694475624994,1,229,fixed_point,0,became_wrong,0.9012345679012346,8,1,0,1,0,0
32,5,1.0,1,checkpoints/sudoku_extreme_hf/checkpoint,0,1,blanks_5,34.1694475624994,1,230,fixed_point,0,became_wrong,0.7037037037037037,24,1,0,1,0,0
32,5,1.0,1,checkpoints/sudoku_extreme_hf/checkpoint,0,1,blanks_5,34.1694475624994,1,231,fixed_point,0,became_wrong,0.9506172839506173,4,1,0,1,0,0
32,5,0.9259259259259259,1,checkpoints/sudoku_extreme_hf/checkpoint,6,1,blanks_5,34.1694475624994,0,232,fixed_point,1,changed_wrong,0.7654320987654321,19,1,0,1,0,0
32,5,0.9012345679012346,1,checkpoints/sudoku_extreme_hf/checkpoint,7,1,blanks_5,34.1694475624994,0,233,fixed_point,1,changed_wrong,0.7283950617283951,22,1,0,1,0,0
32,5,1.0,1,checkpoints/sudoku_extreme_hf/checkpoint,0,1,blanks_5,34.1694475624994,1,234,fixed_point,0,became_wrong,0.8395061728395061,13,1,0,1,0,0
32,5,1.0,1,checkpoints/sudoku_extreme_hf/checkpoint,0,1,blanks_5,34.1694475624994,1,235,fixed_point,0,became_wrong,0.6419753086419753,29,1,0,1,0,0
32,5,1.0,1,checkpoints/sudoku_extreme_hf/checkpoint,0,1,blanks_5,34.1694475624994,1,236,fixed_point,0,became_wrong,0.8271604938271605,14,1,0,1,0,0
32,5,1.0,1,checkpoints/sudoku_extreme_hf/checkpoint,0,1,blanks_5,34.1694475624994,1,237,fixed_point,0,became_wrong,0.9506172839506173,4,1,0,1,0,0
32,5,0.8888888888888888,1,checkpoints/sudoku_extreme_hf/checkpoint,8,1,blanks_5,34.1694475624994,0,238,fixed_point,1,changed_wrong,0.6666666666666666,25,1,0,1,0,0
32,5,1.0,0,checkpoints/sudoku_extreme_hf/checkpoint,0,1,blanks_5,34.1694475624994,1,239,fixed_point,0,stable_correct,1.0,0,1,1,0,0,0
32,5,1.0,1,checkpoints/sudoku_extreme_hf/checkpoint,0,1,blanks_5,34.1694475624994,1,240,fixed_point,0,became_wrong,0.8888888888888888,9,1,0,1,0,0
32,5,0.7530864197530864,1,checkpoints/sudoku_extreme_hf/checkpoint,20,1,blanks_5,34.1694475624994,0,241,fixed_point,1,changed_wrong,0.7530864197530864,7,1,0,1,0,0
32,5,1.0,1,checkpoints/sudoku_extreme_hf/checkpoint,0,1,blanks_5,34.1694475624994,1,242,fixed_point,0,became_wrong,0.8024691358024691,16,1,0,1,0,0
32,5,1.0,1,checkpoints/sudoku_extreme_hf/checkpoint,0,1,blanks_5,34.1694475624994,1,243,fixed_point,0,became_wrong,0.6790123456790124,26,1,0,1,0,0
32,5,0.9506172839506173,1,checkpoints/sudoku_extreme_hf/checkpoint,3,1,blanks_5,34.1694475624994,0,244,fixed_point,1,changed_wrong,0.8765432098765432,6,1,0,1,0,0
32,5,1.0,1,checkpoints/sudoku_extreme_hf/checkpoint,0,1,blanks_5,34.1694475624994,1,245,fixed_point,0,became_wrong,0.8518518518518519,12,1,0,1,0,0
32,5,1.0,1,checkpoints/sudoku_extreme_hf/checkpoint,0,1,blanks_5,34.1694475624994,1,246,fixed_point,0,became_wrong,0.6666666666666666,27,1,0,1,0,0
32,5,1.0,1,checkpoints/sudoku_extreme_hf/checkpoint,0,1,blanks_5,34.1694475624994,1,247,fixed_point,0,became_wrong,0.8148148148148148,15,1,0,1,0,0
32,5,1.0,1,checkpoints/sudoku_extreme_hf/checkpoint,0,1,blanks_5,34.1694475624994,1,248,fixed_point,0,became_wrong,0.9506172839506173,4,1,0,1,0,0
32,5,1.0,1,checkpoints/sudoku_extreme_hf/checkpoint,0,1,blanks_5,34.1694475624994,1,249,fixed_point,0,became_wrong,0.7530864197530864,20,1,0,1,0,0
32,5,1.0,1,checkpoints/sudoku_extreme_hf/checkpoint,0,1,blanks_5,34.1694475624994,1,250,fixed_point,0,became_wrong,0.7530864197530864,20,0,0,1,20,0
32,5,0.9506172839506173,1,checkpoints/sudoku_extreme_hf/checkpoint,2,1,blanks_5,34.1694475624994,0,251,fixed_point,1,changed_wrong,0.7160493827160493,20,1,0,1,0,0
32,5,0.7777777777777778,1,checkpoints/sudoku_extreme_hf/checkpoint,17,1,blanks_5,34.1694475624994,0,252,fixed_point,1,changed_wrong,0.691358024691358,12,1,0,1,0,0
32,5,0.9506172839506173,1,checkpoints/sudoku_extreme_hf/checkpoint,3,1,blanks_5,34.1694475624994,0,253,fixed_point,1,changed_wrong,0.7037037037037037,21,1,0,1,0,0
32,5,0.9506172839506173,1,checkpoints/sudoku_extreme_hf/checkpoint,4,1,blanks_5,34.1694475624994,0,254,fixed_point,1,changed_wrong,0.7283950617283951,19,0,0,1,27,0
32,5,1.0,1,checkpoints/sudoku_extreme_hf/checkpoint,0,1,blanks_5,34.1694475624994,1,255,fixed_point,0,became_wrong,0.8271604938271605,14,1,0,1,0,0
32,5,1.0,1,checkpoints/sudoku_extreme_hf/checkpoint,0,1,blanks_5,33.91387571874915,1,256,fixed_point,0,became_wrong,0.8024691358024691,16,1,0,1,0,0
32,5,0.8765432098765432,1,checkpoints/sudoku_extreme_hf/checkpoint,9,1,blanks_5,33.91387571874915,0,257,fixed_point,1,changed_wrong,0.7777777777777778,16,1,0,1,0,0
32,5,0.7777777777777778,1,checkpoints/sudoku_extreme_hf/checkpoint,17,0,blanks_5,33.91387571874915,0,258,fixed_point,1,changed_wrong,0.7530864197530864,27,1,0,1,0,17
32,5,0.8641975308641975,1,checkpoints/sudoku_extreme_hf/checkpoint,8,1,blanks_5,33.91387571874915,0,259,fixed_point,1,changed_wrong,0.6296296296296297,27,0,0,1,17,0
32,5,0.9506172839506173,1,checkpoints/sudoku_extreme_hf/checkpoint,2,1,blanks_5,33.91387571874915,0,260,fixed_point,1,changed_wrong,0.6049382716049383,29,1,0,1,0,0
32,5,0.9259259259259259,1,checkpoints/sudoku_extreme_hf/checkpoint,6,1,blanks_5,33.91387571874915,0,261,fixed_point,1,changed_wrong,0.6296296296296297,25,1,0,1,0,0
32,5,0.8148148148148148,1,checkpoints/sudoku_extreme_hf/checkpoint,13,1,blanks_5,33.91387571874915,0,262,fixed_point,1,changed_wrong,0.6049382716049383,26,1,0,1,0,0
32,5,0.7160493827160493,1,checkpoints/sudoku_extreme_hf/checkpoint,20,1,blanks_5,33.91387571874915,0,263,fixed_point,1,changed_wrong,0.6666666666666666,25,1,0,1,0,0
32,5,1.0,1,checkpoints/sudoku_extreme_hf/checkpoint,0,1,blanks_5,33.91387571874915,1,264,fixed_point,0,became_wrong,0.9259259259259259,6,1,0,1,0,0
32,5,0.8518518518518519,1,checkpoints/sudoku_extreme_hf/checkpoint,10,1,blanks_5,33.91387571874915,0,265,fixed_point,1,changed_wrong,0.9259259259259259,12,1,0,1,0,0
32,5,1.0,1,checkpoints/sudoku_extreme_hf/checkpoint,0,1,blanks_5,33.91387571874915,1,266,fixed_point,0,became_wrong,0.7037037037037037,24,1,0,1,0,0
32,5,1.0,1,checkpoints/sudoku_extreme_hf/checkpoint,0,1,blanks_5,33.91387571874915,1,267,fixed_point,0,became_wrong,0.7160493827160493,23,1,0,1,0,0
32,5,1.0,1,checkpoints/sudoku_extreme_hf/checkpoint,0,1,blanks_5,33.91387571874915,1,268,fixed_point,0,became_wrong,0.7407407407407407,21,1,0,1,0,0
32,5,0.8518518518518519,1,checkpoints/sudoku_extreme_hf/checkpoint,10,1,blanks_5,33.91387571874915,0,269,fixed_point,1,changed_wrong,0.7283950617283951,20,1,0,1,0,0
32,5,1.0,1,checkpoints/sudoku_extreme_hf/checkpoint,0,1,blanks_5,33.91387571874915,1,270,fixed_point,0,became_wrong,0.7530864197530864,20,1,0,1,0,0
32,5,1.0,1,checkpoints/sudoku_extreme_hf/checkpoint,0,1,blanks_5,33.91387571874915,1,271,fixed_point,0,became_wrong,0.6296296296296297,30,1,0,1,0,0
32,5,1.0,1,checkpoints/sudoku_extreme_hf/checkpoint,0,1,blanks_5,33.91387571874915,1,272,fixed_point,0,became_wrong,0.7654320987654321,19,0,0,1,26,0
32,5,1.0,1,checkpoints/sudoku_extreme_hf/checkpoint,0,1,blanks_5,33.91387571874915,1,273,fixed_point,0,became_wrong,0.7160493827160493,23,0,0,1,20,0
32,5,1.0,0,checkpoints/sudoku_extreme_hf/checkpoint,0,1,blanks_5,33.91387571874915,1,274,fixed_point,0,stable_correct,1.0,0,1,1,0,0,0
32,5,0.9506172839506173,1,checkpoints/sudoku_extreme_hf/checkpoint,3,1,blanks_5,33.91387571874915,0,275,fixed_point,1,changed_wrong,0.7037037037037037,22,0,0,1,12,0
32,5,0.9259259259259259,1,checkpoints/sudoku_extreme_hf/checkpoint,4,1,blanks_5,33.91387571874915,0,276,fixed_point,1,changed_wrong,0.8888888888888888,4,1,0,1,0,0
32,5,1.0,1,checkpoints/sudoku_extreme_hf/checkpoint,0,1,blanks_5,33.91387571874915,1,277,fixed_point,0,became_wrong,0.8888888888888888,9,1,0,1,0,0
32,5,0.9506172839506173,1,checkpoints/sudoku_extreme_hf/checkpoint,1,1,blanks_5,33.91387571874915,0,278,fixed_point,1,changed_wrong,0.654320987654321,28,1,0,1,0,0
32,5,0.9876543209876543,1,checkpoints/sudoku_extreme_hf/checkpoint,1,0,blanks_5,33.91387571874915,0,279,fixed_point,1,changed_wrong,0.6419753086419753,28,1,0,1,0,3
32,5,1.0,1,checkpoints/sudoku_extreme_hf/checkpoint,0,1,blanks_5,33.91387571874915,1,280,fixed_point,0,became_wrong,0.6666666666666666,27,1,0,1,0,0
32,5,1.0,1,checkpoints/sudoku_extreme_hf/checkpoint,0,1,blanks_5,33.91387571874915,1,281,fixed_point,0,became_wrong,0.8271604938271605,14,0,0,1,22,0
32,5,1.0,1,checkpoints/sudoku_extreme_hf/checkpoint,0,1,blanks_5,33.91387571874915,1,282,fixed_point,0,became_wrong,0.8271604938271605,14,1,0,1,0,0
32,5,0.9135802469135802,1,checkpoints/sudoku_extreme_hf/checkpoint,6,1,blanks_5,33.91387571874915,0,283,fixed_point,1,changed_wrong,0.7901234567901234,22,1,0,1,0,0
32,5,0.9259259259259259,1,checkpoints/sudoku_extreme_hf/checkpoint,5,1,blanks_5,33.91387571874915,0,284,fixed_point,1,changed_wrong,0.7037037037037037,27,1,0,1,0,0
32,5,1.0,1,checkpoints/sudoku_extreme_hf/checkpoint,0,1,blanks_5,33.91387571874915,1,285,fixed_point,0,became_wrong,0.7654320987654321,19,1,0,1,0,0
32,5,0.9012345679012346,1,checkpoints/sudoku_extreme_hf/checkpoint,8,1,blanks_5,33.91387571874915,0,286,fixed_point,1,changed_wrong,0.7654320987654321,20,1,0,1,0,0
32,5,1.0,1,checkpoints/sudoku_extreme_hf/checkpoint,0,1,blanks_5,33.91387571874915,1,287,fixed_point,0,became_wrong,0.7901234567901234,17,1,0,1,0,0
32,5,1.0,1,checkpoints/sudoku_extreme_hf/checkpoint,0,1,blanks_5,35.351116468749666,1,288,fixed_point,0,became_wrong,0.8395061728395061,13,1,0,1,0,0
32,5,1.0,0,checkpoints/sudoku_extreme_hf/checkpoint,0,1,blanks_5,35.351116468749666,1,289,fixed_point,0,stable_correct,1.0,0,1,1,0,0,0
32,5,0.9506172839506173,1,checkpoints/sudoku_extreme_hf/checkpoint,3,1,blanks_5,35.351116468749666,0,290,fixed_point,1,changed_wrong,0.7160493827160493,22,1,0,1,0,0
32,5,1.0,1,checkpoints/sudoku_extreme_hf/checkpoint,0,1,blanks_5,35.351116468749666,1,291,fixed_point,0,became_wrong,0.6666666666666666,27,1,0,1,0,0
32,5,1.0,1,checkpoints/sudoku_extreme_hf/checkpoint,0,1,blanks_5,35.351116468749666,1,292,fixed_point,0,became_wrong,0.7654320987654321,19,1,0,1,0,0
32,5,0.8641975308641975,1,checkpoints/sudoku_extreme_hf/checkpoint,11,1,blanks_5,35.351116468749666,0,293,fixed_point,1,changed_wrong,0.7530864197530864,11,1,0,1,0,0
32,5,1.0,1,checkpoints/sudoku_extreme_hf/checkpoint,0,1,blanks_5,35.351116468749666,1,294,fixed_point,0,became_wrong,0.7283950617283951,22,1,0,1,0,0
32,5,0.8395061728395061,1,checkpoints/sudoku_extreme_hf/checkpoint,11,1,blanks_5,35.351116468749666,0,295,fixed_point,1,changed_wrong,0.6790123456790124,17,1,0,1,0,0
32,5,0.8888888888888888,1,checkpoints/sudoku_extreme_hf/checkpoint,8,1,blanks_5,35.351116468749666,0,296,fixed_point,1,changed_wrong,0.6172839506172839,29,1,0,1,0,0
32,5,0.9506172839506173,1,checkpoints/sudoku_extreme_hf/checkpoint,2,1,blanks_5,35.351116468749666,0,297,fixed_point,1,changed_wrong,0.7037037037037037,20,1,0,1,0,0
32,5,1.0,1,checkpoints/sudoku_extreme_hf/checkpoint,0,1,blanks_5,35.351116468749666,1,298,fixed_point,0,became_wrong,0.691358024691358,25,1,0,1,0,0
32,5,1.0,1,checkpoints/sudoku_extreme_hf/checkpoint,0,1,blanks_5,35.351116468749666,1,299,fixed_point,0,became_wrong,0.7407407407407407,21,1,0,1,0,0
32,5,1.0,1,checkpoints/sudoku_extreme_hf/checkpoint,0,1,blanks_5,35.351116468749666,1,300,fixed_point,0,became_wrong,0.654320987654321,28,0,0,1,29,0
32,5,1.0,1,checkpoints/sudoku_extreme_hf/checkpoint,0,1,blanks_5,35.351116468749666,1,301,fixed_point,0,became_wrong,0.8518518518518519,12,1,0,1,0,0
32,5,0.8024691358024691,1,checkpoints/sudoku_extreme_hf/checkpoint,15,1,blanks_5,35.351116468749666,0,302,fixed_point,1,changed_wrong,0.7407407407407407,10,1,0,1,0,0
32,5,1.0,1,checkpoints/sudoku_extreme_hf/checkpoint,0,1,blanks_5,35.351116468749666,1,303,fixed_point,0,became_wrong,0.7654320987654321,19,1,0,1,0,0
32,5,1.0,0,checkpoints/sudoku_extreme_hf/checkpoint,0,1,blanks_5,35.351116468749666,1,304,fixed_point,0,stable_correct,1.0,0,1,1,0,0,0
32,5,0.9012345679012346,1,checkpoints/sudoku_extreme_hf/checkpoint,7,1,blanks_5,35.351116468749666,0,305,fixed_point,1,changed_wrong,0.8641975308641975,11,0,0,1,6,0
32,5,1.0,1,checkpoints/sudoku_extreme_hf/checkpoint,0,1,blanks_5,35.351116468749666,1,306,fixed_point,0,became_wrong,0.8765432098765432,10,1,0,1,0,0
32,5,0.9506172839506173,1,checkpoints/sudoku_extreme_hf/checkpoint,4,1,blanks_5,35.351116468749666,0,307,fixed_point,1,changed_wrong,0.7654320987654321,19,1,0,1,0,0
32,5,1.0,1,checkpoints/sudoku_extreme_hf/checkpoint,0,1,blanks_5,35.351116468749666,1,308,fixed_point,0,became_wrong,0.654320987654321,28,1,0,1,0,0
32,5,0.7777777777777778,1,checkpoints/sudoku_extreme_hf/checkpoint,17,1,blanks_5,35.351116468749666,0,309,fixed_point,1,changed_wrong,0.6419753086419753,16,1,0,1,0,0
32,5,1.0,1,checkpoints/sudoku_extreme_hf/checkpoint,0,1,blanks_5,35.351116468749666,1,310,fixed_point,0,became_wrong,0.9259259259259259,6,1,0,1,0,0
32,5,0.9506172839506173,1,checkpoints/sudoku_extreme_hf/checkpoint,4,1,blanks_5,35.351116468749666,0,311,fixed_point,1,changed_wrong,0.7777777777777778,17,0,0,1,22,0
32,5,0.9259259259259259,1,checkpoints/sudoku_extreme_hf/checkpoint,3,1,blanks_5,35.351116468749666,0,312,fixed_point,1,changed_wrong,0.7777777777777778,18,1,0,1,0,0
32,5,0.9506172839506173,1,checkpoints/sudoku_extreme_hf/checkpoint,4,1,blanks_5,35.351116468749666,0,313,fixed_point,1,changed_wrong,0.6419753086419753,31,1,0,1,0,0
32,5,1.0,1,checkpoints/sudoku_extreme_hf/checkpoint,0,1,blanks_5,35.351116468749666,1,314,fixed_point,0,became_wrong,0.7777777777777778,18,1,0,1,0,0
32,5,1.0,1,checkpoints/sudoku_extreme_hf/checkpoint,0,1,blanks_5,35.351116468749666,1,315,fixed_point,0,became_wrong,0.8148148148148148,15,1,0,1,0,0
32,5,1.0,1,checkpoints/sudoku_extreme_hf/checkpoint,0,1,blanks_5,35.351116468749666,1,316,fixed_point,0,became_wrong,0.7530864197530864,20,0,0,1,6,0
32,5,1.0,1,checkpoints/sudoku_extreme_hf/checkpoint,0,1,blanks_5,35.351116468749666,1,317,fixed_point,0,became_wrong,0.7283950617283951,22,0,0,1,24,0
32,5,1.0,1,checkpoints/sudoku_extreme_hf/checkpoint,0,1,blanks_5,35.351116468749666,1,318,fixed_point,0,became_wrong,0.7777777777777778,18,1,0,1,0,0
32,5,1.0,1,checkpoints/sudoku_extreme_hf/checkpoint,0,1,blanks_5,35.351116468749666,1,319,fixed_point,0,became_wrong,0.654320987654321,28,1,0,1,0,0
32,5,0.9506172839506173,1,checkpoints/sudoku_extreme_hf/checkpoint,4,1,blanks_5,38.15095259375134,0,320,fixed_point,1,changed_wrong,0.6666666666666666,29,1,0,1,0,0
32,5,0.8888888888888888,1,checkpoints/sudoku_extreme_hf/checkpoint,7,1,blanks_5,38.15095259375134,0,321,fixed_point,1,changed_wrong,0.654320987654321,29,1,0,1,0,0
32,5,1.0,0,checkpoints/sudoku_extreme_hf/checkpoint,0,1,blanks_5,38.15095259375134,1,322,fixed_point,0,stable_correct,1.0,0,1,1,0,0,0
32,5,0.9259259259259259,1,checkpoints/sudoku_extreme_hf/checkpoint,3,1,blanks_5,38.15095259375134,0,323,fixed_point,1,changed_wrong,0.654320987654321,27,1,0,1,0,0
32,5,0.9506172839506173,1,checkpoints/sudoku_extreme_hf/checkpoint,3,1,blanks_5,38.15095259375134,0,324,fixed_point,1,changed_wrong,0.9012345679012346,11,1,0,1,0,0
32,5,1.0,1,checkpoints/sudoku_extreme_hf/checkpoint,0,1,blanks_5,38.15095259375134,1,325,fixed_point,0,became_wrong,0.7654320987654321,19,1,0,1,0,0
32,5,1.0,1,checkpoints/sudoku_extreme_hf/checkpoint,0,1,blanks_5,38.15095259375134,1,326,fixed_point,0,became_wrong,0.7901234567901234,17,1,0,1,0,0
32,5,1.0,1,checkpoints/sudoku_extreme_hf/checkpoint,0,1,blanks_5,38.15095259375134,1,327,fixed_point,0,became_wrong,0.6790123456790124,26,1,0,1,0,0
32,5,1.0,1,checkpoints/sudoku_extreme_hf/checkpoint,0,1,blanks_5,38.15095259375134,1,328,fixed_point,0,became_wrong,0.7283950617283951,22,1,0,1,0,0
32,5,0.8024691358024691,1,checkpoints/sudoku_extreme_hf/checkpoint,14,1,blanks_5,38.15095259375134,0,329,fixed_point,1,changed_wrong,0.5432098765432098,28,1,0,1,0,0
32,5,1.0,1,checkpoints/sudoku_extreme_hf/checkpoint,0,1,blanks_5,38.15095259375134,1,330,fixed_point,0,became_wrong,0.7901234567901234,17,1,0,1,0,0
32,5,0.8641975308641975,1,checkpoints/sudoku_extreme_hf/checkpoint,9,1,blanks_5,38.15095259375134,0,331,fixed_point,1,changed_wrong,0.7037037037037037,21,0,0,1,18,0
32,5,1.0,1,checkpoints/sudoku_extreme_hf/checkpoint,0,1,blanks_5,38.15095259375134,1,332,fixed_point,0,became_wrong,0.9259259259259259,6,1,0,1,0,0
32,5,0.9259259259259259,1,checkpoints/sudoku_extreme_hf/checkpoint,6,1,blanks_5,38.15095259375134,0,333,fixed_point,1,changed_wrong,0.7654320987654321,16,1,0,1,0,0
32,5,1.0,1,checkpoints/sudoku_extreme_hf/checkpoint,0,1,blanks_5,38.15095259375134,1,334,fixed_point,0,became_wrong,0.5925925925925926,33,1,0,1,0,0
32,5,1.0,1,checkpoints/sudoku_extreme_hf/checkpoint,0,1,blanks_5,38.15095259375134,1,335,fixed_point,0,became_wrong,0.7530864197530864,20,1,0,1,0,0
32,5,0.9506172839506173,1,checkpoints/sudoku_extreme_hf/checkpoint,3,1,blanks_5,38.15095259375134,0,336,fixed_point,1,changed_wrong,0.6049382716049383,31,1,0,1,0,0
32,5,0.9259259259259259,0,checkpoints/sudoku_extreme_hf/checkpoint,5,1,blanks_5,38.15095259375134,0,337,fixed_point,1,invalid_fixed_point,0.9259259259259259,0,1,0,0,0,0
32,5,1.0,1,checkpoints/sudoku_extreme_hf/checkpoint,0,1,blanks_5,38.15095259375134,1,338,fixed_point,0,became_wrong,0.691358024691358,25,1,0,1,0,0
32,5,1.0,1,checkpoints/sudoku_extreme_hf/checkpoint,0,1,blanks_5,38.15095259375134,1,339,fixed_point,0,became_wrong,0.7654320987654321,19,1,0,1,0,0
32,5,1.0,1,checkpoints/sudoku_extreme_hf/checkpoint,0,1,blanks_5,38.15095259375134,1,340,fixed_point,0,became_wrong,0.8024691358024691,16,1,0,1,0,0
32,5,0.9506172839506173,1,checkpoints/sudoku_extreme_hf/checkpoint,2,1,blanks_5,38.15095259375134,0,341,fixed_point,1,changed_wrong,0.6666666666666666,25,1,0,1,0,0
32,5,1.0,0,checkpoints/sudoku_extreme_hf/checkpoint,0,1,blanks_5,38.15095259375134,1,342,fixed_point,0,stable_correct,1.0,0,1,1,0,0,0
32,5,0.8395061728395061,1,checkpoints/sudoku_extreme_hf/checkpoint,11,1,blanks_5,38.15095259375134,0,343,fixed_point,1,changed_wrong,0.7901234567901234,4,1,0,1,0,0
32,5,1.0,1,checkpoints/sudoku_extreme_hf/checkpoint,0,1,blanks_5,38.15095259375134,1,344,fixed_point,0,became_wrong,0.7160493827160493,23,1,0,1,0,0
32,5,1.0,1,checkpoints/sudoku_extreme_hf/checkpoint,0,1,blanks_5,38.15095259375134,1,345,fixed_point,0,became_wrong,0.7037037037037037,24,0,0,1,20,0
32,5,0.9506172839506173,1,checkpoints/sudoku_extreme_hf/checkpoint,4,1,blanks_5,38.15095259375134,0,346,fixed_point,1,changed_wrong,0.8148148148148148,19,1,0,1,0,0
32,5,1.0,1,checkpoints/sudoku_extreme_hf/checkpoint,0,1,blanks_5,38.15095259375134,1,347,fixed_point,0,became_wrong,0.8024691358024691,16,0,0,1,23,0
32,5,0.9135802469135802,1,checkpoints/sudoku_extreme_hf/checkpoint,7,1,blanks_5,38.15095259375134,0,348,fixed_point,1,changed_wrong,0.7037037037037037,22,1,0,1,0,0
32,5,1.0,1,checkpoints/sudoku_extreme_hf/checkpoint,0,1,blanks_5,38.15095259375134,1,349,fixed_point,0,became_wrong,0.7654320987654321,19,1,0,1,0,0
32,5,1.0,1,checkpoints/sudoku_extreme_hf/checkpoint,0,1,blanks_5,38.15095259375134,1,350,fixed_point,0,became_wrong,0.6790123456790124,26,1,0,1,0,0
32,5,0.9506172839506173,1,checkpoints/sudoku_extreme_hf/checkpoint,4,1,blanks_5,38.15095259375134,0,351,fixed_point,1,changed_wrong,0.7283950617283951,24,1,0,1,0,0
32,5,0.9506172839506173,1,checkpoints/sudoku_extreme_hf/checkpoint,3,1,blanks_5,37.28944834375092,0,352,fixed_point,1,changed_wrong,0.7037037037037037,23,1,0,1,0,0
32,5,1.0,1,checkpoints/sudoku_extreme_hf/checkpoint,0,1,blanks_5,37.28944834375092,1,353,fixed_point,0,became_wrong,0.6172839506172839,31,1,0,1,0,0
32,5,1.0,1,checkpoints/sudoku_extreme_hf/checkpoint,0,1,blanks_5,37.28944834375092,1,354,fixed_point,0,became_wrong,0.7037037037037037,24,1,0,1,0,0
32,5,0.9506172839506173,1,checkpoints/sudoku_extreme_hf/checkpoint,3,1,blanks_5,37.28944834375092,0,355,fixed_point,1,changed_wrong,0.9506172839506173,8,1,0,1,0,0
32,5,0.9135802469135802,1,checkpoints/sudoku_extreme_hf/checkpoint,7,1,blanks_5,37.28944834375092,0,356,fixed_point,1,changed_wrong,0.8518518518518519,11,1,0,1,0,0
32,5,0.7654320987654321,1,checkpoints/sudoku_extreme_hf/checkpoint,16,1,blanks_5,37.28944834375092,0,357,fixed_point,1,changed_wrong,0.7160493827160493,11,1,0,1,0,0
32,5,1.0,1,checkpoints/sudoku_extreme_hf/checkpoint,0,1,blanks_5,37.28944834375092,1,358,fixed_point,0,became_wrong,0.7530864197530864,20,1,0,1,0,0
32,5,1.0,1,checkpoints/sudoku_extreme_hf/checkpoint,0,1,blanks_5,37.28944834375092,1,359,fixed_point,0,became_wrong,0.8888888888888888,9,0,0,1,6,0
32,5,1.0,1,checkpoints/sudoku_extreme_hf/checkpoint,0,1,blanks_5,37.28944834375092,1,360,fixed_point,0,became_wrong,0.6790123456790124,26,1,0,1,0,0
32,5,1.0,1,checkpoints/sudoku_extreme_hf/checkpoint,0,1,blanks_5,37.28944834375092,1,361,fixed_point,0,became_wrong,0.6296296296296297,30,1,0,1,0,0
32,5,1.0,1,checkpoints/sudoku_extreme_hf/checkpoint,0,1,blanks_5,37.28944834375092,1,362,fixed_point,0,became_wrong,0.6419753086419753,29,1,0,1,0,0
32,5,0.9259259259259259,1,checkpoints/sudoku_extreme_hf/checkpoint,4,1,blanks_5,37.28944834375092,0,363,fixed_point,1,changed_wrong,0.8271604938271605,14,1,0,1,0,0
32,5,1.0,1,checkpoints/sudoku_extreme_hf/checkpoint,0,1,blanks_5,37.28944834375092,1,364,fixed_point,0,became_wrong,0.6296296296296297,30,1,0,1,0,0
32,5,0.9259259259259259,1,checkpoints/sudoku_extreme_hf/checkpoint,4,1,blanks_5,37.28944834375092,0,365,fixed_point,1,changed_wrong,0.8765432098765432,14,1,0,1,0,0
32,5,1.0,1,checkpoints/sudoku_extreme_hf/checkpoint,0,1,blanks_5,37.28944834375092,1,366,fixed_point,0,became_wrong,0.7037037037037037,24,1,0,1,0,0
32,5,1.0,1,checkpoints/sudoku_extreme_hf/checkpoint,0,1,blanks_5,37.28944834375092,1,367,fixed_point,0,became_wrong,0.8271604938271605,14,1,0,1,0,0
32,5,0.7654320987654321,1,checkpoints/sudoku_extreme_hf/checkpoint,18,1,blanks_5,37.28944834375092,0,368,fixed_point,1,changed_wrong,0.7777777777777778,18,1,0,1,0,0
32,5,1.0,1,checkpoints/sudoku_extreme_hf/checkpoint,0,1,blanks_5,37.28944834375092,1,369,fixed_point,0,became_wrong,0.7160493827160493,23,1,0,1,0,0
32,5,0.8765432098765432,1,checkpoints/sudoku_extreme_hf/checkpoint,9,1,blanks_5,37.28944834375092,0,370,fixed_point,1,changed_wrong,0.7777777777777778,18,1,0,1,0,0
32,5,0.9506172839506173,1,checkpoints/sudoku_extreme_hf/checkpoint,4,1,blanks_5,37.28944834375092,0,371,fixed_point,1,changed_wrong,0.7530864197530864,17,1,0,1,0,0
32,5,1.0,1,checkpoints/sudoku_extreme_hf/checkpoint,0,1,blanks_5,37.28944834375092,1,372,fixed_point,0,became_wrong,0.7901234567901234,17,1,0,1,0,0
32,5,1.0,1,checkpoints/sudoku_extreme_hf/checkpoint,0,1,blanks_5,37.28944834375092,1,373,fixed_point,0,became_wrong,0.9506172839506173,4,1,0,1,0,0
32,5,0.9506172839506173,1,checkpoints/sudoku_extreme_hf/checkpoint,4,1,blanks_5,37.28944834375092,0,374,fixed_point,1,changed_wrong,0.6419753086419753,31,1,0,1,0,0
32,5,0.9506172839506173,1,checkpoints/sudoku_extreme_hf/checkpoint,4,1,blanks_5,37.28944834375092,0,375,fixed_point,1,changed_wrong,0.6666666666666666,30,1,0,1,0,0
32,5,1.0,1,checkpoints/sudoku_extreme_hf/checkpoint,0,1,blanks_5,37.28944834375092,1,376,fixed_point,0,became_wrong,0.7160493827160493,23,1,0,1,0,0
32,5,1.0,1,checkpoints/sudoku_extreme_hf/checkpoint,0,1,blanks_5,37.28944834375092,1,377,fixed_point,0,became_wrong,0.8024691358024691,16,1,0,1,0,0
32,5,1.0,1,checkpoints/sudoku_extreme_hf/checkpoint,0,1,blanks_5,37.28944834375092,1,378,fixed_point,0,became_wrong,0.8024691358024691,16,0,0,1,20,0
32,5,1.0,1,checkpoints/sudoku_extreme_hf/checkpoint,0,1,blanks_5,37.28944834375092,1,379,fixed_point,0,became_wrong,0.8641975308641975,11,1,0,1,0,0
32,5,1.0,1,checkpoints/sudoku_extreme_hf/checkpoint,0,1,blanks_5,37.28944834375092,1,380,fixed_point,0,became_wrong,0.8024691358024691,16,1,0,1,0,0
32,5,0.9012345679012346,1,checkpoints/sudoku_extreme_hf/checkpoint,6,1,blanks_5,37.28944834375092,0,381,fixed_point,1,changed_wrong,0.5308641975308642,33,1,0,1,0,0
32,5,0.9135802469135802,1,checkpoints/sudoku_extreme_hf/checkpoint,6,1,blanks_5,37.28944834375092,0,382,fixed_point,1,changed_wrong,0.691358024691358,20,1,0,1,0,0
32,5,0.9259259259259259,0,checkpoints/sudoku_extreme_hf/checkpoint,6,1,blanks_5,37.28944834375092,0,383,fixed_point,1,invalid_fixed_point,0.9259259259259259,0,1,0,0,0,0
32,5,0.9506172839506173,1,checkpoints/sudoku_extreme_hf/checkpoint,1,1,blanks_5,37.08107862499865,0,384,fixed_point,1,changed_wrong,0.7777777777777778,14,1,0,1,0,0
32,5,1.0,1,checkpoints/sudoku_extreme_hf/checkpoint,0,1,blanks_5,37.08107862499865,1,385,fixed_point,0,became_wrong,0.8024691358024691,16,1,0,1,0,0
32,5,1.0,1,checkpoints/sudoku_extreme_hf/checkpoint,0,1,blanks_5,37.08107862499865,1,386,fixed_point,0,became_wrong,0.7160493827160493,23,1,0,1,0,0
32,5,1.0,1,checkpoints/sudoku_extreme_hf/checkpoint,0,1,blanks_5,37.08107862499865,1,387,fixed_point,0,became_wrong,0.6172839506172839,31,1,0,1,0,0
32,5,0.7037037037037037,1,checkpoints/sudoku_extreme_hf/checkpoint,21,1,blanks_5,37.08107862499865,0,388,fixed_point,1,changed_wrong,0.5925925925925926,24,1,0,1,0,0
32,5,1.0,1,checkpoints/sudoku_extreme_hf/checkpoint,0,1,blanks_5,37.08107862499865,1,389,fixed_point,0,became_wrong,0.7407407407407407,21,1,0,1,0,0
32,5,0.9506172839506173,1,checkpoints/sudoku_extreme_hf/checkpoint,4,1,blanks_5,37.08107862499865,0,390,fixed_point,1,changed_wrong,0.7160493827160493,21,1,0,1,0,0
32,5,0.9506172839506173,1,checkpoints/sudoku_extreme_hf/checkpoint,3,1,blanks_5,37.08107862499865,0,391,fixed_point,1,changed_wrong,0.6666666666666666,29,0,0,1,17,0
32,5,0.9506172839506173,1,checkpoints/sudoku_extreme_hf/checkpoint,4,1,blanks_5,37.08107862499865,0,392,fixed_point,1,changed_wrong,0.7530864197530864,17,1,0,1,0,0
32,5,1.0,1,checkpoints/sudoku_extreme_hf/checkpoint,0,1,blanks_5,37.08107862499865,1,393,fixed_point,0,became_wrong,0.6666666666666666,27,1,0,1,0,0
32,5,1.0,1,checkpoints/sudoku_extreme_hf/checkpoint,0,1,blanks_5,37.08107862499865,1,394,fixed_point,0,became_wrong,0.9259259259259259,6,1,0,1,0,0
32,5,1.0,1,checkpoints/sudoku_extreme_hf/checkpoint,0,1,blanks_5,37.08107862499865,1,395,fixed_point,0,became_wrong,0.9506172839506173,4,1,0,1,0,0
32,5,1.0,1,checkpoints/sudoku_extreme_hf/checkpoint,0,1,blanks_5,37.08107862499865,1,396,fixed_point,0,became_wrong,0.654320987654321,28,1,0,1,0,0
32,5,0.8888888888888888,1,checkpoints/sudoku_extreme_hf/checkpoint,9,1,blanks_5,37.08107862499865,0,397,fixed_point,1,changed_wrong,0.6790123456790124,27,1,0,1,0,0
32,5,1.0,1,checkpoints/sudoku_extreme_hf/checkpoint,0,1,blanks_5,37.08107862499865,1,398,fixed_point,0,became_wrong,0.5925925925925926,33,1,0,1,0,0
32,5,0.9506172839506173,1,checkpoints/sudoku_extreme_hf/checkpoint,4,1,blanks_5,37.08107862499865,0,399,fixed_point,1,changed_wrong,0.7654320987654321,16,1,0,1,0,0
32,5,1.0,1,checkpoints/sudoku_extreme_hf/checkpoint,0,1,blanks_5,37.08107862499865,1,400,fixed_point,0,became_wrong,0.7407407407407407,21,1,0,1,0,0
32,5,1.0,1,checkpoints/sudoku_extreme_hf/checkpoint,0,1,blanks_5,37.08107862499865,1,401,fixed_point,0,became_wrong,0.7654320987654321,19,1,0,1,0,0
32,5,0.9506172839506173,1,checkpoints/sudoku_extreme_hf/checkpoint,4,1,blanks_5,37.08107862499865,0,402,fixed_point,1,changed_wrong,0.8518518518518519,8,1,0,1,0,0
32,5,1.0,1,checkpoints/sudoku_extreme_hf/checkpoint,0,1,blanks_5,37.08107862499865,1,403,fixed_point,0,became_wrong,0.9506172839506173,4,1,0,1,0,0
32,5,1.0,1,checkpoints/sudoku_extreme_hf/checkpoint,0,1,blanks_5,37.08107862499865,1,404,fixed_point,0,became_wrong,0.8765432098765432,10,1,0,1,0,0
32,5,0.9259259259259259,1,checkpoints/sudoku_extreme_hf/checkpoint,5,1,blanks_5,37.08107862499865,0,405,fixed_point,1,changed_wrong,0.6666666666666666,22,1,0,1,0,0
32,5,0.9506172839506173,1,checkpoints/sudoku_extreme_hf/checkpoint,4,1,blanks_5,37.08107862499865,0,406,fixed_point,1,changed_wrong,0.6296296296296297,28,1,0,1,0,0
32,5,0.7530864197530864,1,checkpoints/sudoku_extreme_hf/checkpoint,17,1,blanks_5,37.08107862499865,0,407,fixed_point,1,changed_wrong,0.6049382716049383,21,1,0,1,0,0
32,5,0.9506172839506173,1,checkpoints/sudoku_extreme_hf/checkpoint,2,1,blanks_5,37.08107862499865,0,408,fixed_point,1,changed_wrong,0.8148148148148148,11,1,0,1,0,0
32,5,0.8518518518518519,0,checkpoints/sudoku_extreme_hf/checkpoint,10,1,blanks_5,37.08107862499865,0,409,fixed_point,1,invalid_fixed_point,0.8518518518518519,0,1,0,0,0,0
32,5,1.0,0,checkpoints/sudoku_extreme_hf/checkpoint,0,1,blanks_5,37.08107862499865,1,410,fixed_point,0,stable_correct,1.0,0,1,1,0,0,0
32,5,0.8888888888888888,1,checkpoints/sudoku_extreme_hf/checkpoint,8,1,blanks_5,37.08107862499865,0,411,fixed_point,1,changed_wrong,0.8271604938271605,6,1,0,1,0,0
32,5,0.9259259259259259,1,checkpoints/sudoku_extreme_hf/checkpoint,6,1,blanks_5,37.08107862499865,0,412,fixed_point,1,changed_wrong,0.8641975308641975,16,1,0,1,0,0
32,5,1.0,1,checkpoints/sudoku_extreme_hf/checkpoint,0,1,blanks_5,37.08107862499865,1,413,fixed_point,0,became_wrong,0.5925925925925926,33,1,0,1,0,0
32,5,1.0,1,checkpoints/sudoku_extreme_hf/checkpoint,0,1,blanks_5,37.08107862499865,1,414,fixed_point,0,became_wrong,0.9506172839506173,4,1,0,1,0,0
32,5,0.9506172839506173,1,checkpoints/sudoku_extreme_hf/checkpoint,4,1,blanks_5,37.08107862499865,0,415,fixed_point,1,changed_wrong,0.7407407407407407,23,0,0,1,13,0
32,5,0.9506172839506173,1,checkpoints/sudoku_extreme_hf/checkpoint,3,1,blanks_5,37.11286656250046,0,416,fixed_point,1,changed_wrong,0.7160493827160493,26,1,0,1,0,0
32,5,1.0,1,checkpoints/sudoku_extreme_hf/checkpoint,0,1,blanks_5,37.11286656250046,1,417,fixed_point,0,became_wrong,0.7407407407407407,21,1,0,1,0,0
32,5,1.0,1,checkpoints/sudoku_extreme_hf/checkpoint,0,1,blanks_5,37.11286656250046,1,418,fixed_point,0,became_wrong,0.6666666666666666,27,1,0,1,0,0
32,5,1.0,1,checkpoints/sudoku_extreme_hf/checkpoint,0,1,blanks_5,37.11286656250046,1,419,fixed_point,0,became_wrong,0.7283950617283951,22,1,0,1,0,0
32,5,0.9012345679012346,1,checkpoints/sudoku_extreme_hf/checkpoint,7,1,blanks_5,37.11286656250046,0,420,fixed_point,1,changed_wrong,0.6666666666666666,21,1,0,1,0,0
32,5,1.0,1,checkpoints/sudoku_extreme_hf/checkpoint,0,1,blanks_5,37.11286656250046,1,421,fixed_point,0,became_wrong,0.7283950617283951,22,0,0,1,19,0
32,5,0.9506172839506173,1,checkpoints/sudoku_extreme_hf/checkpoint,4,1,blanks_5,37.11286656250046,0,422,fixed_point,1,changed_wrong,0.7037037037037037,22,1,0,1,0,0
32,5,0.8271604938271605,1,checkpoints/sudoku_extreme_hf/checkpoint,11,1,blanks_5,37.11286656250046,0,423,fixed_point,1,changed_wrong,0.6296296296296297,20,1,0,1,0,0
32,5,1.0,1,checkpoints/sudoku_extreme_hf/checkpoint,0,1,blanks_5,37.11286656250046,1,424,fixed_point,0,became_wrong,0.9012345679012346,8,1,0,1,0,0
32,5,0.9506172839506173,1,checkpoints/sudoku_extreme_hf/checkpoint,4,1,blanks_5,37.11286656250046,0,425,fixed_point,1,changed_wrong,0.9506172839506173,7,1,0,1,0,0
32,5,1.0,1,checkpoints/sudoku_extreme_hf/checkpoint,0,1,blanks_5,37.11286656250046,1,426,fixed_point,0,became_wrong,0.7654320987654321,19,1,0,1,0,0
32,5,1.0,1,checkpoints/sudoku_extreme_hf/checkpoint,0,1,blanks_5,37.11286656250046,1,427,fixed_point,0,became_wrong,0.8148148148148148,15,1,0,1,0,0
32,5,1.0,1,checkpoints/sudoku_extreme_hf/checkpoint,0,1,blanks_5,37.11286656250046,1,428,fixed_point,0,became_wrong,0.7160493827160493,23,0,0,1,19,0
32,5,1.0,1,checkpoints/sudoku_extreme_hf/checkpoint,0,1,blanks_5,37.11286656250046,1,429,fixed_point,0,became_wrong,0.7530864197530864,20,0,0,1,16,0
32,5,1.0,1,checkpoints/sudoku_extreme_hf/checkpoint,0,1,blanks_5,37.11286656250046,1,430,fixed_point,0,became_wrong,0.8024691358024691,16,0,0,1,13,0
32,5,1.0,1,checkpoints/sudoku_extreme_hf/checkpoint,0,1,blanks_5,37.11286656250046,1,431,fixed_point,0,became_wrong,0.7407407407407407,21,1,0,1,0,0
32,5,0.9506172839506173,1,checkpoints/sudoku_extreme_hf/checkpoint,3,1,blanks_5,37.11286656250046,0,432,fixed_point,1,changed_wrong,0.8148148148148148,12,1,0,1,0,0
32,5,1.0,1,checkpoints/sudoku_extreme_hf/checkpoint,0,1,blanks_5,37.11286656250046,1,433,fixed_point,0,became_wrong,0.6419753086419753,29,1,0,1,0,0
32,5,1.0,1,checkpoints/sudoku_extreme_hf/checkpoint,0,1,blanks_5,37.11286656250046,1,434,fixed_point,0,became_wrong,0.8641975308641975,11,1,0,1,0,0
32,5,0.9135802469135802,1,checkpoints/sudoku_extreme_hf/checkpoint,7,1,blanks_5,37.11286656250046,0,435,fixed_point,1,changed_wrong,0.7160493827160493,23,1,0,1,0,0
32,5,1.0,1,checkpoints/sudoku_extreme_hf/checkpoint,0,1,blanks_5,37.11286656250046,1,436,fixed_point,0,became_wrong,0.8271604938271605,14,1,0,1,0,0
32,5,0.7654320987654321,1,checkpoints/sudoku_extreme_hf/checkpoint,16,1,blanks_5,37.11286656250046,0,437,fixed_point,1,changed_wrong,0.7283950617283951,18,1,0,1,0,0
32,5,1.0,1,checkpoints/sudoku_extreme_hf/checkpoint,0,1,blanks_5,37.11286656250046,1,438,fixed_point,0,became_wrong,0.7160493827160493,23,1,0,1,0,0
32,5,1.0,1,checkpoints/sudoku_extreme_hf/checkpoint,0,1,blanks_5,37.11286656250046,1,439,fixed_point,0,became_wrong,0.8641975308641975,11,1,0,1,0,0
32,5,1.0,1,checkpoints/sudoku_extreme_hf/checkpoint,0,1,blanks_5,37.11286656250046,1,440,fixed_point,0,became_wrong,0.9135802469135802,7,1,0,1,0,0
32,5,0.6666666666666666,1,checkpoints/sudoku_extreme_hf/checkpoint,22,1,blanks_5,37.11286656250046,0,441,fixed_point,1,changed_wrong,0.49382716049382713,32,1,0,1,0,0
32,5,0.9259259259259259,1,checkpoints/sudoku_extreme_hf/checkpoint,6,1,blanks_5,37.11286656250046,0,442,fixed_point,1,changed_wrong,0.8024691358024691,10,1,0,1,0,0
32,5,1.0,1,checkpoints/sudoku_extreme_hf/checkpoint,0,1,blanks_5,37.11286656250046,1,443,fixed_point,0,became_wrong,0.9259259259259259,6,1,0,1,0,0
32,5,0.6666666666666666,1,checkpoints/sudoku_extreme_hf/checkpoint,25,1,blanks_5,37.11286656250046,0,444,fixed_point,1,changed_wrong,0.654320987654321,15,1,0,1,0,0
32,5,1.0,1,checkpoints/sudoku_extreme_hf/checkpoint,0,1,blanks_5,37.11286656250046,1,445,fixed_point,0,became_wrong,0.7407407407407407,21,1,0,1,0,0
32,5,1.0,1,checkpoints/sudoku_extreme_hf/checkpoint,0,1,blanks_5,37.11286656250046,1,446,fixed_point,0,became_wrong,0.7654320987654321,19,1,0,1,0,0
32,5,0.8765432098765432,1,checkpoints/sudoku_extreme_hf/checkpoint,9,1,blanks_5,37.11286656250046,0,447,fixed_point,1,changed_wrong,0.7283950617283951,17,1,0,1,0,0
32,5,0.7530864197530864,1,checkpoints/sudoku_extreme_hf/checkpoint,17,1,blanks_5,34.99874771875078,0,448,fixed_point,1,changed_wrong,0.6666666666666666,16,1,0,1,0,0
32,5,1.0,1,checkpoints/sudoku_extreme_hf/checkpoint,0,1,blanks_5,34.99874771875078,1,449,fixed_point,0,became_wrong,0.6049382716049383,32,1,0,1,0,0
32,5,0.8271604938271605,1,checkpoints/sudoku_extreme_hf/checkpoint,12,0,blanks_5,34.99874771875078,0,450,fixed_point,1,changed_wrong,0.6296296296296297,25,1,0,1,0,18
32,5,0.9012345679012346,1,checkpoints/sudoku_extreme_hf/checkpoint,7,1,blanks_5,34.99874771875078,0,451,fixed_point,1,changed_wrong,0.7283950617283951,15,1,0,1,0,0
32,5,1.0,1,checkpoints/sudoku_extreme_hf/checkpoint,0,1,blanks_5,34.99874771875078,1,452,fixed_point,0,became_wrong,0.8395061728395061,13,1,0,1,0,0
32,5,0.9012345679012346,1,checkpoints/sudoku_extreme_hf/checkpoint,7,1,blanks_5,34.99874771875078,0,453,fixed_point,1,changed_wrong,0.8395061728395061,14,1,0,1,0,0
32,5,1.0,1,checkpoints/sudoku_extreme_hf/checkpoint,0,1,blanks_5,34.99874771875078,1,454,fixed_point,0,became_wrong,0.8271604938271605,14,1,0,1,0,0
32,5,1.0,1,checkpoints/sudoku_extreme_hf/checkpoint,0,1,blanks_5,34.99874771875078,1,455,fixed_point,0,became_wrong,0.6296296296296297,30,1,0,1,0,0
32,5,1.0,1,checkpoints/sudoku_extreme_hf/checkpoint,0,1,blanks_5,34.99874771875078,1,456,fixed_point,0,became_wrong,0.7654320987654321,19,1,0,1,0,0
32,5,0.9506172839506173,1,checkpoints/sudoku_extreme_hf/checkpoint,4,1,blanks_5,34.99874771875078,0,457,fixed_point,1,changed_wrong,0.6790123456790124,28,1,0,1,0,0
32,5,0.9259259259259259,1,checkpoints/sudoku_extreme_hf/checkpoint,6,1,blanks_5,34.99874771875078,0,458,fixed_point,1,changed_wrong,0.8271604938271605,18,1,0,1,0,0
32,5,1.0,1,checkpoints/sudoku_extreme_hf/checkpoint,0,1,blanks_5,34.99874771875078,1,459,fixed_point,0,became_wrong,0.691358024691358,25,0,0,1,13,0
32,5,1.0,1,checkpoints/sudoku_extreme_hf/checkpoint,0,1,blanks_5,34.99874771875078,1,460,fixed_point,0,became_wrong,0.8518518518518519,12,1,0,1,0,0
32,5,1.0,1,checkpoints/sudoku_extreme_hf/checkpoint,0,1,blanks_5,34.99874771875078,1,461,fixed_point,0,became_wrong,0.7037037037037037,24,0,0,1,21,0
32,5,0.9506172839506173,1,checkpoints/sudoku_extreme_hf/checkpoint,4,1,blanks_5,34.99874771875078,0,462,fixed_point,1,changed_wrong,0.691358024691358,24,0,0,1,27,0
32,5,1.0,1,checkpoints/sudoku_extreme_hf/checkpoint,0,1,blanks_5,34.99874771875078,1,463,fixed_point,0,became_wrong,0.8641975308641975,11,1,0,1,0,0
32,5,0.8024691358024691,1,checkpoints/sudoku_extreme_hf/checkpoint,14,1,blanks_5,34.99874771875078,0,464,fixed_point,1,changed_wrong,0.5802469135802469,27,1,0,1,0,0
32,5,1.0,1,checkpoints/sudoku_extreme_hf/checkpoint,0,1,blanks_5,34.99874771875078,1,465,fixed_point,0,became_wrong,0.7037037037037037,24,1,0,1,0,0
32,5,1.0,1,checkpoints/sudoku_extreme_hf/checkpoint,0,1,blanks_5,34.99874771875078,1,466,fixed_point,0,became_wrong,0.7777777777777778,18,1,0,1,0,0
32,5,1.0,1,checkpoints/sudoku_extreme_hf/checkpoint,0,1,blanks_5,34.99874771875078,1,467,fixed_point,0,became_wrong,0.9012345679012346,8,1,0,1,0,0
32,5,0.9259259259259259,1,checkpoints/sudoku_extreme_hf/checkpoint,6,1,blanks_5,34.99874771875078,0,468,fixed_point,1,changed_wrong,0.7407407407407407,17,1,0,1,0,0
32,5,0.9506172839506173,1,checkpoints/sudoku_extreme_hf/checkpoint,3,1,blanks_5,34.99874771875078,0,469,fixed_point,1,changed_wrong,0.8518518518518519,14,1,0,1,0,0
32,5,0.8888888888888888,1,checkpoints/sudoku_extreme_hf/checkpoint,7,1,blanks_5,34.99874771875078,0,470,fixed_point,1,changed_wrong,0.7160493827160493,24,0,0,1,25,0
32,5,1.0,0,checkpoints/sudoku_extreme_hf/checkpoint,0,1,blanks_5,34.99874771875078,1,471,fixed_point,0,stable_correct,1.0,0,1,1,0,0,0
32,5,0.9506172839506173,1,checkpoints/sudoku_extreme_hf/checkpoint,4,1,blanks_5,34.99874771875078,0,472,fixed_point,1,changed_wrong,0.6419753086419753,28,0,0,1,14,0
32,5,0.7654320987654321,1,checkpoints/sudoku_extreme_hf/checkpoint,15,1,blanks_5,34.99874771875078,0,473,fixed_point,1,changed_wrong,0.7037037037037037,30,0,0,1,0,0
32,5,0.8765432098765432,1,checkpoints/sudoku_extreme_hf/checkpoint,9,1,blanks_5,34.99874771875078,0,474,fixed_point,1,changed_wrong,0.7654320987654321,12,1,0,1,0,0
32,5,1.0,1,checkpoints/sudoku_extreme_hf/checkpoint,0,1,blanks_5,34.99874771875078,1,475,fixed_point,0,became_wrong,0.6049382716049383,32,1,0,1,0,0
32,5,0.9506172839506173,1,checkpoints/sudoku_extreme_hf/checkpoint,3,1,blanks_5,34.99874771875078,0,476,fixed_point,1,changed_wrong,0.8395061728395061,9,1,0,1,0,0
32,5,1.0,1,checkpoints/sudoku_extreme_hf/checkpoint,0,1,blanks_5,34.99874771875078,1,477,fixed_point,0,became_wrong,0.8765432098765432,10,1,0,1,0,0
32,5,1.0,1,checkpoints/sudoku_extreme_hf/checkpoint,0,1,blanks_5,34.99874771875078,1,478,fixed_point,0,became_wrong,0.7407407407407407,21,1,0,1,0,0
32,5,0.8518518518518519,1,checkpoints/sudoku_extreme_hf/checkpoint,12,1,blanks_5,34.99874771875078,0,479,fixed_point,1,changed_wrong,0.7160493827160493,13,1,0,1,0,0
32,5,1.0,1,checkpoints/sudoku_extreme_hf/checkpoint,0,1,blanks_5,32.64910593749981,1,480,fixed_point,0,became_wrong,0.7283950617283951,22,1,0,1,0,0
32,5,1.0,1,checkpoints/sudoku_extreme_hf/checkpoint,0,1,blanks_5,32.64910593749981,1,481,fixed_point,0,became_wrong,0.7654320987654321,19,1,0,1,0,0
32,5,1.0,1,checkpoints/sudoku_extreme_hf/checkpoint,0,1,blanks_5,32.64910593749981,1,482,fixed_point,0,became_wrong,0.9259259259259259,6,1,0,1,0,0
32,5,0.9506172839506173,0,checkpoints/sudoku_extreme_hf/checkpoint,3,1,blanks_5,32.64910593749981,0,483,fixed_point,1,invalid_fixed_point,0.9506172839506173,0,1,0,0,0,0
32,5,1.0,1,checkpoints/sudoku_extreme_hf/checkpoint,0,1,blanks_5,32.64910593749981,1,484,fixed_point,0,became_wrong,0.7530864197530864,20,1,0,1,0,0
32,5,0.9135802469135802,1,checkpoints/sudoku_extreme_hf/checkpoint,7,1,blanks_5,32.64910593749981,0,485,fixed_point,1,changed_wrong,0.8271604938271605,15,1,0,1,0,0
32,5,1.0,1,checkpoints/sudoku_extreme_hf/checkpoint,0,1,blanks_5,32.64910593749981,1,486,fixed_point,0,became_wrong,0.6790123456790124,26,0,0,1,13,0
32,5,1.0,1,checkpoints/sudoku_extreme_hf/checkpoint,0,1,blanks_5,32.64910593749981,1,487,fixed_point,0,became_wrong,0.691358024691358,25,1,0,1,0,0
32,5,0.8271604938271605,1,checkpoints/sudoku_extreme_hf/checkpoint,13,1,blanks_5,32.64910593749981,0,488,fixed_point,1,changed_wrong,0.7160493827160493,11,1,0,1,0,0
32,5,0.9506172839506173,1,checkpoints/sudoku_extreme_hf/checkpoint,4,1,blanks_5,32.64910593749981,0,489,fixed_point,1,changed_wrong,0.7777777777777778,22,1,0,1,0,0
32,5,0.7530864197530864,1,checkpoints/sudoku_extreme_hf/checkpoint,19,1,blanks_5,32.64910593749981,0,490,fixed_point,1,changed_wrong,0.691358024691358,19,1,0,1,0,0
32,5,0.9135802469135802,1,checkpoints/sudoku_extreme_hf/checkpoint,7,1,blanks_5,32.64910593749981,0,491,fixed_point,1,changed_wrong,0.9012345679012346,11,1,0,1,0,0
32,5,1.0,1,checkpoints/sudoku_extreme_hf/checkpoint,0,1,blanks_5,32.64910593749981,1,492,fixed_point,0,became_wrong,0.691358024691358,25,1,0,1,0,0
32,5,1.0,1,checkpoints/sudoku_extreme_hf/checkpoint,0,1,blanks_5,32.64910593749981,1,493,fixed_point,0,became_wrong,0.7283950617283951,22,0,0,1,3,0
32,5,1.0,0,checkpoints/sudoku_extreme_hf/checkpoint,0,1,blanks_5,32.64910593749981,1,494,fixed_point,0,stable_correct,1.0,0,1,1,0,0,0
32,5,0.9506172839506173,1,checkpoints/sudoku_extreme_hf/checkpoint,4,1,blanks_5,32.64910593749981,0,495,fixed_point,1,changed_wrong,0.8518518518518519,16,1,0,1,0,0
32,5,1.0,1,checkpoints/sudoku_extreme_hf/checkpoint,0,1,blanks_5,32.64910593749981,1,496,fixed_point,0,became_wrong,0.6419753086419753,29,1,0,1,0,0
32,5,0.9506172839506173,1,checkpoints/sudoku_extreme_hf/checkpoint,3,1,blanks_5,32.64910593749981,0,497,fixed_point,1,changed_wrong,0.7407407407407407,23,1,0,1,0,0
32,5,1.0,1,checkpoints/sudoku_extreme_hf/checkpoint,0,1,blanks_5,32.64910593749981,1,498,fixed_point,0,became_wrong,0.6666666666666666,27,1,0,1,0,0
32,5,0.8765432098765432,1,checkpoints/sudoku_extreme_hf/checkpoint,10,1,blanks_5,32.64910593749981,0,499,fixed_point,1,changed_wrong,0.6666666666666666,32,1,0,1,0,0
32,5,0.9259259259259259,1,checkpoints/sudoku_extreme_hf/checkpoint,4,1,blanks_5,32.64910593749981,0,500,fixed_point,1,changed_wrong,0.7777777777777778,18,1,0,1,0,0
32,5,1.0,1,checkpoints/sudoku_extreme_hf/checkpoint,0,1,blanks_5,32.64910593749981,1,501,fixed_point,0,became_wrong,0.9135802469135802,7,1,0,1,0,0
32,5,1.0,1,checkpoints/sudoku_extreme_hf/checkpoint,0,1,blanks_5,32.64910593749981,1,502,fixed_point,0,became_wrong,0.691358024691358,25,0,0,1,24,0
32,5,1.0,1,checkpoints/sudoku_extreme_hf/checkpoint,0,1,blanks_5,32.64910593749981,1,503,fixed_point,0,became_wrong,0.654320987654321,28,0,0,1,31,0
32,5,0.9506172839506173,1,checkpoints/sudoku_extreme_hf/checkpoint,3,1,blanks_5,32.64910593749981,0,504,fixed_point,1,changed_wrong,0.7901234567901234,16,1,0,1,0,0
32,5,0.9012345679012346,1,checkpoints/sudoku_extreme_hf/checkpoint,7,1,blanks_5,32.64910593749981,0,505,fixed_point,1,changed_wrong,0.7283950617283951,17,1,0,1,0,0
32,5,1.0,1,checkpoints/sudoku_extreme_hf/checkpoint,0,1,blanks_5,32.64910593749981,1,506,fixed_point,0,became_wrong,0.7407407407407407,21,1,0,1,0,0
32,5,1.0,1,checkpoints/sudoku_extreme_hf/checkpoint,0,1,blanks_5,32.64910593749981,1,507,fixed_point,0,became_wrong,0.7407407407407407,21,1,0,1,0,0
32,5,1.0,1,checkpoints/sudoku_extreme_hf/checkpoint,0,1,blanks_5,32.64910593749981,1,508,fixed_point,0,became_wrong,0.8395061728395061,13,1,0,1,0,0
32,5,1.0,1,checkpoints/sudoku_extreme_hf/checkpoint,0,1,blanks_5,32.64910593749981,1,509,fixed_point,0,became_wrong,0.8395061728395061,13,1,0,1,0,0
32,5,0.8888888888888888,1,checkpoints/sudoku_extreme_hf/checkpoint,8,1,blanks_5,32.64910593749981,0,510,fixed_point,1,changed_wrong,0.7160493827160493,19,0,0,1,15,0
32,5,0.9259259259259259,1,checkpoints/sudoku_extreme_hf/checkpoint,5,1,blanks_5,32.64910593749981,0,511,fixed_point,1,changed_wrong,0.7160493827160493,19,1,0,1,0,0
32,5,1.0,1,checkpoints/sudoku_extreme_hf/checkpoint,0,1,blanks_5,34.20532353124983,1,512,fixed_point,0,became_wrong,0.691358024691358,25,1,0,1,0,0
32,5,0.9506172839506173,1,checkpoints/sudoku_extreme_hf/checkpoint,3,1,blanks_5,34.20532353124983,0,513,fixed_point,1,changed_wrong,0.8024691358024691,13,1,0,1,0,0
32,5,1.0,1,checkpoints/sudoku_extreme_hf/checkpoint,0,1,blanks_5,34.20532353124983,1,514,fixed_point,0,became_wrong,0.7530864197530864,20,1,0,1,0,0
32,5,1.0,1,checkpoints/sudoku_extreme_hf/checkpoint,0,1,blanks_5,34.20532353124983,1,515,fixed_point,0,became_wrong,0.7283950617283951,22,1,0,1,0,0
32,5,1.0,1,checkpoints/sudoku_extreme_hf/checkpoint,0,1,blanks_5,34.20532353124983,1,516,fixed_point,0,became_wrong,0.9259259259259259,6,1,0,1,0,0
32,5,1.0,1,checkpoints/sudoku_extreme_hf/checkpoint,0,1,blanks_5,34.20532353124983,1,517,fixed_point,0,became_wrong,0.8888888888888888,9,1,0,1,0,0
32,5,1.0,1,checkpoints/sudoku_extreme_hf/checkpoint,0,1,blanks_5,34.20532353124983,1,518,fixed_point,0,became_wrong,0.6790123456790124,26,1,0,1,0,0
32,5,0.9506172839506173,1,checkpoints/sudoku_extreme_hf/checkpoint,4,1,blanks_5,34.20532353124983,0,519,fixed_point,1,changed_wrong,0.9135802469135802,10,1,0,1,0,0
32,5,0.9259259259259259,1,checkpoints/sudoku_extreme_hf/checkpoint,6,1,blanks_5,34.20532353124983,0,520,fixed_point,1,changed_wrong,0.7160493827160493,23,1,0,1,0,0
32,5,0.9259259259259259,1,checkpoints/sudoku_extreme_hf/checkpoint,4,1,blanks_5,34.20532353124983,0,521,fixed_point,1,changed_wrong,0.7283950617283951,18,1,0,1,0,0
32,5,1.0,1,checkpoints/sudoku_extreme_hf/checkpoint,0,1,blanks_5,34.20532353124983,1,522,fixed_point,0,became_wrong,0.9259259259259259,6,1,0,1,0,0
32,5,1.0,0,checkpoints/sudoku_extreme_hf/checkpoint,0,1,blanks_5,34.20532353124983,1,523,fixed_point,0,stable_correct,1.0,0,1,1,0,0,0
32,5,1.0,1,checkpoints/sudoku_extreme_hf/checkpoint,0,1,blanks_5,34.20532353124983,1,524,fixed_point,0,became_wrong,0.691358024691358,25,0,0,1,18,0
32,5,1.0,1,checkpoints/sudoku_extreme_hf/checkpoint,0,1,blanks_5,34.20532353124983,1,525,fixed_point,0,became_wrong,0.7283950617283951,22,1,0,1,0,0
32,5,1.0,1,checkpoints/sudoku_extreme_hf/checkpoint,0,1,blanks_5,34.20532353124983,1,526,fixed_point,0,became_wrong,0.8395061728395061,13,1,0,1,0,0
32,5,1.0,1,checkpoints/sudoku_extreme_hf/checkpoint,0,1,blanks_5,34.20532353124983,1,527,fixed_point,0,became_wrong,0.8148148148148148,15,1,0,1,0,0
32,5,0.8024691358024691,1,checkpoints/sudoku_extreme_hf/checkpoint,13,1,blanks_5,34.20532353124983,0,528,fixed_point,1,changed_wrong,0.5555555555555556,31,0,0,1,3,0
32,5,1.0,1,checkpoints/sudoku_extreme_hf/checkpoint,0,1,blanks_5,34.20532353124983,1,529,fixed_point,0,became_wrong,0.8641975308641975,11,1,0,1,0,0
32,5,1.0,1,checkpoints/sudoku_extreme_hf/checkpoint,0,1,blanks_5,34.20532353124983,1,530,fixed_point,0,became_wrong,0.8518518518518519,12,1,0,1,0,0
32,5,0.8765432098765432,1,checkpoints/sudoku_extreme_hf/checkpoint,9,1,blanks_5,34.20532353124983,0,531,fixed_point,1,changed_wrong,0.8395061728395061,4,1,0,1,0,0
32,5,0.9012345679012346,0,checkpoints/sudoku_extreme_hf/checkpoint,8,1,blanks_5,34.20532353124983,0,532,fixed_point,1,invalid_fixed_point,0.9012345679012346,0,1,0,0,0,0
32,5,0.9506172839506173,1,checkpoints/sudoku_extreme_hf/checkpoint,4,1,blanks_5,34.20532353124983,0,533,fixed_point,1,changed_wrong,0.691358024691358,27,1,0,1,0,0
32,5,1.0,1,checkpoints/sudoku_extreme_hf/checkpoint,0,1,blanks_5,34.20532353124983,1,534,fixed_point,0,became_wrong,0.9506172839506173,4,1,0,1,0,0
32,5,1.0,1,checkpoints/sudoku_extreme_hf/checkpoint,0,1,blanks_5,34.20532353124983,1,535,fixed_point,0,became_wrong,0.8395061728395061,13,1,0,1,0,0
32,5,0.7901234567901234,1,checkpoints/sudoku_extreme_hf/checkpoint,12,1,blanks_5,34.20532353124983,0,536,fixed_point,1,changed_wrong,0.5679012345679012,31,1,0,1,0,0
32,5,1.0,1,checkpoints/sudoku_extreme_hf/checkpoint,0,1,blanks_5,34.20532353124983,1,537,fixed_point,0,became_wrong,0.691358024691358,25,1,0,1,0,0
32,5,0.8765432098765432,1,checkpoints/sudoku_extreme_hf/checkpoint,9,1,blanks_5,34.20532353124983,0,538,fixed_point,1,changed_wrong,0.7283950617283951,21,1,0,1,0,0
32,5,0.7901234567901234,1,checkpoints/sudoku_extreme_hf/checkpoint,16,1,blanks_5,34.20532353124983,0,539,fixed_point,1,changed_wrong,0.654320987654321,22,1,0,1,0,0
32,5,0.9135802469135802,1,checkpoints/sudoku_extreme_hf/checkpoint,7,1,blanks_5,34.20532353124983,0,540,fixed_point,1,changed_wrong,0.7777777777777778,20,1,0,1,0,0
32,5,0.9506172839506173,1,checkpoints/sudoku_extreme_hf/checkpoint,3,1,blanks_5,34.20532353124983,0,541,fixed_point,1,changed_wrong,0.8765432098765432,6,1,0,1,0,0
32,5,0.8271604938271605,1,checkpoints/sudoku_extreme_hf/checkpoint,12,1,blanks_5,34.20532353124983,0,542,fixed_point,1,changed_wrong,0.6790123456790124,21,1,0,1,0,0
32,5,1.0,0,checkpoints/sudoku_extreme_hf/checkpoint,0,1,blanks_5,34.20532353124983,1,543,fixed_point,0,stable_correct,1.0,0,1,1,0,0,0
32,5,1.0,1,checkpoints/sudoku_extreme_hf/checkpoint,0,1,blanks_5,34.986692875,1,544,fixed_point,0,became_wrong,0.7654320987654321,19,1,0,1,0,0
32,5,0.8271604938271605,1,checkpoints/sudoku_extreme_hf/checkpoint,14,1,blanks_5,34.986692875,0,545,fixed_point,1,changed_wrong,0.7037037037037037,19,1,0,1,0,0
32,5,0.9259259259259259,1,checkpoints/sudoku_extreme_hf/checkpoint,6,1,blanks_5,34.986692875,0,546,fixed_point,1,changed_wrong,0.7160493827160493,20,1,0,1,0,0
32,5,1.0,0,checkpoints/sudoku_extreme_hf/checkpoint,0,1,blanks_5,34.986692875,1,547,fixed_point,0,stable_correct,1.0,0,1,1,0,0,0
32,5,0.7407407407407407,1,checkpoints/sudoku_extreme_hf/checkpoint,20,1,blanks_5,34.986692875,0,548,fixed_point,1,changed_wrong,0.7037037037037037,19,1,0,1,0,0
32,5,1.0,1,checkpoints/sudoku_extreme_hf/checkpoint,0,1,blanks_5,34.986692875,1,549,fixed_point,0,became_wrong,0.8641975308641975,11,1,0,1,0,0
32,5,1.0,1,checkpoints/sudoku_extreme_hf/checkpoint,0,1,blanks_5,34.986692875,1,550,fixed_point,0,became_wrong,0.9012345679012346,8,1,0,1,0,0
32,5,0.9012345679012346,1,checkpoints/sudoku_extreme_hf/checkpoint,7,1,blanks_5,34.986692875,0,551,fixed_point,1,changed_wrong,0.6419753086419753,24,1,0,1,0,0
32,5,1.0,1,checkpoints/sudoku_extreme_hf/checkpoint,0,1,blanks_5,34.986692875,1,552,fixed_point,0,became_wrong,0.691358024691358,25,1,0,1,0,0
32,5,0.9506172839506173,1,checkpoints/sudoku_extreme_hf/checkpoint,3,1,blanks_5,34.986692875,0,553,fixed_point,1,changed_wrong,0.6049382716049383,30,0,0,1,26,0
32,5,0.8641975308641975,1,checkpoints/sudoku_extreme_hf/checkpoint,11,1,blanks_5,34.986692875,0,554,fixed_point,1,changed_wrong,0.8271604938271605,4,1,0,1,0,0
32,5,1.0,1,checkpoints/sudoku_extreme_hf/checkpoint,0,1,blanks_5,34.986692875,1,555,fixed_point,0,became_wrong,0.6790123456790124,26,1,0,1,0,0
32,5,0.9506172839506173,1,checkpoints/sudoku_extreme_hf/checkpoint,2,1,blanks_5,34.986692875,0,556,fixed_point,1,changed_wrong,0.7283950617283951,20,1,0,1,0,0
32,5,0.9259259259259259,1,checkpoints/sudoku_extreme_hf/checkpoint,5,1,blanks_5,34.986692875,0,557,fixed_point,1,changed_wrong,0.5925925925925926,31,1,0,1,0,0
32,5,1.0,1,checkpoints/sudoku_extreme_hf/checkpoint,0,1,blanks_5,34.986692875,1,558,fixed_point,0,became_wrong,0.9012345679012346,8,1,0,1,0,0
32,5,1.0,1,checkpoints/sudoku_extreme_hf/checkpoint,0,1,blanks_5,34.986692875,1,559,fixed_point,0,became_wrong,0.9259259259259259,6,1,0,1,0,0
32,5,0.8888888888888888,1,checkpoints/sudoku_extreme_hf/checkpoint,8,1,blanks_5,34.986692875,0,560,fixed_point,1,changed_wrong,0.6172839506172839,27,1,0,1,0,0
32,5,1.0,1,checkpoints/sudoku_extreme_hf/checkpoint,0,1,blanks_5,34.986692875,1,561,fixed_point,0,became_wrong,0.6296296296296297,30,1,0,1,0,0
32,5,1.0,1,checkpoints/sudoku_extreme_hf/checkpoint,0,1,blanks_5,34.986692875,1,562,fixed_point,0,became_wrong,0.7777777777777778,18,1,0,1,0,0
32,5,1.0,1,checkpoints/sudoku_extreme_hf/checkpoint,0,1,blanks_5,34.986692875,1,563,fixed_point,0,became_wrong,0.8765432098765432,10,1,0,1,0,0
32,5,1.0,1,checkpoints/sudoku_extreme_hf/checkpoint,0,1,blanks_5,34.986692875,1,564,fixed_point,0,became_wrong,0.8641975308641975,11,1,0,1,0,0
32,5,0.8518518518518519,1,checkpoints/sudoku_extreme_hf/checkpoint,11,1,blanks_5,34.986692875,0,565,fixed_point,1,changed_wrong,0.654320987654321,24,1,0,1,0,0
32,5,1.0,1,checkpoints/sudoku_extreme_hf/checkpoint,0,1,blanks_5,34.986692875,1,566,fixed_point,0,became_wrong,0.7160493827160493,23,1,0,1,0,0
32,5,1.0,1,checkpoints/sudoku_extreme_hf/checkpoint,0,1,blanks_5,34.986692875,1,567,fixed_point,0,became_wrong,0.8888888888888888,9,1,0,1,0,0
32,5,1.0,1,checkpoints/sudoku_extreme_hf/checkpoint,0,1,blanks_5,34.986692875,1,568,fixed_point,0,became_wrong,0.7283950617283951,22,0,0,1,6,0
32,5,1.0,1,checkpoints/sudoku_extreme_hf/checkpoint,0,1,blanks_5,34.986692875,1,569,fixed_point,0,became_wrong,0.9506172839506173,4,1,0,1,0,0
32,5,1.0,1,checkpoints/sudoku_extreme_hf/checkpoint,0,1,blanks_5,34.986692875,1,570,fixed_point,0,became_wrong,0.5925925925925926,33,1,0,1,0,0
32,5,1.0,1,checkpoints/sudoku_extreme_hf/checkpoint,0,1,blanks_5,34.986692875,1,571,fixed_point,0,became_wrong,0.8518518518518519,12,1,0,1,0,0
32,5,0.9506172839506173,1,checkpoints/sudoku_extreme_hf/checkpoint,2,1,blanks_5,34.986692875,0,572,fixed_point,1,changed_wrong,0.6049382716049383,29,1,0,1,0,0
32,5,0.9259259259259259,1,checkpoints/sudoku_extreme_hf/checkpoint,5,1,blanks_5,34.986692875,0,573,fixed_point,1,changed_wrong,0.6296296296296297,28,1,0,1,0,0
32,5,0.8024691358024691,1,checkpoints/sudoku_extreme_hf/checkpoint,13,1,blanks_5,34.986692875,0,574,fixed_point,1,changed_wrong,0.5679012345679012,31,0,0,1,3,0
32,5,1.0,1,checkpoints/sudoku_extreme_hf/checkpoint,0,1,blanks_5,34.986692875,1,575,fixed_point,0,became_wrong,0.7037037037037037,24,1,0,1,0,0
32,5,0.9259259259259259,0,checkpoints/sudoku_extreme_hf/checkpoint,5,1,blanks_5,37.75515731250145,0,576,fixed_point,1,invalid_fixed_point,0.9259259259259259,0,1,0,0,0,0
32,5,0.8765432098765432,1,checkpoints/sudoku_extreme_hf/checkpoint,8,1,blanks_5,37.75515731250145,0,577,fixed_point,1,changed_wrong,0.7160493827160493,22,1,0,1,0,0
32,5,1.0,1,checkpoints/sudoku_extreme_hf/checkpoint,0,1,blanks_5,37.75515731250145,1,578,fixed_point,0,became_wrong,0.9506172839506173,4,1,0,1,0,0
32,5,1.0,1,checkpoints/sudoku_extreme_hf/checkpoint,0,1,blanks_5,37.75515731250145,1,579,fixed_point,0,became_wrong,0.7777777777777778,18,0,0,1,16,0
32,5,0.9506172839506173,1,checkpoints/sudoku_extreme_hf/checkpoint,3,1,blanks_5,37.75515731250145,0,580,fixed_point,1,changed_wrong,0.9012345679012346,11,1,0,1,0,0
32,5,1.0,1,checkpoints/sudoku_extreme_hf/checkpoint,0,1,blanks_5,37.75515731250145,1,581,fixed_point,0,became_wrong,0.7037037037037037,24,1,0,1,0,0
32,5,0.9259259259259259,1,checkpoints/sudoku_extreme_hf/checkpoint,6,1,blanks_5,37.75515731250145,0,582,fixed_point,1,changed_wrong,0.7654320987654321,14,1,0,1,0,0
32,5,0.8641975308641975,1,checkpoints/sudoku_extreme_hf/checkpoint,9,1,blanks_5,37.75515731250145,0,583,fixed_point,1,changed_wrong,0.8395061728395061,12,1,0,1,0,0
32,5,0.8888888888888888,1,checkpoints/sudoku_extreme_hf/checkpoint,9,1,blanks_5,37.75515731250145,0,584,fixed_point,1,changed_wrong,0.7160493827160493,24,1,0,1,0,0
32,5,1.0,1,checkpoints/sudoku_extreme_hf/checkpoint,0,1,blanks_5,37.75515731250145,1,585,fixed_point,0,became_wrong,0.7283950617283951,22,0,0,1,14,0
32,5,0.8765432098765432,1,checkpoints/sudoku_extreme_hf/checkpoint,9,1,blanks_5,37.75515731250145,0,586,fixed_point,1,changed_wrong,0.5555555555555556,30,0,0,1,28,0
32,5,1.0,1,checkpoints/sudoku_extreme_hf/checkpoint,0,1,blanks_5,37.75515731250145,1,587,fixed_point,0,became_wrong,0.654320987654321,28,1,0,1,0,0
32,5,0.9012345679012346,1,checkpoints/sudoku_extreme_hf/checkpoint,6,1,blanks_5,37.75515731250145,0,588,fixed_point,1,changed_wrong,0.6666666666666666,24,1,0,1,0,0
32,5,1.0,1,checkpoints/sudoku_extreme_hf/checkpoint,0,1,blanks_5,37.75515731250145,1,589,fixed_point,0,became_wrong,0.8148148148148148,15,1,0,1,0,0
32,5,1.0,1,checkpoints/sudoku_extreme_hf/checkpoint,0,1,blanks_5,37.75515731250145,1,590,fixed_point,0,became_wrong,0.7901234567901234,17,1,0,1,0,0
32,5,1.0,1,checkpoints/sudoku_extreme_hf/checkpoint,0,1,blanks_5,37.75515731250145,1,591,fixed_point,0,became_wrong,0.7037037037037037,24,1,0,1,0,0
32,5,1.0,1,checkpoints/sudoku_extreme_hf/checkpoint,0,1,blanks_5,37.75515731250145,1,592,fixed_point,0,became_wrong,0.691358024691358,25,1,0,1,0,0
32,5,1.0,1,checkpoints/sudoku_extreme_hf/checkpoint,0,1,blanks_5,37.75515731250145,1,593,fixed_point,0,became_wrong,0.7777777777777778,18,1,0,1,0,0
32,5,0.9506172839506173,1,checkpoints/sudoku_extreme_hf/checkpoint,3,1,blanks_5,37.75515731250145,0,594,fixed_point,1,changed_wrong,0.7160493827160493,20,1,0,1,0,0
32,5,0.9506172839506173,1,checkpoints/sudoku_extreme_hf/checkpoint,4,1,blanks_5,37.75515731250145,0,595,fixed_point,1,changed_wrong,0.8641975308641975,8,1,0,1,0,0
32,5,0.9506172839506173,1,checkpoints/sudoku_extreme_hf/checkpoint,4,1,blanks_5,37.75515731250145,0,596,fixed_point,1,changed_wrong,0.8271604938271605,16,1,0,1,0,0
32,5,1.0,1,checkpoints/sudoku_extreme_hf/checkpoint,0,1,blanks_5,37.75515731250145,1,597,fixed_point,0,became_wrong,0.6419753086419753,29,1,0,1,0,0
32,5,1.0,1,checkpoints/sudoku_extreme_hf/checkpoint,0,1,blanks_5,37.75515731250145,1,598,fixed_point,0,became_wrong,0.8765432098765432,10,1,0,1,0,0
32,5,1.0,1,checkpoints/sudoku_extreme_hf/checkpoint,0,1,blanks_5,37.75515731250145,1,599,fixed_point,0,became_wrong,0.7160493827160493,23,1,0,1,0,0
32,5,0.8765432098765432,1,checkpoints/sudoku_extreme_hf/checkpoint,9,1,blanks_5,37.75515731250145,0,600,fixed_point,1,changed_wrong,0.7777777777777778,18,1,0,1,0,0
32,5,1.0,1,checkpoints/sudoku_extreme_hf/checkpoint,0,1,blanks_5,37.75515731250145,1,601,fixed_point,0,became_wrong,0.8888888888888888,9,1,0,1,0,0
32,5,1.0,1,checkpoints/sudoku_extreme_hf/checkpoint,0,1,blanks_5,37.75515731250145,1,602,fixed_point,0,became_wrong,0.7654320987654321,19,1,0,1,0,0
32,5,1.0,1,checkpoints/sudoku_extreme_hf/checkpoint,0,1,blanks_5,37.75515731250145,1,603,fixed_point,0,became_wrong,0.6790123456790124,26,1,0,1,0,0
32,5,1.0,1,checkpoints/sudoku_extreme_hf/checkpoint,0,1,blanks_5,37.75515731250145,1,604,fixed_point,0,became_wrong,0.6049382716049383,32,1,0,1,0,0
32,5,0.9135802469135802,1,checkpoints/sudoku_extreme_hf/checkpoint,7,1,blanks_5,37.75515731250145,0,605,fixed_point,1,changed_wrong,0.7160493827160493,22,0,0,1,24,0
32,5,0.9259259259259259,1,checkpoints/sudoku_extreme_hf/checkpoint,5,1,blanks_5,37.75515731250145,0,606,fixed_point,1,changed_wrong,0.9259259259259259,12,1,0,1,0,0
32,5,0.9135802469135802,1,checkpoints/sudoku_extreme_hf/checkpoint,7,1,blanks_5,37.75515731250145,0,607,fixed_point,1,changed_wrong,0.7160493827160493,17,1,0,1,0,0
32,5,1.0,1,checkpoints/sudoku_extreme_hf/checkpoint,0,1,blanks_5,40.47963031250035,1,608,fixed_point,0,became_wrong,0.8518518518518519,12,1,0,1,0,0
32,5,1.0,0,checkpoints/sudoku_extreme_hf/checkpoint,0,1,blanks_5,40.47963031250035,1,609,fixed_point,0,stable_correct,1.0,0,1,1,0,0,0
32,5,1.0,1,checkpoints/sudoku_extreme_hf/checkpoint,0,1,blanks_5,40.47963031250035,1,610,fixed_point,0,became_wrong,0.7283950617283951,22,1,0,1,0,0
32,5,1.0,0,checkpoints/sudoku_extreme_hf/checkpoint,0,1,blanks_5,40.47963031250035,1,611,fixed_point,0,stable_correct,1.0,0,1,1,0,0,0
32,5,1.0,1,checkpoints/sudoku_extreme_hf/checkpoint,0,1,blanks_5,40.47963031250035,1,612,fixed_point,0,became_wrong,0.9506172839506173,4,1,0,1,0,0
32,5,0.9506172839506173,1,checkpoints/sudoku_extreme_hf/checkpoint,3,1,blanks_5,40.47963031250035,0,613,fixed_point,1,changed_wrong,0.691358024691358,23,1,0,1,0,0
32,5,1.0,1,checkpoints/sudoku_extreme_hf/checkpoint,0,1,blanks_5,40.47963031250035,1,614,fixed_point,0,became_wrong,0.654320987654321,28,0,0,1,3,0
32,5,1.0,1,checkpoints/sudoku_extreme_hf/checkpoint,0,1,blanks_5,40.47963031250035,1,615,fixed_point,0,became_wrong,0.7777777777777778,18,1,0,1,0,0
32,5,1.0,1,checkpoints/sudoku_extreme_hf/checkpoint,0,1,blanks_5,40.47963031250035,1,616,fixed_point,0,became_wrong,0.6049382716049383,32,1,0,1,0,0
32,5,1.0,1,checkpoints/sudoku_extreme_hf/checkpoint,0,1,blanks_5,40.47963031250035,1,617,fixed_point,0,became_wrong,0.7654320987654321,19,1,0,1,0,0
32,5,0.9753086419753086,1,checkpoints/sudoku_extreme_hf/checkpoint,2,0,blanks_5,40.47963031250035,0,618,fixed_point,1,changed_wrong,0.6666666666666666,26,1,0,1,0,5
32,5,0.9506172839506173,1,checkpoints/sudoku_extreme_hf/checkpoint,2,1,blanks_5,40.47963031250035,0,619,fixed_point,1,changed_wrong,0.691358024691358,22,1,0,1,0,0
32,5,0.8641975308641975,1,checkpoints/sudoku_extreme_hf/checkpoint,10,1,blanks_5,40.47963031250035,0,620,fixed_point,1,changed_wrong,0.7901234567901234,12,1,0,1,0,0
32,5,1.0,1,checkpoints/sudoku_extreme_hf/checkpoint,0,1,blanks_5,40.47963031250035,1,621,fixed_point,0,became_wrong,0.9259259259259259,6,1,0,1,0,0
32,5,0.9506172839506173,1,checkpoints/sudoku_extreme_hf/checkpoint,4,1,blanks_5,40.47963031250035,0,622,fixed_point,1,changed_wrong,0.7654320987654321,16,1,0,1,0,0
32,5,1.0,1,checkpoints/sudoku_extreme_hf/checkpoint,0,1,blanks_5,40.47963031250035,1,623,fixed_point,0,became_wrong,0.8148148148148148,15,1,0,1,0,0
32,5,0.9259259259259259,1,checkpoints/sudoku_extreme_hf/checkpoint,6,1,blanks_5,40.47963031250035,0,624,fixed_point,1,changed_wrong,0.8518518518518519,12,1,0,1,0,0
32,5,1.0,1,checkpoints/sudoku_extreme_hf/checkpoint,0,1,blanks_5,40.47963031250035,1,625,fixed_point,0,became_wrong,0.7777777777777778,18,1,0,1,0,0
32,5,1.0,1,checkpoints/sudoku_extreme_hf/checkpoint,0,1,blanks_5,40.47963031250035,1,626,fixed_point,0,became_wrong,0.6790123456790124,26,1,0,1,0,0
32,5,1.0,1,checkpoints/sudoku_extreme_hf/checkpoint,0,1,blanks_5,40.47963031250035,1,627,fixed_point,0,became_wrong,0.7901234567901234,17,0,0,1,22,0
32,5,0.9259259259259259,1,checkpoints/sudoku_extreme_hf/checkpoint,5,1,blanks_5,40.47963031250035,0,628,fixed_point,1,changed_wrong,0.654320987654321,28,1,0,1,0,0
32,5,1.0,1,checkpoints/sudoku_extreme_hf/checkpoint,0,1,blanks_5,40.47963031250035,1,629,fixed_point,0,became_wrong,0.9259259259259259,6,1,0,1,0,0
32,5,1.0,1,checkpoints/sudoku_extreme_hf/checkpoint,0,1,blanks_5,40.47963031250035,1,630,fixed_point,0,became_wrong,0.8148148148148148,15,1,0,1,0,0
32,5,1.0,1,checkpoints/sudoku_extreme_hf/checkpoint,0,1,blanks_5,40.47963031250035,1,631,fixed_point,0,became_wrong,0.7283950617283951,22,1,0,1,0,0
32,5,0.6419753086419753,1,checkpoints/sudoku_extreme_hf/checkpoint,26,1,blanks_5,40.47963031250035,0,632,fixed_point,1,changed_wrong,0.6296296296296297,14,1,0,1,0,0
32,5,0.9259259259259259,1,checkpoints/sudoku_extreme_hf/checkpoint,3,1,blanks_5,40.47963031250035,0,633,fixed_point,1,changed_wrong,0.8024691358024691,19,0,0,1,26,0
32,5,0.9259259259259259,1,checkpoints/sudoku_extreme_hf/checkpoint,4,1,blanks_5,40.47963031250035,0,634,fixed_point,1,changed_wrong,0.5925925925925926,31,1,0,1,0,0
32,5,0.8271604938271605,1,checkpoints/sudoku_extreme_hf/checkpoint,12,1,blanks_5,40.47963031250035,0,635,fixed_point,1,changed_wrong,0.8271604938271605,6,1,0,1,0,0
32,5,1.0,1,checkpoints/sudoku_extreme_hf/checkpoint,0,1,blanks_5,40.47963031250035,1,636,fixed_point,0,became_wrong,0.8024691358024691,16,1,0,1,0,0
32,5,0.6790123456790124,1,checkpoints/sudoku_extreme_hf/checkpoint,24,1,blanks_5,40.47963031250035,0,637,fixed_point,1,changed_wrong,0.5308641975308642,24,0,0,1,12,0
32,5,0.9012345679012346,1,checkpoints/sudoku_extreme_hf/checkpoint,7,1,blanks_5,40.47963031250035,0,638,fixed_point,1,changed_wrong,0.6296296296296297,24,1,0,1,0,0
32,5,0.9506172839506173,0,checkpoints/sudoku_extreme_hf/checkpoint,4,1,blanks_5,40.47963031250035,0,639,fixed_point,1,invalid_fixed_point,0.9506172839506173,0,1,0,0,0,0
32,5,1.0,1,checkpoints/sudoku_extreme_hf/checkpoint,0,1,blanks_5,39.58787543749942,1,640,fixed_point,0,became_wrong,0.7407407407407407,21,1,0,1,0,0
32,5,0.8395061728395061,1,checkpoints/sudoku_extreme_hf/checkpoint,12,1,blanks_5,39.58787543749942,0,641,fixed_point,1,changed_wrong,0.6172839506172839,25,1,0,1,0,0
32,5,0.9506172839506173,0,checkpoints/sudoku_extreme_hf/checkpoint,2,1,blanks_5,39.58787543749942,0,642,fixed_point,1,invalid_fixed_point,0.9506172839506173,0,1,0,0,0,0
32,5,1.0,1,checkpoints/sudoku_extreme_hf/checkpoint,0,1,blanks_5,39.58787543749942,1,643,fixed_point,0,became_wrong,0.7160493827160493,23,0,0,1,17,0
32,5,0.8641975308641975,1,checkpoints/sudoku_extreme_hf/checkpoint,8,1,blanks_5,39.58787543749942,0,644,fixed_point,1,changed_wrong,0.6296296296296297,24,1,0,1,0,0
32,5,0.9012345679012346,1,checkpoints/sudoku_extreme_hf/checkpoint,7,1,blanks_5,39.58787543749942,0,645,fixed_point,1,changed_wrong,0.6049382716049383,31,0,0,1,38,0
32,5,1.0,1,checkpoints/sudoku_extreme_hf/checkpoint,0,1,blanks_5,39.58787543749942,1,646,fixed_point,0,became_wrong,0.8765432098765432,10,1,0,1,0,0
32,5,1.0,1,checkpoints/sudoku_extreme_hf/checkpoint,0,1,blanks_5,39.58787543749942,1,647,fixed_point,0,became_wrong,0.7654320987654321,19,0,0,1,13,0
32,5,0.9506172839506173,1,checkpoints/sudoku_extreme_hf/checkpoint,4,1,blanks_5,39.58787543749942,0,648,fixed_point,1,changed_wrong,0.6790123456790124,23,1,0,1,0,0
32,5,1.0,1,checkpoints/sudoku_extreme_hf/checkpoint,0,1,blanks_5,39.58787543749942,1,649,fixed_point,0,became_wrong,0.7407407407407407,21,1,0,1,0,0
32,5,1.0,1,checkpoints/sudoku_extreme_hf/checkpoint,0,1,blanks_5,39.58787543749942,1,650,fixed_point,0,became_wrong,0.6666666666666666,27,1,0,1,0,0
32,5,0.9506172839506173,1,checkpoints/sudoku_extreme_hf/checkpoint,2,1,blanks_5,39.58787543749942,0,651,fixed_point,1,changed_wrong,0.7901234567901234,14,1,0,1,0,0
32,5,1.0,1,checkpoints/sudoku_extreme_hf/checkpoint,0,1,blanks_5,39.58787543749942,1,652,fixed_point,0,became_wrong,0.8395061728395061,13,1,0,1,0,0
32,5,1.0,1,checkpoints/sudoku_extreme_hf/checkpoint,0,1,blanks_5,39.58787543749942,1,653,fixed_point,0,became_wrong,0.6049382716049383,32,0,0,1,24,0
32,5,0.9506172839506173,1,checkpoints/sudoku_extreme_hf/checkpoint,4,1,blanks_5,39.58787543749942,0,654,fixed_point,1,changed_wrong,0.8395061728395061,10,0,0,1,15,0
32,5,1.0,1,checkpoints/sudoku_extreme_hf/checkpoint,0,1,blanks_5,39.58787543749942,1,655,fixed_point,0,became_wrong,0.7283950617283951,22,1,0,1,0,0
32,5,1.0,1,checkpoints/sudoku_extreme_hf/checkpoint,0,1,blanks_5,39.58787543749942,1,656,fixed_point,0,became_wrong,0.8641975308641975,11,1,0,1,0,0
32,5,1.0,0,checkpoints/sudoku_extreme_hf/checkpoint,0,1,blanks_5,39.58787543749942,1,657,fixed_point,0,stable_correct,1.0,0,1,1,0,0,0
32,5,1.0,1,checkpoints/sudoku_extreme_hf/checkpoint,0,1,blanks_5,39.58787543749942,1,658,fixed_point,0,became_wrong,0.6296296296296297,30,1,0,1,0,0
32,5,0.7530864197530864,1,checkpoints/sudoku_extreme_hf/checkpoint,17,1,blanks_5,39.58787543749942,0,659,fixed_point,1,changed_wrong,0.8148148148148148,18,0,0,1,15,0
32,5,1.0,1,checkpoints/sudoku_extreme_hf/checkpoint,0,1,blanks_5,39.58787543749942,1,660,fixed_point,0,became_wrong,0.9506172839506173,4,1,0,1,0,0
32,5,1.0,1,checkpoints/sudoku_extreme_hf/checkpoint,0,1,blanks_5,39.58787543749942,1,661,fixed_point,0,became_wrong,0.6049382716049383,32,0,0,1,22,0
32,5,0.8395061728395061,1,checkpoints/sudoku_extreme_hf/checkpoint,12,1,blanks_5,39.58787543749942,0,662,fixed_point,1,changed_wrong,0.654320987654321,28,1,0,1,0,0
32,5,1.0,1,checkpoints/sudoku_extreme_hf/checkpoint,0,1,blanks_5,39.58787543749942,1,663,fixed_point,0,became_wrong,0.7777777777777778,18,1,0,1,0,0
32,5,0.9135802469135802,1,checkpoints/sudoku_extreme_hf/checkpoint,6,1,blanks_5,39.58787543749942,0,664,fixed_point,1,changed_wrong,0.654320987654321,29,1,0,1,0,0
32,5,1.0,1,checkpoints/sudoku_extreme_hf/checkpoint,0,1,blanks_5,39.58787543749942,1,665,fixed_point,0,became_wrong,0.7283950617283951,22,1,0,1,0,0
32,5,1.0,1,checkpoints/sudoku_extreme_hf/checkpoint,0,1,blanks_5,39.58787543749942,1,666,fixed_point,0,became_wrong,0.8271604938271605,14,1,0,1,0,0
32,5,1.0,1,checkpoints/sudoku_extreme_hf/checkpoint,0,1,blanks_5,39.58787543749942,1,667,fixed_point,0,became_wrong,0.7283950617283951,22,1,0,1,0,0
32,5,1.0,1,checkpoints/sudoku_extreme_hf/checkpoint,0,1,blanks_5,39.58787543749942,1,668,fixed_point,0,became_wrong,0.6172839506172839,31,0,0,1,16,0
32,5,1.0,1,checkpoints/sudoku_extreme_hf/checkpoint,0,1,blanks_5,39.58787543749942,1,669,fixed_point,0,became_wrong,0.7407407407407407,21,1,0,1,0,0
32,5,0.9506172839506173,1,checkpoints/sudoku_extreme_hf/checkpoint,3,1,blanks_5,39.58787543749942,0,670,fixed_point,1,changed_wrong,0.7037037037037037,22,0,0,1,3,0
32,5,1.0,1,checkpoints/sudoku_extreme_hf/checkpoint,0,1,blanks_5,39.58787543749942,1,671,fixed_point,0,became_wrong,0.7160493827160493,23,1,0,1,0,0
32,5,0.7037037037037037,1,checkpoints/sudoku_extreme_hf/checkpoint,23,1,blanks_5,43.87793981249999,0,672,fixed_point,1,changed_wrong,0.5802469135802469,14,1,0,1,0,0
32,5,0.9259259259259259,1,checkpoints/sudoku_extreme_hf/checkpoint,6,1,blanks_5,43.87793981249999,0,673,fixed_point,1,changed_wrong,0.7283950617283951,24,1,0,1,0,0
32,5,0.8765432098765432,1,checkpoints/sudoku_extreme_hf/checkpoint,10,1,blanks_5,43.87793981249999,0,674,fixed_point,1,changed_wrong,0.8518518518518519,4,1,0,1,0,0
32,5,0.9135802469135802,1,checkpoints/sudoku_extreme_hf/checkpoint,7,1,blanks_5,43.87793981249999,0,675,fixed_point,1,changed_wrong,0.7654320987654321,14,1,0,1,0,0
32,5,1.0,1,checkpoints/sudoku_extreme_hf/checkpoint,0,1,blanks_5,43.87793981249999,1,676,fixed_point,0,became_wrong,0.8765432098765432,10,1,0,1,0,0
32,5,1.0,1,checkpoints/sudoku_extreme_hf/checkpoint,0,1,blanks_5,43.87793981249999,1,677,fixed_point,0,became_wrong,0.8271604938271605,14,1,0,1,0,0
32,5,0.9259259259259259,1,checkpoints/sudoku_extreme_hf/checkpoint,5,1,blanks_5,43.87793981249999,0,678,fixed_point,1,changed_wrong,0.8148148148148148,19,1,0,1,0,0
32,5,1.0,1,checkpoints/sudoku_extreme_hf/checkpoint,0,1,blanks_5,43.87793981249999,1,679,fixed_point,0,became_wrong,0.8271604938271605,14,1,0,1,0,0
32,5,0.8395061728395061,0,checkpoints/sudoku_extreme_hf/checkpoint,11,1,blanks_5,43.87793981249999,0,680,fixed_point,1,invalid_fixed_point,0.8395061728395061,0,1,0,0,0,0
32,5,1.0,1,checkpoints/sudoku_extreme_hf/checkpoint,0,1,blanks_5,43.87793981249999,1,681,fixed_point,0,became_wrong,0.8888888888888888,9,1,0,1,0,0
32,5,1.0,1,checkpoints/sudoku_extreme_hf/checkpoint,0,1,blanks_5,43.87793981249999,1,682,fixed_point,0,became_wrong,0.9135802469135802,7,1,0,1,0,0
32,5,1.0,1,checkpoints/sudoku_extreme_hf/checkpoint,0,1,blanks_5,43.87793981249999,1,683,fixed_point,0,became_wrong,0.8395061728395061,13,1,0,1,0,0
32,5,0.9259259259259259,1,checkpoints/sudoku_extreme_hf/checkpoint,5,1,blanks_5,43.87793981249999,0,684,fixed_point,1,became_correct,1.0,6,1,1,1,0,0
32,5,1.0,1,checkpoints/sudoku_extreme_hf/checkpoint,0,1,blanks_5,43.87793981249999,1,685,fixed_point,0,became_wrong,0.8395061728395061,13,1,0,1,0,0
32,5,0.9506172839506173,1,checkpoints/sudoku_extreme_hf/checkpoint,4,1,blanks_5,43.87793981249999,0,686,fixed_point,1,changed_wrong,0.7037037037037037,21,0,0,1,15,0
32,5,1.0,0,checkpoints/sudoku_extreme_hf/checkpoint,0,1,blanks_5,43.87793981249999,1,687,fixed_point,0,stable_correct,1.0,0,1,1,0,0,0
32,5,1.0,1,checkpoints/sudoku_extreme_hf/checkpoint,0,1,blanks_5,43.87793981249999,1,688,fixed_point,0,became_wrong,0.7037037037037037,24,1,0,1,0,0
32,5,0.9506172839506173,1,checkpoints/sudoku_extreme_hf/checkpoint,3,1,blanks_5,43.87793981249999,0,689,fixed_point,1,changed_wrong,0.6049382716049383,29,1,0,1,0,0
32,5,1.0,1,checkpoints/sudoku_extreme_hf/checkpoint,0,1,blanks_5,43.87793981249999,1,690,fixed_point,0,became_wrong,0.7654320987654321,19,1,0,1,0,0
32,5,1.0,1,checkpoints/sudoku_extreme_hf/checkpoint,0,1,blanks_5,43.87793981249999,1,691,fixed_point,0,became_wrong,0.691358024691358,25,1,0,1,0,0
32,5,0.9506172839506173,1,checkpoints/sudoku_extreme_hf/checkpoint,4,1,blanks_5,43.87793981249999,0,692,fixed_point,1,changed_wrong,0.5802469135802469,37,1,0,1,0,0
32,5,1.0,1,checkpoints/sudoku_extreme_hf/checkpoint,0,1,blanks_5,43.87793981249999,1,693,fixed_point,0,became_wrong,0.6790123456790124,26,1,0,1,0,0
32,5,0.9506172839506173,1,checkpoints/sudoku_extreme_hf/checkpoint,3,1,blanks_5,43.87793981249999,0,694,fixed_point,1,changed_wrong,0.691358024691358,21,1,0,1,0,0
32,5,1.0,1,checkpoints/sudoku_extreme_hf/checkpoint,0,1,blanks_5,43.87793981249999,1,695,fixed_point,0,became_wrong,0.9259259259259259,6,1,0,1,0,0
32,5,0.9012345679012346,1,checkpoints/sudoku_extreme_hf/checkpoint,6,1,blanks_5,43.87793981249999,0,696,fixed_point,1,changed_wrong,0.9012345679012346,6,1,0,1,0,0
32,5,1.0,1,checkpoints/sudoku_extreme_hf/checkpoint,0,1,blanks_5,43.87793981249999,1,697,fixed_point,0,became_wrong,0.6172839506172839,31,0,0,1,29,0
32,5,0.8641975308641975,1,checkpoints/sudoku_extreme_hf/checkpoint,7,1,blanks_5,43.87793981249999,0,698,fixed_point,1,changed_wrong,0.8641975308641975,8,1,0,1,0,0
32,5,0.9506172839506173,1,checkpoints/sudoku_extreme_hf/checkpoint,4,1,blanks_5,43.87793981249999,0,699,fixed_point,1,changed_wrong,0.8518518518518519,9,1,0,1,0,0
32,5,0.8148148148148148,1,checkpoints/sudoku_extreme_hf/checkpoint,12,1,blanks_5,43.87793981249999,0,700,fixed_point,1,changed_wrong,0.5432098765432098,28,1,0,1,0,0
32,5,0.9012345679012346,1,checkpoints/sudoku_extreme_hf/checkpoint,6,1,blanks_5,43.87793981249999,0,701,fixed_point,1,changed_wrong,0.6172839506172839,24,1,0,1,0,0
32,5,1.0,1,checkpoints/sudoku_extreme_hf/checkpoint,0,1,blanks_5,43.87793981249999,1,702,fixed_point,0,became_wrong,0.8271604938271605,14,1,0,1,0,0
32,5,0.9506172839506173,1,checkpoints/sudoku_extreme_hf/checkpoint,4,1,blanks_5,43.87793981249999,0,703,fixed_point,1,changed_wrong,0.7037037037037037,21,1,0,1,0,0
32,5,0.8024691358024691,1,checkpoints/sudoku_extreme_hf/checkpoint,15,0,blanks_5,43.40427624999954,0,704,fixed_point,1,changed_wrong,0.6296296296296297,31,0,0,1,26,23
32,5,0.8765432098765432,1,checkpoints/sudoku_extreme_hf/checkpoint,8,1,blanks_5,43.40427624999954,0,705,fixed_point,1,changed_wrong,0.7283950617283951,18,1,0,1,0,0
32,5,1.0,1,checkpoints/sudoku_extreme_hf/checkpoint,0,1,blanks_5,43.40427624999954,1,706,fixed_point,0,became_wrong,0.7530864197530864,20,0,0,1,16,0
32,5,0.7777777777777778,1,checkpoints/sudoku_extreme_hf/checkpoint,16,1,blanks_5,43.40427624999954,0,707,fixed_point,1,changed_wrong,0.5555555555555556,27,1,0,1,0,0
32,5,0.9259259259259259,1,checkpoints/sudoku_extreme_hf/checkpoint,6,1,blanks_5,43.40427624999954,0,708,fixed_point,1,changed_wrong,0.6666666666666666,23,1,0,1,0,0
32,5,1.0,1,checkpoints/sudoku_extreme_hf/checkpoint,0,1,blanks_5,43.40427624999954,1,709,fixed_point,0,became_wrong,0.691358024691358,25,1,0,1,0,0
32,5,0.9012345679012346,1,checkpoints/sudoku_extreme_hf/checkpoint,8,1,blanks_5,43.40427624999954,0,710,fixed_point,1,changed_wrong,0.7901234567901234,19,0,0,1,19,0
32,5,0.8765432098765432,1,checkpoints/sudoku_extreme_hf/checkpoint,8,1,blanks_5,43.40427624999954,0,711,fixed_point,1,changed_wrong,0.8765432098765432,19,1,0,1,0,0
32,5,1.0,1,checkpoints/sudoku_extreme_hf/checkpoint,0,1,blanks_5,43.40427624999954,1,712,fixed_point,0,became_wrong,0.7530864197530864,20,1,0,1,0,0
32,5,1.0,1,checkpoints/sudoku_extreme_hf/checkpoint,0,1,blanks_5,43.40427624999954,1,713,fixed_point,0,became_wrong,0.7530864197530864,20,1,0,1,0,0
32,5,1.0,1,checkpoints/sudoku_extreme_hf/checkpoint,0,1,blanks_5,43.40427624999954,1,714,fixed_point,0,became_wrong,0.9506172839506173,4,1,0,1,0,0
32,5,1.0,0,checkpoints/sudoku_extreme_hf/checkpoint,0,1,blanks_5,43.40427624999954,1,715,fixed_point,0,stable_correct,1.0,0,1,1,0,0,0
32,5,1.0,1,checkpoints/sudoku_extreme_hf/checkpoint,0,1,blanks_5,43.40427624999954,1,716,fixed_point,0,became_wrong,0.7283950617283951,22,1,0,1,0,0
32,5,1.0,1,checkpoints/sudoku_extreme_hf/checkpoint,0,1,blanks_5,43.40427624999954,1,717,fixed_point,0,became_wrong,0.9259259259259259,6,1,0,1,0,0
32,5,0.9506172839506173,1,checkpoints/sudoku_extreme_hf/checkpoint,4,1,blanks_5,43.40427624999954,0,718,fixed_point,1,changed_wrong,0.7654320987654321,19,1,0,1,0,0
32,5,1.0,1,checkpoints/sudoku_extreme_hf/checkpoint,0,1,blanks_5,43.40427624999954,1,719,fixed_point,0,became_wrong,0.6666666666666666,27,1,0,1,0,0
32,5,1.0,1,checkpoints/sudoku_extreme_hf/checkpoint,0,1,blanks_5,43.40427624999954,1,720,fixed_point,0,became_wrong,0.7901234567901234,17,1,0,1,0,0
32,5,1.0,1,checkpoints/sudoku_extreme_hf/checkpoint,0,1,blanks_5,43.40427624999954,1,721,fixed_point,0,became_wrong,0.7530864197530864,20,1,0,1,0,0
32,5,1.0,1,checkpoints/sudoku_extreme_hf/checkpoint,0,1,blanks_5,43.40427624999954,1,722,fixed_point,0,became_wrong,0.6419753086419753,29,1,0,1,0,0
32,5,0.9135802469135802,1,checkpoints/sudoku_extreme_hf/checkpoint,7,1,blanks_5,43.40427624999954,0,723,fixed_point,1,changed_wrong,0.8148148148148148,16,1,0,1,0,0
32,5,1.0,1,checkpoints/sudoku_extreme_hf/checkpoint,0,1,blanks_5,43.40427624999954,1,724,fixed_point,0,became_wrong,0.6049382716049383,32,1,0,1,0,0
32,5,0.9259259259259259,1,checkpoints/sudoku_extreme_hf/checkpoint,5,1,blanks_5,43.40427624999954,0,725,fixed_point,1,changed_wrong,0.8271604938271605,9,1,0,1,0,0
32,5,1.0,1,checkpoints/sudoku_extreme_hf/checkpoint,0,1,blanks_5,43.40427624999954,1,726,fixed_point,0,became_wrong,0.9506172839506173,4,1,0,1,0,0
32,5,1.0,1,checkpoints/sudoku_extreme_hf/checkpoint,0,1,blanks_5,43.40427624999954,1,727,fixed_point,0,became_wrong,0.7777777777777778,18,1,0,1,0,0
32,5,1.0,0,checkpoints/sudoku_extreme_hf/checkpoint,0,1,blanks_5,43.40427624999954,1,728,fixed_point,0,stable_correct,1.0,0,1,1,0,0,0
32,5,1.0,1,checkpoints/sudoku_extreme_hf/checkpoint,0,1,blanks_5,43.40427624999954,1,729,fixed_point,0,became_wrong,0.691358024691358,25,1,0,1,0,0
32,5,1.0,1,checkpoints/sudoku_extreme_hf/checkpoint,0,1,blanks_5,43.40427624999954,1,730,fixed_point,0,became_wrong,0.7283950617283951,22,1,0,1,0,0
32,5,0.9506172839506173,1,checkpoints/sudoku_extreme_hf/checkpoint,3,1,blanks_5,43.40427624999954,0,731,fixed_point,1,changed_wrong,0.6666666666666666,25,1,0,1,0,0
32,5,1.0,1,checkpoints/sudoku_extreme_hf/checkpoint,0,1,blanks_5,43.40427624999954,1,732,fixed_point,0,became_wrong,0.5802469135802469,34,1,0,1,0,0
32,5,0.9506172839506173,1,checkpoints/sudoku_extreme_hf/checkpoint,4,1,blanks_5,43.40427624999954,0,733,fixed_point,1,changed_wrong,0.8765432098765432,13,1,0,1,0,0
32,5,0.7777777777777778,1,checkpoints/sudoku_extreme_hf/checkpoint,18,1,blanks_5,43.40427624999954,0,734,fixed_point,1,changed_wrong,0.6790123456790124,18,1,0,1,0,0
32,5,0.9506172839506173,1,checkpoints/sudoku_extreme_hf/checkpoint,4,1,blanks_5,43.40427624999954,0,735,fixed_point,1,changed_wrong,0.8271604938271605,11,1,0,1,0,0
32,5,0.9506172839506173,1,checkpoints/sudoku_extreme_hf/checkpoint,4,1,blanks_5,33.3608864999988,0,736,fixed_point,1,changed_wrong,0.8148148148148148,12,1,0,1,0,0
32,5,1.0,1,checkpoints/sudoku_extreme_hf/checkpoint,0,1,blanks_5,33.3608864999988,1,737,fixed_point,0,became_wrong,0.9506172839506173,4,1,0,1,0,0
32,5,0.9012345679012346,0,checkpoints/sudoku_extreme_hf/checkpoint,7,1,blanks_5,33.3608864999988,0,738,fixed_point,1,invalid_fixed_point,0.9012345679012346,0,1,0,0,0,0
32,5,0.7654320987654321,1,checkpoints/sudoku_extreme_hf/checkpoint,15,1,blanks_5,33.3608864999988,0,739,fixed_point,1,changed_wrong,0.5802469135802469,22,1,0,1,0,0
32,5,1.0,1,checkpoints/sudoku_extreme_hf/checkpoint,0,1,blanks_5,33.3608864999988,1,740,fixed_point,0,became_wrong,0.8641975308641975,11,1,0,1,0,0
32,5,1.0,1,checkpoints/sudoku_extreme_hf/checkpoint,0,1,blanks_5,33.3608864999988,1,741,fixed_point,0,became_wrong,0.7777777777777778,18,1,0,1,0,0
32,5,0.9506172839506173,1,checkpoints/sudoku_extreme_hf/checkpoint,3,1,blanks_5,33.3608864999988,0,742,fixed_point,1,changed_wrong,0.8024691358024691,14,1,0,1,0,0
32,5,1.0,1,checkpoints/sudoku_extreme_hf/checkpoint,0,1,blanks_5,33.3608864999988,1,743,fixed_point,0,became_wrong,0.9506172839506173,4,1,0,1,0,0
32,5,0.9506172839506173,1,checkpoints/sudoku_extreme_hf/checkpoint,4,1,blanks_5,33.3608864999988,0,744,fixed_point,1,changed_wrong,0.6666666666666666,26,1,0,1,0,0
32,5,0.8271604938271605,1,checkpoints/sudoku_extreme_hf/checkpoint,12,1,blanks_5,33.3608864999988,0,745,fixed_point,1,changed_wrong,0.691358024691358,20,1,0,1,0,0
32,5,1.0,1,checkpoints/sudoku_extreme_hf/checkpoint,0,1,blanks_5,33.3608864999988,1,746,fixed_point,0,became_wrong,0.7530864197530864,20,1,0,1,0,0
32,5,0.9012345679012346,1,checkpoints/sudoku_extreme_hf/checkpoint,8,1,blanks_5,33.3608864999988,0,747,fixed_point,1,changed_wrong,0.6296296296296297,27,1,0,1,0,0
32,5,1.0,1,checkpoints/sudoku_extreme_hf/checkpoint,0,1,blanks_5,33.3608864999988,1,748,fixed_point,0,became_wrong,0.7283950617283951,22,1,0,1,0,0
32,5,1.0,1,checkpoints/sudoku_extreme_hf/checkpoint,0,1,blanks_5,33.3608864999988,1,749,fixed_point,0,became_wrong,0.9506172839506173,4,1,0,1,0,0
32,5,0.9135802469135802,0,checkpoints/sudoku_extreme_hf/checkpoint,6,1,blanks_5,33.3608864999988,0,750,fixed_point,1,invalid_fixed_point,0.9135802469135802,0,1,0,0,0,0
32,5,0.9506172839506173,0,checkpoints/sudoku_extreme_hf/checkpoint,4,1,blanks_5,33.3608864999988,0,751,fixed_point,1,invalid_fixed_point,0.9506172839506173,0,1,0,0,0,0
32,5,1.0,1,checkpoints/sudoku_extreme_hf/checkpoint,0,1,blanks_5,33.3608864999988,1,752,fixed_point,0,became_wrong,0.8148148148148148,15,0,0,1,10,0
32,5,1.0,1,checkpoints/sudoku_extreme_hf/checkpoint,0,1,blanks_5,33.3608864999988,1,753,fixed_point,0,became_wrong,0.7530864197530864,20,1,0,1,0,0
32,5,0.9259259259259259,1,checkpoints/sudoku_extreme_hf/checkpoint,6,1,blanks_5,33.3608864999988,0,754,fixed_point,1,changed_wrong,0.6419753086419753,29,1,0,1,0,0
32,5,0.8888888888888888,1,checkpoints/sudoku_extreme_hf/checkpoint,9,1,blanks_5,33.3608864999988,0,755,fixed_point,1,changed_wrong,0.7777777777777778,10,1,0,1,0,0
32,5,0.8024691358024691,1,checkpoints/sudoku_extreme_hf/checkpoint,14,0,blanks_5,33.3608864999988,0,756,fixed_point,1,changed_wrong,0.6666666666666666,25,1,0,1,0,21
32,5,1.0,1,checkpoints/sudoku_extreme_hf/checkpoint,0,1,blanks_5,33.3608864999988,1,757,fixed_point,0,became_wrong,0.6790123456790124,26,1,0,1,0,0
32,5,1.0,1,checkpoints/sudoku_extreme_hf/checkpoint,0,1,blanks_5,33.3608864999988,1,758,fixed_point,0,became_wrong,0.8271604938271605,14,1,0,1,0,0
32,5,0.9259259259259259,1,checkpoints/sudoku_extreme_hf/checkpoint,5,1,blanks_5,33.3608864999988,0,759,fixed_point,1,changed_wrong,0.7901234567901234,16,1,0,1,0,0
32,5,0.9135802469135802,1,checkpoints/sudoku_extreme_hf/checkpoint,6,1,blanks_5,33.3608864999988,0,760,fixed_point,1,changed_wrong,0.7901234567901234,11,1,0,1,0,0
32,5,1.0,1,checkpoints/sudoku_extreme_hf/checkpoint,0,1,blanks_5,33.3608864999988,1,761,fixed_point,0,became_wrong,0.7037037037037037,24,0,0,1,3,0
32,5,1.0,1,checkpoints/sudoku_extreme_hf/checkpoint,0,1,blanks_5,33.3608864999988,1,762,fixed_point,0,became_wrong,0.9259259259259259,6,1,0,1,0,0
32,5,1.0,1,checkpoints/sudoku_extreme_hf/checkpoint,0,1,blanks_5,33.3608864999988,1,763,fixed_point,0,became_wrong,0.9012345679012346,8,1,0,1,0,0
32,5,0.8148148148148148,1,checkpoints/sudoku_extreme_hf/checkpoint,14,1,blanks_5,33.3608864999988,0,764,fixed_point,1,changed_wrong,0.7283950617283951,14,1,0,1,0,0
32,5,1.0,1,checkpoints/sudoku_extreme_hf/checkpoint,0,1,blanks_5,33.3608864999988,1,765,fixed_point,0,became_wrong,0.6666666666666666,27,1,0,1,0,0
32,5,0.9506172839506173,1,checkpoints/sudoku_extreme_hf/checkpoint,4,1,blanks_5,33.3608864999988,0,766,fixed_point,1,changed_wrong,0.8024691358024691,13,1,0,1,0,0
32,5,1.0,1,checkpoints/sudoku_extreme_hf/checkpoint,0,1,blanks_5,33.3608864999988,1,767,fixed_point,0,became_wrong,0.8271604938271605,14,1,0,1,0,0
32,5,1.0,1,checkpoints/sudoku_extreme_hf/checkpoint,0,1,blanks_5,33.45726559374995,1,768,fixed_point,0,became_wrong,0.8148148148148148,15,1,0,1,0,0
32,5,0.9506172839506173,1,checkpoints/sudoku_extreme_hf/checkpoint,3,1,blanks_5,33.45726559374995,0,769,fixed_point,1,changed_wrong,0.8518518518518519,9,1,0,1,0,0
32,5,0.9506172839506173,0,checkpoints/sudoku_extreme_hf/checkpoint,4,1,blanks_5,33.45726559374995,0,770,fixed_point,1,invalid_fixed_point,0.9506172839506173,0,1,0,0,0,0
32,5,1.0,1,checkpoints/sudoku_extreme_hf/checkpoint,0,1,blanks_5,33.45726559374995,1,771,fixed_point,0,became_wrong,0.7283950617283951,22,1,0,1,0,0
32,5,1.0,1,checkpoints/sudoku_extreme_hf/checkpoint,0,1,blanks_5,33.45726559374995,1,772,fixed_point,0,became_wrong,0.8024691358024691,16,0,0,1,24,0
32,5,1.0,1,checkpoints/sudoku_extreme_hf/checkpoint,0,1,blanks_5,33.45726559374995,1,773,fixed_point,0,became_wrong,0.7283950617283951,22,1,0,1,0,0
32,5,0.8024691358024691,1,checkpoints/sudoku_extreme_hf/checkpoint,15,1,blanks_5,33.45726559374995,0,774,fixed_point,1,changed_wrong,0.654320987654321,19,1,0,1,0,0
32,5,1.0,1,checkpoints/sudoku_extreme_hf/checkpoint,0,1,blanks_5,33.45726559374995,1,775,fixed_point,0,became_wrong,0.8024691358024691,16,1,0,1,0,0
32,5,1.0,1,checkpoints/sudoku_extreme_hf/checkpoint,0,1,blanks_5,33.45726559374995,1,776,fixed_point,0,became_wrong,0.7283950617283951,22,1,0,1,0,0
32,5,0.9506172839506173,1,checkpoints/sudoku_extreme_hf/checkpoint,4,1,blanks_5,33.45726559374995,0,777,fixed_point,1,changed_wrong,0.6790123456790124,26,1,0,1,0,0
32,5,0.8765432098765432,1,checkpoints/sudoku_extreme_hf/checkpoint,9,1,blanks_5,33.45726559374995,0,778,fixed_point,1,changed_wrong,0.7283950617283951,17,1,0,1,0,0
32,5,0.9259259259259259,1,checkpoints/sudoku_extreme_hf/checkpoint,5,1,blanks_5,33.45726559374995,0,779,fixed_point,1,changed_wrong,0.6172839506172839,34,1,0,1,0,0
32,5,1.0,0,checkpoints/sudoku_extreme_hf/checkpoint,0,1,blanks_5,33.45726559374995,1,780,fixed_point,0,stable_correct,1.0,0,1,1,0,0,0
32,5,1.0,1,checkpoints/sudoku_extreme_hf/checkpoint,0,1,blanks_5,33.45726559374995,1,781,fixed_point,0,became_wrong,0.7160493827160493,23,1,0,1,0,0
32,5,1.0,1,checkpoints/sudoku_extreme_hf/checkpoint,0,1,blanks_5,33.45726559374995,1,782,fixed_point,0,became_wrong,0.8271604938271605,14,1,0,1,0,0
32,5,1.0,1,checkpoints/sudoku_extreme_hf/checkpoint,0,1,blanks_5,33.45726559374995,1,783,fixed_point,0,became_wrong,0.7530864197530864,20,1,0,1,0,0
32,5,1.0,1,checkpoints/sudoku_extreme_hf/checkpoint,0,1,blanks_5,33.45726559374995,1,784,fixed_point,0,became_wrong,0.8641975308641975,11,1,0,1,0,0
32,5,1.0,1,checkpoints/sudoku_extreme_hf/checkpoint,0,1,blanks_5,33.45726559374995,1,785,fixed_point,0,became_wrong,0.8148148148148148,15,1,0,1,0,0
32,5,0.8888888888888888,1,checkpoints/sudoku_extreme_hf/checkpoint,7,1,blanks_5,33.45726559374995,0,786,fixed_point,1,changed_wrong,0.6419753086419753,29,0,0,1,18,0
32,5,1.0,1,checkpoints/sudoku_extreme_hf/checkpoint,0,1,blanks_5,33.45726559374995,1,787,fixed_point,0,became_wrong,0.7160493827160493,23,0,0,1,23,0
32,5,0.9259259259259259,1,checkpoints/sudoku_extreme_hf/checkpoint,5,1,blanks_5,33.45726559374995,0,788,fixed_point,1,changed_wrong,0.7777777777777778,21,1,0,1,0,0
32,5,1.0,1,checkpoints/sudoku_extreme_hf/checkpoint,0,1,blanks_5,33.45726559374995,1,789,fixed_point,0,became_wrong,0.6419753086419753,29,1,0,1,0,0
32,5,1.0,1,checkpoints/sudoku_extreme_hf/checkpoint,0,1,blanks_5,33.45726559374995,1,790,fixed_point,0,became_wrong,0.691358024691358,25,1,0,1,0,0
32,5,1.0,1,checkpoints/sudoku_extreme_hf/checkpoint,0,1,blanks_5,33.45726559374995,1,791,fixed_point,0,became_wrong,0.5925925925925926,33,1,0,1,0,0
32,5,1.0,1,checkpoints/sudoku_extreme_hf/checkpoint,0,1,blanks_5,33.45726559374995,1,792,fixed_point,0,became_wrong,0.7777777777777778,18,1,0,1,0,0
32,5,0.7283950617283951,1,checkpoints/sudoku_extreme_hf/checkpoint,19,1,blanks_5,33.45726559374995,0,793,fixed_point,1,changed_wrong,0.6172839506172839,20,1,0,1,0,0
32,5,1.0,1,checkpoints/sudoku_extreme_hf/checkpoint,0,1,blanks_5,33.45726559374995,1,794,fixed_point,0,became_wrong,0.7901234567901234,17,1,0,1,0,0
32,5,1.0,1,checkpoints/sudoku_extreme_hf/checkpoint,0,1,blanks_5,33.45726559374995,1,795,fixed_point,0,became_wrong,0.8024691358024691,16,1,0,1,0,0
32,5,1.0,1,checkpoints/sudoku_extreme_hf/checkpoint,0,1,blanks_5,33.45726559374995,1,796,fixed_point,0,became_wrong,0.7283950617283951,22,0,0,1,16,0
32,5,0.8395061728395061,1,checkpoints/sudoku_extreme_hf/checkpoint,12,1,blanks_5,33.45726559374995,0,797,fixed_point,1,changed_wrong,0.7777777777777778,6,1,0,1,0,0
32,5,1.0,1,checkpoints/sudoku_extreme_hf/checkpoint,0,1,blanks_5,33.45726559374995,1,798,fixed_point,0,became_wrong,0.9259259259259259,6,1,0,1,0,0
32,5,0.9012345679012346,1,checkpoints/sudoku_extreme_hf/checkpoint,8,1,blanks_5,33.45726559374995,0,799,fixed_point,1,changed_wrong,0.8641975308641975,9,1,0,1,0,0
32,5,1.0,1,checkpoints/sudoku_extreme_hf/checkpoint,0,1,blanks_5,33.13437300000288,1,800,fixed_point,0,became_wrong,0.6049382716049383,32,1,0,1,0,0
32,5,1.0,1,checkpoints/sudoku_extreme_hf/checkpoint,0,1,blanks_5,33.13437300000288,1,801,fixed_point,0,became_wrong,0.7160493827160493,23,1,0,1,0,0
32,5,1.0,1,checkpoints/sudoku_extreme_hf/checkpoint,0,1,blanks_5,33.13437300000288,1,802,fixed_point,0,became_wrong,0.691358024691358,25,1,0,1,0,0
32,5,1.0,1,checkpoints/sudoku_extreme_hf/checkpoint,0,1,blanks_5,33.13437300000288,1,803,fixed_point,0,became_wrong,0.654320987654321,28,1,0,1,0,0
32,5,1.0,1,checkpoints/sudoku_extreme_hf/checkpoint,0,1,blanks_5,33.13437300000288,1,804,fixed_point,0,became_wrong,0.9506172839506173,4,1,0,1,0,0
32,5,0.9135802469135802,1,checkpoints/sudoku_extreme_hf/checkpoint,6,1,blanks_5,33.13437300000288,0,805,fixed_point,1,changed_wrong,0.7407407407407407,22,1,0,1,0,0
32,5,1.0,1,checkpoints/sudoku_extreme_hf/checkpoint,0,1,blanks_5,33.13437300000288,1,806,fixed_point,0,became_wrong,0.7530864197530864,20,1,0,1,0,0
32,5,1.0,1,checkpoints/sudoku_extreme_hf/checkpoint,0,1,blanks_5,33.13437300000288,1,807,fixed_point,0,became_wrong,0.9012345679012346,8,1,0,1,0,0
32,5,1.0,1,checkpoints/sudoku_extreme_hf/checkpoint,0,1,blanks_5,33.13437300000288,1,808,fixed_point,0,became_wrong,0.654320987654321,28,1,0,1,0,0
32,5,1.0,0,checkpoints/sudoku_extreme_hf/checkpoint,0,1,blanks_5,33.13437300000288,1,809,fixed_point,0,stable_correct,1.0,0,1,1,0,0,0
32,5,1.0,1,checkpoints/sudoku_extreme_hf/checkpoint,0,1,blanks_5,33.13437300000288,1,810,fixed_point,0,became_wrong,0.7160493827160493,23,1,0,1,0,0
32,5,0.8395061728395061,1,checkpoints/sudoku_extreme_hf/checkpoint,12,1,blanks_5,33.13437300000288,0,811,fixed_point,1,changed_wrong,0.6419753086419753,31,1,0,1,0,0
32,5,0.9259259259259259,1,checkpoints/sudoku_extreme_hf/checkpoint,6,1,blanks_5,33.13437300000288,0,812,fixed_point,1,changed_wrong,0.8518518518518519,17,1,0,1,0,0
32,5,0.9012345679012346,1,checkpoints/sudoku_extreme_hf/checkpoint,8,1,blanks_5,33.13437300000288,0,813,fixed_point,1,changed_wrong,0.8641975308641975,11,1,0,1,0,0
32,5,1.0,1,checkpoints/sudoku_extreme_hf/checkpoint,0,1,blanks_5,33.13437300000288,1,814,fixed_point,0,became_wrong,0.8271604938271605,14,1,0,1,0,0
32,5,1.0,1,checkpoints/sudoku_extreme_hf/checkpoint,0,1,blanks_5,33.13437300000288,1,815,fixed_point,0,became_wrong,0.7654320987654321,19,1,0,1,0,0
32,5,1.0,1,checkpoints/sudoku_extreme_hf/checkpoint,0,1,blanks_5,33.13437300000288,1,816,fixed_point,0,became_wrong,0.7037037037037037,24,0,0,1,29,0
32,5,0.9259259259259259,1,checkpoints/sudoku_extreme_hf/checkpoint,5,1,blanks_5,33.13437300000288,0,817,fixed_point,1,changed_wrong,0.8271604938271605,8,1,0,1,0,0
32,5,0.9259259259259259,1,checkpoints/sudoku_extreme_hf/checkpoint,6,1,blanks_5,33.13437300000288,0,818,fixed_point,1,changed_wrong,0.7160493827160493,25,1,0,1,0,0
32,5,0.9506172839506173,1,checkpoints/sudoku_extreme_hf/checkpoint,3,1,blanks_5,33.13437300000288,0,819,fixed_point,1,changed_wrong,0.7777777777777778,20,1,0,1,0,0
32,5,0.9506172839506173,1,checkpoints/sudoku_extreme_hf/checkpoint,4,1,blanks_5,33.13437300000288,0,820,fixed_point,1,changed_wrong,0.7160493827160493,26,1,0,1,0,0
32,5,1.0,1,checkpoints/sudoku_extreme_hf/checkpoint,0,1,blanks_5,33.13437300000288,1,821,fixed_point,0,became_wrong,0.7901234567901234,17,1,0,1,0,0
32,5,0.8518518518518519,1,checkpoints/sudoku_extreme_hf/checkpoint,11,1,blanks_5,33.13437300000288,0,822,fixed_point,1,changed_wrong,0.7160493827160493,24,1,0,1,0,0
32,5,1.0,1,checkpoints/sudoku_extreme_hf/checkpoint,0,1,blanks_5,33.13437300000288,1,823,fixed_point,0,became_wrong,0.6790123456790124,26,1,0,1,0,0
32,5,0.8518518518518519,1,checkpoints/sudoku_extreme_hf/checkpoint,12,1,blanks_5,33.13437300000288,0,824,fixed_point,1,changed_wrong,0.6790123456790124,17,1,0,1,0,0
32,5,1.0,1,checkpoints/sudoku_extreme_hf/checkpoint,0,1,blanks_5,33.13437300000288,1,825,fixed_point,0,became_wrong,0.6296296296296297,30,1,0,1,0,0
32,5,1.0,1,checkpoints/sudoku_extreme_hf/checkpoint,0,1,blanks_5,33.13437300000288,1,826,fixed_point,0,became_wrong,0.7654320987654321,19,1,0,1,0,0
32,5,0.9506172839506173,1,checkpoints/sudoku_extreme_hf/checkpoint,2,1,blanks_5,33.13437300000288,0,827,fixed_point,1,changed_wrong,0.7654320987654321,16,1,0,1,0,0
32,5,0.6419753086419753,0,checkpoints/sudoku_extreme_hf/checkpoint,27,1,blanks_5,33.13437300000288,0,828,fixed_point,1,invalid_fixed_point,0.6419753086419753,0,1,0,0,0,0
32,5,0.9012345679012346,1,checkpoints/sudoku_extreme_hf/checkpoint,5,1,blanks_5,33.13437300000288,0,829,fixed_point,1,changed_wrong,0.7283950617283951,18,1,0,1,0,0
32,5,1.0,1,checkpoints/sudoku_extreme_hf/checkpoint,0,1,blanks_5,33.13437300000288,1,830,fixed_point,0,became_wrong,0.6419753086419753,29,1,0,1,0,0
32,5,0.9259259259259259,1,checkpoints/sudoku_extreme_hf/checkpoint,6,1,blanks_5,33.13437300000288,0,831,fixed_point,1,changed_wrong,0.7530864197530864,15,1,0,1,0,0
32,5,1.0,1,checkpoints/sudoku_extreme_hf/checkpoint,0,1,blanks_5,33.8102486875016,1,832,fixed_point,0,became_wrong,0.691358024691358,25,0,0,1,3,0
32,5,1.0,1,checkpoints/sudoku_extreme_hf/checkpoint,0,1,blanks_5,33.8102486875016,1,833,fixed_point,0,became_wrong,0.691358024691358,25,1,0,1,0,0
32,5,1.0,1,checkpoints/sudoku_extreme_hf/checkpoint,0,1,blanks_5,33.8102486875016,1,834,fixed_point,0,became_wrong,0.8765432098765432,10,1,0,1,0,0
32,5,1.0,1,checkpoints/sudoku_extreme_hf/checkpoint,0,1,blanks_5,33.8102486875016,1,835,fixed_point,0,became_wrong,0.8518518518518519,12,1,0,1,0,0
32,5,1.0,1,checkpoints/sudoku_extreme_hf/checkpoint,0,1,blanks_5,33.8102486875016,1,836,fixed_point,0,became_wrong,0.7777777777777778,18,1,0,1,0,0
32,5,1.0,1,checkpoints/sudoku_extreme_hf/checkpoint,0,1,blanks_5,33.8102486875016,1,837,fixed_point,0,became_wrong,0.654320987654321,28,1,0,1,0,0
32,5,1.0,1,checkpoints/sudoku_extreme_hf/checkpoint,0,1,blanks_5,33.8102486875016,1,838,fixed_point,0,became_wrong,0.6419753086419753,29,1,0,1,0,0
32,5,0.7530864197530864,0,checkpoints/sudoku_extreme_hf/checkpoint,18,1,blanks_5,33.8102486875016,0,839,fixed_point,1,invalid_fixed_point,0.7530864197530864,0,1,0,0,0,0
32,5,0.9506172839506173,1,checkpoints/sudoku_extreme_hf/checkpoint,4,1,blanks_5,33.8102486875016,0,840,fixed_point,1,changed_wrong,0.7283950617283951,20,1,0,1,0,0
32,5,1.0,1,checkpoints/sudoku_extreme_hf/checkpoint,0,1,blanks_5,33.8102486875016,1,841,fixed_point,0,became_wrong,0.9506172839506173,4,1,0,1,0,0
32,5,1.0,1,checkpoints/sudoku_extreme_hf/checkpoint,0,1,blanks_5,33.8102486875016,1,842,fixed_point,0,became_wrong,0.654320987654321,28,0,0,1,25,0
32,5,1.0,1,checkpoints/sudoku_extreme_hf/checkpoint,0,1,blanks_5,33.8102486875016,1,843,fixed_point,0,became_wrong,0.7407407407407407,21,1,0,1,0,0
32,5,1.0,1,checkpoints/sudoku_extreme_hf/checkpoint,0,1,blanks_5,33.8102486875016,1,844,fixed_point,0,became_wrong,0.7530864197530864,20,1,0,1,0,0
32,5,1.0,1,checkpoints/sudoku_extreme_hf/checkpoint,0,1,blanks_5,33.8102486875016,1,845,fixed_point,0,became_wrong,0.8888888888888888,9,1,0,1,0,0
32,5,0.8641975308641975,1,checkpoints/sudoku_extreme_hf/checkpoint,9,1,blanks_5,33.8102486875016,0,846,fixed_point,1,changed_wrong,0.654320987654321,26,1,0,1,0,0
32,5,1.0,1,checkpoints/sudoku_extreme_hf/checkpoint,0,1,blanks_5,33.8102486875016,1,847,fixed_point,0,became_wrong,0.9259259259259259,6,1,0,1,0,0
32,5,1.0,1,checkpoints/sudoku_extreme_hf/checkpoint,0,1,blanks_5,33.8102486875016,1,848,fixed_point,0,became_wrong,0.8395061728395061,13,1,0,1,0,0
32,5,0.9259259259259259,1,checkpoints/sudoku_extreme_hf/checkpoint,5,1,blanks_5,33.8102486875016,0,849,fixed_point,1,changed_wrong,0.7407407407407407,21,1,0,1,0,0
32,5,1.0,0,checkpoints/sudoku_extreme_hf/checkpoint,0,1,blanks_5,33.8102486875016,1,850,fixed_point,0,stable_correct,1.0,0,1,1,0,0,0
32,5,0.7654320987654321,1,checkpoints/sudoku_extreme_hf/checkpoint,17,1,blanks_5,33.8102486875016,0,851,fixed_point,1,changed_wrong,0.6419753086419753,32,1,0,1,0,0
32,5,1.0,1,checkpoints/sudoku_extreme_hf/checkpoint,0,1,blanks_5,33.8102486875016,1,852,fixed_point,0,became_wrong,0.8271604938271605,14,1,0,1,0,0
32,5,0.8518518518518519,1,checkpoints/sudoku_extreme_hf/checkpoint,9,1,blanks_5,33.8102486875016,0,853,fixed_point,1,changed_wrong,0.654320987654321,25,1,0,1,0,0
32,5,0.6790123456790124,1,checkpoints/sudoku_extreme_hf/checkpoint,22,0,blanks_5,33.8102486875016,0,854,fixed_point,1,changed_wrong,0.48148148148148145,34,1,0,1,0,24
32,5,1.0,1,checkpoints/sudoku_extreme_hf/checkpoint,0,1,blanks_5,33.8102486875016,1,855,fixed_point,0,became_wrong,0.691358024691358,25,1,0,1,0,0
32,5,0.9506172839506173,1,checkpoints/sudoku_extreme_hf/checkpoint,4,1,blanks_5,33.8102486875016,0,856,fixed_point,1,changed_wrong,0.6172839506172839,30,1,0,1,0,0
32,5,1.0,1,checkpoints/sudoku_extreme_hf/checkpoint,0,1,blanks_5,33.8102486875016,1,857,fixed_point,0,became_wrong,0.7283950617283951,22,1,0,1,0,0
32,5,1.0,1,checkpoints/sudoku_extreme_hf/checkpoint,0,1,blanks_5,33.8102486875016,1,858,fixed_point,0,became_wrong,0.7530864197530864,20,1,0,1,0,0
32,5,1.0,1,checkpoints/sudoku_extreme_hf/checkpoint,0,1,blanks_5,33.8102486875016,1,859,fixed_point,0,became_wrong,0.9259259259259259,6,1,0,1,0,0
32,5,1.0,1,checkpoints/sudoku_extreme_hf/checkpoint,0,1,blanks_5,33.8102486875016,1,860,fixed_point,0,became_wrong,0.7777777777777778,18,0,0,1,21,0
32,5,0.9506172839506173,1,checkpoints/sudoku_extreme_hf/checkpoint,4,1,blanks_5,33.8102486875016,0,861,fixed_point,1,changed_wrong,0.7037037037037037,21,1,0,1,0,0
32,5,0.9135802469135802,1,checkpoints/sudoku_extreme_hf/checkpoint,5,1,blanks_5,33.8102486875016,0,862,fixed_point,1,changed_wrong,0.8271604938271605,8,1,0,1,0,0
32,5,0.9012345679012346,1,checkpoints/sudoku_extreme_hf/checkpoint,7,1,blanks_5,33.8102486875016,0,863,fixed_point,1,changed_wrong,0.691358024691358,21,1,0,1,0,0
32,5,1.0,1,checkpoints/sudoku_extreme_hf/checkpoint,0,1,blanks_5,35.96720024999911,1,864,fixed_point,0,became_wrong,0.6172839506172839,31,1,0,1,0,0
32,5,0.8148148148148148,1,checkpoints/sudoku_extreme_hf/checkpoint,15,1,blanks_5,35.96720024999911,0,865,fixed_point,1,changed_wrong,0.8395061728395061,17,1,0,1,0,0
32,5,1.0,0,checkpoints/sudoku_extreme_hf/checkpoint,0,1,blanks_5,35.96720024999911,1,866,fixed_point,0,stable_correct,1.0,0,1,1,0,0,0
32,5,0.7777777777777778,1,checkpoints/sudoku_extreme_hf/checkpoint,16,1,blanks_5,35.96720024999911,0,867,fixed_point,1,changed_wrong,0.7037037037037037,9,1,0,1,0,0
32,5,0.9506172839506173,1,checkpoints/sudoku_extreme_hf/checkpoint,4,1,blanks_5,35.96720024999911,0,868,fixed_point,1,changed_wrong,0.7654320987654321,16,1,0,1,0,0
32,5,1.0,1,checkpoints/sudoku_extreme_hf/checkpoint,0,1,blanks_5,35.96720024999911,1,869,fixed_point,0,became_wrong,0.6419753086419753,29,1,0,1,0,0
32,5,1.0,1,checkpoints/sudoku_extreme_hf/checkpoint,0,1,blanks_5,35.96720024999911,1,870,fixed_point,0,became_wrong,0.7530864197530864,20,0,0,1,14,0
32,5,1.0,1,checkpoints/sudoku_extreme_hf/checkpoint,0,1,blanks_5,35.96720024999911,1,871,fixed_point,0,became_wrong,0.9259259259259259,6,1,0,1,0,0
32,5,0.691358024691358,1,checkpoints/sudoku_extreme_hf/checkpoint,22,1,blanks_5,35.96720024999911,0,872,fixed_point,1,changed_wrong,0.5185185185185185,26,1,0,1,0,0
32,5,1.0,1,checkpoints/sudoku_extreme_hf/checkpoint,0,1,blanks_5,35.96720024999911,1,873,fixed_point,0,became_wrong,0.7654320987654321,19,0,0,1,18,0
32,5,1.0,1,checkpoints/sudoku_extreme_hf/checkpoint,0,1,blanks_5,35.96720024999911,1,874,fixed_point,0,became_wrong,0.9506172839506173,4,1,0,1,0,0
32,5,0.7901234567901234,1,checkpoints/sudoku_extreme_hf/checkpoint,15,1,blanks_5,35.96720024999911,0,875,fixed_point,1,changed_wrong,0.6172839506172839,23,0,0,1,28,0
32,5,0.8888888888888888,1,checkpoints/sudoku_extreme_hf/checkpoint,8,1,blanks_5,35.96720024999911,0,876,fixed_point,1,changed_wrong,0.8395061728395061,16,1,0,1,0,0
32,5,0.8641975308641975,1,checkpoints/sudoku_extreme_hf/checkpoint,10,1,blanks_5,35.96720024999911,0,877,fixed_point,1,changed_wrong,0.7777777777777778,20,1,0,1,0,0
32,5,0.9506172839506173,1,checkpoints/sudoku_extreme_hf/checkpoint,3,1,blanks_5,35.96720024999911,0,878,fixed_point,1,changed_wrong,0.7037037037037037,21,1,0,1,0,0
32,5,1.0,1,checkpoints/sudoku_extreme_hf/checkpoint,0,1,blanks_5,35.96720024999911,1,879,fixed_point,0,became_wrong,0.7777777777777778,18,1,0,1,0,0
32,5,0.8888888888888888,1,checkpoints/sudoku_extreme_hf/checkpoint,8,1,blanks_5,35.96720024999911,0,880,fixed_point,1,changed_wrong,0.7530864197530864,12,1,0,1,0,0
32,5,1.0,1,checkpoints/sudoku_extreme_hf/checkpoint,0,1,blanks_5,35.96720024999911,1,881,fixed_point,0,became_wrong,0.8271604938271605,14,1,0,1,0,0
32,5,0.7160493827160493,1,checkpoints/sudoku_extreme_hf/checkpoint,21,1,blanks_5,35.96720024999911,0,882,fixed_point,1,changed_wrong,0.6790123456790124,10,1,0,1,0,0
32,5,1.0,1,checkpoints/sudoku_extreme_hf/checkpoint,0,1,blanks_5,35.96720024999911,1,883,fixed_point,0,became_wrong,0.6419753086419753,29,1,0,1,0,0
32,5,1.0,1,checkpoints/sudoku_extreme_hf/checkpoint,0,1,blanks_5,35.96720024999911,1,884,fixed_point,0,became_wrong,0.8395061728395061,13,1,0,1,0,0
32,5,1.0,1,checkpoints/sudoku_extreme_hf/checkpoint,0,1,blanks_5,35.96720024999911,1,885,fixed_point,0,became_wrong,0.6666666666666666,27,1,0,1,0,0
32,5,0.9506172839506173,1,checkpoints/sudoku_extreme_hf/checkpoint,4,1,blanks_5,35.96720024999911,0,886,fixed_point,1,changed_wrong,0.7777777777777778,15,1,0,1,0,0
32,5,0.8641975308641975,1,checkpoints/sudoku_extreme_hf/checkpoint,10,1,blanks_5,35.96720024999911,0,887,fixed_point,1,changed_wrong,0.7777777777777778,13,1,0,1,0,0
32,5,0.9259259259259259,1,checkpoints/sudoku_extreme_hf/checkpoint,6,1,blanks_5,35.96720024999911,0,888,fixed_point,1,changed_wrong,0.8395061728395061,15,1,0,1,0,0
32,5,1.0,1,checkpoints/sudoku_extreme_hf/checkpoint,0,1,blanks_5,35.96720024999911,1,889,fixed_point,0,became_wrong,0.7654320987654321,19,1,0,1,0,0
32,5,0.9506172839506173,1,checkpoints/sudoku_extreme_hf/checkpoint,4,1,blanks_5,35.96720024999911,0,890,fixed_point,1,changed_wrong,0.7407407407407407,21,1,0,1,0,0
32,5,0.9506172839506173,1,checkpoints/sudoku_extreme_hf/checkpoint,4,1,blanks_5,35.96720024999911,0,891,fixed_point,1,changed_wrong,0.8518518518518519,9,1,0,1,0,0
32,5,1.0,1,checkpoints/sudoku_extreme_hf/checkpoint,0,1,blanks_5,35.96720024999911,1,892,fixed_point,0,became_wrong,0.7037037037037037,24,1,0,1,0,0
32,5,0.8148148148148148,1,checkpoints/sudoku_extreme_hf/checkpoint,13,1,blanks_5,35.96720024999911,0,893,fixed_point,1,changed_wrong,0.7530864197530864,15,1,0,1,0,0
32,5,1.0,1,checkpoints/sudoku_extreme_hf/checkpoint,0,1,blanks_5,35.96720024999911,1,894,fixed_point,0,became_wrong,0.7283950617283951,22,1,0,1,0,0
32,5,0.8271604938271605,1,checkpoints/sudoku_extreme_hf/checkpoint,13,1,blanks_5,35.96720024999911,0,895,fixed_point,1,changed_wrong,0.8271604938271605,16,1,0,1,0,0
32,5,0.8765432098765432,1,checkpoints/sudoku_extreme_hf/checkpoint,8,1,blanks_5,40.35030134375006,0,896,fixed_point,1,changed_wrong,0.6296296296296297,26,1,0,1,0,0
32,5,0.6666666666666666,1,checkpoints/sudoku_extreme_hf/checkpoint,24,1,blanks_5,40.35030134375006,0,897,fixed_point,1,changed_wrong,0.5679012345679012,14,1,0,1,0,0
32,5,0.9259259259259259,1,checkpoints/sudoku_extreme_hf/checkpoint,6,1,blanks_5,40.35030134375006,0,898,fixed_point,1,changed_wrong,0.6419753086419753,24,1,0,1,0,0
32,5,1.0,1,checkpoints/sudoku_extreme_hf/checkpoint,0,1,blanks_5,40.35030134375006,1,899,fixed_point,0,became_wrong,0.7530864197530864,20,1,0,1,0,0
32,5,0.9259259259259259,1,checkpoints/sudoku_extreme_hf/checkpoint,5,1,blanks_5,40.35030134375006,0,900,fixed_point,1,changed_wrong,0.7407407407407407,21,1,0,1,0,0
32,5,1.0,1,checkpoints/sudoku_extreme_hf/checkpoint,0,1,blanks_5,40.35030134375006,1,901,fixed_point,0,became_wrong,0.9259259259259259,6,1,0,1,0,0
32,5,1.0,1,checkpoints/sudoku_extreme_hf/checkpoint,0,1,blanks_5,40.35030134375006,1,902,fixed_point,0,became_wrong,0.9259259259259259,6,1,0,1,0,0
32,5,0.9506172839506173,1,checkpoints/sudoku_extreme_hf/checkpoint,3,1,blanks_5,40.35030134375006,0,903,fixed_point,1,changed_wrong,0.7037037037037037,22,1,0,1,0,0
32,5,1.0,1,checkpoints/sudoku_extreme_hf/checkpoint,0,1,blanks_5,40.35030134375006,1,904,fixed_point,0,became_wrong,0.7160493827160493,23,1,0,1,0,0
32,5,0.9135802469135802,1,checkpoints/sudoku_extreme_hf/checkpoint,7,1,blanks_5,40.35030134375006,0,905,fixed_point,1,changed_wrong,0.9259259259259259,13,1,0,1,0,0
32,5,1.0,1,checkpoints/sudoku_extreme_hf/checkpoint,0,1,blanks_5,40.35030134375006,1,906,fixed_point,0,became_wrong,0.6666666666666666,27,0,0,1,3,0
32,5,0.8024691358024691,1,checkpoints/sudoku_extreme_hf/checkpoint,14,1,blanks_5,40.35030134375006,0,907,fixed_point,1,changed_wrong,0.7283950617283951,13,1,0,1,0,0
32,5,1.0,1,checkpoints/sudoku_extreme_hf/checkpoint,0,1,blanks_5,40.35030134375006,1,908,fixed_point,0,became_wrong,0.8641975308641975,11,1,0,1,0,0
32,5,1.0,1,checkpoints/sudoku_extreme_hf/checkpoint,0,1,blanks_5,40.35030134375006,1,909,fixed_point,0,became_wrong,0.8641975308641975,11,1,0,1,0,0
32,5,1.0,1,checkpoints/sudoku_extreme_hf/checkpoint,0,1,blanks_5,40.35030134375006,1,910,fixed_point,0,became_wrong,0.7407407407407407,21,1,0,1,0,0
32,5,1.0,1,checkpoints/sudoku_extreme_hf/checkpoint,0,1,blanks_5,40.35030134375006,1,911,fixed_point,0,became_wrong,0.7777777777777778,18,1,0,1,0,0
32,5,1.0,0,checkpoints/sudoku_extreme_hf/checkpoint,0,1,blanks_5,40.35030134375006,1,912,fixed_point,0,stable_correct,1.0,0,1,1,0,0,0
32,5,1.0,1,checkpoints/sudoku_extreme_hf/checkpoint,0,1,blanks_5,40.35030134375006,1,913,fixed_point,0,became_wrong,0.8148148148148148,15,0,0,1,3,0
32,5,1.0,1,checkpoints/sudoku_extreme_hf/checkpoint,0,1,blanks_5,40.35030134375006,1,914,fixed_point,0,became_wrong,0.691358024691358,25,1,0,1,0,0
32,5,0.6666666666666666,1,checkpoints/sudoku_extreme_hf/checkpoint,23,0,blanks_5,40.35030134375006,0,915,fixed_point,1,changed_wrong,0.6172839506172839,18,1,0,1,0,19
32,5,1.0,1,checkpoints/sudoku_extreme_hf/checkpoint,0,1,blanks_5,40.35030134375006,1,916,fixed_point,0,became_wrong,0.8024691358024691,16,1,0,1,0,0
32,5,1.0,1,checkpoints/sudoku_extreme_hf/checkpoint,0,1,blanks_5,40.35030134375006,1,917,fixed_point,0,became_wrong,0.7777777777777778,18,1,0,1,0,0
32,5,1.0,1,checkpoints/sudoku_extreme_hf/checkpoint,0,1,blanks_5,40.35030134375006,1,918,fixed_point,0,became_wrong,0.6296296296296297,30,1,0,1,0,0
32,5,0.9012345679012346,1,checkpoints/sudoku_extreme_hf/checkpoint,6,1,blanks_5,40.35030134375006,0,919,fixed_point,1,changed_wrong,0.5802469135802469,32,1,0,1,0,0
32,5,0.9506172839506173,1,checkpoints/sudoku_extreme_hf/checkpoint,4,1,blanks_5,40.35030134375006,0,920,fixed_point,1,changed_wrong,0.6419753086419753,30,0,0,1,34,0
32,5,1.0,1,checkpoints/sudoku_extreme_hf/checkpoint,0,1,blanks_5,40.35030134375006,1,921,fixed_point,0,became_wrong,0.8024691358024691,16,1,0,1,0,0
32,5,0.7777777777777778,1,checkpoints/sudoku_extreme_hf/checkpoint,16,1,blanks_5,40.35030134375006,0,922,fixed_point,1,changed_wrong,0.6172839506172839,19,0,0,1,19,0
32,5,1.0,1,checkpoints/sudoku_extreme_hf/checkpoint,0,1,blanks_5,40.35030134375006,1,923,fixed_point,0,became_wrong,0.6049382716049383,32,1,0,1,0,0
32,5,0.9506172839506173,1,checkpoints/sudoku_extreme_hf/checkpoint,4,1,blanks_5,40.35030134375006,0,924,fixed_point,1,changed_wrong,0.9259259259259259,9,1,0,1,0,0
32,5,0.8888888888888888,0,checkpoints/sudoku_extreme_hf/checkpoint,8,1,blanks_5,40.35030134375006,0,925,fixed_point,1,invalid_fixed_point,0.8888888888888888,0,1,0,0,0,0
32,5,1.0,1,checkpoints/sudoku_extreme_hf/checkpoint,0,1,blanks_5,40.35030134375006,1,926,fixed_point,0,became_wrong,0.7530864197530864,20,1,0,1,0,0
32,5,1.0,0,checkpoints/sudoku_extreme_hf/checkpoint,0,1,blanks_5,40.35030134375006,1,927,fixed_point,0,stable_correct,1.0,0,1,1,0,0,0
32,5,0.8765432098765432,1,checkpoints/sudoku_extreme_hf/checkpoint,10,1,blanks_5,39.25396731250075,0,928,fixed_point,1,changed_wrong,0.7530864197530864,20,1,0,1,0,0
32,5,1.0,1,checkpoints/sudoku_extreme_hf/checkpoint,0,1,blanks_5,39.25396731250075,1,929,fixed_point,0,became_wrong,0.6790123456790124,26,1,0,1,0,0
32,5,1.0,1,checkpoints/sudoku_extreme_hf/checkpoint,0,1,blanks_5,39.25396731250075,1,930,fixed_point,0,became_wrong,0.7530864197530864,20,1,0,1,0,0
32,5,0.9012345679012346,1,checkpoints/sudoku_extreme_hf/checkpoint,8,1,blanks_5,39.25396731250075,0,931,fixed_point,1,changed_wrong,0.7037037037037037,22,1,0,1,0,0
32,5,1.0,1,checkpoints/sudoku_extreme_hf/checkpoint,0,1,blanks_5,39.25396731250075,1,932,fixed_point,0,became_wrong,0.8148148148148148,15,1,0,1,0,0
32,5,1.0,1,checkpoints/sudoku_extreme_hf/checkpoint,0,1,blanks_5,39.25396731250075,1,933,fixed_point,0,became_wrong,0.8024691358024691,16,1,0,1,0,0
32,5,0.9259259259259259,1,checkpoints/sudoku_extreme_hf/checkpoint,5,1,blanks_5,39.25396731250075,0,934,fixed_point,1,changed_wrong,0.6790123456790124,30,1,0,1,0,0
32,5,0.9259259259259259,1,checkpoints/sudoku_extreme_hf/checkpoint,5,1,blanks_5,39.25396731250075,0,935,fixed_point,1,changed_wrong,0.7777777777777778,20,1,0,1,0,0
32,5,0.9506172839506173,1,checkpoints/sudoku_extreme_hf/checkpoint,4,1,blanks_5,39.25396731250075,0,936,fixed_point,1,changed_wrong,0.7160493827160493,21,1,0,1,0,0
32,5,0.9259259259259259,1,checkpoints/sudoku_extreme_hf/checkpoint,5,1,blanks_5,39.25396731250075,0,937,fixed_point,1,changed_wrong,0.9259259259259259,6,1,0,1,0,0
32,5,1.0,1,checkpoints/sudoku_extreme_hf/checkpoint,0,1,blanks_5,39.25396731250075,1,938,fixed_point,0,became_wrong,0.8271604938271605,14,1,0,1,0,0
32,5,1.0,1,checkpoints/sudoku_extreme_hf/checkpoint,0,1,blanks_5,39.25396731250075,1,939,fixed_point,0,became_wrong,0.8395061728395061,13,1,0,1,0,0
32,5,0.9506172839506173,1,checkpoints/sudoku_extreme_hf/checkpoint,4,1,blanks_5,39.25396731250075,0,940,fixed_point,1,changed_wrong,0.5802469135802469,34,1,0,1,0,0
32,5,1.0,0,checkpoints/sudoku_extreme_hf/checkpoint,0,1,blanks_5,39.25396731250075,1,941,fixed_point,0,stable_correct,1.0,0,1,1,0,0,0
32,5,0.9012345679012346,1,checkpoints/sudoku_extreme_hf/checkpoint,8,1,blanks_5,39.25396731250075,0,942,fixed_point,1,changed_wrong,0.8148148148148148,13,1,0,1,0,0
32,5,0.9506172839506173,1,checkpoints/sudoku_extreme_hf/checkpoint,4,1,blanks_5,39.25396731250075,0,943,fixed_point,1,changed_wrong,0.6790123456790124,23,1,0,1,0,0
32,5,1.0,1,checkpoints/sudoku_extreme_hf/checkpoint,0,1,blanks_5,39.25396731250075,1,944,fixed_point,0,became_wrong,0.9012345679012346,8,1,0,1,0,0
32,5,1.0,1,checkpoints/sudoku_extreme_hf/checkpoint,0,1,blanks_5,39.25396731250075,1,945,fixed_point,0,became_wrong,0.6790123456790124,26,1,0,1,0,0
32,5,0.6790123456790124,1,checkpoints/sudoku_extreme_hf/checkpoint,24,1,blanks_5,39.25396731250075,0,946,fixed_point,1,changed_wrong,0.6790123456790124,23,1,0,1,0,0
32,5,0.6419753086419753,1,checkpoints/sudoku_extreme_hf/checkpoint,26,1,blanks_5,39.25396731250075,0,947,fixed_point,1,changed_wrong,0.5925925925925926,10,1,0,1,0,0
32,5,0.9506172839506173,1,checkpoints/sudoku_extreme_hf/checkpoint,4,1,blanks_5,39.25396731250075,0,948,fixed_point,1,changed_wrong,0.8024691358024691,16,1,0,1,0,0
32,5,0.7901234567901234,1,checkpoints/sudoku_extreme_hf/checkpoint,16,1,blanks_5,39.25396731250075,0,949,fixed_point,1,changed_wrong,0.8395061728395061,4,1,0,1,0,0
32,5,0.9135802469135802,1,checkpoints/sudoku_extreme_hf/checkpoint,5,1,blanks_5,39.25396731250075,0,950,fixed_point,1,changed_wrong,0.691358024691358,28,1,0,1,0,0
32,5,1.0,1,checkpoints/sudoku_extreme_hf/checkpoint,0,1,blanks_5,39.25396731250075,1,951,fixed_point,0,became_wrong,0.8148148148148148,15,1,0,1,0,0
32,5,1.0,1,checkpoints/sudoku_extreme_hf/checkpoint,0,1,blanks_5,39.25396731250075,1,952,fixed_point,0,became_wrong,0.9259259259259259,6,1,0,1,0,0
32,5,1.0,1,checkpoints/sudoku_extreme_hf/checkpoint,0,1,blanks_5,39.25396731250075,1,953,fixed_point,0,became_wrong,0.8765432098765432,10,1,0,1,0,0
32,5,0.8888888888888888,1,checkpoints/sudoku_extreme_hf/checkpoint,7,1,blanks_5,39.25396731250075,0,954,fixed_point,1,changed_wrong,0.654320987654321,21,1,0,1,0,0
32,5,1.0,1,checkpoints/sudoku_extreme_hf/checkpoint,0,1,blanks_5,39.25396731250075,1,955,fixed_point,0,became_wrong,0.9506172839506173,4,1,0,1,0,0
32,5,0.9259259259259259,1,checkpoints/sudoku_extreme_hf/checkpoint,6,1,blanks_5,39.25396731250075,0,956,fixed_point,1,changed_wrong,0.8271604938271605,9,1,0,1,0,0
32,5,0.8888888888888888,1,checkpoints/sudoku_extreme_hf/checkpoint,9,1,blanks_5,39.25396731250075,0,957,fixed_point,1,changed_wrong,0.5925925925925926,34,1,0,1,0,0
32,5,0.9259259259259259,1,checkpoints/sudoku_extreme_hf/checkpoint,6,1,blanks_5,39.25396731250075,0,958,fixed_point,1,changed_wrong,0.7654320987654321,14,1,0,1,0,0
32,5,0.9506172839506173,0,checkpoints/sudoku_extreme_hf/checkpoint,4,1,blanks_5,39.25396731250075,0,959,fixed_point,1,invalid_fixed_point,0.9506172839506173,0,1,0,0,0,0
32,5,0.7901234567901234,1,checkpoints/sudoku_extreme_hf/checkpoint,16,1,blanks_5,36.251266124999404,0,960,fixed_point,1,changed_wrong,0.6296296296296297,24,0,0,1,23,0
32,5,1.0,1,checkpoints/sudoku_extreme_hf/checkpoint,0,1,blanks_5,36.251266124999404,1,961,fixed_point,0,became_wrong,0.7530864197530864,20,1,0,1,0,0
32,5,0.9506172839506173,1,checkpoints/sudoku_extreme_hf/checkpoint,3,1,blanks_5,36.251266124999404,0,962,fixed_point,1,changed_wrong,0.8518518518518519,8,1,0,1,0,0
32,5,1.0,1,checkpoints/sudoku_extreme_hf/checkpoint,0,1,blanks_5,36.251266124999404,1,963,fixed_point,0,became_wrong,0.7530864197530864,20,1,0,1,0,0
32,5,0.7654320987654321,1,checkpoints/sudoku_extreme_hf/checkpoint,17,1,blanks_5,36.251266124999404,0,964,fixed_point,1,changed_wrong,0.7901234567901234,7,1,0,1,0,0
32,5,0.9506172839506173,0,checkpoints/sudoku_extreme_hf/checkpoint,4,1,blanks_5,36.251266124999404,0,965,fixed_point,1,invalid_fixed_point,0.9506172839506173,0,1,0,0,0,0
32,5,0.9259259259259259,1,checkpoints/sudoku_extreme_hf/checkpoint,6,1,blanks_5,36.251266124999404,0,966,fixed_point,1,changed_wrong,0.7037037037037037,24,0,0,1,29,0
32,5,0.9135802469135802,1,checkpoints/sudoku_extreme_hf/checkpoint,7,1,blanks_5,36.251266124999404,0,967,fixed_point,1,changed_wrong,0.8641975308641975,4,1,0,1,0,0
32,5,1.0,1,checkpoints/sudoku_extreme_hf/checkpoint,0,1,blanks_5,36.251266124999404,1,968,fixed_point,0,became_wrong,0.7530864197530864,20,1,0,1,0,0
32,5,1.0,1,checkpoints/sudoku_extreme_hf/checkpoint,0,1,blanks_5,36.251266124999404,1,969,fixed_point,0,became_wrong,0.7407407407407407,21,1,0,1,0,0
32,5,0.9135802469135802,0,checkpoints/sudoku_extreme_hf/checkpoint,5,1,blanks_5,36.251266124999404,0,970,fixed_point,1,invalid_fixed_point,0.9135802469135802,0,1,0,0,0,0
32,5,0.9506172839506173,1,checkpoints/sudoku_extreme_hf/checkpoint,4,1,blanks_5,36.251266124999404,0,971,fixed_point,1,changed_wrong,0.6790123456790124,23,1,0,1,0,0
32,5,1.0,1,checkpoints/sudoku_extreme_hf/checkpoint,0,1,blanks_5,36.251266124999404,1,972,fixed_point,0,became_wrong,0.7530864197530864,20,1,0,1,0,0
32,5,0.8024691358024691,1,checkpoints/sudoku_extreme_hf/checkpoint,13,1,blanks_5,36.251266124999404,0,973,fixed_point,1,changed_wrong,0.8765432098765432,6,1,0,1,0,0
32,5,1.0,1,checkpoints/sudoku_extreme_hf/checkpoint,0,1,blanks_5,36.251266124999404,1,974,fixed_point,0,became_wrong,0.8024691358024691,16,1,0,1,0,0
32,5,0.9506172839506173,1,checkpoints/sudoku_extreme_hf/checkpoint,4,1,blanks_5,36.251266124999404,0,975,fixed_point,1,changed_wrong,0.6790123456790124,22,1,0,1,0,0
32,5,0.9506172839506173,1,checkpoints/sudoku_extreme_hf/checkpoint,3,1,blanks_5,36.251266124999404,0,976,fixed_point,1,changed_wrong,0.6666666666666666,24,0,0,1,24,0
32,5,0.9259259259259259,1,checkpoints/sudoku_extreme_hf/checkpoint,6,1,blanks_5,36.251266124999404,0,977,fixed_point,1,changed_wrong,0.8641975308641975,15,0,0,1,9,0
32,5,1.0,1,checkpoints/sudoku_extreme_hf/checkpoint,0,1,blanks_5,36.251266124999404,1,978,fixed_point,0,became_wrong,0.7407407407407407,21,1,0,1,0,0
32,5,1.0,1,checkpoints/sudoku_extreme_hf/checkpoint,0,1,blanks_5,36.251266124999404,1,979,fixed_point,0,became_wrong,0.7530864197530864,20,1,0,1,0,0
32,5,1.0,1,checkpoints/sudoku_extreme_hf/checkpoint,0,1,blanks_5,36.251266124999404,1,980,fixed_point,0,became_wrong,0.7160493827160493,23,1,0,1,0,0
32,5,1.0,1,checkpoints/sudoku_extreme_hf/checkpoint,0,1,blanks_5,36.251266124999404,1,981,fixed_point,0,became_wrong,0.7407407407407407,21,1,0,1,0,0
32,5,0.8518518518518519,1,checkpoints/sudoku_extreme_hf/checkpoint,10,1,blanks_5,36.251266124999404,0,982,fixed_point,1,changed_wrong,0.7283950617283951,12,1,0,1,0,0
32,5,1.0,1,checkpoints/sudoku_extreme_hf/checkpoint,0,1,blanks_5,36.251266124999404,1,983,fixed_point,0,became_wrong,0.691358024691358,25,0,0,1,15,0
32,5,0.9506172839506173,1,checkpoints/sudoku_extreme_hf/checkpoint,3,1,blanks_5,36.251266124999404,0,984,fixed_point,1,changed_wrong,0.7530864197530864,18,1,0,1,0,0
32,5,1.0,1,checkpoints/sudoku_extreme_hf/checkpoint,0,1,blanks_5,36.251266124999404,1,985,fixed_point,0,became_wrong,0.8765432098765432,10,1,0,1,0,0
32,5,1.0,1,checkpoints/sudoku_extreme_hf/checkpoint,0,1,blanks_5,36.251266124999404,1,986,fixed_point,0,became_wrong,0.7530864197530864,20,0,0,1,39,0
32,5,1.0,1,checkpoints/sudoku_extreme_hf/checkpoint,0,1,blanks_5,36.251266124999404,1,987,fixed_point,0,became_wrong,0.691358024691358,25,1,0,1,0,0
32,5,1.0,1,checkpoints/sudoku_extreme_hf/checkpoint,0,1,blanks_5,36.251266124999404,1,988,fixed_point,0,became_wrong,0.9506172839506173,4,1,0,1,0,0
32,5,0.9506172839506173,1,checkpoints/sudoku_extreme_hf/checkpoint,4,1,blanks_5,36.251266124999404,0,989,fixed_point,1,changed_wrong,0.8518518518518519,15,1,0,1,0,0
32,5,1.0,1,checkpoints/sudoku_extreme_hf/checkpoint,0,1,blanks_5,36.251266124999404,1,990,fixed_point,0,became_wrong,0.7530864197530864,20,0,0,1,23,0
32,5,0.8888888888888888,1,checkpoints/sudoku_extreme_hf/checkpoint,7,1,blanks_5,36.251266124999404,0,991,fixed_point,1,changed_wrong,0.8024691358024691,11,1,0,1,0,0
32,5,1.0,1,checkpoints/sudoku_extreme_hf/checkpoint,0,1,blanks_5,132.47834612499787,1,992,fixed_point,0,became_wrong,0.8271604938271605,14,1,0,1,0,0
32,5,1.0,1,checkpoints/sudoku_extreme_hf/checkpoint,0,1,blanks_5,132.47834612499787,1,993,fixed_point,0,became_wrong,0.9012345679012346,8,1,0,1,0,0
32,5,0.9259259259259259,1,checkpoints/sudoku_extreme_hf/checkpoint,5,1,blanks_5,132.47834612499787,0,994,fixed_point,1,changed_wrong,0.7283950617283951,20,1,0,1,0,0
32,5,0.8518518518518519,1,checkpoints/sudoku_extreme_hf/checkpoint,10,1,blanks_5,132.47834612499787,0,995,fixed_point,1,changed_wrong,0.7037037037037037,14,1,0,1,0,0
32,5,1.0,0,checkpoints/sudoku_extreme_hf/checkpoint,0,1,blanks_5,132.47834612499787,1,996,fixed_point,0,stable_correct,1.0,0,1,1,0,0,0
32,5,0.7777777777777778,1,checkpoints/sudoku_extreme_hf/checkpoint,16,1,blanks_5,132.47834612499787,0,997,fixed_point,1,changed_wrong,0.6666666666666666,21,1,0,1,0,0
32,5,1.0,1,checkpoints/sudoku_extreme_hf/checkpoint,0,1,blanks_5,132.47834612499787,1,998,fixed_point,0,became_wrong,0.7530864197530864,20,1,0,1,0,0
32,5,1.0,1,checkpoints/sudoku_extreme_hf/checkpoint,0,1,blanks_5,132.47834612499787,1,999,fixed_point,0,became_wrong,0.9506172839506173,4,1,0,1,0,0
32,10,1.0,1,checkpoints/sudoku_extreme_hf/checkpoint,0,1,blanks_10,35.16534071875199,1,0,fixed_point,0,became_wrong,0.7777777777777778,18,0,0,1,27,0
32,10,1.0,1,checkpoints/sudoku_extreme_hf/checkpoint,0,1,blanks_10,35.16534071875199,1,1,fixed_point,0,became_wrong,0.6172839506172839,31,1,0,1,0,0
32,10,1.0,1,checkpoints/sudoku_extreme_hf/checkpoint,0,1,blanks_10,35.16534071875199,1,2,fixed_point,0,became_wrong,0.7654320987654321,19,1,0,1,0,0
32,10,1.0,1,checkpoints/sudoku_extreme_hf/checkpoint,0,1,blanks_10,35.16534071875199,1,3,fixed_point,0,became_wrong,0.6296296296296297,30,0,0,1,23,0
32,10,0.9506172839506173,1,checkpoints/sudoku_extreme_hf/checkpoint,2,1,blanks_10,35.16534071875199,0,4,fixed_point,1,changed_wrong,0.654320987654321,26,0,0,1,27,0
32,10,1.0,1,checkpoints/sudoku_extreme_hf/checkpoint,0,1,blanks_10,35.16534071875199,1,5,fixed_point,0,became_wrong,0.7037037037037037,24,1,0,1,0,0
32,10,1.0,1,checkpoints/sudoku_extreme_hf/checkpoint,0,1,blanks_10,35.16534071875199,1,6,fixed_point,0,became_wrong,0.8395061728395061,13,1,0,1,0,0
32,10,1.0,1,checkpoints/sudoku_extreme_hf/checkpoint,0,1,blanks_10,35.16534071875199,1,7,fixed_point,0,became_wrong,0.9012345679012346,8,1,0,1,0,0
32,10,1.0,1,checkpoints/sudoku_extreme_hf/checkpoint,0,1,blanks_10,35.16534071875199,1,8,fixed_point,0,became_wrong,0.7654320987654321,19,1,0,1,0,0
32,10,1.0,1,checkpoints/sudoku_extreme_hf/checkpoint,0,1,blanks_10,35.16534071875199,1,9,fixed_point,0,became_wrong,0.7407407407407407,21,1,0,1,0,0
32,10,1.0,0,checkpoints/sudoku_extreme_hf/checkpoint,0,1,blanks_10,35.16534071875199,1,10,fixed_point,0,stable_correct,1.0,0,1,1,0,0,0
32,10,1.0,1,checkpoints/sudoku_extreme_hf/checkpoint,0,1,blanks_10,35.16534071875199,1,11,fixed_point,0,became_wrong,0.7530864197530864,20,1,0,1,0,0
32,10,1.0,1,checkpoints/sudoku_extreme_hf/checkpoint,0,1,blanks_10,35.16534071875199,1,12,fixed_point,0,became_wrong,0.8271604938271605,14,1,0,1,0,0
32,10,1.0,1,checkpoints/sudoku_extreme_hf/checkpoint,0,1,blanks_10,35.16534071875199,1,13,fixed_point,0,became_wrong,0.7160493827160493,23,1,0,1,0,0
32,10,1.0,0,checkpoints/sudoku_extreme_hf/checkpoint,0,1,blanks_10,35.16534071875199,1,14,fixed_point,0,stable_correct,1.0,0,1,1,0,0,0
32,10,1.0,1,checkpoints/sudoku_extreme_hf/checkpoint,0,1,blanks_10,35.16534071875199,1,15,fixed_point,0,became_wrong,0.6790123456790124,26,1,0,1,0,0
32,10,1.0,1,checkpoints/sudoku_extreme_hf/checkpoint,0,1,blanks_10,35.16534071875199,1,16,fixed_point,0,became_wrong,0.7777777777777778,18,1,0,1,0,0
32,10,1.0,1,checkpoints/sudoku_extreme_hf/checkpoint,0,1,blanks_10,35.16534071875199,1,17,fixed_point,0,became_wrong,0.6790123456790124,26,1,0,1,0,0
32,10,1.0,1,checkpoints/sudoku_extreme_hf/checkpoint,0,1,blanks_10,35.16534071875199,1,18,fixed_point,0,became_wrong,0.9135802469135802,7,1,0,1,0,0
32,10,1.0,1,checkpoints/sudoku_extreme_hf/checkpoint,0,1,blanks_10,35.16534071875199,1,19,fixed_point,0,became_wrong,0.8641975308641975,11,1,0,1,0,0
32,10,1.0,1,checkpoints/sudoku_extreme_hf/checkpoint,0,1,blanks_10,35.16534071875199,1,20,fixed_point,0,became_wrong,0.9259259259259259,6,1,0,1,0,0
32,10,1.0,1,checkpoints/sudoku_extreme_hf/checkpoint,0,1,blanks_10,35.16534071875199,1,21,fixed_point,0,became_wrong,0.8518518518518519,12,1,0,1,0,0
32,10,1.0,1,checkpoints/sudoku_extreme_hf/checkpoint,0,1,blanks_10,35.16534071875199,1,22,fixed_point,0,became_wrong,0.8641975308641975,11,1,0,1,0,0
32,10,1.0,1,checkpoints/sudoku_extreme_hf/checkpoint,0,1,blanks_10,35.16534071875199,1,23,fixed_point,0,became_wrong,0.6296296296296297,30,1,0,1,0,0
32,10,1.0,1,checkpoints/sudoku_extreme_hf/checkpoint,0,1,blanks_10,35.16534071875199,1,24,fixed_point,0,became_wrong,0.8271604938271605,14,1,0,1,0,0
32,10,1.0,0,checkpoints/sudoku_extreme_hf/checkpoint,0,1,blanks_10,35.16534071875199,1,25,fixed_point,0,stable_correct,1.0,0,1,1,0,0,0
32,10,0.9506172839506173,1,checkpoints/sudoku_extreme_hf/checkpoint,2,1,blanks_10,35.16534071875199,0,26,fixed_point,1,changed_wrong,0.7160493827160493,21,1,0,1,0,0
32,10,1.0,1,checkpoints/sudoku_extreme_hf/checkpoint,0,1,blanks_10,35.16534071875199,1,27,fixed_point,0,became_wrong,0.8888888888888888,9,1,0,1,0,0
32,10,1.0,1,checkpoints/sudoku_extreme_hf/checkpoint,0,1,blanks_10,35.16534071875199,1,28,fixed_point,0,became_wrong,0.8888888888888888,9,1,0,1,0,0
32,10,1.0,1,checkpoints/sudoku_extreme_hf/checkpoint,0,1,blanks_10,35.16534071875199,1,29,fixed_point,0,became_wrong,0.6790123456790124,26,1,0,1,0,0
32,10,1.0,1,checkpoints/sudoku_extreme_hf/checkpoint,0,1,blanks_10,35.16534071875199,1,30,fixed_point,0,became_wrong,0.9506172839506173,4,1,0,1,0,0
32,10,1.0,1,checkpoints/sudoku_extreme_hf/checkpoint,0,1,blanks_10,35.16534071875199,1,31,fixed_point,0,became_wrong,0.8518518518518519,12,1,0,1,0,0
32,10,1.0,1,checkpoints/sudoku_extreme_hf/checkpoint,0,1,blanks_10,32.86551237500035,1,32,fixed_point,0,became_wrong,0.654320987654321,28,0,0,1,25,0
32,10,1.0,1,checkpoints/sudoku_extreme_hf/checkpoint,0,1,blanks_10,32.86551237500035,1,33,fixed_point,0,became_wrong,0.9506172839506173,4,1,0,1,0,0
32,10,1.0,1,checkpoints/sudoku_extreme_hf/checkpoint,0,1,blanks_10,32.86551237500035,1,34,fixed_point,0,became_wrong,0.6419753086419753,29,1,0,1,0,0
32,10,1.0,1,checkpoints/sudoku_extreme_hf/checkpoint,0,1,blanks_10,32.86551237500035,1,35,fixed_point,0,became_wrong,0.9259259259259259,6,1,0,1,0,0
32,10,1.0,1,checkpoints/sudoku_extreme_hf/checkpoint,0,1,blanks_10,32.86551237500035,1,36,fixed_point,0,became_wrong,0.7654320987654321,19,1,0,1,0,0
32,10,1.0,1,checkpoints/sudoku_extreme_hf/checkpoint,0,1,blanks_10,32.86551237500035,1,37,fixed_point,0,became_wrong,0.7777777777777778,18,1,0,1,0,0
32,10,1.0,1,checkpoints/sudoku_extreme_hf/checkpoint,0,1,blanks_10,32.86551237500035,1,38,fixed_point,0,became_wrong,0.7283950617283951,22,1,0,1,0,0
32,10,1.0,1,checkpoints/sudoku_extreme_hf/checkpoint,0,1,blanks_10,32.86551237500035,1,39,fixed_point,0,became_wrong,0.8395061728395061,13,1,0,1,0,0
32,10,1.0,1,checkpoints/sudoku_extreme_hf/checkpoint,0,1,blanks_10,32.86551237500035,1,40,fixed_point,0,became_wrong,0.691358024691358,25,1,0,1,0,0
32,10,1.0,1,checkpoints/sudoku_extreme_hf/checkpoint,0,1,blanks_10,32.86551237500035,1,41,fixed_point,0,became_wrong,0.8765432098765432,10,1,0,1,0,0
32,10,1.0,1,checkpoints/sudoku_extreme_hf/checkpoint,0,1,blanks_10,32.86551237500035,1,42,fixed_point,0,became_wrong,0.7654320987654321,19,1,0,1,0,0
32,10,1.0,1,checkpoints/sudoku_extreme_hf/checkpoint,0,1,blanks_10,32.86551237500035,1,43,fixed_point,0,became_wrong,0.7160493827160493,23,1,0,1,0,0
32,10,1.0,1,checkpoints/sudoku_extreme_hf/checkpoint,0,1,blanks_10,32.86551237500035,1,44,fixed_point,0,became_wrong,0.7530864197530864,20,1,0,1,0,0
32,10,1.0,1,checkpoints/sudoku_extreme_hf/checkpoint,0,1,blanks_10,32.86551237500035,1,45,fixed_point,0,became_wrong,0.7037037037037037,24,1,0,1,0,0
32,10,1.0,1,checkpoints/sudoku_extreme_hf/checkpoint,0,1,blanks_10,32.86551237500035,1,46,fixed_point,0,became_wrong,0.7283950617283951,22,1,0,1,0,0
32,10,0.9506172839506173,1,checkpoints/sudoku_extreme_hf/checkpoint,2,1,blanks_10,32.86551237500035,0,47,fixed_point,1,changed_wrong,0.7654320987654321,15,1,0,1,0,0
32,10,0.9259259259259259,1,checkpoints/sudoku_extreme_hf/checkpoint,4,1,blanks_10,32.86551237500035,0,48,fixed_point,1,changed_wrong,0.7777777777777778,22,1,0,1,0,0
32,10,1.0,1,checkpoints/sudoku_extreme_hf/checkpoint,0,1,blanks_10,32.86551237500035,1,49,fixed_point,0,became_wrong,0.5679012345679012,35,1,0,1,0,0
32,10,1.0,1,checkpoints/sudoku_extreme_hf/checkpoint,0,1,blanks_10,32.86551237500035,1,50,fixed_point,0,became_wrong,0.7037037037037037,24,1,0,1,0,0
32,10,1.0,1,checkpoints/sudoku_extreme_hf/checkpoint,0,1,blanks_10,32.86551237500035,1,51,fixed_point,0,became_wrong,0.8641975308641975,11,0,0,1,6,0
32,10,1.0,1,checkpoints/sudoku_extreme_hf/checkpoint,0,1,blanks_10,32.86551237500035,1,52,fixed_point,0,became_wrong,0.691358024691358,25,0,0,1,24,0
32,10,1.0,1,checkpoints/sudoku_extreme_hf/checkpoint,0,1,blanks_10,32.86551237500035,1,53,fixed_point,0,became_wrong,0.7037037037037037,24,1,0,1,0,0
32,10,1.0,1,checkpoints/sudoku_extreme_hf/checkpoint,0,1,blanks_10,32.86551237500035,1,54,fixed_point,0,became_wrong,0.8765432098765432,10,1,0,1,0,0
32,10,1.0,1,checkpoints/sudoku_extreme_hf/checkpoint,0,1,blanks_10,32.86551237500035,1,55,fixed_point,0,became_wrong,0.654320987654321,28,1,0,1,0,0
32,10,1.0,0,checkpoints/sudoku_extreme_hf/checkpoint,0,1,blanks_10,32.86551237500035,1,56,fixed_point,0,stable_correct,1.0,0,1,1,0,0,0
32,10,1.0,1,checkpoints/sudoku_extreme_hf/checkpoint,0,1,blanks_10,32.86551237500035,1,57,fixed_point,0,became_wrong,0.9259259259259259,6,1,0,1,0,0
32,10,1.0,1,checkpoints/sudoku_extreme_hf/checkpoint,0,1,blanks_10,32.86551237500035,1,58,fixed_point,0,became_wrong,0.6666666666666666,27,1,0,1,0,0
32,10,1.0,1,checkpoints/sudoku_extreme_hf/checkpoint,0,1,blanks_10,32.86551237500035,1,59,fixed_point,0,became_wrong,0.8024691358024691,16,0,0,1,12,0
32,10,1.0,0,checkpoints/sudoku_extreme_hf/checkpoint,0,1,blanks_10,32.86551237500035,1,60,fixed_point,0,stable_correct,1.0,0,1,1,0,0,0
32,10,1.0,1,checkpoints/sudoku_extreme_hf/checkpoint,0,1,blanks_10,32.86551237500035,1,61,fixed_point,0,became_wrong,0.691358024691358,25,1,0,1,0,0
32,10,1.0,1,checkpoints/sudoku_extreme_hf/checkpoint,0,1,blanks_10,32.86551237500035,1,62,fixed_point,0,became_wrong,0.6790123456790124,26,1,0,1,0,0
32,10,1.0,1,checkpoints/sudoku_extreme_hf/checkpoint,0,1,blanks_10,32.86551237500035,1,63,fixed_point,0,became_wrong,0.8024691358024691,16,1,0,1,0,0
32,10,1.0,1,checkpoints/sudoku_extreme_hf/checkpoint,0,1,blanks_10,33.66245309374705,1,64,fixed_point,0,became_wrong,0.8765432098765432,10,1,0,1,0,0
32,10,1.0,1,checkpoints/sudoku_extreme_hf/checkpoint,0,1,blanks_10,33.66245309374705,1,65,fixed_point,0,became_wrong,0.8395061728395061,13,1,0,1,0,0
32,10,1.0,1,checkpoints/sudoku_extreme_hf/checkpoint,0,1,blanks_10,33.66245309374705,1,66,fixed_point,0,became_wrong,0.7654320987654321,19,1,0,1,0,0
32,10,1.0,1,checkpoints/sudoku_extreme_hf/checkpoint,0,1,blanks_10,33.66245309374705,1,67,fixed_point,0,became_wrong,0.7407407407407407,21,1,0,1,0,0
32,10,1.0,1,checkpoints/sudoku_extreme_hf/checkpoint,0,1,blanks_10,33.66245309374705,1,68,fixed_point,0,became_wrong,0.7777777777777778,18,1,0,1,0,0
32,10,1.0,1,checkpoints/sudoku_extreme_hf/checkpoint,0,1,blanks_10,33.66245309374705,1,69,fixed_point,0,became_wrong,0.7283950617283951,22,1,0,1,0,0
32,10,1.0,1,checkpoints/sudoku_extreme_hf/checkpoint,0,1,blanks_10,33.66245309374705,1,70,fixed_point,0,became_wrong,0.691358024691358,25,1,0,1,0,0
32,10,1.0,1,checkpoints/sudoku_extreme_hf/checkpoint,0,1,blanks_10,33.66245309374705,1,71,fixed_point,0,became_wrong,0.7407407407407407,21,1,0,1,0,0
32,10,1.0,1,checkpoints/sudoku_extreme_hf/checkpoint,0,1,blanks_10,33.66245309374705,1,72,fixed_point,0,became_wrong,0.9135802469135802,7,1,0,1,0,0
32,10,1.0,1,checkpoints/sudoku_extreme_hf/checkpoint,0,1,blanks_10,33.66245309374705,1,73,fixed_point,0,became_wrong,0.7283950617283951,22,1,0,1,0,0
32,10,1.0,1,checkpoints/sudoku_extreme_hf/checkpoint,0,1,blanks_10,33.66245309374705,1,74,fixed_point,0,became_wrong,0.7160493827160493,23,1,0,1,0,0
32,10,1.0,1,checkpoints/sudoku_extreme_hf/checkpoint,0,1,blanks_10,33.66245309374705,1,75,fixed_point,0,became_wrong,0.8641975308641975,11,1,0,1,0,0
32,10,1.0,1,checkpoints/sudoku_extreme_hf/checkpoint,0,1,blanks_10,33.66245309374705,1,76,fixed_point,0,became_wrong,0.7283950617283951,22,1,0,1,0,0
32,10,1.0,1,checkpoints/sudoku_extreme_hf/checkpoint,0,1,blanks_10,33.66245309374705,1,77,fixed_point,0,became_wrong,0.7530864197530864,20,1,0,1,0,0
32,10,1.0,1,checkpoints/sudoku_extreme_hf/checkpoint,0,1,blanks_10,33.66245309374705,1,78,fixed_point,0,became_wrong,0.7283950617283951,22,0,0,1,22,0
32,10,1.0,0,checkpoints/sudoku_extreme_hf/checkpoint,0,1,blanks_10,33.66245309374705,1,79,fixed_point,0,stable_correct,1.0,0,1,1,0,0,0
32,10,1.0,1,checkpoints/sudoku_extreme_hf/checkpoint,0,1,blanks_10,33.66245309374705,1,80,fixed_point,0,became_wrong,0.8148148148148148,15,1,0,1,0,0
32,10,1.0,1,checkpoints/sudoku_extreme_hf/checkpoint,0,1,blanks_10,33.66245309374705,1,81,fixed_point,0,became_wrong,0.8888888888888888,9,1,0,1,0,0
32,10,1.0,1,checkpoints/sudoku_extreme_hf/checkpoint,0,1,blanks_10,33.66245309374705,1,82,fixed_point,0,became_wrong,0.8271604938271605,14,1,0,1,0,0
32,10,1.0,1,checkpoints/sudoku_extreme_hf/checkpoint,0,1,blanks_10,33.66245309374705,1,83,fixed_point,0,became_wrong,0.8888888888888888,9,1,0,1,0,0
32,10,0.9506172839506173,1,checkpoints/sudoku_extreme_hf/checkpoint,1,1,blanks_10,33.66245309374705,0,84,fixed_point,1,changed_wrong,0.7654320987654321,15,1,0,1,0,0
32,10,1.0,1,checkpoints/sudoku_extreme_hf/checkpoint,0,1,blanks_10,33.66245309374705,1,85,fixed_point,0,became_wrong,0.7407407407407407,21,0,0,1,6,0
32,10,1.0,1,checkpoints/sudoku_extreme_hf/checkpoint,0,1,blanks_10,33.66245309374705,1,86,fixed_point,0,became_wrong,0.7283950617283951,22,1,0,1,0,0
32,10,1.0,1,checkpoints/sudoku_extreme_hf/checkpoint,0,1,blanks_10,33.66245309374705,1,87,fixed_point,0,became_wrong,0.7407407407407407,21,1,0,1,0,0
32,10,0.9506172839506173,1,checkpoints/sudoku_extreme_hf/checkpoint,2,1,blanks_10,33.66245309374705,0,88,fixed_point,1,changed_wrong,0.8148148148148148,11,1,0,1,0,0
32,10,0.9506172839506173,1,checkpoints/sudoku_extreme_hf/checkpoint,2,1,blanks_10,33.66245309374705,0,89,fixed_point,1,changed_wrong,0.9012345679012346,4,1,0,1,0,0
32,10,1.0,1,checkpoints/sudoku_extreme_hf/checkpoint,0,1,blanks_10,33.66245309374705,1,90,fixed_point,0,became_wrong,0.8641975308641975,11,1,0,1,0,0
32,10,1.0,1,checkpoints/sudoku_extreme_hf/checkpoint,0,1,blanks_10,33.66245309374705,1,91,fixed_point,0,became_wrong,0.7283950617283951,22,1,0,1,0,0
32,10,1.0,1,checkpoints/sudoku_extreme_hf/checkpoint,0,1,blanks_10,33.66245309374705,1,92,fixed_point,0,became_wrong,0.691358024691358,25,1,0,1,0,0
32,10,1.0,1,checkpoints/sudoku_extreme_hf/checkpoint,0,1,blanks_10,33.66245309374705,1,93,fixed_point,0,became_wrong,0.7037037037037037,24,1,0,1,0,0
32,10,1.0,1,checkpoints/sudoku_extreme_hf/checkpoint,0,1,blanks_10,33.66245309374705,1,94,fixed_point,0,became_wrong,0.7037037037037037,24,1,0,1,0,0
32,10,1.0,1,checkpoints/sudoku_extreme_hf/checkpoint,0,1,blanks_10,33.66245309374705,1,95,fixed_point,0,became_wrong,0.654320987654321,28,1,0,1,0,0
32,10,1.0,1,checkpoints/sudoku_extreme_hf/checkpoint,0,1,blanks_10,36.93552196875061,1,96,fixed_point,0,became_wrong,0.7654320987654321,19,1,0,1,0,0
32,10,0.9506172839506173,1,checkpoints/sudoku_extreme_hf/checkpoint,3,1,blanks_10,36.93552196875061,0,97,fixed_point,1,changed_wrong,0.7037037037037037,22,1,0,1,0,0
32,10,1.0,1,checkpoints/sudoku_extreme_hf/checkpoint,0,1,blanks_10,36.93552196875061,1,98,fixed_point,0,became_wrong,0.9259259259259259,6,1,0,1,0,0
32,10,0.9506172839506173,1,checkpoints/sudoku_extreme_hf/checkpoint,2,1,blanks_10,36.93552196875061,0,99,fixed_point,1,changed_wrong,0.6172839506172839,29,1,0,1,0,0
32,10,1.0,1,checkpoints/sudoku_extreme_hf/checkpoint,0,1,blanks_10,36.93552196875061,1,100,fixed_point,0,became_wrong,0.9506172839506173,4,1,0,1,0,0
32,10,1.0,1,checkpoints/sudoku_extreme_hf/checkpoint,0,1,blanks_10,36.93552196875061,1,101,fixed_point,0,became_wrong,0.8641975308641975,11,1,0,1,0,0
32,10,1.0,1,checkpoints/sudoku_extreme_hf/checkpoint,0,1,blanks_10,36.93552196875061,1,102,fixed_point,0,became_wrong,0.8765432098765432,10,1,0,1,0,0
32,10,1.0,1,checkpoints/sudoku_extreme_hf/checkpoint,0,1,blanks_10,36.93552196875061,1,103,fixed_point,0,became_wrong,0.7901234567901234,17,1,0,1,0,0
32,10,1.0,1,checkpoints/sudoku_extreme_hf/checkpoint,0,1,blanks_10,36.93552196875061,1,104,fixed_point,0,became_wrong,0.7530864197530864,20,1,0,1,0,0
32,10,1.0,1,checkpoints/sudoku_extreme_hf/checkpoint,0,1,blanks_10,36.93552196875061,1,105,fixed_point,0,became_wrong,0.6790123456790124,26,1,0,1,0,0
32,10,1.0,1,checkpoints/sudoku_extreme_hf/checkpoint,0,1,blanks_10,36.93552196875061,1,106,fixed_point,0,became_wrong,0.6666666666666666,27,1,0,1,0,0
32,10,1.0,1,checkpoints/sudoku_extreme_hf/checkpoint,0,1,blanks_10,36.93552196875061,1,107,fixed_point,0,became_wrong,0.7654320987654321,19,1,0,1,0,0
32,10,1.0,1,checkpoints/sudoku_extreme_hf/checkpoint,0,1,blanks_10,36.93552196875061,1,108,fixed_point,0,became_wrong,0.8024691358024691,16,1,0,1,0,0
32,10,1.0,0,checkpoints/sudoku_extreme_hf/checkpoint,0,1,blanks_10,36.93552196875061,1,109,fixed_point,0,stable_correct,1.0,0,1,1,0,0,0
32,10,1.0,1,checkpoints/sudoku_extreme_hf/checkpoint,0,1,blanks_10,36.93552196875061,1,110,fixed_point,0,became_wrong,0.654320987654321,28,1,0,1,0,0
32,10,1.0,1,checkpoints/sudoku_extreme_hf/checkpoint,0,1,blanks_10,36.93552196875061,1,111,fixed_point,0,became_wrong,0.7777777777777778,18,1,0,1,0,0
32,10,1.0,1,checkpoints/sudoku_extreme_hf/checkpoint,0,1,blanks_10,36.93552196875061,1,112,fixed_point,0,became_wrong,0.8148148148148148,15,1,0,1,0,0
32,10,1.0,1,checkpoints/sudoku_extreme_hf/checkpoint,0,1,blanks_10,36.93552196875061,1,113,fixed_point,0,became_wrong,0.6666666666666666,27,0,0,1,19,0
32,10,1.0,1,checkpoints/sudoku_extreme_hf/checkpoint,0,1,blanks_10,36.93552196875061,1,114,fixed_point,0,became_wrong,0.7777777777777778,18,0,0,1,14,0
32,10,1.0,1,checkpoints/sudoku_extreme_hf/checkpoint,0,1,blanks_10,36.93552196875061,1,115,fixed_point,0,became_wrong,0.8024691358024691,16,1,0,1,0,0
32,10,1.0,1,checkpoints/sudoku_extreme_hf/checkpoint,0,1,blanks_10,36.93552196875061,1,116,fixed_point,0,became_wrong,0.7283950617283951,22,0,0,1,14,0
32,10,0.9506172839506173,1,checkpoints/sudoku_extreme_hf/checkpoint,3,1,blanks_10,36.93552196875061,0,117,fixed_point,1,changed_wrong,0.8024691358024691,13,1,0,1,0,0
32,10,1.0,1,checkpoints/sudoku_extreme_hf/checkpoint,0,1,blanks_10,36.93552196875061,1,118,fixed_point,0,became_wrong,0.7037037037037037,24,1,0,1,0,0
32,10,1.0,1,checkpoints/sudoku_extreme_hf/checkpoint,0,1,blanks_10,36.93552196875061,1,119,fixed_point,0,became_wrong,0.7037037037037037,24,1,0,1,0,0
32,10,1.0,1,checkpoints/sudoku_extreme_hf/checkpoint,0,1,blanks_10,36.93552196875061,1,120,fixed_point,0,became_wrong,0.6790123456790124,26,1,0,1,0,0
32,10,1.0,1,checkpoints/sudoku_extreme_hf/checkpoint,0,1,blanks_10,36.93552196875061,1,121,fixed_point,0,became_wrong,0.8765432098765432,10,1,0,1,0,0
32,10,1.0,1,checkpoints/sudoku_extreme_hf/checkpoint,0,1,blanks_10,36.93552196875061,1,122,fixed_point,0,became_wrong,0.7283950617283951,22,1,0,1,0,0
32,10,1.0,1,checkpoints/sudoku_extreme_hf/checkpoint,0,1,blanks_10,36.93552196875061,1,123,fixed_point,0,became_wrong,0.7530864197530864,20,1,0,1,0,0
32,10,0.9506172839506173,1,checkpoints/sudoku_extreme_hf/checkpoint,3,1,blanks_10,36.93552196875061,0,124,fixed_point,1,changed_wrong,0.691358024691358,21,1,0,1,0,0
32,10,1.0,1,checkpoints/sudoku_extreme_hf/checkpoint,0,1,blanks_10,36.93552196875061,1,125,fixed_point,0,became_wrong,0.691358024691358,25,0,0,1,18,0
32,10,1.0,1,checkpoints/sudoku_extreme_hf/checkpoint,0,1,blanks_10,36.93552196875061,1,126,fixed_point,0,became_wrong,0.691358024691358,25,1,0,1,0,0
32,10,1.0,1,checkpoints/sudoku_extreme_hf/checkpoint,0,1,blanks_10,36.93552196875061,1,127,fixed_point,0,became_wrong,0.8148148148148148,15,1,0,1,0,0
32,10,1.0,1,checkpoints/sudoku_extreme_hf/checkpoint,0,1,blanks_10,44.15720193750161,1,128,fixed_point,0,became_wrong,0.7777777777777778,18,1,0,1,0,0
32,10,1.0,1,checkpoints/sudoku_extreme_hf/checkpoint,0,1,blanks_10,44.15720193750161,1,129,fixed_point,0,became_wrong,0.9012345679012346,8,1,0,1,0,0
32,10,1.0,1,checkpoints/sudoku_extreme_hf/checkpoint,0,1,blanks_10,44.15720193750161,1,130,fixed_point,0,became_wrong,0.8024691358024691,16,1,0,1,0,0
32,10,1.0,1,checkpoints/sudoku_extreme_hf/checkpoint,0,1,blanks_10,44.15720193750161,1,131,fixed_point,0,became_wrong,0.6419753086419753,29,1,0,1,0,0
32,10,1.0,1,checkpoints/sudoku_extreme_hf/checkpoint,0,1,blanks_10,44.15720193750161,1,132,fixed_point,0,became_wrong,0.5802469135802469,34,1,0,1,0,0
32,10,1.0,1,checkpoints/sudoku_extreme_hf/checkpoint,0,1,blanks_10,44.15720193750161,1,133,fixed_point,0,became_wrong,0.8024691358024691,16,1,0,1,0,0
32,10,1.0,1,checkpoints/sudoku_extreme_hf/checkpoint,0,1,blanks_10,44.15720193750161,1,134,fixed_point,0,became_wrong,0.6666666666666666,27,1,0,1,0,0
32,10,1.0,1,checkpoints/sudoku_extreme_hf/checkpoint,0,1,blanks_10,44.15720193750161,1,135,fixed_point,0,became_wrong,0.7530864197530864,20,1,0,1,0,0
32,10,1.0,1,checkpoints/sudoku_extreme_hf/checkpoint,0,1,blanks_10,44.15720193750161,1,136,fixed_point,0,became_wrong,0.7777777777777778,18,1,0,1,0,0
32,10,1.0,1,checkpoints/sudoku_extreme_hf/checkpoint,0,1,blanks_10,44.15720193750161,1,137,fixed_point,0,became_wrong,0.9506172839506173,4,1,0,1,0,0
32,10,1.0,1,checkpoints/sudoku_extreme_hf/checkpoint,0,1,blanks_10,44.15720193750161,1,138,fixed_point,0,became_wrong,0.8518518518518519,12,1,0,1,0,0
32,10,0.9506172839506173,1,checkpoints/sudoku_extreme_hf/checkpoint,2,1,blanks_10,44.15720193750161,0,139,fixed_point,1,changed_wrong,0.7654320987654321,21,1,0,1,0,0
32,10,0.9506172839506173,1,checkpoints/sudoku_extreme_hf/checkpoint,3,1,blanks_10,44.15720193750161,0,140,fixed_point,1,changed_wrong,0.9012345679012346,4,1,0,1,0,0
32,10,1.0,0,checkpoints/sudoku_extreme_hf/checkpoint,0,1,blanks_10,44.15720193750161,1,141,fixed_point,0,stable_correct,1.0,0,1,1,0,0,0
32,10,1.0,1,checkpoints/sudoku_extreme_hf/checkpoint,0,1,blanks_10,44.15720193750161,1,142,fixed_point,0,became_wrong,0.8024691358024691,16,1,0,1,0,0
32,10,0.9506172839506173,1,checkpoints/sudoku_extreme_hf/checkpoint,4,1,blanks_10,44.15720193750161,0,143,fixed_point,1,changed_wrong,0.8271604938271605,17,1,0,1,0,0
32,10,1.0,1,checkpoints/sudoku_extreme_hf/checkpoint,0,1,blanks_10,44.15720193750161,1,144,fixed_point,0,became_wrong,0.7160493827160493,23,1,0,1,0,0
32,10,1.0,0,checkpoints/sudoku_extreme_hf/checkpoint,0,1,blanks_10,44.15720193750161,1,145,fixed_point,0,stable_correct,1.0,0,1,1,0,0,0
32,10,1.0,1,checkpoints/sudoku_extreme_hf/checkpoint,0,1,blanks_10,44.15720193750161,1,146,fixed_point,0,became_wrong,0.654320987654321,28,1,0,1,0,0
32,10,1.0,1,checkpoints/sudoku_extreme_hf/checkpoint,0,1,blanks_10,44.15720193750161,1,147,fixed_point,0,became_wrong,0.8271604938271605,14,1,0,1,0,0
32,10,1.0,1,checkpoints/sudoku_extreme_hf/checkpoint,0,1,blanks_10,44.15720193750161,1,148,fixed_point,0,became_wrong,0.7777777777777778,18,1,0,1,0,0
32,10,1.0,1,checkpoints/sudoku_extreme_hf/checkpoint,0,1,blanks_10,44.15720193750161,1,149,fixed_point,0,became_wrong,0.8518518518518519,12,1,0,1,0,0
32,10,1.0,1,checkpoints/sudoku_extreme_hf/checkpoint,0,1,blanks_10,44.15720193750161,1,150,fixed_point,0,became_wrong,0.8765432098765432,10,1,0,1,0,0
32,10,1.0,1,checkpoints/sudoku_extreme_hf/checkpoint,0,1,blanks_10,44.15720193750161,1,151,fixed_point,0,became_wrong,0.8148148148148148,15,1,0,1,0,0
32,10,1.0,1,checkpoints/sudoku_extreme_hf/checkpoint,0,1,blanks_10,44.15720193750161,1,152,fixed_point,0,became_wrong,0.7530864197530864,20,1,0,1,0,0
32,10,1.0,1,checkpoints/sudoku_extreme_hf/checkpoint,0,1,blanks_10,44.15720193750161,1,153,fixed_point,0,became_wrong,0.6049382716049383,32,1,0,1,0,0
32,10,1.0,1,checkpoints/sudoku_extreme_hf/checkpoint,0,1,blanks_10,44.15720193750161,1,154,fixed_point,0,became_wrong,0.8641975308641975,11,1,0,1,0,0
32,10,1.0,1,checkpoints/sudoku_extreme_hf/checkpoint,0,1,blanks_10,44.15720193750161,1,155,fixed_point,0,became_wrong,0.8024691358024691,16,1,0,1,0,0
32,10,1.0,1,checkpoints/sudoku_extreme_hf/checkpoint,0,1,blanks_10,44.15720193750161,1,156,fixed_point,0,became_wrong,0.8641975308641975,11,1,0,1,0,0
32,10,1.0,1,checkpoints/sudoku_extreme_hf/checkpoint,0,1,blanks_10,44.15720193750161,1,157,fixed_point,0,became_wrong,0.8518518518518519,12,1,0,1,0,0
32,10,1.0,1,checkpoints/sudoku_extreme_hf/checkpoint,0,1,blanks_10,44.15720193750161,1,158,fixed_point,0,became_wrong,0.8641975308641975,11,1,0,1,0,0
32,10,1.0,1,checkpoints/sudoku_extreme_hf/checkpoint,0,1,blanks_10,44.15720193750161,1,159,fixed_point,0,became_wrong,0.8518518518518519,12,1,0,1,0,0
32,10,1.0,1,checkpoints/sudoku_extreme_hf/checkpoint,0,1,blanks_10,40.30573893749789,1,160,fixed_point,0,became_wrong,0.6666666666666666,27,0,0,1,15,0
32,10,1.0,1,checkpoints/sudoku_extreme_hf/checkpoint,0,1,blanks_10,40.30573893749789,1,161,fixed_point,0,became_wrong,0.9135802469135802,7,1,0,1,0,0
32,10,1.0,1,checkpoints/sudoku_extreme_hf/checkpoint,0,1,blanks_10,40.30573893749789,1,162,fixed_point,0,became_wrong,0.6790123456790124,26,1,0,1,0,0
32,10,1.0,1,checkpoints/sudoku_extreme_hf/checkpoint,0,1,blanks_10,40.30573893749789,1,163,fixed_point,0,became_wrong,0.6419753086419753,29,0,0,1,18,0
32,10,1.0,1,checkpoints/sudoku_extreme_hf/checkpoint,0,1,blanks_10,40.30573893749789,1,164,fixed_point,0,became_wrong,0.7901234567901234,17,1,0,1,0,0
32,10,1.0,1,checkpoints/sudoku_extreme_hf/checkpoint,0,1,blanks_10,40.30573893749789,1,165,fixed_point,0,became_wrong,0.7777777777777778,18,1,0,1,0,0
32,10,1.0,1,checkpoints/sudoku_extreme_hf/checkpoint,0,1,blanks_10,40.30573893749789,1,166,fixed_point,0,became_wrong,0.8641975308641975,11,1,0,1,0,0
32,10,1.0,1,checkpoints/sudoku_extreme_hf/checkpoint,0,1,blanks_10,40.30573893749789,1,167,fixed_point,0,became_wrong,0.691358024691358,25,1,0,1,0,0
32,10,1.0,1,checkpoints/sudoku_extreme_hf/checkpoint,0,1,blanks_10,40.30573893749789,1,168,fixed_point,0,became_wrong,0.8765432098765432,10,1,0,1,0,0
32,10,1.0,1,checkpoints/sudoku_extreme_hf/checkpoint,0,1,blanks_10,40.30573893749789,1,169,fixed_point,0,became_wrong,0.654320987654321,28,1,0,1,0,0
32,10,1.0,0,checkpoints/sudoku_extreme_hf/checkpoint,0,1,blanks_10,40.30573893749789,1,170,fixed_point,0,stable_correct,1.0,0,1,1,0,0,0
32,10,1.0,1,checkpoints/sudoku_extreme_hf/checkpoint,0,1,blanks_10,40.30573893749789,1,171,fixed_point,0,became_wrong,0.6419753086419753,29,1,0,1,0,0
32,10,1.0,1,checkpoints/sudoku_extreme_hf/checkpoint,0,1,blanks_10,40.30573893749789,1,172,fixed_point,0,became_wrong,0.7777777777777778,18,1,0,1,0,0
32,10,1.0,1,checkpoints/sudoku_extreme_hf/checkpoint,0,1,blanks_10,40.30573893749789,1,173,fixed_point,0,became_wrong,0.8395061728395061,13,1,0,1,0,0
32,10,1.0,1,checkpoints/sudoku_extreme_hf/checkpoint,0,1,blanks_10,40.30573893749789,1,174,fixed_point,0,became_wrong,0.691358024691358,25,1,0,1,0,0
32,10,1.0,1,checkpoints/sudoku_extreme_hf/checkpoint,0,1,blanks_10,40.30573893749789,1,175,fixed_point,0,became_wrong,0.8518518518518519,12,1,0,1,0,0
32,10,1.0,1,checkpoints/sudoku_extreme_hf/checkpoint,0,1,blanks_10,40.30573893749789,1,176,fixed_point,0,became_wrong,0.8518518518518519,12,1,0,1,0,0
32,10,1.0,0,checkpoints/sudoku_extreme_hf/checkpoint,0,1,blanks_10,40.30573893749789,1,177,fixed_point,0,stable_correct,1.0,0,1,1,0,0,0
32,10,1.0,1,checkpoints/sudoku_extreme_hf/checkpoint,0,1,blanks_10,40.30573893749789,1,178,fixed_point,0,became_wrong,0.8888888888888888,9,1,0,1,0,0
32,10,1.0,1,checkpoints/sudoku_extreme_hf/checkpoint,0,1,blanks_10,40.30573893749789,1,179,fixed_point,0,became_wrong,0.654320987654321,28,1,0,1,0,0
32,10,1.0,1,checkpoints/sudoku_extreme_hf/checkpoint,0,1,blanks_10,40.30573893749789,1,180,fixed_point,0,became_wrong,0.9506172839506173,4,1,0,1,0,0
32,10,1.0,1,checkpoints/sudoku_extreme_hf/checkpoint,0,1,blanks_10,40.30573893749789,1,181,fixed_point,0,became_wrong,0.7283950617283951,22,1,0,1,0,0
32,10,1.0,1,checkpoints/sudoku_extreme_hf/checkpoint,0,1,blanks_10,40.30573893749789,1,182,fixed_point,0,became_wrong,0.7037037037037037,24,1,0,1,0,0
32,10,1.0,1,checkpoints/sudoku_extreme_hf/checkpoint,0,1,blanks_10,40.30573893749789,1,183,fixed_point,0,became_wrong,0.7283950617283951,22,1,0,1,0,0
32,10,0.9506172839506173,1,checkpoints/sudoku_extreme_hf/checkpoint,1,1,blanks_10,40.30573893749789,0,184,fixed_point,1,changed_wrong,0.8271604938271605,11,1,0,1,0,0
32,10,1.0,1,checkpoints/sudoku_extreme_hf/checkpoint,0,1,blanks_10,40.30573893749789,1,185,fixed_point,0,became_wrong,0.691358024691358,25,1,0,1,0,0
32,10,1.0,1,checkpoints/sudoku_extreme_hf/checkpoint,0,1,blanks_10,40.30573893749789,1,186,fixed_point,0,became_wrong,0.7160493827160493,23,1,0,1,0,0
32,10,1.0,1,checkpoints/sudoku_extreme_hf/checkpoint,0,1,blanks_10,40.30573893749789,1,187,fixed_point,0,became_wrong,0.8024691358024691,16,1,0,1,0,0
32,10,1.0,1,checkpoints/sudoku_extreme_hf/checkpoint,0,1,blanks_10,40.30573893749789,1,188,fixed_point,0,became_wrong,0.7901234567901234,17,1,0,1,0,0
32,10,1.0,1,checkpoints/sudoku_extreme_hf/checkpoint,0,1,blanks_10,40.30573893749789,1,189,fixed_point,0,became_wrong,0.6790123456790124,26,1,0,1,0,0
32,10,1.0,0,checkpoints/sudoku_extreme_hf/checkpoint,0,1,blanks_10,40.30573893749789,1,190,fixed_point,0,stable_correct,1.0,0,1,1,0,0,0
32,10,1.0,1,checkpoints/sudoku_extreme_hf/checkpoint,0,1,blanks_10,40.30573893749789,1,191,fixed_point,0,became_wrong,0.7160493827160493,23,1,0,1,0,0
32,10,1.0,1,checkpoints/sudoku_extreme_hf/checkpoint,0,1,blanks_10,33.70900624999962,1,192,fixed_point,0,became_wrong,0.9259259259259259,6,1,0,1,0,0
32,10,1.0,1,checkpoints/sudoku_extreme_hf/checkpoint,0,1,blanks_10,33.70900624999962,1,193,fixed_point,0,became_wrong,0.7654320987654321,19,1,0,1,0,0
32,10,1.0,1,checkpoints/sudoku_extreme_hf/checkpoint,0,1,blanks_10,33.70900624999962,1,194,fixed_point,0,became_wrong,0.7283950617283951,22,1,0,1,0,0
32,10,1.0,1,checkpoints/sudoku_extreme_hf/checkpoint,0,1,blanks_10,33.70900624999962,1,195,fixed_point,0,became_wrong,0.654320987654321,28,1,0,1,0,0
32,10,1.0,1,checkpoints/sudoku_extreme_hf/checkpoint,0,1,blanks_10,33.70900624999962,1,196,fixed_point,0,became_wrong,0.691358024691358,25,1,0,1,0,0
32,10,1.0,1,checkpoints/sudoku_extreme_hf/checkpoint,0,1,blanks_10,33.70900624999962,1,197,fixed_point,0,became_wrong,0.8765432098765432,10,1,0,1,0,0
32,10,1.0,1,checkpoints/sudoku_extreme_hf/checkpoint,0,1,blanks_10,33.70900624999962,1,198,fixed_point,0,became_wrong,0.7283950617283951,22,1,0,1,0,0
32,10,1.0,1,checkpoints/sudoku_extreme_hf/checkpoint,0,1,blanks_10,33.70900624999962,1,199,fixed_point,0,became_wrong,0.9506172839506173,4,1,0,1,0,0
32,10,1.0,1,checkpoints/sudoku_extreme_hf/checkpoint,0,1,blanks_10,33.70900624999962,1,200,fixed_point,0,became_wrong,0.9012345679012346,8,1,0,1,0,0
32,10,1.0,1,checkpoints/sudoku_extreme_hf/checkpoint,0,1,blanks_10,33.70900624999962,1,201,fixed_point,0,became_wrong,0.9135802469135802,7,1,0,1,0,0
32,10,1.0,1,checkpoints/sudoku_extreme_hf/checkpoint,0,1,blanks_10,33.70900624999962,1,202,fixed_point,0,became_wrong,0.8024691358024691,16,1,0,1,0,0
32,10,1.0,1,checkpoints/sudoku_extreme_hf/checkpoint,0,1,blanks_10,33.70900624999962,1,203,fixed_point,0,became_wrong,0.8148148148148148,15,1,0,1,0,0
32,10,1.0,1,checkpoints/sudoku_extreme_hf/checkpoint,0,1,blanks_10,33.70900624999962,1,204,fixed_point,0,became_wrong,0.9259259259259259,6,0,0,1,4,0
32,10,1.0,1,checkpoints/sudoku_extreme_hf/checkpoint,0,1,blanks_10,33.70900624999962,1,205,fixed_point,0,became_wrong,0.654320987654321,28,1,0,1,0,0
32,10,1.0,1,checkpoints/sudoku_extreme_hf/checkpoint,0,1,blanks_10,33.70900624999962,1,206,fixed_point,0,became_wrong,0.9012345679012346,8,1,0,1,0,0
32,10,1.0,1,checkpoints/sudoku_extreme_hf/checkpoint,0,1,blanks_10,33.70900624999962,1,207,fixed_point,0,became_wrong,0.6790123456790124,26,1,0,1,0,0
32,10,1.0,1,checkpoints/sudoku_extreme_hf/checkpoint,0,1,blanks_10,33.70900624999962,1,208,fixed_point,0,became_wrong,0.7777777777777778,18,1,0,1,0,0
32,10,1.0,1,checkpoints/sudoku_extreme_hf/checkpoint,0,1,blanks_10,33.70900624999962,1,209,fixed_point,0,became_wrong,0.8024691358024691,16,1,0,1,0,0
32,10,1.0,1,checkpoints/sudoku_extreme_hf/checkpoint,0,1,blanks_10,33.70900624999962,1,210,fixed_point,0,became_wrong,0.7777777777777778,18,0,0,1,35,0
32,10,1.0,1,checkpoints/sudoku_extreme_hf/checkpoint,0,1,blanks_10,33.70900624999962,1,211,fixed_point,0,became_wrong,0.8024691358024691,16,1,0,1,0,0
32,10,1.0,0,checkpoints/sudoku_extreme_hf/checkpoint,0,1,blanks_10,33.70900624999962,1,212,fixed_point,0,stable_correct,1.0,0,1,1,0,0,0
32,10,1.0,1,checkpoints/sudoku_extreme_hf/checkpoint,0,1,blanks_10,33.70900624999962,1,213,fixed_point,0,became_wrong,0.8024691358024691,16,1,0,1,0,0
32,10,1.0,1,checkpoints/sudoku_extreme_hf/checkpoint,0,1,blanks_10,33.70900624999962,1,214,fixed_point,0,became_wrong,0.6296296296296297,30,1,0,1,0,0
32,10,1.0,1,checkpoints/sudoku_extreme_hf/checkpoint,0,1,blanks_10,33.70900624999962,1,215,fixed_point,0,became_wrong,0.691358024691358,25,1,0,1,0,0
32,10,1.0,1,checkpoints/sudoku_extreme_hf/checkpoint,0,1,blanks_10,33.70900624999962,1,216,fixed_point,0,became_wrong,0.7037037037037037,24,1,0,1,0,0
32,10,1.0,1,checkpoints/sudoku_extreme_hf/checkpoint,0,1,blanks_10,33.70900624999962,1,217,fixed_point,0,became_wrong,0.8024691358024691,16,1,0,1,0,0
32,10,1.0,0,checkpoints/sudoku_extreme_hf/checkpoint,0,1,blanks_10,33.70900624999962,1,218,fixed_point,0,stable_correct,1.0,0,1,1,0,0,0
32,10,1.0,1,checkpoints/sudoku_extreme_hf/checkpoint,0,1,blanks_10,33.70900624999962,1,219,fixed_point,0,became_wrong,0.9012345679012346,8,1,0,1,0,0
32,10,1.0,1,checkpoints/sudoku_extreme_hf/checkpoint,0,1,blanks_10,33.70900624999962,1,220,fixed_point,0,became_wrong,0.9506172839506173,4,1,0,1,0,0
32,10,1.0,1,checkpoints/sudoku_extreme_hf/checkpoint,0,1,blanks_10,33.70900624999962,1,221,fixed_point,0,became_wrong,0.7654320987654321,19,1,0,1,0,0
32,10,1.0,0,checkpoints/sudoku_extreme_hf/checkpoint,0,1,blanks_10,33.70900624999962,1,222,fixed_point,0,stable_correct,1.0,0,1,1,0,0,0
32,10,1.0,1,checkpoints/sudoku_extreme_hf/checkpoint,0,1,blanks_10,33.70900624999962,1,223,fixed_point,0,became_wrong,0.6666666666666666,27,1,0,1,0,0
32,10,1.0,1,checkpoints/sudoku_extreme_hf/checkpoint,0,1,blanks_10,34.24909262500009,1,224,fixed_point,0,became_wrong,0.7037037037037037,24,0,0,1,21,0
32,10,1.0,1,checkpoints/sudoku_extreme_hf/checkpoint,0,1,blanks_10,34.24909262500009,1,225,fixed_point,0,became_wrong,0.8148148148148148,15,1,0,1,0,0
32,10,1.0,1,checkpoints/sudoku_extreme_hf/checkpoint,0,1,blanks_10,34.24909262500009,1,226,fixed_point,0,became_wrong,0.9506172839506173,4,1,0,1,0,0
32,10,1.0,1,checkpoints/sudoku_extreme_hf/checkpoint,0,1,blanks_10,34.24909262500009,1,227,fixed_point,0,became_wrong,0.7530864197530864,20,1,0,1,0,0
32,10,1.0,1,checkpoints/sudoku_extreme_hf/checkpoint,0,1,blanks_10,34.24909262500009,1,228,fixed_point,0,became_wrong,0.9012345679012346,8,1,0,1,0,0
32,10,1.0,1,checkpoints/sudoku_extreme_hf/checkpoint,0,1,blanks_10,34.24909262500009,1,229,fixed_point,0,became_wrong,0.9012345679012346,8,1,0,1,0,0
32,10,1.0,1,checkpoints/sudoku_extreme_hf/checkpoint,0,1,blanks_10,34.24909262500009,1,230,fixed_point,0,became_wrong,0.7037037037037037,24,1,0,1,0,0
32,10,1.0,1,checkpoints/sudoku_extreme_hf/checkpoint,0,1,blanks_10,34.24909262500009,1,231,fixed_point,0,became_wrong,0.9506172839506173,4,1,0,1,0,0
32,10,1.0,1,checkpoints/sudoku_extreme_hf/checkpoint,0,1,blanks_10,34.24909262500009,1,232,fixed_point,0,became_wrong,0.7407407407407407,21,0,0,1,3,0
32,10,1.0,1,checkpoints/sudoku_extreme_hf/checkpoint,0,1,blanks_10,34.24909262500009,1,233,fixed_point,0,became_wrong,0.6172839506172839,31,1,0,1,0,0
32,10,1.0,1,checkpoints/sudoku_extreme_hf/checkpoint,0,1,blanks_10,34.24909262500009,1,234,fixed_point,0,became_wrong,0.8395061728395061,13,1,0,1,0,0
32,10,1.0,1,checkpoints/sudoku_extreme_hf/checkpoint,0,1,blanks_10,34.24909262500009,1,235,fixed_point,0,became_wrong,0.6419753086419753,29,1,0,1,0,0
32,10,1.0,1,checkpoints/sudoku_extreme_hf/checkpoint,0,1,blanks_10,34.24909262500009,1,236,fixed_point,0,became_wrong,0.8271604938271605,14,1,0,1,0,0
32,10,1.0,1,checkpoints/sudoku_extreme_hf/checkpoint,0,1,blanks_10,34.24909262500009,1,237,fixed_point,0,became_wrong,0.9506172839506173,4,1,0,1,0,0
32,10,1.0,1,checkpoints/sudoku_extreme_hf/checkpoint,0,1,blanks_10,34.24909262500009,1,238,fixed_point,0,became_wrong,0.6419753086419753,29,1,0,1,0,0
32,10,1.0,0,checkpoints/sudoku_extreme_hf/checkpoint,0,1,blanks_10,34.24909262500009,1,239,fixed_point,0,stable_correct,1.0,0,1,1,0,0,0
32,10,1.0,1,checkpoints/sudoku_extreme_hf/checkpoint,0,1,blanks_10,34.24909262500009,1,240,fixed_point,0,became_wrong,0.8888888888888888,9,1,0,1,0,0
32,10,1.0,1,checkpoints/sudoku_extreme_hf/checkpoint,0,1,blanks_10,34.24909262500009,1,241,fixed_point,0,became_wrong,0.8148148148148148,15,1,0,1,0,0
32,10,1.0,1,checkpoints/sudoku_extreme_hf/checkpoint,0,1,blanks_10,34.24909262500009,1,242,fixed_point,0,became_wrong,0.8024691358024691,16,1,0,1,0,0
32,10,1.0,1,checkpoints/sudoku_extreme_hf/checkpoint,0,1,blanks_10,34.24909262500009,1,243,fixed_point,0,became_wrong,0.6790123456790124,26,1,0,1,0,0
32,10,1.0,1,checkpoints/sudoku_extreme_hf/checkpoint,0,1,blanks_10,34.24909262500009,1,244,fixed_point,0,became_wrong,0.8395061728395061,13,1,0,1,0,0
32,10,1.0,1,checkpoints/sudoku_extreme_hf/checkpoint,0,1,blanks_10,34.24909262500009,1,245,fixed_point,0,became_wrong,0.8518518518518519,12,1,0,1,0,0
32,10,1.0,1,checkpoints/sudoku_extreme_hf/checkpoint,0,1,blanks_10,34.24909262500009,1,246,fixed_point,0,became_wrong,0.6666666666666666,27,1,0,1,0,0
32,10,1.0,1,checkpoints/sudoku_extreme_hf/checkpoint,0,1,blanks_10,34.24909262500009,1,247,fixed_point,0,became_wrong,0.8148148148148148,15,1,0,1,0,0
32,10,1.0,1,checkpoints/sudoku_extreme_hf/checkpoint,0,1,blanks_10,34.24909262500009,1,248,fixed_point,0,became_wrong,0.9506172839506173,4,1,0,1,0,0
32,10,1.0,1,checkpoints/sudoku_extreme_hf/checkpoint,0,1,blanks_10,34.24909262500009,1,249,fixed_point,0,became_wrong,0.7530864197530864,20,1,0,1,0,0
32,10,1.0,1,checkpoints/sudoku_extreme_hf/checkpoint,0,1,blanks_10,34.24909262500009,1,250,fixed_point,0,became_wrong,0.7530864197530864,20,0,0,1,20,0
32,10,1.0,1,checkpoints/sudoku_extreme_hf/checkpoint,0,1,blanks_10,34.24909262500009,1,251,fixed_point,0,became_wrong,0.9506172839506173,4,1,0,1,0,0
32,10,1.0,1,checkpoints/sudoku_extreme_hf/checkpoint,0,1,blanks_10,34.24909262500009,1,252,fixed_point,0,became_wrong,0.8888888888888888,9,1,0,1,0,0
32,10,1.0,1,checkpoints/sudoku_extreme_hf/checkpoint,0,1,blanks_10,34.24909262500009,1,253,fixed_point,0,became_wrong,0.6419753086419753,29,1,0,1,0,0
32,10,1.0,1,checkpoints/sudoku_extreme_hf/checkpoint,0,1,blanks_10,34.24909262500009,1,254,fixed_point,0,became_wrong,0.7407407407407407,21,1,0,1,0,0
32,10,1.0,1,checkpoints/sudoku_extreme_hf/checkpoint,0,1,blanks_10,34.24909262500009,1,255,fixed_point,0,became_wrong,0.8271604938271605,14,1,0,1,0,0
32,10,1.0,1,checkpoints/sudoku_extreme_hf/checkpoint,0,1,blanks_10,33.598980749999896,1,256,fixed_point,0,became_wrong,0.8024691358024691,16,1,0,1,0,0
32,10,1.0,1,checkpoints/sudoku_extreme_hf/checkpoint,0,1,blanks_10,33.598980749999896,1,257,fixed_point,0,became_wrong,0.6419753086419753,29,1,0,1,0,0
32,10,0.9506172839506173,1,checkpoints/sudoku_extreme_hf/checkpoint,4,1,blanks_10,33.598980749999896,0,258,fixed_point,1,changed_wrong,0.9012345679012346,11,1,0,1,0,0
32,10,1.0,1,checkpoints/sudoku_extreme_hf/checkpoint,0,1,blanks_10,33.598980749999896,1,259,fixed_point,0,became_wrong,0.8271604938271605,14,1,0,1,0,0
32,10,1.0,1,checkpoints/sudoku_extreme_hf/checkpoint,0,1,blanks_10,33.598980749999896,1,260,fixed_point,0,became_wrong,0.6419753086419753,29,1,0,1,0,0
32,10,1.0,1,checkpoints/sudoku_extreme_hf/checkpoint,0,1,blanks_10,33.598980749999896,1,261,fixed_point,0,became_wrong,0.691358024691358,25,1,0,1,0,0
32,10,1.0,1,checkpoints/sudoku_extreme_hf/checkpoint,0,1,blanks_10,33.598980749999896,1,262,fixed_point,0,became_wrong,0.7283950617283951,22,1,0,1,0,0
32,10,1.0,1,checkpoints/sudoku_extreme_hf/checkpoint,0,1,blanks_10,33.598980749999896,1,263,fixed_point,0,became_wrong,0.8518518518518519,12,1,0,1,0,0
32,10,1.0,1,checkpoints/sudoku_extreme_hf/checkpoint,0,1,blanks_10,33.598980749999896,1,264,fixed_point,0,became_wrong,0.9259259259259259,6,1,0,1,0,0
32,10,1.0,1,checkpoints/sudoku_extreme_hf/checkpoint,0,1,blanks_10,33.598980749999896,1,265,fixed_point,0,became_wrong,0.9259259259259259,6,1,0,1,0,0
32,10,1.0,1,checkpoints/sudoku_extreme_hf/checkpoint,0,1,blanks_10,33.598980749999896,1,266,fixed_point,0,became_wrong,0.7037037037037037,24,1,0,1,0,0
32,10,1.0,1,checkpoints/sudoku_extreme_hf/checkpoint,0,1,blanks_10,33.598980749999896,1,267,fixed_point,0,became_wrong,0.7160493827160493,23,1,0,1,0,0
32,10,1.0,1,checkpoints/sudoku_extreme_hf/checkpoint,0,1,blanks_10,33.598980749999896,1,268,fixed_point,0,became_wrong,0.7407407407407407,21,1,0,1,0,0
32,10,1.0,1,checkpoints/sudoku_extreme_hf/checkpoint,0,1,blanks_10,33.598980749999896,1,269,fixed_point,0,became_wrong,0.7160493827160493,23,0,0,1,32,0
32,10,1.0,1,checkpoints/sudoku_extreme_hf/checkpoint,0,1,blanks_10,33.598980749999896,1,270,fixed_point,0,became_wrong,0.7530864197530864,20,1,0,1,0,0
32,10,1.0,1,checkpoints/sudoku_extreme_hf/checkpoint,0,1,blanks_10,33.598980749999896,1,271,fixed_point,0,became_wrong,0.6296296296296297,30,1,0,1,0,0
32,10,1.0,1,checkpoints/sudoku_extreme_hf/checkpoint,0,1,blanks_10,33.598980749999896,1,272,fixed_point,0,became_wrong,0.7654320987654321,19,0,0,1,26,0
32,10,0.9259259259259259,1,checkpoints/sudoku_extreme_hf/checkpoint,3,1,blanks_10,33.598980749999896,0,273,fixed_point,1,changed_wrong,0.8271604938271605,9,1,0,1,0,0
32,10,1.0,0,checkpoints/sudoku_extreme_hf/checkpoint,0,1,blanks_10,33.598980749999896,1,274,fixed_point,0,stable_correct,1.0,0,1,1,0,0,0
32,10,1.0,1,checkpoints/sudoku_extreme_hf/checkpoint,0,1,blanks_10,33.598980749999896,1,275,fixed_point,0,became_wrong,0.7901234567901234,17,1,0,1,0,0
32,10,1.0,1,checkpoints/sudoku_extreme_hf/checkpoint,0,1,blanks_10,33.598980749999896,1,276,fixed_point,0,became_wrong,0.7654320987654321,19,1,0,1,0,0
32,10,1.0,1,checkpoints/sudoku_extreme_hf/checkpoint,0,1,blanks_10,33.598980749999896,1,277,fixed_point,0,became_wrong,0.8888888888888888,9,1,0,1,0,0
32,10,1.0,1,checkpoints/sudoku_extreme_hf/checkpoint,0,1,blanks_10,33.598980749999896,1,278,fixed_point,0,became_wrong,0.7654320987654321,19,0,0,1,18,0
32,10,1.0,1,checkpoints/sudoku_extreme_hf/checkpoint,0,1,blanks_10,33.598980749999896,1,279,fixed_point,0,became_wrong,0.654320987654321,28,1,0,1,0,0
32,10,1.0,1,checkpoints/sudoku_extreme_hf/checkpoint,0,1,blanks_10,33.598980749999896,1,280,fixed_point,0,became_wrong,0.6666666666666666,27,1,0,1,0,0
32,10,0.8888888888888888,1,checkpoints/sudoku_extreme_hf/checkpoint,7,1,blanks_10,33.598980749999896,0,281,fixed_point,1,changed_wrong,0.6296296296296297,22,0,0,1,17,0
32,10,1.0,1,checkpoints/sudoku_extreme_hf/checkpoint,0,1,blanks_10,33.598980749999896,1,282,fixed_point,0,became_wrong,0.8271604938271605,14,1,0,1,0,0
32,10,1.0,1,checkpoints/sudoku_extreme_hf/checkpoint,0,1,blanks_10,33.598980749999896,1,283,fixed_point,0,became_wrong,0.7530864197530864,20,1,0,1,0,0
32,10,1.0,1,checkpoints/sudoku_extreme_hf/checkpoint,0,1,blanks_10,33.598980749999896,1,284,fixed_point,0,became_wrong,0.8518518518518519,12,1,0,1,0,0
32,10,1.0,1,checkpoints/sudoku_extreme_hf/checkpoint,0,1,blanks_10,33.598980749999896,1,285,fixed_point,0,became_wrong,0.7654320987654321,19,1,0,1,0,0
32,10,1.0,1,checkpoints/sudoku_extreme_hf/checkpoint,0,1,blanks_10,33.598980749999896,1,286,fixed_point,0,became_wrong,0.7283950617283951,22,1,0,1,0,0
32,10,1.0,1,checkpoints/sudoku_extreme_hf/checkpoint,0,1,blanks_10,33.598980749999896,1,287,fixed_point,0,became_wrong,0.7901234567901234,17,1,0,1,0,0
32,10,1.0,1,checkpoints/sudoku_extreme_hf/checkpoint,0,1,blanks_10,37.51420640625014,1,288,fixed_point,0,became_wrong,0.8395061728395061,13,1,0,1,0,0
32,10,1.0,0,checkpoints/sudoku_extreme_hf/checkpoint,0,1,blanks_10,37.51420640625014,1,289,fixed_point,0,stable_correct,1.0,0,1,1,0,0,0
32,10,1.0,1,checkpoints/sudoku_extreme_hf/checkpoint,0,1,blanks_10,37.51420640625014,1,290,fixed_point,0,became_wrong,0.7407407407407407,21,1,0,1,0,0
32,10,1.0,1,checkpoints/sudoku_extreme_hf/checkpoint,0,1,blanks_10,37.51420640625014,1,291,fixed_point,0,became_wrong,0.6666666666666666,27,1,0,1,0,0
32,10,1.0,1,checkpoints/sudoku_extreme_hf/checkpoint,0,1,blanks_10,37.51420640625014,1,292,fixed_point,0,became_wrong,0.7654320987654321,19,1,0,1,0,0
32,10,1.0,1,checkpoints/sudoku_extreme_hf/checkpoint,0,1,blanks_10,37.51420640625014,1,293,fixed_point,0,became_wrong,0.8024691358024691,16,1,0,1,0,0
32,10,1.0,1,checkpoints/sudoku_extreme_hf/checkpoint,0,1,blanks_10,37.51420640625014,1,294,fixed_point,0,became_wrong,0.7283950617283951,22,1,0,1,0,0
32,10,0.9506172839506173,1,checkpoints/sudoku_extreme_hf/checkpoint,3,1,blanks_10,37.51420640625014,0,295,fixed_point,1,changed_wrong,0.7037037037037037,24,1,0,1,0,0
32,10,0.9506172839506173,1,checkpoints/sudoku_extreme_hf/checkpoint,2,1,blanks_10,37.51420640625014,0,296,fixed_point,1,changed_wrong,0.7283950617283951,19,0,0,1,30,0
32,10,1.0,1,checkpoints/sudoku_extreme_hf/checkpoint,0,1,blanks_10,37.51420640625014,1,297,fixed_point,0,became_wrong,0.8024691358024691,16,0,0,1,18,0
32,10,1.0,1,checkpoints/sudoku_extreme_hf/checkpoint,0,1,blanks_10,37.51420640625014,1,298,fixed_point,0,became_wrong,0.691358024691358,25,1,0,1,0,0
32,10,1.0,1,checkpoints/sudoku_extreme_hf/checkpoint,0,1,blanks_10,37.51420640625014,1,299,fixed_point,0,became_wrong,0.7407407407407407,21,1,0,1,0,0
32,10,1.0,1,checkpoints/sudoku_extreme_hf/checkpoint,0,1,blanks_10,37.51420640625014,1,300,fixed_point,0,became_wrong,0.654320987654321,28,0,0,1,29,0
32,10,1.0,1,checkpoints/sudoku_extreme_hf/checkpoint,0,1,blanks_10,37.51420640625014,1,301,fixed_point,0,became_wrong,0.8518518518518519,12,1,0,1,0,0
32,10,1.0,1,checkpoints/sudoku_extreme_hf/checkpoint,0,1,blanks_10,37.51420640625014,1,302,fixed_point,0,became_wrong,0.7283950617283951,22,0,0,1,24,0
32,10,1.0,1,checkpoints/sudoku_extreme_hf/checkpoint,0,1,blanks_10,37.51420640625014,1,303,fixed_point,0,became_wrong,0.7654320987654321,19,1,0,1,0,0
32,10,1.0,0,checkpoints/sudoku_extreme_hf/checkpoint,0,1,blanks_10,37.51420640625014,1,304,fixed_point,0,stable_correct,1.0,0,1,1,0,0,0
32,10,0.9506172839506173,1,checkpoints/sudoku_extreme_hf/checkpoint,4,1,blanks_10,37.51420640625014,0,305,fixed_point,1,changed_wrong,0.7530864197530864,17,1,0,1,0,0
32,10,1.0,1,checkpoints/sudoku_extreme_hf/checkpoint,0,1,blanks_10,37.51420640625014,1,306,fixed_point,0,became_wrong,0.8765432098765432,10,1,0,1,0,0
32,10,1.0,1,checkpoints/sudoku_extreme_hf/checkpoint,0,1,blanks_10,37.51420640625014,1,307,fixed_point,0,became_wrong,0.8271604938271605,14,1,0,1,0,0
32,10,0.9506172839506173,1,checkpoints/sudoku_extreme_hf/checkpoint,2,1,blanks_10,37.51420640625014,0,308,fixed_point,1,changed_wrong,0.5802469135802469,31,1,0,1,0,0
32,10,1.0,1,checkpoints/sudoku_extreme_hf/checkpoint,0,1,blanks_10,37.51420640625014,1,309,fixed_point,0,became_wrong,0.7777777777777778,18,1,0,1,0,0
32,10,1.0,1,checkpoints/sudoku_extreme_hf/checkpoint,0,1,blanks_10,37.51420640625014,1,310,fixed_point,0,became_wrong,0.9259259259259259,6,1,0,1,0,0
32,10,1.0,0,checkpoints/sudoku_extreme_hf/checkpoint,0,1,blanks_10,37.51420640625014,1,311,fixed_point,0,stable_correct,1.0,0,1,1,0,0,0
32,10,1.0,0,checkpoints/sudoku_extreme_hf/checkpoint,0,1,blanks_10,37.51420640625014,1,312,fixed_point,0,stable_correct,1.0,0,1,1,0,0,0
32,10,0.9506172839506173,1,checkpoints/sudoku_extreme_hf/checkpoint,4,1,blanks_10,37.51420640625014,0,313,fixed_point,1,changed_wrong,0.6419753086419753,31,1,0,1,0,0
32,10,1.0,1,checkpoints/sudoku_extreme_hf/checkpoint,0,1,blanks_10,37.51420640625014,1,314,fixed_point,0,became_wrong,0.7777777777777778,18,1,0,1,0,0
32,10,1.0,1,checkpoints/sudoku_extreme_hf/checkpoint,0,1,blanks_10,37.51420640625014,1,315,fixed_point,0,became_wrong,0.8148148148148148,15,1,0,1,0,0
32,10,1.0,1,checkpoints/sudoku_extreme_hf/checkpoint,0,1,blanks_10,37.51420640625014,1,316,fixed_point,0,became_wrong,0.7530864197530864,20,0,0,1,6,0
32,10,1.0,1,checkpoints/sudoku_extreme_hf/checkpoint,0,1,blanks_10,37.51420640625014,1,317,fixed_point,0,became_wrong,0.7283950617283951,22,0,0,1,24,0
32,10,1.0,1,checkpoints/sudoku_extreme_hf/checkpoint,0,1,blanks_10,37.51420640625014,1,318,fixed_point,0,became_wrong,0.7777777777777778,18,1,0,1,0,0
32,10,1.0,1,checkpoints/sudoku_extreme_hf/checkpoint,0,1,blanks_10,37.51420640625014,1,319,fixed_point,0,became_wrong,0.654320987654321,28,1,0,1,0,0
32,10,1.0,1,checkpoints/sudoku_extreme_hf/checkpoint,0,1,blanks_10,43.248015499997905,1,320,fixed_point,0,became_wrong,0.8024691358024691,16,0,0,1,21,0
32,10,1.0,1,checkpoints/sudoku_extreme_hf/checkpoint,0,1,blanks_10,43.248015499997905,1,321,fixed_point,0,became_wrong,0.6790123456790124,26,1,0,1,0,0
32,10,1.0,0,checkpoints/sudoku_extreme_hf/checkpoint,0,1,blanks_10,43.248015499997905,1,322,fixed_point,0,stable_correct,1.0,0,1,1,0,0,0
32,10,1.0,1,checkpoints/sudoku_extreme_hf/checkpoint,0,1,blanks_10,43.248015499997905,1,323,fixed_point,0,became_wrong,0.7654320987654321,19,1,0,1,0,0
32,10,1.0,1,checkpoints/sudoku_extreme_hf/checkpoint,0,1,blanks_10,43.248015499997905,1,324,fixed_point,0,became_wrong,0.8024691358024691,16,1,0,1,0,0
32,10,1.0,1,checkpoints/sudoku_extreme_hf/checkpoint,0,1,blanks_10,43.248015499997905,1,325,fixed_point,0,became_wrong,0.7654320987654321,19,1,0,1,0,0
32,10,1.0,1,checkpoints/sudoku_extreme_hf/checkpoint,0,1,blanks_10,43.248015499997905,1,326,fixed_point,0,became_wrong,0.7901234567901234,17,1,0,1,0,0
32,10,1.0,1,checkpoints/sudoku_extreme_hf/checkpoint,0,1,blanks_10,43.248015499997905,1,327,fixed_point,0,became_wrong,0.6790123456790124,26,1,0,1,0,0
32,10,1.0,1,checkpoints/sudoku_extreme_hf/checkpoint,0,1,blanks_10,43.248015499997905,1,328,fixed_point,0,became_wrong,0.7283950617283951,22,1,0,1,0,0
32,10,1.0,1,checkpoints/sudoku_extreme_hf/checkpoint,0,1,blanks_10,43.248015499997905,1,329,fixed_point,0,became_wrong,0.8395061728395061,13,1,0,1,0,0
32,10,1.0,1,checkpoints/sudoku_extreme_hf/checkpoint,0,1,blanks_10,43.248015499997905,1,330,fixed_point,0,became_wrong,0.7901234567901234,17,1,0,1,0,0
32,10,1.0,1,checkpoints/sudoku_extreme_hf/checkpoint,0,1,blanks_10,43.248015499997905,1,331,fixed_point,0,became_wrong,0.9259259259259259,6,1,0,1,0,0
32,10,1.0,1,checkpoints/sudoku_extreme_hf/checkpoint,0,1,blanks_10,43.248015499997905,1,332,fixed_point,0,became_wrong,0.9259259259259259,6,1,0,1,0,0
32,10,0.9259259259259259,1,checkpoints/sudoku_extreme_hf/checkpoint,4,1,blanks_10,43.248015499997905,0,333,fixed_point,1,changed_wrong,0.7654320987654321,13,1,0,1,0,0
32,10,1.0,1,checkpoints/sudoku_extreme_hf/checkpoint,0,1,blanks_10,43.248015499997905,1,334,fixed_point,0,became_wrong,0.5925925925925926,33,1,0,1,0,0
32,10,1.0,1,checkpoints/sudoku_extreme_hf/checkpoint,0,1,blanks_10,43.248015499997905,1,335,fixed_point,0,became_wrong,0.7530864197530864,20,1,0,1,0,0
32,10,1.0,1,checkpoints/sudoku_extreme_hf/checkpoint,0,1,blanks_10,43.248015499997905,1,336,fixed_point,0,became_wrong,0.7283950617283951,22,1,0,1,0,0
32,10,1.0,0,checkpoints/sudoku_extreme_hf/checkpoint,0,1,blanks_10,43.248015499997905,1,337,fixed_point,0,stable_correct,1.0,0,1,1,0,0,0
32,10,1.0,1,checkpoints/sudoku_extreme_hf/checkpoint,0,1,blanks_10,43.248015499997905,1,338,fixed_point,0,became_wrong,0.691358024691358,25,1,0,1,0,0
32,10,1.0,1,checkpoints/sudoku_extreme_hf/checkpoint,0,1,blanks_10,43.248015499997905,1,339,fixed_point,0,became_wrong,0.7654320987654321,19,1,0,1,0,0
32,10,1.0,1,checkpoints/sudoku_extreme_hf/checkpoint,0,1,blanks_10,43.248015499997905,1,340,fixed_point,0,became_wrong,0.8024691358024691,16,1,0,1,0,0
32,10,1.0,1,checkpoints/sudoku_extreme_hf/checkpoint,0,1,blanks_10,43.248015499997905,1,341,fixed_point,0,became_wrong,0.9259259259259259,6,1,0,1,0,0
32,10,1.0,0,checkpoints/sudoku_extreme_hf/checkpoint,0,1,blanks_10,43.248015499997905,1,342,fixed_point,0,stable_correct,1.0,0,1,1,0,0,0
32,10,1.0,1,checkpoints/sudoku_extreme_hf/checkpoint,0,1,blanks_10,43.248015499997905,1,343,fixed_point,0,became_wrong,0.9506172839506173,4,1,0,1,0,0
32,10,1.0,1,checkpoints/sudoku_extreme_hf/checkpoint,0,1,blanks_10,43.248015499997905,1,344,fixed_point,0,became_wrong,0.7160493827160493,23,1,0,1,0,0
32,10,1.0,1,checkpoints/sudoku_extreme_hf/checkpoint,0,1,blanks_10,43.248015499997905,1,345,fixed_point,0,became_wrong,0.7037037037037037,24,0,0,1,20,0
32,10,1.0,1,checkpoints/sudoku_extreme_hf/checkpoint,0,1,blanks_10,43.248015499997905,1,346,fixed_point,0,became_wrong,0.9506172839506173,4,1,0,1,0,0
32,10,1.0,1,checkpoints/sudoku_extreme_hf/checkpoint,0,1,blanks_10,43.248015499997905,1,347,fixed_point,0,became_wrong,0.8024691358024691,16,0,0,1,23,0
32,10,1.0,1,checkpoints/sudoku_extreme_hf/checkpoint,0,1,blanks_10,43.248015499997905,1,348,fixed_point,0,became_wrong,0.9012345679012346,8,1,0,1,0,0
32,10,1.0,1,checkpoints/sudoku_extreme_hf/checkpoint,0,1,blanks_10,43.248015499997905,1,349,fixed_point,0,became_wrong,0.7654320987654321,19,1,0,1,0,0
32,10,1.0,1,checkpoints/sudoku_extreme_hf/checkpoint,0,1,blanks_10,43.248015499997905,1,350,fixed_point,0,became_wrong,0.6790123456790124,26,1,0,1,0,0
32,10,0.9506172839506173,1,checkpoints/sudoku_extreme_hf/checkpoint,3,1,blanks_10,43.248015499997905,0,351,fixed_point,1,changed_wrong,0.7283950617283951,24,1,0,1,0,0
32,10,1.0,1,checkpoints/sudoku_extreme_hf/checkpoint,0,1,blanks_10,40.357453906249674,1,352,fixed_point,0,became_wrong,0.9012345679012346,8,1,0,1,0,0
32,10,1.0,1,checkpoints/sudoku_extreme_hf/checkpoint,0,1,blanks_10,40.357453906249674,1,353,fixed_point,0,became_wrong,0.6172839506172839,31,1,0,1,0,0
32,10,1.0,1,checkpoints/sudoku_extreme_hf/checkpoint,0,1,blanks_10,40.357453906249674,1,354,fixed_point,0,became_wrong,0.7037037037037037,24,1,0,1,0,0
32,10,1.0,1,checkpoints/sudoku_extreme_hf/checkpoint,0,1,blanks_10,40.357453906249674,1,355,fixed_point,0,became_wrong,0.8395061728395061,13,1,0,1,0,0
32,10,1.0,0,checkpoints/sudoku_extreme_hf/checkpoint,0,1,blanks_10,40.357453906249674,1,356,fixed_point,0,stable_correct,1.0,0,1,1,0,0,0
32,10,1.0,1,checkpoints/sudoku_extreme_hf/checkpoint,0,1,blanks_10,40.357453906249674,1,357,fixed_point,0,became_wrong,0.7283950617283951,22,0,0,1,3,0
32,10,1.0,1,checkpoints/sudoku_extreme_hf/checkpoint,0,1,blanks_10,40.357453906249674,1,358,fixed_point,0,became_wrong,0.7530864197530864,20,1,0,1,0,0
32,10,1.0,1,checkpoints/sudoku_extreme_hf/checkpoint,0,1,blanks_10,40.357453906249674,1,359,fixed_point,0,became_wrong,0.8888888888888888,9,0,0,1,6,0
32,10,1.0,1,checkpoints/sudoku_extreme_hf/checkpoint,0,1,blanks_10,40.357453906249674,1,360,fixed_point,0,became_wrong,0.6790123456790124,26,1,0,1,0,0
32,10,1.0,1,checkpoints/sudoku_extreme_hf/checkpoint,0,1,blanks_10,40.357453906249674,1,361,fixed_point,0,became_wrong,0.6296296296296297,30,1,0,1,0,0
32,10,1.0,1,checkpoints/sudoku_extreme_hf/checkpoint,0,1,blanks_10,40.357453906249674,1,362,fixed_point,0,became_wrong,0.6419753086419753,29,1,0,1,0,0
32,10,1.0,1,checkpoints/sudoku_extreme_hf/checkpoint,0,1,blanks_10,40.357453906249674,1,363,fixed_point,0,became_wrong,0.7407407407407407,21,0,0,1,23,0
32,10,1.0,1,checkpoints/sudoku_extreme_hf/checkpoint,0,1,blanks_10,40.357453906249674,1,364,fixed_point,0,became_wrong,0.6296296296296297,30,1,0,1,0,0
32,10,1.0,1,checkpoints/sudoku_extreme_hf/checkpoint,0,1,blanks_10,40.357453906249674,1,365,fixed_point,0,became_wrong,0.7530864197530864,20,1,0,1,0,0
32,10,0.9012345679012346,1,checkpoints/sudoku_extreme_hf/checkpoint,5,1,blanks_10,40.357453906249674,0,366,fixed_point,1,changed_wrong,0.7283950617283951,16,0,0,1,21,0
32,10,1.0,1,checkpoints/sudoku_extreme_hf/checkpoint,0,1,blanks_10,40.357453906249674,1,367,fixed_point,0,became_wrong,0.8271604938271605,14,1,0,1,0,0
32,10,1.0,1,checkpoints/sudoku_extreme_hf/checkpoint,0,1,blanks_10,40.357453906249674,1,368,fixed_point,0,became_wrong,0.9506172839506173,4,1,0,1,0,0
32,10,1.0,1,checkpoints/sudoku_extreme_hf/checkpoint,0,1,blanks_10,40.357453906249674,1,369,fixed_point,0,became_wrong,0.7160493827160493,23,1,0,1,0,0
32,10,1.0,1,checkpoints/sudoku_extreme_hf/checkpoint,0,1,blanks_10,40.357453906249674,1,370,fixed_point,0,became_wrong,0.8518518518518519,12,1,0,1,0,0
32,10,1.0,1,checkpoints/sudoku_extreme_hf/checkpoint,0,1,blanks_10,40.357453906249674,1,371,fixed_point,0,became_wrong,0.8765432098765432,10,1,0,1,0,0
32,10,1.0,1,checkpoints/sudoku_extreme_hf/checkpoint,0,1,blanks_10,40.357453906249674,1,372,fixed_point,0,became_wrong,0.7901234567901234,17,1,0,1,0,0
32,10,1.0,1,checkpoints/sudoku_extreme_hf/checkpoint,0,1,blanks_10,40.357453906249674,1,373,fixed_point,0,became_wrong,0.9506172839506173,4,1,0,1,0,0
32,10,1.0,1,checkpoints/sudoku_extreme_hf/checkpoint,0,1,blanks_10,40.357453906249674,1,374,fixed_point,0,became_wrong,0.7160493827160493,23,1,0,1,0,0
32,10,1.0,1,checkpoints/sudoku_extreme_hf/checkpoint,0,1,blanks_10,40.357453906249674,1,375,fixed_point,0,became_wrong,0.7530864197530864,20,1,0,1,0,0
32,10,1.0,1,checkpoints/sudoku_extreme_hf/checkpoint,0,1,blanks_10,40.357453906249674,1,376,fixed_point,0,became_wrong,0.7160493827160493,23,1,0,1,0,0
32,10,1.0,1,checkpoints/sudoku_extreme_hf/checkpoint,0,1,blanks_10,40.357453906249674,1,377,fixed_point,0,became_wrong,0.8024691358024691,16,1,0,1,0,0
32,10,1.0,1,checkpoints/sudoku_extreme_hf/checkpoint,0,1,blanks_10,40.357453906249674,1,378,fixed_point,0,became_wrong,0.8024691358024691,16,0,0,1,20,0
32,10,1.0,1,checkpoints/sudoku_extreme_hf/checkpoint,0,1,blanks_10,40.357453906249674,1,379,fixed_point,0,became_wrong,0.8641975308641975,11,1,0,1,0,0
32,10,1.0,1,checkpoints/sudoku_extreme_hf/checkpoint,0,1,blanks_10,40.357453906249674,1,380,fixed_point,0,became_wrong,0.8024691358024691,16,1,0,1,0,0
32,10,0.9506172839506173,1,checkpoints/sudoku_extreme_hf/checkpoint,3,1,blanks_10,40.357453906249674,0,381,fixed_point,1,changed_wrong,0.7901234567901234,14,0,0,1,24,0
32,10,1.0,1,checkpoints/sudoku_extreme_hf/checkpoint,0,1,blanks_10,40.357453906249674,1,382,fixed_point,0,became_wrong,0.7283950617283951,22,1,0,1,0,0
32,10,1.0,1,checkpoints/sudoku_extreme_hf/checkpoint,0,1,blanks_10,40.357453906249674,1,383,fixed_point,0,became_wrong,0.7037037037037037,24,1,0,1,0,0
32,10,1.0,1,checkpoints/sudoku_extreme_hf/checkpoint,0,1,blanks_10,39.04998678125082,1,384,fixed_point,0,became_wrong,0.8271604938271605,14,1,0,1,0,0
32,10,1.0,1,checkpoints/sudoku_extreme_hf/checkpoint,0,1,blanks_10,39.04998678125082,1,385,fixed_point,0,became_wrong,0.8024691358024691,16,1,0,1,0,0
32,10,1.0,1,checkpoints/sudoku_extreme_hf/checkpoint,0,1,blanks_10,39.04998678125082,1,386,fixed_point,0,became_wrong,0.7160493827160493,23,1,0,1,0,0
32,10,1.0,1,checkpoints/sudoku_extreme_hf/checkpoint,0,1,blanks_10,39.04998678125082,1,387,fixed_point,0,became_wrong,0.6172839506172839,31,1,0,1,0,0
32,10,1.0,1,checkpoints/sudoku_extreme_hf/checkpoint,0,1,blanks_10,39.04998678125082,1,388,fixed_point,0,became_wrong,0.6666666666666666,27,0,0,1,5,0
32,10,1.0,1,checkpoints/sudoku_extreme_hf/checkpoint,0,1,blanks_10,39.04998678125082,1,389,fixed_point,0,became_wrong,0.7407407407407407,21,1,0,1,0,0
32,10,1.0,1,checkpoints/sudoku_extreme_hf/checkpoint,0,1,blanks_10,39.04998678125082,1,390,fixed_point,0,became_wrong,0.6296296296296297,30,1,0,1,0,0
32,10,1.0,0,checkpoints/sudoku_extreme_hf/checkpoint,0,1,blanks_10,39.04998678125082,1,391,fixed_point,0,stable_correct,1.0,0,1,1,0,0,0
32,10,1.0,1,checkpoints/sudoku_extreme_hf/checkpoint,0,1,blanks_10,39.04998678125082,1,392,fixed_point,0,became_wrong,0.7654320987654321,19,1,0,1,0,0
32,10,1.0,1,checkpoints/sudoku_extreme_hf/checkpoint,0,1,blanks_10,39.04998678125082,1,393,fixed_point,0,became_wrong,0.6666666666666666,27,1,0,1,0,0
32,10,1.0,1,checkpoints/sudoku_extreme_hf/checkpoint,0,1,blanks_10,39.04998678125082,1,394,fixed_point,0,became_wrong,0.9259259259259259,6,1,0,1,0,0
32,10,1.0,1,checkpoints/sudoku_extreme_hf/checkpoint,0,1,blanks_10,39.04998678125082,1,395,fixed_point,0,became_wrong,0.9506172839506173,4,1,0,1,0,0
32,10,1.0,1,checkpoints/sudoku_extreme_hf/checkpoint,0,1,blanks_10,39.04998678125082,1,396,fixed_point,0,became_wrong,0.654320987654321,28,1,0,1,0,0
32,10,1.0,1,checkpoints/sudoku_extreme_hf/checkpoint,0,1,blanks_10,39.04998678125082,1,397,fixed_point,0,became_wrong,0.7654320987654321,19,1,0,1,0,0
32,10,1.0,1,checkpoints/sudoku_extreme_hf/checkpoint,0,1,blanks_10,39.04998678125082,1,398,fixed_point,0,became_wrong,0.5925925925925926,33,1,0,1,0,0
32,10,1.0,1,checkpoints/sudoku_extreme_hf/checkpoint,0,1,blanks_10,39.04998678125082,1,399,fixed_point,0,became_wrong,0.7530864197530864,20,1,0,1,0,0
32,10,1.0,1,checkpoints/sudoku_extreme_hf/checkpoint,0,1,blanks_10,39.04998678125082,1,400,fixed_point,0,became_wrong,0.7407407407407407,21,1,0,1,0,0
32,10,0.9506172839506173,1,checkpoints/sudoku_extreme_hf/checkpoint,2,1,blanks_10,39.04998678125082,0,401,fixed_point,1,changed_wrong,0.6419753086419753,27,1,0,1,0,0
32,10,1.0,1,checkpoints/sudoku_extreme_hf/checkpoint,0,1,blanks_10,39.04998678125082,1,402,fixed_point,0,became_wrong,0.7283950617283951,22,1,0,1,0,0
32,10,0.9506172839506173,1,checkpoints/sudoku_extreme_hf/checkpoint,2,1,blanks_10,39.04998678125082,0,403,fixed_point,1,changed_wrong,0.8148148148148148,13,1,0,1,0,0
32,10,1.0,1,checkpoints/sudoku_extreme_hf/checkpoint,0,1,blanks_10,39.04998678125082,1,404,fixed_point,0,became_wrong,0.8765432098765432,10,1,0,1,0,0
32,10,1.0,1,checkpoints/sudoku_extreme_hf/checkpoint,0,1,blanks_10,39.04998678125082,1,405,fixed_point,0,became_wrong,0.7901234567901234,17,0,0,1,20,0
32,10,1.0,1,checkpoints/sudoku_extreme_hf/checkpoint,0,1,blanks_10,39.04998678125082,1,406,fixed_point,0,became_wrong,0.6172839506172839,31,0,0,1,30,0
32,10,1.0,0,checkpoints/sudoku_extreme_hf/checkpoint,0,1,blanks_10,39.04998678125082,1,407,fixed_point,0,stable_correct,1.0,0,1,1,0,0,0
32,10,1.0,1,checkpoints/sudoku_extreme_hf/checkpoint,0,1,blanks_10,39.04998678125082,1,408,fixed_point,0,became_wrong,0.8641975308641975,11,1,0,1,0,0
32,10,1.0,1,checkpoints/sudoku_extreme_hf/checkpoint,0,1,blanks_10,39.04998678125082,1,409,fixed_point,0,became_wrong,0.8518518518518519,12,1,0,1,0,0
32,10,1.0,0,checkpoints/sudoku_extreme_hf/checkpoint,0,1,blanks_10,39.04998678125082,1,410,fixed_point,0,stable_correct,1.0,0,1,1,0,0,0
32,10,1.0,1,checkpoints/sudoku_extreme_hf/checkpoint,0,1,blanks_10,39.04998678125082,1,411,fixed_point,0,became_wrong,0.7037037037037037,24,1,0,1,0,0
32,10,1.0,1,checkpoints/sudoku_extreme_hf/checkpoint,0,1,blanks_10,39.04998678125082,1,412,fixed_point,0,became_wrong,0.7283950617283951,22,1,0,1,0,0
32,10,1.0,1,checkpoints/sudoku_extreme_hf/checkpoint,0,1,blanks_10,39.04998678125082,1,413,fixed_point,0,became_wrong,0.5925925925925926,33,1,0,1,0,0
32,10,1.0,1,checkpoints/sudoku_extreme_hf/checkpoint,0,1,blanks_10,39.04998678125082,1,414,fixed_point,0,became_wrong,0.9506172839506173,4,1,0,1,0,0
32,10,1.0,1,checkpoints/sudoku_extreme_hf/checkpoint,0,1,blanks_10,39.04998678125082,1,415,fixed_point,0,became_wrong,0.9506172839506173,4,1,0,1,0,0
32,10,1.0,1,checkpoints/sudoku_extreme_hf/checkpoint,0,1,blanks_10,34.652065906250584,1,416,fixed_point,0,became_wrong,0.654320987654321,28,0,0,1,24,0
32,10,1.0,1,checkpoints/sudoku_extreme_hf/checkpoint,0,1,blanks_10,34.652065906250584,1,417,fixed_point,0,became_wrong,0.7407407407407407,21,1,0,1,0,0
32,10,1.0,1,checkpoints/sudoku_extreme_hf/checkpoint,0,1,blanks_10,34.652065906250584,1,418,fixed_point,0,became_wrong,0.6666666666666666,27,1,0,1,0,0
32,10,1.0,1,checkpoints/sudoku_extreme_hf/checkpoint,0,1,blanks_10,34.652065906250584,1,419,fixed_point,0,became_wrong,0.7283950617283951,22,1,0,1,0,0
32,10,1.0,1,checkpoints/sudoku_extreme_hf/checkpoint,0,1,blanks_10,34.652065906250584,1,420,fixed_point,0,became_wrong,0.6666666666666666,27,1,0,1,0,0
32,10,1.0,1,checkpoints/sudoku_extreme_hf/checkpoint,0,1,blanks_10,34.652065906250584,1,421,fixed_point,0,became_wrong,0.7283950617283951,22,0,0,1,19,0
32,10,0.9259259259259259,1,checkpoints/sudoku_extreme_hf/checkpoint,3,1,blanks_10,34.652065906250584,0,422,fixed_point,1,changed_wrong,0.5925925925925926,28,1,0,1,0,0
32,10,0.9506172839506173,1,checkpoints/sudoku_extreme_hf/checkpoint,4,1,blanks_10,34.652065906250584,0,423,fixed_point,1,changed_wrong,0.7283950617283951,23,0,0,1,24,0
32,10,1.0,1,checkpoints/sudoku_extreme_hf/checkpoint,0,1,blanks_10,34.652065906250584,1,424,fixed_point,0,became_wrong,0.9012345679012346,8,1,0,1,0,0
32,10,1.0,1,checkpoints/sudoku_extreme_hf/checkpoint,0,1,blanks_10,34.652065906250584,1,425,fixed_point,0,became_wrong,0.6666666666666666,27,1,0,1,0,0
32,10,1.0,1,checkpoints/sudoku_extreme_hf/checkpoint,0,1,blanks_10,34.652065906250584,1,426,fixed_point,0,became_wrong,0.7654320987654321,19,1,0,1,0,0
32,10,1.0,1,checkpoints/sudoku_extreme_hf/checkpoint,0,1,blanks_10,34.652065906250584,1,427,fixed_point,0,became_wrong,0.8148148148148148,15,1,0,1,0,0
32,10,1.0,1,checkpoints/sudoku_extreme_hf/checkpoint,0,1,blanks_10,34.652065906250584,1,428,fixed_point,0,became_wrong,0.7160493827160493,23,0,0,1,19,0
32,10,1.0,1,checkpoints/sudoku_extreme_hf/checkpoint,0,1,blanks_10,34.652065906250584,1,429,fixed_point,0,became_wrong,0.7530864197530864,20,0,0,1,16,0
32,10,1.0,1,checkpoints/sudoku_extreme_hf/checkpoint,0,1,blanks_10,34.652065906250584,1,430,fixed_point,0,became_wrong,0.8024691358024691,16,0,0,1,13,0
32,10,1.0,1,checkpoints/sudoku_extreme_hf/checkpoint,0,1,blanks_10,34.652065906250584,1,431,fixed_point,0,became_wrong,0.7407407407407407,21,1,0,1,0,0
32,10,1.0,1,checkpoints/sudoku_extreme_hf/checkpoint,0,1,blanks_10,34.652065906250584,1,432,fixed_point,0,became_wrong,0.8395061728395061,13,1,0,1,0,0
32,10,1.0,1,checkpoints/sudoku_extreme_hf/checkpoint,0,1,blanks_10,34.652065906250584,1,433,fixed_point,0,became_wrong,0.6419753086419753,29,1,0,1,0,0
32,10,1.0,1,checkpoints/sudoku_extreme_hf/checkpoint,0,1,blanks_10,34.652065906250584,1,434,fixed_point,0,became_wrong,0.8641975308641975,11,1,0,1,0,0
32,10,1.0,1,checkpoints/sudoku_extreme_hf/checkpoint,0,1,blanks_10,34.652065906250584,1,435,fixed_point,0,became_wrong,0.8518518518518519,12,1,0,1,0,0
32,10,1.0,1,checkpoints/sudoku_extreme_hf/checkpoint,0,1,blanks_10,34.652065906250584,1,436,fixed_point,0,became_wrong,0.8271604938271605,14,1,0,1,0,0
32,10,0.9506172839506173,1,checkpoints/sudoku_extreme_hf/checkpoint,2,1,blanks_10,34.652065906250584,0,437,fixed_point,1,changed_wrong,0.691358024691358,23,1,0,1,0,0
32,10,1.0,1,checkpoints/sudoku_extreme_hf/checkpoint,0,1,blanks_10,34.652065906250584,1,438,fixed_point,0,became_wrong,0.7160493827160493,23,1,0,1,0,0
32,10,1.0,1,checkpoints/sudoku_extreme_hf/checkpoint,0,1,blanks_10,34.652065906250584,1,439,fixed_point,0,became_wrong,0.8641975308641975,11,1,0,1,0,0
32,10,1.0,1,checkpoints/sudoku_extreme_hf/checkpoint,0,1,blanks_10,34.652065906250584,1,440,fixed_point,0,became_wrong,0.9135802469135802,7,1,0,1,0,0
32,10,1.0,1,checkpoints/sudoku_extreme_hf/checkpoint,0,1,blanks_10,34.652065906250584,1,441,fixed_point,0,became_wrong,0.7160493827160493,23,1,0,1,0,0
32,10,1.0,1,checkpoints/sudoku_extreme_hf/checkpoint,0,1,blanks_10,34.652065906250584,1,442,fixed_point,0,became_wrong,0.9259259259259259,6,1,0,1,0,0
32,10,1.0,1,checkpoints/sudoku_extreme_hf/checkpoint,0,1,blanks_10,34.652065906250584,1,443,fixed_point,0,became_wrong,0.9259259259259259,6,1,0,1,0,0
32,10,1.0,1,checkpoints/sudoku_extreme_hf/checkpoint,0,1,blanks_10,34.652065906250584,1,444,fixed_point,0,became_wrong,0.654320987654321,28,1,0,1,0,0
32,10,1.0,1,checkpoints/sudoku_extreme_hf/checkpoint,0,1,blanks_10,34.652065906250584,1,445,fixed_point,0,became_wrong,0.7407407407407407,21,1,0,1,0,0
32,10,0.9506172839506173,1,checkpoints/sudoku_extreme_hf/checkpoint,2,1,blanks_10,34.652065906250584,0,446,fixed_point,1,changed_wrong,0.7654320987654321,16,1,0,1,0,0
32,10,1.0,1,checkpoints/sudoku_extreme_hf/checkpoint,0,1,blanks_10,34.652065906250584,1,447,fixed_point,0,became_wrong,0.8765432098765432,10,1,0,1,0,0
32,10,1.0,1,checkpoints/sudoku_extreme_hf/checkpoint,0,1,blanks_10,35.40647946875097,1,448,fixed_point,0,became_wrong,0.691358024691358,25,1,0,1,0,0
32,10,1.0,1,checkpoints/sudoku_extreme_hf/checkpoint,0,1,blanks_10,35.40647946875097,1,449,fixed_point,0,became_wrong,0.6049382716049383,32,1,0,1,0,0
32,10,1.0,1,checkpoints/sudoku_extreme_hf/checkpoint,0,1,blanks_10,35.40647946875097,1,450,fixed_point,0,became_wrong,0.7283950617283951,22,1,0,1,0,0
32,10,1.0,1,checkpoints/sudoku_extreme_hf/checkpoint,0,1,blanks_10,35.40647946875097,1,451,fixed_point,0,became_wrong,0.6790123456790124,26,1,0,1,0,0
32,10,1.0,1,checkpoints/sudoku_extreme_hf/checkpoint,0,1,blanks_10,35.40647946875097,1,452,fixed_point,0,became_wrong,0.8395061728395061,13,1,0,1,0,0
32,10,1.0,1,checkpoints/sudoku_extreme_hf/checkpoint,0,1,blanks_10,35.40647946875097,1,453,fixed_point,0,became_wrong,0.9506172839506173,4,1,0,1,0,0
32,10,1.0,1,checkpoints/sudoku_extreme_hf/checkpoint,0,1,blanks_10,35.40647946875097,1,454,fixed_point,0,became_wrong,0.8271604938271605,14,1,0,1,0,0
32,10,1.0,1,checkpoints/sudoku_extreme_hf/checkpoint,0,1,blanks_10,35.40647946875097,1,455,fixed_point,0,became_wrong,0.6296296296296297,30,1,0,1,0,0
32,10,1.0,1,checkpoints/sudoku_extreme_hf/checkpoint,0,1,blanks_10,35.40647946875097,1,456,fixed_point,0,became_wrong,0.7654320987654321,19,1,0,1,0,0
32,10,1.0,1,checkpoints/sudoku_extreme_hf/checkpoint,0,1,blanks_10,35.40647946875097,1,457,fixed_point,0,became_wrong,0.6049382716049383,32,1,0,1,0,0
32,10,1.0,1,checkpoints/sudoku_extreme_hf/checkpoint,0,1,blanks_10,35.40647946875097,1,458,fixed_point,0,became_wrong,0.8271604938271605,14,1,0,1,0,0
32,10,1.0,1,checkpoints/sudoku_extreme_hf/checkpoint,0,1,blanks_10,35.40647946875097,1,459,fixed_point,0,became_wrong,0.691358024691358,25,0,0,1,13,0
32,10,1.0,1,checkpoints/sudoku_extreme_hf/checkpoint,0,1,blanks_10,35.40647946875097,1,460,fixed_point,0,became_wrong,0.8518518518518519,12,1,0,1,0,0
32,10,1.0,1,checkpoints/sudoku_extreme_hf/checkpoint,0,1,blanks_10,35.40647946875097,1,461,fixed_point,0,became_wrong,0.7037037037037037,24,0,0,1,21,0
32,10,1.0,1,checkpoints/sudoku_extreme_hf/checkpoint,0,1,blanks_10,35.40647946875097,1,462,fixed_point,0,became_wrong,0.7654320987654321,19,1,0,1,0,0
32,10,1.0,1,checkpoints/sudoku_extreme_hf/checkpoint,0,1,blanks_10,35.40647946875097,1,463,fixed_point,0,became_wrong,0.8641975308641975,11,1,0,1,0,0
32,10,1.0,1,checkpoints/sudoku_extreme_hf/checkpoint,0,1,blanks_10,35.40647946875097,1,464,fixed_point,0,became_wrong,0.7407407407407407,21,1,0,1,0,0
32,10,1.0,1,checkpoints/sudoku_extreme_hf/checkpoint,0,1,blanks_10,35.40647946875097,1,465,fixed_point,0,became_wrong,0.7037037037037037,24,1,0,1,0,0
32,10,1.0,1,checkpoints/sudoku_extreme_hf/checkpoint,0,1,blanks_10,35.40647946875097,1,466,fixed_point,0,became_wrong,0.7777777777777778,18,1,0,1,0,0
32,10,1.0,1,checkpoints/sudoku_extreme_hf/checkpoint,0,1,blanks_10,35.40647946875097,1,467,fixed_point,0,became_wrong,0.9012345679012346,8,1,0,1,0,0
32,10,1.0,1,checkpoints/sudoku_extreme_hf/checkpoint,0,1,blanks_10,35.40647946875097,1,468,fixed_point,0,became_wrong,0.7037037037037037,24,1,0,1,0,0
32,10,1.0,1,checkpoints/sudoku_extreme_hf/checkpoint,0,1,blanks_10,35.40647946875097,1,469,fixed_point,0,became_wrong,0.8765432098765432,10,1,0,1,0,0
32,10,0.9506172839506173,1,checkpoints/sudoku_extreme_hf/checkpoint,2,1,blanks_10,35.40647946875097,0,470,fixed_point,1,changed_wrong,0.5802469135802469,32,1,0,1,0,0
32,10,1.0,0,checkpoints/sudoku_extreme_hf/checkpoint,0,1,blanks_10,35.40647946875097,1,471,fixed_point,0,stable_correct,1.0,0,1,1,0,0,0
32,10,1.0,1,checkpoints/sudoku_extreme_hf/checkpoint,0,1,blanks_10,35.40647946875097,1,472,fixed_point,0,became_wrong,0.5925925925925926,33,0,0,1,14,0
32,10,0.9506172839506173,1,checkpoints/sudoku_extreme_hf/checkpoint,2,1,blanks_10,35.40647946875097,0,473,fixed_point,1,changed_wrong,0.8148148148148148,11,1,0,1,0,0
32,10,1.0,1,checkpoints/sudoku_extreme_hf/checkpoint,0,1,blanks_10,35.40647946875097,1,474,fixed_point,0,became_wrong,0.7901234567901234,17,1,0,1,0,0
32,10,1.0,1,checkpoints/sudoku_extreme_hf/checkpoint,0,1,blanks_10,35.40647946875097,1,475,fixed_point,0,became_wrong,0.6049382716049383,32,1,0,1,0,0
32,10,1.0,1,checkpoints/sudoku_extreme_hf/checkpoint,0,1,blanks_10,35.40647946875097,1,476,fixed_point,0,became_wrong,0.8641975308641975,11,1,0,1,0,0
32,10,1.0,1,checkpoints/sudoku_extreme_hf/checkpoint,0,1,blanks_10,35.40647946875097,1,477,fixed_point,0,became_wrong,0.8765432098765432,10,1,0,1,0,0
32,10,1.0,1,checkpoints/sudoku_extreme_hf/checkpoint,0,1,blanks_10,35.40647946875097,1,478,fixed_point,0,became_wrong,0.7407407407407407,21,1,0,1,0,0
32,10,1.0,1,checkpoints/sudoku_extreme_hf/checkpoint,0,1,blanks_10,35.40647946875097,1,479,fixed_point,0,became_wrong,0.654320987654321,28,1,0,1,0,0
32,10,1.0,1,checkpoints/sudoku_extreme_hf/checkpoint,0,1,blanks_10,34.10748734374991,1,480,fixed_point,0,became_wrong,0.7283950617283951,22,1,0,1,0,0
32,10,1.0,1,checkpoints/sudoku_extreme_hf/checkpoint,0,1,blanks_10,34.10748734374991,1,481,fixed_point,0,became_wrong,0.7654320987654321,19,1,0,1,0,0
32,10,1.0,1,checkpoints/sudoku_extreme_hf/checkpoint,0,1,blanks_10,34.10748734374991,1,482,fixed_point,0,became_wrong,0.9259259259259259,6,1,0,1,0,0
32,10,1.0,1,checkpoints/sudoku_extreme_hf/checkpoint,0,1,blanks_10,34.10748734374991,1,483,fixed_point,0,became_wrong,0.7037037037037037,24,1,0,1,0,0
32,10,1.0,1,checkpoints/sudoku_extreme_hf/checkpoint,0,1,blanks_10,34.10748734374991,1,484,fixed_point,0,became_wrong,0.7530864197530864,20,1,0,1,0,0
32,10,1.0,1,checkpoints/sudoku_extreme_hf/checkpoint,0,1,blanks_10,34.10748734374991,1,485,fixed_point,0,became_wrong,0.7407407407407407,21,1,0,1,0,0
32,10,1.0,1,checkpoints/sudoku_extreme_hf/checkpoint,0,1,blanks_10,34.10748734374991,1,486,fixed_point,0,became_wrong,0.6790123456790124,26,0,0,1,13,0
32,10,1.0,1,checkpoints/sudoku_extreme_hf/checkpoint,0,1,blanks_10,34.10748734374991,1,487,fixed_point,0,became_wrong,0.691358024691358,25,1,0,1,0,0
32,10,1.0,1,checkpoints/sudoku_extreme_hf/checkpoint,0,1,blanks_10,34.10748734374991,1,488,fixed_point,0,became_wrong,0.8148148148148148,15,1,0,1,0,0
32,10,1.0,0,checkpoints/sudoku_extreme_hf/checkpoint,0,1,blanks_10,34.10748734374991,1,489,fixed_point,0,stable_correct,1.0,0,1,1,0,0,0
32,10,1.0,1,checkpoints/sudoku_extreme_hf/checkpoint,0,1,blanks_10,34.10748734374991,1,490,fixed_point,0,became_wrong,0.7407407407407407,21,1,0,1,0,0
32,10,1.0,1,checkpoints/sudoku_extreme_hf/checkpoint,0,1,blanks_10,34.10748734374991,1,491,fixed_point,0,became_wrong,0.654320987654321,28,1,0,1,0,0
32,10,1.0,1,checkpoints/sudoku_extreme_hf/checkpoint,0,1,blanks_10,34.10748734374991,1,492,fixed_point,0,became_wrong,0.691358024691358,25,1,0,1,0,0
32,10,1.0,1,checkpoints/sudoku_extreme_hf/checkpoint,0,1,blanks_10,34.10748734374991,1,493,fixed_point,0,became_wrong,0.7283950617283951,22,0,0,1,3,0
32,10,1.0,0,checkpoints/sudoku_extreme_hf/checkpoint,0,1,blanks_10,34.10748734374991,1,494,fixed_point,0,stable_correct,1.0,0,1,1,0,0,0
32,10,1.0,1,checkpoints/sudoku_extreme_hf/checkpoint,0,1,blanks_10,34.10748734374991,1,495,fixed_point,0,became_wrong,0.7160493827160493,23,0,0,1,22,0
32,10,1.0,1,checkpoints/sudoku_extreme_hf/checkpoint,0,1,blanks_10,34.10748734374991,1,496,fixed_point,0,became_wrong,0.6419753086419753,29,1,0,1,0,0
32,10,0.9506172839506173,1,checkpoints/sudoku_extreme_hf/checkpoint,2,1,blanks_10,34.10748734374991,0,497,fixed_point,1,changed_wrong,0.7407407407407407,19,1,0,1,0,0
32,10,1.0,1,checkpoints/sudoku_extreme_hf/checkpoint,0,1,blanks_10,34.10748734374991,1,498,fixed_point,0,became_wrong,0.6666666666666666,27,1,0,1,0,0
32,10,1.0,1,checkpoints/sudoku_extreme_hf/checkpoint,0,1,blanks_10,34.10748734374991,1,499,fixed_point,0,became_wrong,0.7407407407407407,21,0,0,1,28,0
32,10,1.0,1,checkpoints/sudoku_extreme_hf/checkpoint,0,1,blanks_10,34.10748734374991,1,500,fixed_point,0,became_wrong,0.8271604938271605,14,1,0,1,0,0
32,10,0.9259259259259259,1,checkpoints/sudoku_extreme_hf/checkpoint,5,1,blanks_10,34.10748734374991,0,501,fixed_point,1,changed_wrong,0.8271604938271605,9,1,0,1,0,0
32,10,1.0,1,checkpoints/sudoku_extreme_hf/checkpoint,0,1,blanks_10,34.10748734374991,1,502,fixed_point,0,became_wrong,0.691358024691358,25,0,0,1,24,0
32,10,1.0,1,checkpoints/sudoku_extreme_hf/checkpoint,0,1,blanks_10,34.10748734374991,1,503,fixed_point,0,became_wrong,0.654320987654321,28,0,0,1,31,0
32,10,1.0,1,checkpoints/sudoku_extreme_hf/checkpoint,0,1,blanks_10,34.10748734374991,1,504,fixed_point,0,became_wrong,0.9135802469135802,7,1,0,1,0,0
32,10,1.0,1,checkpoints/sudoku_extreme_hf/checkpoint,0,1,blanks_10,34.10748734374991,1,505,fixed_point,0,became_wrong,0.8888888888888888,9,1,0,1,0,0
32,10,0.9135802469135802,1,checkpoints/sudoku_extreme_hf/checkpoint,6,1,blanks_10,34.10748734374991,0,506,fixed_point,1,changed_wrong,0.8518518518518519,6,1,0,1,0,0
32,10,0.9506172839506173,1,checkpoints/sudoku_extreme_hf/checkpoint,2,1,blanks_10,34.10748734374991,0,507,fixed_point,1,changed_wrong,0.8518518518518519,10,1,0,1,0,0
32,10,0.9506172839506173,1,checkpoints/sudoku_extreme_hf/checkpoint,3,1,blanks_10,34.10748734374991,0,508,fixed_point,1,changed_wrong,0.654320987654321,26,1,0,1,0,0
32,10,1.0,1,checkpoints/sudoku_extreme_hf/checkpoint,0,1,blanks_10,34.10748734374991,1,509,fixed_point,0,became_wrong,0.8395061728395061,13,1,0,1,0,0
32,10,1.0,1,checkpoints/sudoku_extreme_hf/checkpoint,0,1,blanks_10,34.10748734374991,1,510,fixed_point,0,became_wrong,0.8271604938271605,14,1,0,1,0,0
32,10,1.0,1,checkpoints/sudoku_extreme_hf/checkpoint,0,1,blanks_10,34.10748734374991,1,511,fixed_point,0,became_wrong,0.7530864197530864,20,1,0,1,0,0
32,10,1.0,1,checkpoints/sudoku_extreme_hf/checkpoint,0,1,blanks_10,34.749332781249365,1,512,fixed_point,0,became_wrong,0.691358024691358,25,1,0,1,0,0
32,10,1.0,1,checkpoints/sudoku_extreme_hf/checkpoint,0,1,blanks_10,34.749332781249365,1,513,fixed_point,0,became_wrong,0.7283950617283951,22,1,0,1,0,0
32,10,1.0,1,checkpoints/sudoku_extreme_hf/checkpoint,0,1,blanks_10,34.749332781249365,1,514,fixed_point,0,became_wrong,0.7530864197530864,20,1,0,1,0,0
32,10,1.0,1,checkpoints/sudoku_extreme_hf/checkpoint,0,1,blanks_10,34.749332781249365,1,515,fixed_point,0,became_wrong,0.7283950617283951,22,1,0,1,0,0
32,10,1.0,1,checkpoints/sudoku_extreme_hf/checkpoint,0,1,blanks_10,34.749332781249365,1,516,fixed_point,0,became_wrong,0.9259259259259259,6,1,0,1,0,0
32,10,1.0,1,checkpoints/sudoku_extreme_hf/checkpoint,0,1,blanks_10,34.749332781249365,1,517,fixed_point,0,became_wrong,0.8888888888888888,9,1,0,1,0,0
32,10,1.0,1,checkpoints/sudoku_extreme_hf/checkpoint,0,1,blanks_10,34.749332781249365,1,518,fixed_point,0,became_wrong,0.6790123456790124,26,1,0,1,0,0
32,10,1.0,1,checkpoints/sudoku_extreme_hf/checkpoint,0,1,blanks_10,34.749332781249365,1,519,fixed_point,0,became_wrong,0.9135802469135802,7,1,0,1,0,0
32,10,1.0,1,checkpoints/sudoku_extreme_hf/checkpoint,0,1,blanks_10,34.749332781249365,1,520,fixed_point,0,became_wrong,0.7037037037037037,24,1,0,1,0,0
32,10,1.0,1,checkpoints/sudoku_extreme_hf/checkpoint,0,1,blanks_10,34.749332781249365,1,521,fixed_point,0,became_wrong,0.6172839506172839,31,1,0,1,0,0
32,10,1.0,1,checkpoints/sudoku_extreme_hf/checkpoint,0,1,blanks_10,34.749332781249365,1,522,fixed_point,0,became_wrong,0.9259259259259259,6,1,0,1,0,0
32,10,1.0,0,checkpoints/sudoku_extreme_hf/checkpoint,0,1,blanks_10,34.749332781249365,1,523,fixed_point,0,stable_correct,1.0,0,1,1,0,0,0
32,10,1.0,1,checkpoints/sudoku_extreme_hf/checkpoint,0,1,blanks_10,34.749332781249365,1,524,fixed_point,0,became_wrong,0.691358024691358,25,0,0,1,18,0
32,10,1.0,1,checkpoints/sudoku_extreme_hf/checkpoint,0,1,blanks_10,34.749332781249365,1,525,fixed_point,0,became_wrong,0.7283950617283951,22,1,0,1,0,0
32,10,1.0,1,checkpoints/sudoku_extreme_hf/checkpoint,0,1,blanks_10,34.749332781249365,1,526,fixed_point,0,became_wrong,0.8395061728395061,13,1,0,1,0,0
32,10,0.9259259259259259,1,checkpoints/sudoku_extreme_hf/checkpoint,3,1,blanks_10,34.749332781249365,0,527,fixed_point,1,changed_wrong,0.8395061728395061,8,1,0,1,0,0
32,10,1.0,1,checkpoints/sudoku_extreme_hf/checkpoint,0,1,blanks_10,34.749332781249365,1,528,fixed_point,0,became_wrong,0.6790123456790124,26,1,0,1,0,0
32,10,1.0,1,checkpoints/sudoku_extreme_hf/checkpoint,0,1,blanks_10,34.749332781249365,1,529,fixed_point,0,became_wrong,0.8641975308641975,11,1,0,1,0,0
32,10,1.0,1,checkpoints/sudoku_extreme_hf/checkpoint,0,1,blanks_10,34.749332781249365,1,530,fixed_point,0,became_wrong,0.8518518518518519,12,1,0,1,0,0
32,10,1.0,1,checkpoints/sudoku_extreme_hf/checkpoint,0,1,blanks_10,34.749332781249365,1,531,fixed_point,0,became_wrong,0.8765432098765432,10,1,0,1,0,0
32,10,1.0,1,checkpoints/sudoku_extreme_hf/checkpoint,0,1,blanks_10,34.749332781249365,1,532,fixed_point,0,became_wrong,0.691358024691358,25,1,0,1,0,0
32,10,1.0,1,checkpoints/sudoku_extreme_hf/checkpoint,0,1,blanks_10,34.749332781249365,1,533,fixed_point,0,became_wrong,0.8024691358024691,16,1,0,1,0,0
32,10,1.0,1,checkpoints/sudoku_extreme_hf/checkpoint,0,1,blanks_10,34.749332781249365,1,534,fixed_point,0,became_wrong,0.9506172839506173,4,1,0,1,0,0
32,10,1.0,1,checkpoints/sudoku_extreme_hf/checkpoint,0,1,blanks_10,34.749332781249365,1,535,fixed_point,0,became_wrong,0.8395061728395061,13,1,0,1,0,0
32,10,1.0,1,checkpoints/sudoku_extreme_hf/checkpoint,0,1,blanks_10,34.749332781249365,1,536,fixed_point,0,became_wrong,0.7407407407407407,21,1,0,1,0,0
32,10,1.0,1,checkpoints/sudoku_extreme_hf/checkpoint,0,1,blanks_10,34.749332781249365,1,537,fixed_point,0,became_wrong,0.691358024691358,25,1,0,1,0,0
32,10,1.0,1,checkpoints/sudoku_extreme_hf/checkpoint,0,1,blanks_10,34.749332781249365,1,538,fixed_point,0,became_wrong,0.6790123456790124,26,0,0,1,16,0
32,10,1.0,1,checkpoints/sudoku_extreme_hf/checkpoint,0,1,blanks_10,34.749332781249365,1,539,fixed_point,0,became_wrong,0.7654320987654321,19,1,0,1,0,0
32,10,1.0,1,checkpoints/sudoku_extreme_hf/checkpoint,0,1,blanks_10,34.749332781249365,1,540,fixed_point,0,became_wrong,0.8148148148148148,15,1,0,1,0,0
32,10,1.0,1,checkpoints/sudoku_extreme_hf/checkpoint,0,1,blanks_10,34.749332781249365,1,541,fixed_point,0,became_wrong,0.7283950617283951,22,1,0,1,0,0
32,10,0.9506172839506173,1,checkpoints/sudoku_extreme_hf/checkpoint,1,1,blanks_10,34.749332781249365,0,542,fixed_point,1,changed_wrong,0.7160493827160493,21,1,0,1,0,0
32,10,1.0,0,checkpoints/sudoku_extreme_hf/checkpoint,0,1,blanks_10,34.749332781249365,1,543,fixed_point,0,stable_correct,1.0,0,1,1,0,0,0
32,10,1.0,1,checkpoints/sudoku_extreme_hf/checkpoint,0,1,blanks_10,33.245327999999574,1,544,fixed_point,0,became_wrong,0.7654320987654321,19,1,0,1,0,0
32,10,1.0,1,checkpoints/sudoku_extreme_hf/checkpoint,0,1,blanks_10,33.245327999999574,1,545,fixed_point,0,became_wrong,0.7283950617283951,22,1,0,1,0,0
32,10,1.0,1,checkpoints/sudoku_extreme_hf/checkpoint,0,1,blanks_10,33.245327999999574,1,546,fixed_point,0,became_wrong,0.7283950617283951,22,1,0,1,0,0
32,10,1.0,0,checkpoints/sudoku_extreme_hf/checkpoint,0,1,blanks_10,33.245327999999574,1,547,fixed_point,0,stable_correct,1.0,0,1,1,0,0,0
32,10,0.9506172839506173,1,checkpoints/sudoku_extreme_hf/checkpoint,2,1,blanks_10,33.245327999999574,0,548,fixed_point,1,changed_wrong,0.6172839506172839,31,1,0,1,0,0
32,10,1.0,1,checkpoints/sudoku_extreme_hf/checkpoint,0,1,blanks_10,33.245327999999574,1,549,fixed_point,0,became_wrong,0.8641975308641975,11,1,0,1,0,0
32,10,1.0,1,checkpoints/sudoku_extreme_hf/checkpoint,0,1,blanks_10,33.245327999999574,1,550,fixed_point,0,became_wrong,0.9012345679012346,8,1,0,1,0,0
32,10,0.9506172839506173,1,checkpoints/sudoku_extreme_hf/checkpoint,3,1,blanks_10,33.245327999999574,0,551,fixed_point,1,changed_wrong,0.6419753086419753,26,1,0,1,0,0
32,10,0.9506172839506173,1,checkpoints/sudoku_extreme_hf/checkpoint,3,1,blanks_10,33.245327999999574,0,552,fixed_point,1,changed_wrong,0.8888888888888888,13,0,0,1,19,0
32,10,1.0,1,checkpoints/sudoku_extreme_hf/checkpoint,0,1,blanks_10,33.245327999999574,1,553,fixed_point,0,became_wrong,0.7037037037037037,24,1,0,1,0,0
32,10,1.0,1,checkpoints/sudoku_extreme_hf/checkpoint,0,1,blanks_10,33.245327999999574,1,554,fixed_point,0,became_wrong,0.7037037037037037,24,1,0,1,0,0
32,10,1.0,1,checkpoints/sudoku_extreme_hf/checkpoint,0,1,blanks_10,33.245327999999574,1,555,fixed_point,0,became_wrong,0.6790123456790124,26,1,0,1,0,0
32,10,1.0,1,checkpoints/sudoku_extreme_hf/checkpoint,0,1,blanks_10,33.245327999999574,1,556,fixed_point,0,became_wrong,0.8024691358024691,16,1,0,1,0,0
32,10,1.0,1,checkpoints/sudoku_extreme_hf/checkpoint,0,1,blanks_10,33.245327999999574,1,557,fixed_point,0,became_wrong,0.6049382716049383,32,1,0,1,0,0
32,10,1.0,1,checkpoints/sudoku_extreme_hf/checkpoint,0,1,blanks_10,33.245327999999574,1,558,fixed_point,0,became_wrong,0.9012345679012346,8,1,0,1,0,0
32,10,1.0,1,checkpoints/sudoku_extreme_hf/checkpoint,0,1,blanks_10,33.245327999999574,1,559,fixed_point,0,became_wrong,0.9259259259259259,6,1,0,1,0,0
32,10,1.0,0,checkpoints/sudoku_extreme_hf/checkpoint,0,1,blanks_10,33.245327999999574,1,560,fixed_point,0,stable_correct,1.0,0,1,1,0,0,0
32,10,1.0,1,checkpoints/sudoku_extreme_hf/checkpoint,0,1,blanks_10,33.245327999999574,1,561,fixed_point,0,became_wrong,0.6296296296296297,30,1,0,1,0,0
32,10,1.0,1,checkpoints/sudoku_extreme_hf/checkpoint,0,1,blanks_10,33.245327999999574,1,562,fixed_point,0,became_wrong,0.7777777777777778,18,1,0,1,0,0
32,10,1.0,1,checkpoints/sudoku_extreme_hf/checkpoint,0,1,blanks_10,33.245327999999574,1,563,fixed_point,0,became_wrong,0.8765432098765432,10,1,0,1,0,0
32,10,1.0,1,checkpoints/sudoku_extreme_hf/checkpoint,0,1,blanks_10,33.245327999999574,1,564,fixed_point,0,became_wrong,0.8641975308641975,11,1,0,1,0,0
32,10,1.0,1,checkpoints/sudoku_extreme_hf/checkpoint,0,1,blanks_10,33.245327999999574,1,565,fixed_point,0,became_wrong,0.7160493827160493,23,1,0,1,0,0
32,10,1.0,1,checkpoints/sudoku_extreme_hf/checkpoint,0,1,blanks_10,33.245327999999574,1,566,fixed_point,0,became_wrong,0.7160493827160493,23,1,0,1,0,0
32,10,1.0,1,checkpoints/sudoku_extreme_hf/checkpoint,0,1,blanks_10,33.245327999999574,1,567,fixed_point,0,became_wrong,0.8888888888888888,9,1,0,1,0,0
32,10,1.0,1,checkpoints/sudoku_extreme_hf/checkpoint,0,1,blanks_10,33.245327999999574,1,568,fixed_point,0,became_wrong,0.7283950617283951,22,0,0,1,6,0
32,10,1.0,1,checkpoints/sudoku_extreme_hf/checkpoint,0,1,blanks_10,33.245327999999574,1,569,fixed_point,0,became_wrong,0.9506172839506173,4,1,0,1,0,0
32,10,0.9506172839506173,1,checkpoints/sudoku_extreme_hf/checkpoint,2,1,blanks_10,33.245327999999574,0,570,fixed_point,1,changed_wrong,0.6790123456790124,24,1,0,1,0,0
32,10,1.0,1,checkpoints/sudoku_extreme_hf/checkpoint,0,1,blanks_10,33.245327999999574,1,571,fixed_point,0,became_wrong,0.8518518518518519,12,1,0,1,0,0
32,10,1.0,1,checkpoints/sudoku_extreme_hf/checkpoint,0,1,blanks_10,33.245327999999574,1,572,fixed_point,0,became_wrong,0.8518518518518519,12,1,0,1,0,0
32,10,1.0,1,checkpoints/sudoku_extreme_hf/checkpoint,0,1,blanks_10,33.245327999999574,1,573,fixed_point,0,became_wrong,0.8024691358024691,16,1,0,1,0,0
32,10,1.0,1,checkpoints/sudoku_extreme_hf/checkpoint,0,1,blanks_10,33.245327999999574,1,574,fixed_point,0,became_wrong,0.7407407407407407,21,1,0,1,0,0
32,10,1.0,1,checkpoints/sudoku_extreme_hf/checkpoint,0,1,blanks_10,33.245327999999574,1,575,fixed_point,0,became_wrong,0.7037037037037037,24,1,0,1,0,0
32,10,1.0,1,checkpoints/sudoku_extreme_hf/checkpoint,0,1,blanks_10,36.26064709374788,1,576,fixed_point,0,became_wrong,0.7777777777777778,18,1,0,1,0,0
32,10,1.0,1,checkpoints/sudoku_extreme_hf/checkpoint,0,1,blanks_10,36.26064709374788,1,577,fixed_point,0,became_wrong,0.654320987654321,28,1,0,1,0,0
32,10,1.0,1,checkpoints/sudoku_extreme_hf/checkpoint,0,1,blanks_10,36.26064709374788,1,578,fixed_point,0,became_wrong,0.9506172839506173,4,1,0,1,0,0
32,10,1.0,1,checkpoints/sudoku_extreme_hf/checkpoint,0,1,blanks_10,36.26064709374788,1,579,fixed_point,0,became_wrong,0.7777777777777778,18,0,0,1,16,0
32,10,0.9506172839506173,1,checkpoints/sudoku_extreme_hf/checkpoint,3,1,blanks_10,36.26064709374788,0,580,fixed_point,1,changed_wrong,0.8518518518518519,8,1,0,1,0,0
32,10,1.0,1,checkpoints/sudoku_extreme_hf/checkpoint,0,1,blanks_10,36.26064709374788,1,581,fixed_point,0,became_wrong,0.7037037037037037,24,1,0,1,0,0
32,10,1.0,1,checkpoints/sudoku_extreme_hf/checkpoint,0,1,blanks_10,36.26064709374788,1,582,fixed_point,0,became_wrong,0.8024691358024691,16,1,0,1,0,0
32,10,1.0,1,checkpoints/sudoku_extreme_hf/checkpoint,0,1,blanks_10,36.26064709374788,1,583,fixed_point,0,became_wrong,0.8271604938271605,14,0,0,1,33,0
32,10,1.0,1,checkpoints/sudoku_extreme_hf/checkpoint,0,1,blanks_10,36.26064709374788,1,584,fixed_point,0,became_wrong,0.7901234567901234,17,1,0,1,0,0
32,10,1.0,1,checkpoints/sudoku_extreme_hf/checkpoint,0,1,blanks_10,36.26064709374788,1,585,fixed_point,0,became_wrong,0.7283950617283951,22,0,0,1,14,0
32,10,1.0,1,checkpoints/sudoku_extreme_hf/checkpoint,0,1,blanks_10,36.26064709374788,1,586,fixed_point,0,became_wrong,0.6049382716049383,32,1,0,1,0,0
32,10,1.0,1,checkpoints/sudoku_extreme_hf/checkpoint,0,1,blanks_10,36.26064709374788,1,587,fixed_point,0,became_wrong,0.654320987654321,28,1,0,1,0,0
32,10,1.0,1,checkpoints/sudoku_extreme_hf/checkpoint,0,1,blanks_10,36.26064709374788,1,588,fixed_point,0,became_wrong,0.9506172839506173,4,1,0,1,0,0
32,10,1.0,1,checkpoints/sudoku_extreme_hf/checkpoint,0,1,blanks_10,36.26064709374788,1,589,fixed_point,0,became_wrong,0.8148148148148148,15,1,0,1,0,0
32,10,1.0,1,checkpoints/sudoku_extreme_hf/checkpoint,0,1,blanks_10,36.26064709374788,1,590,fixed_point,0,became_wrong,0.7901234567901234,17,1,0,1,0,0
32,10,1.0,1,checkpoints/sudoku_extreme_hf/checkpoint,0,1,blanks_10,36.26064709374788,1,591,fixed_point,0,became_wrong,0.7037037037037037,24,1,0,1,0,0
32,10,1.0,1,checkpoints/sudoku_extreme_hf/checkpoint,0,1,blanks_10,36.26064709374788,1,592,fixed_point,0,became_wrong,0.691358024691358,25,1,0,1,0,0
32,10,1.0,1,checkpoints/sudoku_extreme_hf/checkpoint,0,1,blanks_10,36.26064709374788,1,593,fixed_point,0,became_wrong,0.7777777777777778,18,1,0,1,0,0
32,10,1.0,1,checkpoints/sudoku_extreme_hf/checkpoint,0,1,blanks_10,36.26064709374788,1,594,fixed_point,0,became_wrong,0.6666666666666666,27,1,0,1,0,0
32,10,1.0,1,checkpoints/sudoku_extreme_hf/checkpoint,0,1,blanks_10,36.26064709374788,1,595,fixed_point,0,became_wrong,0.8148148148148148,15,1,0,1,0,0
32,10,1.0,1,checkpoints/sudoku_extreme_hf/checkpoint,0,1,blanks_10,36.26064709374788,1,596,fixed_point,0,became_wrong,0.7283950617283951,22,1,0,1,0,0
32,10,1.0,1,checkpoints/sudoku_extreme_hf/checkpoint,0,1,blanks_10,36.26064709374788,1,597,fixed_point,0,became_wrong,0.6419753086419753,29,1,0,1,0,0
32,10,1.0,1,checkpoints/sudoku_extreme_hf/checkpoint,0,1,blanks_10,36.26064709374788,1,598,fixed_point,0,became_wrong,0.8765432098765432,10,1,0,1,0,0
32,10,1.0,1,checkpoints/sudoku_extreme_hf/checkpoint,0,1,blanks_10,36.26064709374788,1,599,fixed_point,0,became_wrong,0.7160493827160493,23,1,0,1,0,0
32,10,1.0,1,checkpoints/sudoku_extreme_hf/checkpoint,0,1,blanks_10,36.26064709374788,1,600,fixed_point,0,became_wrong,0.6666666666666666,27,1,0,1,0,0
32,10,1.0,1,checkpoints/sudoku_extreme_hf/checkpoint,0,1,blanks_10,36.26064709374788,1,601,fixed_point,0,became_wrong,0.8888888888888888,9,1,0,1,0,0
32,10,1.0,1,checkpoints/sudoku_extreme_hf/checkpoint,0,1,blanks_10,36.26064709374788,1,602,fixed_point,0,became_wrong,0.7654320987654321,19,1,0,1,0,0
32,10,1.0,1,checkpoints/sudoku_extreme_hf/checkpoint,0,1,blanks_10,36.26064709374788,1,603,fixed_point,0,became_wrong,0.6790123456790124,26,1,0,1,0,0
32,10,1.0,1,checkpoints/sudoku_extreme_hf/checkpoint,0,1,blanks_10,36.26064709374788,1,604,fixed_point,0,became_wrong,0.6049382716049383,32,1,0,1,0,0
32,10,0.9506172839506173,1,checkpoints/sudoku_extreme_hf/checkpoint,3,1,blanks_10,36.26064709374788,0,605,fixed_point,1,changed_wrong,0.6666666666666666,25,1,0,1,0,0
32,10,1.0,1,checkpoints/sudoku_extreme_hf/checkpoint,0,1,blanks_10,36.26064709374788,1,606,fixed_point,0,became_wrong,0.7654320987654321,19,1,0,1,0,0
32,10,1.0,1,checkpoints/sudoku_extreme_hf/checkpoint,0,1,blanks_10,36.26064709374788,1,607,fixed_point,0,became_wrong,0.9135802469135802,7,1,0,1,0,0
32,10,0.9506172839506173,1,checkpoints/sudoku_extreme_hf/checkpoint,2,1,blanks_10,35.248724312499036,0,608,fixed_point,1,changed_wrong,0.8395061728395061,10,1,0,1,0,0
32,10,1.0,0,checkpoints/sudoku_extreme_hf/checkpoint,0,1,blanks_10,35.248724312499036,1,609,fixed_point,0,stable_correct,1.0,0,1,1,0,0,0
32,10,1.0,1,checkpoints/sudoku_extreme_hf/checkpoint,0,1,blanks_10,35.248724312499036,1,610,fixed_point,0,became_wrong,0.7283950617283951,22,1,0,1,0,0
32,10,1.0,0,checkpoints/sudoku_extreme_hf/checkpoint,0,1,blanks_10,35.248724312499036,1,611,fixed_point,0,stable_correct,1.0,0,1,1,0,0,0
32,10,1.0,1,checkpoints/sudoku_extreme_hf/checkpoint,0,1,blanks_10,35.248724312499036,1,612,fixed_point,0,became_wrong,0.9506172839506173,4,1,0,1,0,0
32,10,1.0,1,checkpoints/sudoku_extreme_hf/checkpoint,0,1,blanks_10,35.248724312499036,1,613,fixed_point,0,became_wrong,0.6296296296296297,30,1,0,1,0,0
32,10,1.0,1,checkpoints/sudoku_extreme_hf/checkpoint,0,1,blanks_10,35.248724312499036,1,614,fixed_point,0,became_wrong,0.654320987654321,28,0,0,1,3,0
32,10,1.0,1,checkpoints/sudoku_extreme_hf/checkpoint,0,1,blanks_10,35.248724312499036,1,615,fixed_point,0,became_wrong,0.7777777777777778,18,1,0,1,0,0
32,10,1.0,1,checkpoints/sudoku_extreme_hf/checkpoint,0,1,blanks_10,35.248724312499036,1,616,fixed_point,0,became_wrong,0.6049382716049383,32,1,0,1,0,0
32,10,1.0,1,checkpoints/sudoku_extreme_hf/checkpoint,0,1,blanks_10,35.248724312499036,1,617,fixed_point,0,became_wrong,0.7654320987654321,19,1,0,1,0,0
32,10,1.0,1,checkpoints/sudoku_extreme_hf/checkpoint,0,1,blanks_10,35.248724312499036,1,618,fixed_point,0,became_wrong,0.691358024691358,25,1,0,1,0,0
32,10,1.0,1,checkpoints/sudoku_extreme_hf/checkpoint,0,1,blanks_10,35.248724312499036,1,619,fixed_point,0,became_wrong,0.7407407407407407,21,1,0,1,0,0
32,10,1.0,1,checkpoints/sudoku_extreme_hf/checkpoint,0,1,blanks_10,35.248724312499036,1,620,fixed_point,0,became_wrong,0.7901234567901234,17,1,0,1,0,0
32,10,1.0,1,checkpoints/sudoku_extreme_hf/checkpoint,0,1,blanks_10,35.248724312499036,1,621,fixed_point,0,became_wrong,0.9259259259259259,6,1,0,1,0,0
32,10,1.0,1,checkpoints/sudoku_extreme_hf/checkpoint,0,1,blanks_10,35.248724312499036,1,622,fixed_point,0,became_wrong,0.8395061728395061,13,1,0,1,0,0
32,10,1.0,1,checkpoints/sudoku_extreme_hf/checkpoint,0,1,blanks_10,35.248724312499036,1,623,fixed_point,0,became_wrong,0.8148148148148148,15,1,0,1,0,0
32,10,1.0,1,checkpoints/sudoku_extreme_hf/checkpoint,0,1,blanks_10,35.248724312499036,1,624,fixed_point,0,became_wrong,0.7037037037037037,24,0,0,1,32,0
32,10,1.0,1,checkpoints/sudoku_extreme_hf/checkpoint,0,1,blanks_10,35.248724312499036,1,625,fixed_point,0,became_wrong,0.7777777777777778,18,1,0,1,0,0
32,10,1.0,1,checkpoints/sudoku_extreme_hf/checkpoint,0,1,blanks_10,35.248724312499036,1,626,fixed_point,0,became_wrong,0.6790123456790124,26,1,0,1,0,0
32,10,1.0,1,checkpoints/sudoku_extreme_hf/checkpoint,0,1,blanks_10,35.248724312499036,1,627,fixed_point,0,became_wrong,0.7901234567901234,17,0,0,1,22,0
32,10,1.0,1,checkpoints/sudoku_extreme_hf/checkpoint,0,1,blanks_10,35.248724312499036,1,628,fixed_point,0,became_wrong,0.7037037037037037,24,1,0,1,0,0
32,10,1.0,1,checkpoints/sudoku_extreme_hf/checkpoint,0,1,blanks_10,35.248724312499036,1,629,fixed_point,0,became_wrong,0.9259259259259259,6,1,0,1,0,0
32,10,1.0,1,checkpoints/sudoku_extreme_hf/checkpoint,0,1,blanks_10,35.248724312499036,1,630,fixed_point,0,became_wrong,0.8148148148148148,15,1,0,1,0,0
32,10,0.9506172839506173,1,checkpoints/sudoku_extreme_hf/checkpoint,2,1,blanks_10,35.248724312499036,0,631,fixed_point,1,changed_wrong,0.7407407407407407,18,1,0,1,0,0
32,10,1.0,1,checkpoints/sudoku_extreme_hf/checkpoint,0,1,blanks_10,35.248724312499036,1,632,fixed_point,0,became_wrong,0.5679012345679012,35,1,0,1,0,0
32,10,1.0,1,checkpoints/sudoku_extreme_hf/checkpoint,0,1,blanks_10,35.248724312499036,1,633,fixed_point,0,became_wrong,0.7160493827160493,23,0,0,1,23,0
32,10,1.0,1,checkpoints/sudoku_extreme_hf/checkpoint,0,1,blanks_10,35.248724312499036,1,634,fixed_point,0,became_wrong,0.7037037037037037,24,0,0,1,34,0
32,10,1.0,1,checkpoints/sudoku_extreme_hf/checkpoint,0,1,blanks_10,35.248724312499036,1,635,fixed_point,0,became_wrong,0.9506172839506173,4,1,0,1,0,0
32,10,1.0,1,checkpoints/sudoku_extreme_hf/checkpoint,0,1,blanks_10,35.248724312499036,1,636,fixed_point,0,became_wrong,0.8024691358024691,16,1,0,1,0,0
32,10,0.9506172839506173,1,checkpoints/sudoku_extreme_hf/checkpoint,2,1,blanks_10,35.248724312499036,0,637,fixed_point,1,changed_wrong,0.6790123456790124,23,1,0,1,0,0
32,10,1.0,1,checkpoints/sudoku_extreme_hf/checkpoint,0,1,blanks_10,35.248724312499036,1,638,fixed_point,0,became_wrong,0.9506172839506173,4,1,0,1,0,0
32,10,1.0,1,checkpoints/sudoku_extreme_hf/checkpoint,0,1,blanks_10,35.248724312499036,1,639,fixed_point,0,became_wrong,0.9506172839506173,4,1,0,1,0,0
32,10,1.0,1,checkpoints/sudoku_extreme_hf/checkpoint,0,1,blanks_10,36.30584912500012,1,640,fixed_point,0,became_wrong,0.7407407407407407,21,1,0,1,0,0
32,10,1.0,1,checkpoints/sudoku_extreme_hf/checkpoint,0,1,blanks_10,36.30584912500012,1,641,fixed_point,0,became_wrong,0.6172839506172839,31,1,0,1,0,0
32,10,1.0,1,checkpoints/sudoku_extreme_hf/checkpoint,0,1,blanks_10,36.30584912500012,1,642,fixed_point,0,became_wrong,0.8888888888888888,9,1,0,1,0,0
32,10,1.0,1,checkpoints/sudoku_extreme_hf/checkpoint,0,1,blanks_10,36.30584912500012,1,643,fixed_point,0,became_wrong,0.7160493827160493,23,0,0,1,17,0
32,10,1.0,1,checkpoints/sudoku_extreme_hf/checkpoint,0,1,blanks_10,36.30584912500012,1,644,fixed_point,0,became_wrong,0.9259259259259259,6,1,0,1,0,0
32,10,1.0,1,checkpoints/sudoku_extreme_hf/checkpoint,0,1,blanks_10,36.30584912500012,1,645,fixed_point,0,became_wrong,0.654320987654321,28,1,0,1,0,0
32,10,1.0,1,checkpoints/sudoku_extreme_hf/checkpoint,0,1,blanks_10,36.30584912500012,1,646,fixed_point,0,became_wrong,0.8765432098765432,10,1,0,1,0,0
32,10,1.0,1,checkpoints/sudoku_extreme_hf/checkpoint,0,1,blanks_10,36.30584912500012,1,647,fixed_point,0,became_wrong,0.7654320987654321,19,0,0,1,13,0
32,10,1.0,1,checkpoints/sudoku_extreme_hf/checkpoint,0,1,blanks_10,36.30584912500012,1,648,fixed_point,0,became_wrong,0.8765432098765432,10,1,0,1,0,0
32,10,0.9506172839506173,1,checkpoints/sudoku_extreme_hf/checkpoint,2,1,blanks_10,36.30584912500012,0,649,fixed_point,1,changed_wrong,0.7654320987654321,19,1,0,1,0,0
32,10,1.0,1,checkpoints/sudoku_extreme_hf/checkpoint,0,1,blanks_10,36.30584912500012,1,650,fixed_point,0,became_wrong,0.6666666666666666,27,1,0,1,0,0
32,10,1.0,1,checkpoints/sudoku_extreme_hf/checkpoint,0,1,blanks_10,36.30584912500012,1,651,fixed_point,0,became_wrong,0.7160493827160493,23,1,0,1,0,0
32,10,1.0,1,checkpoints/sudoku_extreme_hf/checkpoint,0,1,blanks_10,36.30584912500012,1,652,fixed_point,0,became_wrong,0.8395061728395061,13,1,0,1,0,0
32,10,1.0,1,checkpoints/sudoku_extreme_hf/checkpoint,0,1,blanks_10,36.30584912500012,1,653,fixed_point,0,became_wrong,0.6049382716049383,32,0,0,1,24,0
32,10,1.0,1,checkpoints/sudoku_extreme_hf/checkpoint,0,1,blanks_10,36.30584912500012,1,654,fixed_point,0,became_wrong,0.8271604938271605,14,0,0,1,11,0
32,10,1.0,1,checkpoints/sudoku_extreme_hf/checkpoint,0,1,blanks_10,36.30584912500012,1,655,fixed_point,0,became_wrong,0.7283950617283951,22,1,0,1,0,0
32,10,1.0,1,checkpoints/sudoku_extreme_hf/checkpoint,0,1,blanks_10,36.30584912500012,1,656,fixed_point,0,became_wrong,0.8641975308641975,11,1,0,1,0,0
32,10,1.0,0,checkpoints/sudoku_extreme_hf/checkpoint,0,1,blanks_10,36.30584912500012,1,657,fixed_point,0,stable_correct,1.0,0,1,1,0,0,0
32,10,1.0,1,checkpoints/sudoku_extreme_hf/checkpoint,0,1,blanks_10,36.30584912500012,1,658,fixed_point,0,became_wrong,0.6296296296296297,30,1,0,1,0,0
32,10,1.0,1,checkpoints/sudoku_extreme_hf/checkpoint,0,1,blanks_10,36.30584912500012,1,659,fixed_point,0,became_wrong,0.7901234567901234,17,1,0,1,0,0
32,10,1.0,1,checkpoints/sudoku_extreme_hf/checkpoint,0,1,blanks_10,36.30584912500012,1,660,fixed_point,0,became_wrong,0.9506172839506173,4,1,0,1,0,0
32,10,1.0,1,checkpoints/sudoku_extreme_hf/checkpoint,0,1,blanks_10,36.30584912500012,1,661,fixed_point,0,became_wrong,0.6049382716049383,32,0,0,1,22,0
32,10,1.0,1,checkpoints/sudoku_extreme_hf/checkpoint,0,1,blanks_10,36.30584912500012,1,662,fixed_point,0,became_wrong,0.7777777777777778,18,1,0,1,0,0
32,10,1.0,1,checkpoints/sudoku_extreme_hf/checkpoint,0,1,blanks_10,36.30584912500012,1,663,fixed_point,0,became_wrong,0.7777777777777778,18,1,0,1,0,0
32,10,1.0,1,checkpoints/sudoku_extreme_hf/checkpoint,0,1,blanks_10,36.30584912500012,1,664,fixed_point,0,became_wrong,0.7037037037037037,24,1,0,1,0,0
32,10,1.0,1,checkpoints/sudoku_extreme_hf/checkpoint,0,1,blanks_10,36.30584912500012,1,665,fixed_point,0,became_wrong,0.7283950617283951,22,1,0,1,0,0
32,10,1.0,1,checkpoints/sudoku_extreme_hf/checkpoint,0,1,blanks_10,36.30584912500012,1,666,fixed_point,0,became_wrong,0.8271604938271605,14,1,0,1,0,0
32,10,1.0,1,checkpoints/sudoku_extreme_hf/checkpoint,0,1,blanks_10,36.30584912500012,1,667,fixed_point,0,became_wrong,0.7283950617283951,22,1,0,1,0,0
32,10,1.0,1,checkpoints/sudoku_extreme_hf/checkpoint,0,1,blanks_10,36.30584912500012,1,668,fixed_point,0,became_wrong,0.6172839506172839,31,0,0,1,16,0
32,10,1.0,1,checkpoints/sudoku_extreme_hf/checkpoint,0,1,blanks_10,36.30584912500012,1,669,fixed_point,0,became_wrong,0.7407407407407407,21,1,0,1,0,0
32,10,1.0,1,checkpoints/sudoku_extreme_hf/checkpoint,0,1,blanks_10,36.30584912500012,1,670,fixed_point,0,became_wrong,0.9506172839506173,4,1,0,1,0,0
32,10,1.0,1,checkpoints/sudoku_extreme_hf/checkpoint,0,1,blanks_10,36.30584912500012,1,671,fixed_point,0,became_wrong,0.7160493827160493,23,1,0,1,0,0
32,10,1.0,1,checkpoints/sudoku_extreme_hf/checkpoint,0,1,blanks_10,35.60151353125107,1,672,fixed_point,0,became_wrong,0.7037037037037037,24,1,0,1,0,0
32,10,1.0,1,checkpoints/sudoku_extreme_hf/checkpoint,0,1,blanks_10,35.60151353125107,1,673,fixed_point,0,became_wrong,0.691358024691358,25,1,0,1,0,0
32,10,1.0,1,checkpoints/sudoku_extreme_hf/checkpoint,0,1,blanks_10,35.60151353125107,1,674,fixed_point,0,became_wrong,0.691358024691358,25,1,0,1,0,0
32,10,1.0,1,checkpoints/sudoku_extreme_hf/checkpoint,0,1,blanks_10,35.60151353125107,1,675,fixed_point,0,became_wrong,0.9506172839506173,4,1,0,1,0,0
32,10,1.0,1,checkpoints/sudoku_extreme_hf/checkpoint,0,1,blanks_10,35.60151353125107,1,676,fixed_point,0,became_wrong,0.8765432098765432,10,1,0,1,0,0
32,10,1.0,1,checkpoints/sudoku_extreme_hf/checkpoint,0,1,blanks_10,35.60151353125107,1,677,fixed_point,0,became_wrong,0.8271604938271605,14,1,0,1,0,0
32,10,1.0,1,checkpoints/sudoku_extreme_hf/checkpoint,0,1,blanks_10,35.60151353125107,1,678,fixed_point,0,became_wrong,0.7160493827160493,23,0,0,1,18,0
32,10,1.0,1,checkpoints/sudoku_extreme_hf/checkpoint,0,1,blanks_10,35.60151353125107,1,679,fixed_point,0,became_wrong,0.8271604938271605,14,1,0,1,0,0
32,10,1.0,1,checkpoints/sudoku_extreme_hf/checkpoint,0,1,blanks_10,35.60151353125107,1,680,fixed_point,0,became_wrong,0.8641975308641975,11,1,0,1,0,0
32,10,1.0,1,checkpoints/sudoku_extreme_hf/checkpoint,0,1,blanks_10,35.60151353125107,1,681,fixed_point,0,became_wrong,0.8888888888888888,9,1,0,1,0,0
32,10,1.0,1,checkpoints/sudoku_extreme_hf/checkpoint,0,1,blanks_10,35.60151353125107,1,682,fixed_point,0,became_wrong,0.9135802469135802,7,1,0,1,0,0
32,10,1.0,1,checkpoints/sudoku_extreme_hf/checkpoint,0,1,blanks_10,35.60151353125107,1,683,fixed_point,0,became_wrong,0.8395061728395061,13,1,0,1,0,0
32,10,1.0,1,checkpoints/sudoku_extreme_hf/checkpoint,0,1,blanks_10,35.60151353125107,1,684,fixed_point,0,became_wrong,0.9259259259259259,6,1,0,1,0,0
32,10,1.0,1,checkpoints/sudoku_extreme_hf/checkpoint,0,1,blanks_10,35.60151353125107,1,685,fixed_point,0,became_wrong,0.8395061728395061,13,1,0,1,0,0
32,10,1.0,1,checkpoints/sudoku_extreme_hf/checkpoint,0,1,blanks_10,35.60151353125107,1,686,fixed_point,0,became_wrong,0.691358024691358,25,0,0,1,15,0
32,10,1.0,0,checkpoints/sudoku_extreme_hf/checkpoint,0,1,blanks_10,35.60151353125107,1,687,fixed_point,0,stable_correct,1.0,0,1,1,0,0,0
32,10,1.0,1,checkpoints/sudoku_extreme_hf/checkpoint,0,1,blanks_10,35.60151353125107,1,688,fixed_point,0,became_wrong,0.7037037037037037,24,1,0,1,0,0
32,10,1.0,1,checkpoints/sudoku_extreme_hf/checkpoint,0,1,blanks_10,35.60151353125107,1,689,fixed_point,0,became_wrong,0.5432098765432098,37,1,0,1,0,0
32,10,1.0,1,checkpoints/sudoku_extreme_hf/checkpoint,0,1,blanks_10,35.60151353125107,1,690,fixed_point,0,became_wrong,0.7654320987654321,19,1,0,1,0,0
32,10,1.0,1,checkpoints/sudoku_extreme_hf/checkpoint,0,1,blanks_10,35.60151353125107,1,691,fixed_point,0,became_wrong,0.691358024691358,25,1,0,1,0,0
32,10,1.0,1,checkpoints/sudoku_extreme_hf/checkpoint,0,1,blanks_10,35.60151353125107,1,692,fixed_point,0,became_wrong,0.8024691358024691,16,1,0,1,0,0
32,10,1.0,1,checkpoints/sudoku_extreme_hf/checkpoint,0,1,blanks_10,35.60151353125107,1,693,fixed_point,0,became_wrong,0.6790123456790124,26,1,0,1,0,0
32,10,1.0,1,checkpoints/sudoku_extreme_hf/checkpoint,0,1,blanks_10,35.60151353125107,1,694,fixed_point,0,became_wrong,0.8271604938271605,14,1,0,1,0,0
32,10,1.0,1,checkpoints/sudoku_extreme_hf/checkpoint,0,1,blanks_10,35.60151353125107,1,695,fixed_point,0,became_wrong,0.9259259259259259,6,1,0,1,0,0
32,10,1.0,1,checkpoints/sudoku_extreme_hf/checkpoint,0,1,blanks_10,35.60151353125107,1,696,fixed_point,0,became_wrong,0.6790123456790124,26,1,0,1,0,0
32,10,1.0,1,checkpoints/sudoku_extreme_hf/checkpoint,0,1,blanks_10,35.60151353125107,1,697,fixed_point,0,became_wrong,0.6172839506172839,31,0,0,1,29,0
32,10,1.0,1,checkpoints/sudoku_extreme_hf/checkpoint,0,1,blanks_10,35.60151353125107,1,698,fixed_point,0,became_wrong,0.8641975308641975,11,1,0,1,0,0
32,10,1.0,1,checkpoints/sudoku_extreme_hf/checkpoint,0,1,blanks_10,35.60151353125107,1,699,fixed_point,0,became_wrong,0.8271604938271605,14,1,0,1,0,0
32,10,1.0,1,checkpoints/sudoku_extreme_hf/checkpoint,0,1,blanks_10,35.60151353125107,1,700,fixed_point,0,became_wrong,0.7160493827160493,23,1,0,1,0,0
32,10,1.0,1,checkpoints/sudoku_extreme_hf/checkpoint,0,1,blanks_10,35.60151353125107,1,701,fixed_point,0,became_wrong,0.7901234567901234,17,1,0,1,0,0
32,10,1.0,1,checkpoints/sudoku_extreme_hf/checkpoint,0,1,blanks_10,35.60151353125107,1,702,fixed_point,0,became_wrong,0.8271604938271605,14,1,0,1,0,0
32,10,0.9506172839506173,1,checkpoints/sudoku_extreme_hf/checkpoint,3,1,blanks_10,35.60151353125107,0,703,fixed_point,1,changed_wrong,0.7037037037037037,21,1,0,1,0,0
32,10,1.0,1,checkpoints/sudoku_extreme_hf/checkpoint,0,1,blanks_10,36.65673040624995,1,704,fixed_point,0,became_wrong,0.8024691358024691,16,1,0,1,0,0
32,10,1.0,1,checkpoints/sudoku_extreme_hf/checkpoint,0,1,blanks_10,36.65673040624995,1,705,fixed_point,0,became_wrong,0.9506172839506173,4,1,0,1,0,0
32,10,1.0,1,checkpoints/sudoku_extreme_hf/checkpoint,0,1,blanks_10,36.65673040624995,1,706,fixed_point,0,became_wrong,0.7530864197530864,20,0,0,1,16,0
32,10,1.0,1,checkpoints/sudoku_extreme_hf/checkpoint,0,1,blanks_10,36.65673040624995,1,707,fixed_point,0,became_wrong,0.7530864197530864,20,1,0,1,0,0
32,10,1.0,1,checkpoints/sudoku_extreme_hf/checkpoint,0,1,blanks_10,36.65673040624995,1,708,fixed_point,0,became_wrong,0.8641975308641975,11,1,0,1,0,0
32,10,1.0,1,checkpoints/sudoku_extreme_hf/checkpoint,0,1,blanks_10,36.65673040624995,1,709,fixed_point,0,became_wrong,0.691358024691358,25,1,0,1,0,0
32,10,1.0,1,checkpoints/sudoku_extreme_hf/checkpoint,0,1,blanks_10,36.65673040624995,1,710,fixed_point,0,became_wrong,0.9012345679012346,8,1,0,1,0,0
32,10,1.0,1,checkpoints/sudoku_extreme_hf/checkpoint,0,1,blanks_10,36.65673040624995,1,711,fixed_point,0,became_wrong,0.7777777777777778,18,1,0,1,0,0
32,10,1.0,1,checkpoints/sudoku_extreme_hf/checkpoint,0,1,blanks_10,36.65673040624995,1,712,fixed_point,0,became_wrong,0.7530864197530864,20,1,0,1,0,0
32,10,1.0,1,checkpoints/sudoku_extreme_hf/checkpoint,0,1,blanks_10,36.65673040624995,1,713,fixed_point,0,became_wrong,0.7530864197530864,20,1,0,1,0,0
32,10,1.0,1,checkpoints/sudoku_extreme_hf/checkpoint,0,1,blanks_10,36.65673040624995,1,714,fixed_point,0,became_wrong,0.9506172839506173,4,1,0,1,0,0
32,10,1.0,0,checkpoints/sudoku_extreme_hf/checkpoint,0,1,blanks_10,36.65673040624995,1,715,fixed_point,0,stable_correct,1.0,0,1,1,0,0,0
32,10,1.0,1,checkpoints/sudoku_extreme_hf/checkpoint,0,1,blanks_10,36.65673040624995,1,716,fixed_point,0,became_wrong,0.7283950617283951,22,1,0,1,0,0
32,10,1.0,1,checkpoints/sudoku_extreme_hf/checkpoint,0,1,blanks_10,36.65673040624995,1,717,fixed_point,0,became_wrong,0.9259259259259259,6,1,0,1,0,0
32,10,1.0,1,checkpoints/sudoku_extreme_hf/checkpoint,0,1,blanks_10,36.65673040624995,1,718,fixed_point,0,became_wrong,0.9506172839506173,4,1,0,1,0,0
32,10,1.0,1,checkpoints/sudoku_extreme_hf/checkpoint,0,1,blanks_10,36.65673040624995,1,719,fixed_point,0,became_wrong,0.6666666666666666,27,1,0,1,0,0
32,10,1.0,1,checkpoints/sudoku_extreme_hf/checkpoint,0,1,blanks_10,36.65673040624995,1,720,fixed_point,0,became_wrong,0.7901234567901234,17,1,0,1,0,0
32,10,1.0,1,checkpoints/sudoku_extreme_hf/checkpoint,0,1,blanks_10,36.65673040624995,1,721,fixed_point,0,became_wrong,0.7530864197530864,20,1,0,1,0,0
32,10,1.0,1,checkpoints/sudoku_extreme_hf/checkpoint,0,1,blanks_10,36.65673040624995,1,722,fixed_point,0,became_wrong,0.6419753086419753,29,1,0,1,0,0
32,10,1.0,1,checkpoints/sudoku_extreme_hf/checkpoint,0,1,blanks_10,36.65673040624995,1,723,fixed_point,0,became_wrong,0.7901234567901234,17,0,0,1,12,0
32,10,1.0,1,checkpoints/sudoku_extreme_hf/checkpoint,0,1,blanks_10,36.65673040624995,1,724,fixed_point,0,became_wrong,0.6049382716049383,32,1,0,1,0,0
32,10,1.0,1,checkpoints/sudoku_extreme_hf/checkpoint,0,1,blanks_10,36.65673040624995,1,725,fixed_point,0,became_wrong,0.9506172839506173,4,1,0,1,0,0
32,10,1.0,1,checkpoints/sudoku_extreme_hf/checkpoint,0,1,blanks_10,36.65673040624995,1,726,fixed_point,0,became_wrong,0.9506172839506173,4,1,0,1,0,0
32,10,1.0,1,checkpoints/sudoku_extreme_hf/checkpoint,0,1,blanks_10,36.65673040624995,1,727,fixed_point,0,became_wrong,0.7777777777777778,18,1,0,1,0,0
32,10,1.0,0,checkpoints/sudoku_extreme_hf/checkpoint,0,1,blanks_10,36.65673040624995,1,728,fixed_point,0,stable_correct,1.0,0,1,1,0,0,0
32,10,1.0,1,checkpoints/sudoku_extreme_hf/checkpoint,0,1,blanks_10,36.65673040624995,1,729,fixed_point,0,became_wrong,0.691358024691358,25,1,0,1,0,0
32,10,1.0,1,checkpoints/sudoku_extreme_hf/checkpoint,0,1,blanks_10,36.65673040624995,1,730,fixed_point,0,became_wrong,0.7283950617283951,22,1,0,1,0,0
32,10,1.0,1,checkpoints/sudoku_extreme_hf/checkpoint,0,1,blanks_10,36.65673040624995,1,731,fixed_point,0,became_wrong,0.7901234567901234,17,1,0,1,0,0
32,10,1.0,1,checkpoints/sudoku_extreme_hf/checkpoint,0,1,blanks_10,36.65673040624995,1,732,fixed_point,0,became_wrong,0.5802469135802469,34,1,0,1,0,0
32,10,0.9506172839506173,1,checkpoints/sudoku_extreme_hf/checkpoint,1,1,blanks_10,36.65673040624995,0,733,fixed_point,1,changed_wrong,0.9012345679012346,4,1,0,1,0,0
32,10,1.0,1,checkpoints/sudoku_extreme_hf/checkpoint,0,1,blanks_10,36.65673040624995,1,734,fixed_point,0,became_wrong,0.6296296296296297,30,1,0,1,0,0
32,10,1.0,1,checkpoints/sudoku_extreme_hf/checkpoint,0,1,blanks_10,36.65673040624995,1,735,fixed_point,0,became_wrong,0.9012345679012346,8,1,0,1,0,0
32,10,1.0,1,checkpoints/sudoku_extreme_hf/checkpoint,0,1,blanks_10,35.64148321874683,1,736,fixed_point,0,became_wrong,0.7283950617283951,22,1,0,1,0,0
32,10,0.9506172839506173,1,checkpoints/sudoku_extreme_hf/checkpoint,2,1,blanks_10,35.64148321874683,0,737,fixed_point,1,changed_wrong,0.9135802469135802,4,1,0,1,0,0
32,10,1.0,1,checkpoints/sudoku_extreme_hf/checkpoint,0,1,blanks_10,35.64148321874683,1,738,fixed_point,0,became_wrong,0.9259259259259259,6,1,0,1,0,0
32,10,1.0,1,checkpoints/sudoku_extreme_hf/checkpoint,0,1,blanks_10,35.64148321874683,1,739,fixed_point,0,became_wrong,0.8271604938271605,14,1,0,1,0,0
32,10,1.0,1,checkpoints/sudoku_extreme_hf/checkpoint,0,1,blanks_10,35.64148321874683,1,740,fixed_point,0,became_wrong,0.8641975308641975,11,1,0,1,0,0
32,10,1.0,1,checkpoints/sudoku_extreme_hf/checkpoint,0,1,blanks_10,35.64148321874683,1,741,fixed_point,0,became_wrong,0.7777777777777778,18,1,0,1,0,0
32,10,1.0,1,checkpoints/sudoku_extreme_hf/checkpoint,0,1,blanks_10,35.64148321874683,1,742,fixed_point,0,became_wrong,0.7283950617283951,22,1,0,1,0,0
32,10,1.0,1,checkpoints/sudoku_extreme_hf/checkpoint,0,1,blanks_10,35.64148321874683,1,743,fixed_point,0,became_wrong,0.9506172839506173,4,1,0,1,0,0
32,10,1.0,1,checkpoints/sudoku_extreme_hf/checkpoint,0,1,blanks_10,35.64148321874683,1,744,fixed_point,0,became_wrong,0.7160493827160493,23,1,0,1,0,0
32,10,1.0,1,checkpoints/sudoku_extreme_hf/checkpoint,0,1,blanks_10,35.64148321874683,1,745,fixed_point,0,became_wrong,0.7901234567901234,17,1,0,1,0,0
32,10,1.0,1,checkpoints/sudoku_extreme_hf/checkpoint,0,1,blanks_10,35.64148321874683,1,746,fixed_point,0,became_wrong,0.7530864197530864,20,1,0,1,0,0
32,10,0.9506172839506173,1,checkpoints/sudoku_extreme_hf/checkpoint,4,1,blanks_10,35.64148321874683,0,747,fixed_point,1,changed_wrong,0.7407407407407407,22,1,0,1,0,0
32,10,0.691358024691358,1,checkpoints/sudoku_extreme_hf/checkpoint,21,1,blanks_10,35.64148321874683,0,748,fixed_point,1,changed_wrong,0.5185185185185185,26,1,0,1,0,0
32,10,1.0,1,checkpoints/sudoku_extreme_hf/checkpoint,0,1,blanks_10,35.64148321874683,1,749,fixed_point,0,became_wrong,0.9506172839506173,4,1,0,1,0,0
32,10,0.9506172839506173,1,checkpoints/sudoku_extreme_hf/checkpoint,3,1,blanks_10,35.64148321874683,0,750,fixed_point,1,changed_wrong,0.8641975308641975,7,1,0,1,0,0
32,10,1.0,1,checkpoints/sudoku_extreme_hf/checkpoint,0,1,blanks_10,35.64148321874683,1,751,fixed_point,0,became_wrong,0.7901234567901234,17,1,0,1,0,0
32,10,1.0,1,checkpoints/sudoku_extreme_hf/checkpoint,0,1,blanks_10,35.64148321874683,1,752,fixed_point,0,became_wrong,0.8148148148148148,15,0,0,1,10,0
32,10,1.0,1,checkpoints/sudoku_extreme_hf/checkpoint,0,1,blanks_10,35.64148321874683,1,753,fixed_point,0,became_wrong,0.7530864197530864,20,1,0,1,0,0
32,10,1.0,1,checkpoints/sudoku_extreme_hf/checkpoint,0,1,blanks_10,35.64148321874683,1,754,fixed_point,0,became_wrong,0.7407407407407407,21,1,0,1,0,0
32,10,1.0,1,checkpoints/sudoku_extreme_hf/checkpoint,0,1,blanks_10,35.64148321874683,1,755,fixed_point,0,became_wrong,0.9506172839506173,4,1,0,1,0,0
32,10,1.0,1,checkpoints/sudoku_extreme_hf/checkpoint,0,1,blanks_10,35.64148321874683,1,756,fixed_point,0,became_wrong,0.691358024691358,25,1,0,1,0,0
32,10,1.0,1,checkpoints/sudoku_extreme_hf/checkpoint,0,1,blanks_10,35.64148321874683,1,757,fixed_point,0,became_wrong,0.6790123456790124,26,1,0,1,0,0
32,10,1.0,1,checkpoints/sudoku_extreme_hf/checkpoint,0,1,blanks_10,35.64148321874683,1,758,fixed_point,0,became_wrong,0.8271604938271605,14,1,0,1,0,0
32,10,1.0,1,checkpoints/sudoku_extreme_hf/checkpoint,0,1,blanks_10,35.64148321874683,1,759,fixed_point,0,became_wrong,0.8271604938271605,14,1,0,1,0,0
32,10,1.0,1,checkpoints/sudoku_extreme_hf/checkpoint,0,1,blanks_10,35.64148321874683,1,760,fixed_point,0,became_wrong,0.7037037037037037,24,1,0,1,0,0
32,10,1.0,1,checkpoints/sudoku_extreme_hf/checkpoint,0,1,blanks_10,35.64148321874683,1,761,fixed_point,0,became_wrong,0.7037037037037037,24,0,0,1,3,0
32,10,1.0,1,checkpoints/sudoku_extreme_hf/checkpoint,0,1,blanks_10,35.64148321874683,1,762,fixed_point,0,became_wrong,0.9259259259259259,6,1,0,1,0,0
32,10,1.0,1,checkpoints/sudoku_extreme_hf/checkpoint,0,1,blanks_10,35.64148321874683,1,763,fixed_point,0,became_wrong,0.9012345679012346,8,1,0,1,0,0
32,10,1.0,1,checkpoints/sudoku_extreme_hf/checkpoint,0,1,blanks_10,35.64148321874683,1,764,fixed_point,0,became_wrong,0.7037037037037037,24,1,0,1,0,0
32,10,1.0,1,checkpoints/sudoku_extreme_hf/checkpoint,0,1,blanks_10,35.64148321874683,1,765,fixed_point,0,became_wrong,0.6666666666666666,27,1,0,1,0,0
32,10,1.0,1,checkpoints/sudoku_extreme_hf/checkpoint,0,1,blanks_10,35.64148321874683,1,766,fixed_point,0,became_wrong,0.9506172839506173,4,1,0,1,0,0
32,10,1.0,1,checkpoints/sudoku_extreme_hf/checkpoint,0,1,blanks_10,35.64148321874683,1,767,fixed_point,0,became_wrong,0.8271604938271605,14,1,0,1,0,0
32,10,1.0,1,checkpoints/sudoku_extreme_hf/checkpoint,0,1,blanks_10,34.14872253124912,1,768,fixed_point,0,became_wrong,0.8148148148148148,15,1,0,1,0,0
32,10,1.0,1,checkpoints/sudoku_extreme_hf/checkpoint,0,1,blanks_10,34.14872253124912,1,769,fixed_point,0,became_wrong,0.6666666666666666,27,1,0,1,0,0
32,10,1.0,0,checkpoints/sudoku_extreme_hf/checkpoint,0,1,blanks_10,34.14872253124912,1,770,fixed_point,0,stable_correct,1.0,0,1,1,0,0,0
32,10,1.0,1,checkpoints/sudoku_extreme_hf/checkpoint,0,1,blanks_10,34.14872253124912,1,771,fixed_point,0,became_wrong,0.7283950617283951,22,1,0,1,0,0
32,10,1.0,1,checkpoints/sudoku_extreme_hf/checkpoint,0,1,blanks_10,34.14872253124912,1,772,fixed_point,0,became_wrong,0.8024691358024691,16,0,0,1,24,0
32,10,1.0,1,checkpoints/sudoku_extreme_hf/checkpoint,0,1,blanks_10,34.14872253124912,1,773,fixed_point,0,became_wrong,0.7283950617283951,22,1,0,1,0,0
32,10,1.0,1,checkpoints/sudoku_extreme_hf/checkpoint,0,1,blanks_10,34.14872253124912,1,774,fixed_point,0,became_wrong,0.7654320987654321,19,1,0,1,0,0
32,10,1.0,1,checkpoints/sudoku_extreme_hf/checkpoint,0,1,blanks_10,34.14872253124912,1,775,fixed_point,0,became_wrong,0.8024691358024691,16,1,0,1,0,0
32,10,1.0,1,checkpoints/sudoku_extreme_hf/checkpoint,0,1,blanks_10,34.14872253124912,1,776,fixed_point,0,became_wrong,0.7283950617283951,22,1,0,1,0,0
32,10,1.0,1,checkpoints/sudoku_extreme_hf/checkpoint,0,1,blanks_10,34.14872253124912,1,777,fixed_point,0,became_wrong,0.8765432098765432,10,0,0,1,14,0
32,10,1.0,1,checkpoints/sudoku_extreme_hf/checkpoint,0,1,blanks_10,34.14872253124912,1,778,fixed_point,0,became_wrong,0.7530864197530864,20,1,0,1,0,0
32,10,1.0,1,checkpoints/sudoku_extreme_hf/checkpoint,0,1,blanks_10,34.14872253124912,1,779,fixed_point,0,became_wrong,0.7160493827160493,23,1,0,1,0,0
32,10,1.0,0,checkpoints/sudoku_extreme_hf/checkpoint,0,1,blanks_10,34.14872253124912,1,780,fixed_point,0,stable_correct,1.0,0,1,1,0,0,0
32,10,1.0,1,checkpoints/sudoku_extreme_hf/checkpoint,0,1,blanks_10,34.14872253124912,1,781,fixed_point,0,became_wrong,0.7160493827160493,23,1,0,1,0,0
32,10,1.0,1,checkpoints/sudoku_extreme_hf/checkpoint,0,1,blanks_10,34.14872253124912,1,782,fixed_point,0,became_wrong,0.8271604938271605,14,1,0,1,0,0
32,10,1.0,1,checkpoints/sudoku_extreme_hf/checkpoint,0,1,blanks_10,34.14872253124912,1,783,fixed_point,0,became_wrong,0.7530864197530864,20,1,0,1,0,0
32,10,1.0,1,checkpoints/sudoku_extreme_hf/checkpoint,0,1,blanks_10,34.14872253124912,1,784,fixed_point,0,became_wrong,0.8641975308641975,11,1,0,1,0,0
32,10,1.0,1,checkpoints/sudoku_extreme_hf/checkpoint,0,1,blanks_10,34.14872253124912,1,785,fixed_point,0,became_wrong,0.8148148148148148,15,1,0,1,0,0
32,10,1.0,1,checkpoints/sudoku_extreme_hf/checkpoint,0,1,blanks_10,34.14872253124912,1,786,fixed_point,0,became_wrong,0.8641975308641975,11,1,0,1,0,0
32,10,1.0,1,checkpoints/sudoku_extreme_hf/checkpoint,0,1,blanks_10,34.14872253124912,1,787,fixed_point,0,became_wrong,0.7160493827160493,23,0,0,1,23,0
32,10,1.0,1,checkpoints/sudoku_extreme_hf/checkpoint,0,1,blanks_10,34.14872253124912,1,788,fixed_point,0,became_wrong,0.8765432098765432,10,1,0,1,0,0
32,10,1.0,1,checkpoints/sudoku_extreme_hf/checkpoint,0,1,blanks_10,34.14872253124912,1,789,fixed_point,0,became_wrong,0.6419753086419753,29,1,0,1,0,0
32,10,1.0,1,checkpoints/sudoku_extreme_hf/checkpoint,0,1,blanks_10,34.14872253124912,1,790,fixed_point,0,became_wrong,0.691358024691358,25,1,0,1,0,0
32,10,1.0,1,checkpoints/sudoku_extreme_hf/checkpoint,0,1,blanks_10,34.14872253124912,1,791,fixed_point,0,became_wrong,0.5925925925925926,33,1,0,1,0,0
32,10,1.0,1,checkpoints/sudoku_extreme_hf/checkpoint,0,1,blanks_10,34.14872253124912,1,792,fixed_point,0,became_wrong,0.7777777777777778,18,1,0,1,0,0
32,10,1.0,1,checkpoints/sudoku_extreme_hf/checkpoint,0,1,blanks_10,34.14872253124912,1,793,fixed_point,0,became_wrong,0.8395061728395061,13,1,0,1,0,0
32,10,1.0,1,checkpoints/sudoku_extreme_hf/checkpoint,0,1,blanks_10,34.14872253124912,1,794,fixed_point,0,became_wrong,0.7901234567901234,17,1,0,1,0,0
32,10,1.0,1,checkpoints/sudoku_extreme_hf/checkpoint,0,1,blanks_10,34.14872253124912,1,795,fixed_point,0,became_wrong,0.8024691358024691,16,1,0,1,0,0
32,10,1.0,1,checkpoints/sudoku_extreme_hf/checkpoint,0,1,blanks_10,34.14872253124912,1,796,fixed_point,0,became_wrong,0.7283950617283951,22,0,0,1,16,0
32,10,1.0,1,checkpoints/sudoku_extreme_hf/checkpoint,0,1,blanks_10,34.14872253124912,1,797,fixed_point,0,became_wrong,0.6172839506172839,31,1,0,1,0,0
32,10,1.0,1,checkpoints/sudoku_extreme_hf/checkpoint,0,1,blanks_10,34.14872253124912,1,798,fixed_point,0,became_wrong,0.9259259259259259,6,1,0,1,0,0
32,10,1.0,1,checkpoints/sudoku_extreme_hf/checkpoint,0,1,blanks_10,34.14872253124912,1,799,fixed_point,0,became_wrong,0.9506172839506173,4,1,0,1,0,0
32,10,1.0,1,checkpoints/sudoku_extreme_hf/checkpoint,0,1,blanks_10,33.31754906249884,1,800,fixed_point,0,became_wrong,0.6049382716049383,32,1,0,1,0,0
32,10,1.0,1,checkpoints/sudoku_extreme_hf/checkpoint,0,1,blanks_10,33.31754906249884,1,801,fixed_point,0,became_wrong,0.7160493827160493,23,1,0,1,0,0
32,10,1.0,1,checkpoints/sudoku_extreme_hf/checkpoint,0,1,blanks_10,33.31754906249884,1,802,fixed_point,0,became_wrong,0.691358024691358,25,1,0,1,0,0
32,10,1.0,1,checkpoints/sudoku_extreme_hf/checkpoint,0,1,blanks_10,33.31754906249884,1,803,fixed_point,0,became_wrong,0.654320987654321,28,1,0,1,0,0
32,10,1.0,1,checkpoints/sudoku_extreme_hf/checkpoint,0,1,blanks_10,33.31754906249884,1,804,fixed_point,0,became_wrong,0.9506172839506173,4,1,0,1,0,0
32,10,1.0,1,checkpoints/sudoku_extreme_hf/checkpoint,0,1,blanks_10,33.31754906249884,1,805,fixed_point,0,became_wrong,0.7283950617283951,22,1,0,1,0,0
32,10,1.0,1,checkpoints/sudoku_extreme_hf/checkpoint,0,1,blanks_10,33.31754906249884,1,806,fixed_point,0,became_wrong,0.7530864197530864,20,1,0,1,0,0
32,10,1.0,1,checkpoints/sudoku_extreme_hf/checkpoint,0,1,blanks_10,33.31754906249884,1,807,fixed_point,0,became_wrong,0.9012345679012346,8,1,0,1,0,0
32,10,1.0,1,checkpoints/sudoku_extreme_hf/checkpoint,0,1,blanks_10,33.31754906249884,1,808,fixed_point,0,became_wrong,0.654320987654321,28,1,0,1,0,0
32,10,1.0,0,checkpoints/sudoku_extreme_hf/checkpoint,0,1,blanks_10,33.31754906249884,1,809,fixed_point,0,stable_correct,1.0,0,1,1,0,0,0
32,10,1.0,1,checkpoints/sudoku_extreme_hf/checkpoint,0,1,blanks_10,33.31754906249884,1,810,fixed_point,0,became_wrong,0.7160493827160493,23,1,0,1,0,0
32,10,1.0,1,checkpoints/sudoku_extreme_hf/checkpoint,0,1,blanks_10,33.31754906249884,1,811,fixed_point,0,became_wrong,0.8024691358024691,16,1,0,1,0,0
32,10,1.0,1,checkpoints/sudoku_extreme_hf/checkpoint,0,1,blanks_10,33.31754906249884,1,812,fixed_point,0,became_wrong,0.7901234567901234,17,1,0,1,0,0
32,10,1.0,1,checkpoints/sudoku_extreme_hf/checkpoint,0,1,blanks_10,33.31754906249884,1,813,fixed_point,0,became_wrong,0.9012345679012346,8,1,0,1,0,0
32,10,1.0,1,checkpoints/sudoku_extreme_hf/checkpoint,0,1,blanks_10,33.31754906249884,1,814,fixed_point,0,became_wrong,0.8271604938271605,14,1,0,1,0,0
32,10,1.0,1,checkpoints/sudoku_extreme_hf/checkpoint,0,1,blanks_10,33.31754906249884,1,815,fixed_point,0,became_wrong,0.7654320987654321,19,1,0,1,0,0
32,10,1.0,1,checkpoints/sudoku_extreme_hf/checkpoint,0,1,blanks_10,33.31754906249884,1,816,fixed_point,0,became_wrong,0.7037037037037037,24,0,0,1,29,0
32,10,1.0,1,checkpoints/sudoku_extreme_hf/checkpoint,0,1,blanks_10,33.31754906249884,1,817,fixed_point,0,became_wrong,0.7037037037037037,24,1,0,1,0,0
32,10,1.0,1,checkpoints/sudoku_extreme_hf/checkpoint,0,1,blanks_10,33.31754906249884,1,818,fixed_point,0,became_wrong,0.7654320987654321,19,1,0,1,0,0
32,10,1.0,1,checkpoints/sudoku_extreme_hf/checkpoint,0,1,blanks_10,33.31754906249884,1,819,fixed_point,0,became_wrong,0.8518518518518519,12,1,0,1,0,0
32,10,1.0,1,checkpoints/sudoku_extreme_hf/checkpoint,0,1,blanks_10,33.31754906249884,1,820,fixed_point,0,became_wrong,0.7160493827160493,23,1,0,1,0,0
32,10,1.0,1,checkpoints/sudoku_extreme_hf/checkpoint,0,1,blanks_10,33.31754906249884,1,821,fixed_point,0,became_wrong,0.7901234567901234,17,1,0,1,0,0
32,10,1.0,1,checkpoints/sudoku_extreme_hf/checkpoint,0,1,blanks_10,33.31754906249884,1,822,fixed_point,0,became_wrong,0.7654320987654321,19,1,0,1,0,0
32,10,1.0,1,checkpoints/sudoku_extreme_hf/checkpoint,0,1,blanks_10,33.31754906249884,1,823,fixed_point,0,became_wrong,0.6790123456790124,26,1,0,1,0,0
32,10,1.0,1,checkpoints/sudoku_extreme_hf/checkpoint,0,1,blanks_10,33.31754906249884,1,824,fixed_point,0,became_wrong,0.9506172839506173,4,1,0,1,0,0
32,10,1.0,1,checkpoints/sudoku_extreme_hf/checkpoint,0,1,blanks_10,33.31754906249884,1,825,fixed_point,0,became_wrong,0.6296296296296297,30,1,0,1,0,0
32,10,1.0,1,checkpoints/sudoku_extreme_hf/checkpoint,0,1,blanks_10,33.31754906249884,1,826,fixed_point,0,became_wrong,0.7654320987654321,19,1,0,1,0,0
32,10,1.0,1,checkpoints/sudoku_extreme_hf/checkpoint,0,1,blanks_10,33.31754906249884,1,827,fixed_point,0,became_wrong,0.691358024691358,25,1,0,1,0,0
32,10,1.0,1,checkpoints/sudoku_extreme_hf/checkpoint,0,1,blanks_10,33.31754906249884,1,828,fixed_point,0,became_wrong,0.9259259259259259,6,1,0,1,0,0
32,10,0.9259259259259259,1,checkpoints/sudoku_extreme_hf/checkpoint,4,1,blanks_10,33.31754906249884,0,829,fixed_point,1,changed_wrong,0.7530864197530864,15,0,0,1,13,0
32,10,1.0,1,checkpoints/sudoku_extreme_hf/checkpoint,0,1,blanks_10,33.31754906249884,1,830,fixed_point,0,became_wrong,0.6419753086419753,29,1,0,1,0,0
32,10,1.0,1,checkpoints/sudoku_extreme_hf/checkpoint,0,1,blanks_10,33.31754906249884,1,831,fixed_point,0,became_wrong,0.8148148148148148,15,1,0,1,0,0
32,10,1.0,1,checkpoints/sudoku_extreme_hf/checkpoint,0,1,blanks_10,33.99548556249954,1,832,fixed_point,0,became_wrong,0.691358024691358,25,0,0,1,3,0
32,10,1.0,1,checkpoints/sudoku_extreme_hf/checkpoint,0,1,blanks_10,33.99548556249954,1,833,fixed_point,0,became_wrong,0.691358024691358,25,1,0,1,0,0
32,10,1.0,1,checkpoints/sudoku_extreme_hf/checkpoint,0,1,blanks_10,33.99548556249954,1,834,fixed_point,0,became_wrong,0.8765432098765432,10,1,0,1,0,0
32,10,0.9506172839506173,1,checkpoints/sudoku_extreme_hf/checkpoint,3,1,blanks_10,33.99548556249954,0,835,fixed_point,1,changed_wrong,0.7407407407407407,21,1,0,1,0,0
32,10,1.0,1,checkpoints/sudoku_extreme_hf/checkpoint,0,1,blanks_10,33.99548556249954,1,836,fixed_point,0,became_wrong,0.7777777777777778,18,1,0,1,0,0
32,10,1.0,1,checkpoints/sudoku_extreme_hf/checkpoint,0,1,blanks_10,33.99548556249954,1,837,fixed_point,0,became_wrong,0.654320987654321,28,1,0,1,0,0
32,10,1.0,1,checkpoints/sudoku_extreme_hf/checkpoint,0,1,blanks_10,33.99548556249954,1,838,fixed_point,0,became_wrong,0.6419753086419753,29,1,0,1,0,0
32,10,1.0,1,checkpoints/sudoku_extreme_hf/checkpoint,0,1,blanks_10,33.99548556249954,1,839,fixed_point,0,became_wrong,0.9135802469135802,7,1,0,1,0,0
32,10,1.0,1,checkpoints/sudoku_extreme_hf/checkpoint,0,1,blanks_10,33.99548556249954,1,840,fixed_point,0,became_wrong,0.7530864197530864,20,0,0,1,6,0
32,10,1.0,1,checkpoints/sudoku_extreme_hf/checkpoint,0,1,blanks_10,33.99548556249954,1,841,fixed_point,0,became_wrong,0.9506172839506173,4,1,0,1,0,0
32,10,1.0,1,checkpoints/sudoku_extreme_hf/checkpoint,0,1,blanks_10,33.99548556249954,1,842,fixed_point,0,became_wrong,0.654320987654321,28,0,0,1,25,0
32,10,1.0,1,checkpoints/sudoku_extreme_hf/checkpoint,0,1,blanks_10,33.99548556249954,1,843,fixed_point,0,became_wrong,0.7407407407407407,21,1,0,1,0,0
32,10,1.0,1,checkpoints/sudoku_extreme_hf/checkpoint,0,1,blanks_10,33.99548556249954,1,844,fixed_point,0,became_wrong,0.7530864197530864,20,1,0,1,0,0
32,10,1.0,1,checkpoints/sudoku_extreme_hf/checkpoint,0,1,blanks_10,33.99548556249954,1,845,fixed_point,0,became_wrong,0.8888888888888888,9,1,0,1,0,0
32,10,1.0,1,checkpoints/sudoku_extreme_hf/checkpoint,0,1,blanks_10,33.99548556249954,1,846,fixed_point,0,became_wrong,0.7777777777777778,18,1,0,1,0,0
32,10,1.0,1,checkpoints/sudoku_extreme_hf/checkpoint,0,1,blanks_10,33.99548556249954,1,847,fixed_point,0,became_wrong,0.9259259259259259,6,1,0,1,0,0
32,10,1.0,1,checkpoints/sudoku_extreme_hf/checkpoint,0,1,blanks_10,33.99548556249954,1,848,fixed_point,0,became_wrong,0.8395061728395061,13,1,0,1,0,0
32,10,0.9259259259259259,1,checkpoints/sudoku_extreme_hf/checkpoint,6,1,blanks_10,33.99548556249954,0,849,fixed_point,1,changed_wrong,0.7407407407407407,21,1,0,1,0,0
32,10,1.0,0,checkpoints/sudoku_extreme_hf/checkpoint,0,1,blanks_10,33.99548556249954,1,850,fixed_point,0,stable_correct,1.0,0,1,1,0,0,0
32,10,1.0,1,checkpoints/sudoku_extreme_hf/checkpoint,0,1,blanks_10,33.99548556249954,1,851,fixed_point,0,became_wrong,0.7777777777777778,18,1,0,1,0,0
32,10,1.0,1,checkpoints/sudoku_extreme_hf/checkpoint,0,1,blanks_10,33.99548556249954,1,852,fixed_point,0,became_wrong,0.8271604938271605,14,1,0,1,0,0
32,10,1.0,1,checkpoints/sudoku_extreme_hf/checkpoint,0,1,blanks_10,33.99548556249954,1,853,fixed_point,0,became_wrong,0.8518518518518519,12,1,0,1,0,0
32,10,1.0,1,checkpoints/sudoku_extreme_hf/checkpoint,0,1,blanks_10,33.99548556249954,1,854,fixed_point,0,became_wrong,0.7530864197530864,20,1,0,1,0,0
32,10,1.0,1,checkpoints/sudoku_extreme_hf/checkpoint,0,1,blanks_10,33.99548556249954,1,855,fixed_point,0,became_wrong,0.691358024691358,25,1,0,1,0,0
32,10,1.0,1,checkpoints/sudoku_extreme_hf/checkpoint,0,1,blanks_10,33.99548556249954,1,856,fixed_point,0,became_wrong,0.7654320987654321,19,0,0,1,15,0
32,10,1.0,1,checkpoints/sudoku_extreme_hf/checkpoint,0,1,blanks_10,33.99548556249954,1,857,fixed_point,0,became_wrong,0.7283950617283951,22,1,0,1,0,0
32,10,1.0,1,checkpoints/sudoku_extreme_hf/checkpoint,0,1,blanks_10,33.99548556249954,1,858,fixed_point,0,became_wrong,0.7530864197530864,20,1,0,1,0,0
32,10,1.0,1,checkpoints/sudoku_extreme_hf/checkpoint,0,1,blanks_10,33.99548556249954,1,859,fixed_point,0,became_wrong,0.9259259259259259,6,1,0,1,0,0
32,10,1.0,1,checkpoints/sudoku_extreme_hf/checkpoint,0,1,blanks_10,33.99548556249954,1,860,fixed_point,0,became_wrong,0.7777777777777778,18,0,0,1,21,0
32,10,1.0,1,checkpoints/sudoku_extreme_hf/checkpoint,0,1,blanks_10,33.99548556249954,1,861,fixed_point,0,became_wrong,0.7037037037037037,24,1,0,1,0,0
32,10,1.0,1,checkpoints/sudoku_extreme_hf/checkpoint,0,1,blanks_10,33.99548556249954,1,862,fixed_point,0,became_wrong,0.6666666666666666,27,1,0,1,0,0
32,10,1.0,1,checkpoints/sudoku_extreme_hf/checkpoint,0,1,blanks_10,33.99548556249954,1,863,fixed_point,0,became_wrong,0.654320987654321,28,1,0,1,0,0
32,10,1.0,1,checkpoints/sudoku_extreme_hf/checkpoint,0,1,blanks_10,33.16797053124887,1,864,fixed_point,0,became_wrong,0.6172839506172839,31,1,0,1,0,0
32,10,1.0,1,checkpoints/sudoku_extreme_hf/checkpoint,0,1,blanks_10,33.16797053124887,1,865,fixed_point,0,became_wrong,0.7777777777777778,18,1,0,1,0,0
32,10,1.0,0,checkpoints/sudoku_extreme_hf/checkpoint,0,1,blanks_10,33.16797053124887,1,866,fixed_point,0,stable_correct,1.0,0,1,1,0,0,0
32,10,1.0,0,checkpoints/sudoku_extreme_hf/checkpoint,0,1,blanks_10,33.16797053124887,1,867,fixed_point,0,stable_correct,1.0,0,1,1,0,0,0
32,10,1.0,1,checkpoints/sudoku_extreme_hf/checkpoint,0,1,blanks_10,33.16797053124887,1,868,fixed_point,0,became_wrong,0.6790123456790124,26,1,0,1,0,0
32,10,1.0,1,checkpoints/sudoku_extreme_hf/checkpoint,0,1,blanks_10,33.16797053124887,1,869,fixed_point,0,became_wrong,0.6419753086419753,29,1,0,1,0,0
32,10,1.0,1,checkpoints/sudoku_extreme_hf/checkpoint,0,1,blanks_10,33.16797053124887,1,870,fixed_point,0,became_wrong,0.7530864197530864,20,0,0,1,14,0
32,10,1.0,1,checkpoints/sudoku_extreme_hf/checkpoint,0,1,blanks_10,33.16797053124887,1,871,fixed_point,0,became_wrong,0.9259259259259259,6,1,0,1,0,0
32,10,1.0,1,checkpoints/sudoku_extreme_hf/checkpoint,0,1,blanks_10,33.16797053124887,1,872,fixed_point,0,became_wrong,0.9012345679012346,8,1,0,1,0,0
32,10,1.0,1,checkpoints/sudoku_extreme_hf/checkpoint,0,1,blanks_10,33.16797053124887,1,873,fixed_point,0,became_wrong,0.7654320987654321,19,0,0,1,18,0
32,10,1.0,1,checkpoints/sudoku_extreme_hf/checkpoint,0,1,blanks_10,33.16797053124887,1,874,fixed_point,0,became_wrong,0.9506172839506173,4,1,0,1,0,0
32,10,1.0,1,checkpoints/sudoku_extreme_hf/checkpoint,0,1,blanks_10,33.16797053124887,1,875,fixed_point,0,became_wrong,0.6790123456790124,26,0,0,1,19,0
32,10,1.0,1,checkpoints/sudoku_extreme_hf/checkpoint,0,1,blanks_10,33.16797053124887,1,876,fixed_point,0,became_wrong,0.8888888888888888,9,1,0,1,0,0
32,10,1.0,1,checkpoints/sudoku_extreme_hf/checkpoint,0,1,blanks_10,33.16797053124887,1,877,fixed_point,0,became_wrong,0.7654320987654321,19,1,0,1,0,0
32,10,0.9506172839506173,1,checkpoints/sudoku_extreme_hf/checkpoint,2,1,blanks_10,33.16797053124887,0,878,fixed_point,1,changed_wrong,0.6790123456790124,27,1,0,1,0,0
32,10,1.0,1,checkpoints/sudoku_extreme_hf/checkpoint,0,1,blanks_10,33.16797053124887,1,879,fixed_point,0,became_wrong,0.7777777777777778,18,1,0,1,0,0
32,10,1.0,1,checkpoints/sudoku_extreme_hf/checkpoint,0,1,blanks_10,33.16797053124887,1,880,fixed_point,0,became_wrong,0.8024691358024691,16,1,0,1,0,0
32,10,1.0,1,checkpoints/sudoku_extreme_hf/checkpoint,0,1,blanks_10,33.16797053124887,1,881,fixed_point,0,became_wrong,0.8271604938271605,14,1,0,1,0,0
32,10,1.0,1,checkpoints/sudoku_extreme_hf/checkpoint,0,1,blanks_10,33.16797053124887,1,882,fixed_point,0,became_wrong,0.8888888888888888,9,0,0,1,13,0
32,10,1.0,1,checkpoints/sudoku_extreme_hf/checkpoint,0,1,blanks_10,33.16797053124887,1,883,fixed_point,0,became_wrong,0.6419753086419753,29,1,0,1,0,0
32,10,1.0,1,checkpoints/sudoku_extreme_hf/checkpoint,0,1,blanks_10,33.16797053124887,1,884,fixed_point,0,became_wrong,0.8395061728395061,13,1,0,1,0,0
32,10,0.9506172839506173,1,checkpoints/sudoku_extreme_hf/checkpoint,3,1,blanks_10,33.16797053124887,0,885,fixed_point,1,changed_wrong,0.7160493827160493,24,0,0,1,20,0
32,10,1.0,1,checkpoints/sudoku_extreme_hf/checkpoint,0,1,blanks_10,33.16797053124887,1,886,fixed_point,0,became_wrong,0.7037037037037037,24,1,0,1,0,0
32,10,1.0,1,checkpoints/sudoku_extreme_hf/checkpoint,0,1,blanks_10,33.16797053124887,1,887,fixed_point,0,became_wrong,0.7530864197530864,20,1,0,1,0,0
32,10,0.9135802469135802,1,checkpoints/sudoku_extreme_hf/checkpoint,4,1,blanks_10,33.16797053124887,0,888,fixed_point,1,changed_wrong,0.8395061728395061,6,1,0,1,0,0
32,10,1.0,1,checkpoints/sudoku_extreme_hf/checkpoint,0,1,blanks_10,33.16797053124887,1,889,fixed_point,0,became_wrong,0.7654320987654321,19,1,0,1,0,0
32,10,1.0,1,checkpoints/sudoku_extreme_hf/checkpoint,0,1,blanks_10,33.16797053124887,1,890,fixed_point,0,became_wrong,0.8518518518518519,12,1,0,1,0,0
32,10,1.0,1,checkpoints/sudoku_extreme_hf/checkpoint,0,1,blanks_10,33.16797053124887,1,891,fixed_point,0,became_wrong,0.8024691358024691,16,1,0,1,0,0
32,10,1.0,1,checkpoints/sudoku_extreme_hf/checkpoint,0,1,blanks_10,33.16797053124887,1,892,fixed_point,0,became_wrong,0.7037037037037037,24,1,0,1,0,0
32,10,1.0,1,checkpoints/sudoku_extreme_hf/checkpoint,0,1,blanks_10,33.16797053124887,1,893,fixed_point,0,became_wrong,0.6790123456790124,26,1,0,1,0,0
32,10,1.0,1,checkpoints/sudoku_extreme_hf/checkpoint,0,1,blanks_10,33.16797053124887,1,894,fixed_point,0,became_wrong,0.7283950617283951,22,1,0,1,0,0
32,10,1.0,1,checkpoints/sudoku_extreme_hf/checkpoint,0,1,blanks_10,33.16797053124887,1,895,fixed_point,0,became_wrong,0.654320987654321,28,1,0,1,0,0
32,10,1.0,1,checkpoints/sudoku_extreme_hf/checkpoint,0,1,blanks_10,31.890909624998187,1,896,fixed_point,0,became_wrong,0.9135802469135802,7,1,0,1,0,0
32,10,1.0,1,checkpoints/sudoku_extreme_hf/checkpoint,0,1,blanks_10,31.890909624998187,1,897,fixed_point,0,became_wrong,0.6296296296296297,30,1,0,1,0,0
32,10,0.9506172839506173,1,checkpoints/sudoku_extreme_hf/checkpoint,2,1,blanks_10,31.890909624998187,0,898,fixed_point,1,changed_wrong,0.654320987654321,25,1,0,1,0,0
32,10,1.0,1,checkpoints/sudoku_extreme_hf/checkpoint,0,1,blanks_10,31.890909624998187,1,899,fixed_point,0,became_wrong,0.7530864197530864,20,1,0,1,0,0
32,10,1.0,1,checkpoints/sudoku_extreme_hf/checkpoint,0,1,blanks_10,31.890909624998187,1,900,fixed_point,0,became_wrong,0.7407407407407407,21,0,0,1,19,0
32,10,1.0,1,checkpoints/sudoku_extreme_hf/checkpoint,0,1,blanks_10,31.890909624998187,1,901,fixed_point,0,became_wrong,0.9259259259259259,6,1,0,1,0,0
32,10,1.0,1,checkpoints/sudoku_extreme_hf/checkpoint,0,1,blanks_10,31.890909624998187,1,902,fixed_point,0,became_wrong,0.9259259259259259,6,1,0,1,0,0
32,10,1.0,1,checkpoints/sudoku_extreme_hf/checkpoint,0,1,blanks_10,31.890909624998187,1,903,fixed_point,0,became_wrong,0.8024691358024691,16,1,0,1,0,0
32,10,1.0,1,checkpoints/sudoku_extreme_hf/checkpoint,0,1,blanks_10,31.890909624998187,1,904,fixed_point,0,became_wrong,0.7160493827160493,23,1,0,1,0,0
32,10,1.0,1,checkpoints/sudoku_extreme_hf/checkpoint,0,1,blanks_10,31.890909624998187,1,905,fixed_point,0,became_wrong,0.8271604938271605,14,1,0,1,0,0
32,10,1.0,1,checkpoints/sudoku_extreme_hf/checkpoint,0,1,blanks_10,31.890909624998187,1,906,fixed_point,0,became_wrong,0.6666666666666666,27,0,0,1,3,0
32,10,1.0,1,checkpoints/sudoku_extreme_hf/checkpoint,0,1,blanks_10,31.890909624998187,1,907,fixed_point,0,became_wrong,0.5679012345679012,35,1,0,1,0,0
32,10,1.0,1,checkpoints/sudoku_extreme_hf/checkpoint,0,1,blanks_10,31.890909624998187,1,908,fixed_point,0,became_wrong,0.8641975308641975,11,1,0,1,0,0
32,10,1.0,1,checkpoints/sudoku_extreme_hf/checkpoint,0,1,blanks_10,31.890909624998187,1,909,fixed_point,0,became_wrong,0.8641975308641975,11,1,0,1,0,0
32,10,1.0,1,checkpoints/sudoku_extreme_hf/checkpoint,0,1,blanks_10,31.890909624998187,1,910,fixed_point,0,became_wrong,0.7407407407407407,21,1,0,1,0,0
32,10,1.0,1,checkpoints/sudoku_extreme_hf/checkpoint,0,1,blanks_10,31.890909624998187,1,911,fixed_point,0,became_wrong,0.7777777777777778,18,1,0,1,0,0
32,10,1.0,0,checkpoints/sudoku_extreme_hf/checkpoint,0,1,blanks_10,31.890909624998187,1,912,fixed_point,0,stable_correct,1.0,0,1,1,0,0,0
32,10,1.0,1,checkpoints/sudoku_extreme_hf/checkpoint,0,1,blanks_10,31.890909624998187,1,913,fixed_point,0,became_wrong,0.8148148148148148,15,0,0,1,3,0
32,10,1.0,1,checkpoints/sudoku_extreme_hf/checkpoint,0,1,blanks_10,31.890909624998187,1,914,fixed_point,0,became_wrong,0.691358024691358,25,1,0,1,0,0
32,10,1.0,1,checkpoints/sudoku_extreme_hf/checkpoint,0,1,blanks_10,31.890909624998187,1,915,fixed_point,0,became_wrong,0.8024691358024691,16,1,0,1,0,0
32,10,1.0,1,checkpoints/sudoku_extreme_hf/checkpoint,0,1,blanks_10,31.890909624998187,1,916,fixed_point,0,became_wrong,0.8024691358024691,16,1,0,1,0,0
32,10,1.0,1,checkpoints/sudoku_extreme_hf/checkpoint,0,1,blanks_10,31.890909624998187,1,917,fixed_point,0,became_wrong,0.7777777777777778,18,1,0,1,0,0
32,10,0.9506172839506173,1,checkpoints/sudoku_extreme_hf/checkpoint,1,1,blanks_10,31.890909624998187,0,918,fixed_point,1,changed_wrong,0.6172839506172839,27,1,0,1,0,0
32,10,1.0,1,checkpoints/sudoku_extreme_hf/checkpoint,0,1,blanks_10,31.890909624998187,1,919,fixed_point,0,became_wrong,0.6790123456790124,26,1,0,1,0,0
32,10,1.0,1,checkpoints/sudoku_extreme_hf/checkpoint,0,1,blanks_10,31.890909624998187,1,920,fixed_point,0,became_wrong,0.6419753086419753,29,0,0,1,31,0
32,10,1.0,1,checkpoints/sudoku_extreme_hf/checkpoint,0,1,blanks_10,31.890909624998187,1,921,fixed_point,0,became_wrong,0.8024691358024691,16,1,0,1,0,0
32,10,1.0,1,checkpoints/sudoku_extreme_hf/checkpoint,0,1,blanks_10,31.890909624998187,1,922,fixed_point,0,became_wrong,0.8888888888888888,9,1,0,1,0,0
32,10,1.0,1,checkpoints/sudoku_extreme_hf/checkpoint,0,1,blanks_10,31.890909624998187,1,923,fixed_point,0,became_wrong,0.6049382716049383,32,1,0,1,0,0
32,10,1.0,1,checkpoints/sudoku_extreme_hf/checkpoint,0,1,blanks_10,31.890909624998187,1,924,fixed_point,0,became_wrong,0.7654320987654321,19,0,0,1,6,0
32,10,1.0,1,checkpoints/sudoku_extreme_hf/checkpoint,0,1,blanks_10,31.890909624998187,1,925,fixed_point,0,became_wrong,0.8024691358024691,16,1,0,1,0,0
32,10,1.0,1,checkpoints/sudoku_extreme_hf/checkpoint,0,1,blanks_10,31.890909624998187,1,926,fixed_point,0,became_wrong,0.7530864197530864,20,1,0,1,0,0
32,10,1.0,0,checkpoints/sudoku_extreme_hf/checkpoint,0,1,blanks_10,31.890909624998187,1,927,fixed_point,0,stable_correct,1.0,0,1,1,0,0,0
32,10,1.0,1,checkpoints/sudoku_extreme_hf/checkpoint,0,1,blanks_10,38.32398518749969,1,928,fixed_point,0,became_wrong,0.654320987654321,28,1,0,1,0,0
32,10,1.0,1,checkpoints/sudoku_extreme_hf/checkpoint,0,1,blanks_10,38.32398518749969,1,929,fixed_point,0,became_wrong,0.6790123456790124,26,1,0,1,0,0
32,10,1.0,1,checkpoints/sudoku_extreme_hf/checkpoint,0,1,blanks_10,38.32398518749969,1,930,fixed_point,0,became_wrong,0.7530864197530864,20,1,0,1,0,0
32,10,1.0,1,checkpoints/sudoku_extreme_hf/checkpoint,0,1,blanks_10,38.32398518749969,1,931,fixed_point,0,became_wrong,0.7777777777777778,18,1,0,1,0,0
32,10,1.0,1,checkpoints/sudoku_extreme_hf/checkpoint,0,1,blanks_10,38.32398518749969,1,932,fixed_point,0,became_wrong,0.8148148148148148,15,1,0,1,0,0
32,10,1.0,1,checkpoints/sudoku_extreme_hf/checkpoint,0,1,blanks_10,38.32398518749969,1,933,fixed_point,0,became_wrong,0.8024691358024691,16,1,0,1,0,0
32,10,1.0,1,checkpoints/sudoku_extreme_hf/checkpoint,0,1,blanks_10,38.32398518749969,1,934,fixed_point,0,became_wrong,0.8024691358024691,16,1,0,1,0,0
32,10,1.0,1,checkpoints/sudoku_extreme_hf/checkpoint,0,1,blanks_10,38.32398518749969,1,935,fixed_point,0,became_wrong,0.7654320987654321,19,0,0,1,12,0
32,10,1.0,1,checkpoints/sudoku_extreme_hf/checkpoint,0,1,blanks_10,38.32398518749969,1,936,fixed_point,0,became_wrong,0.6666666666666666,27,1,0,1,0,0
32,10,1.0,1,checkpoints/sudoku_extreme_hf/checkpoint,0,1,blanks_10,38.32398518749969,1,937,fixed_point,0,became_wrong,0.9259259259259259,6,1,0,1,0,0
32,10,1.0,1,checkpoints/sudoku_extreme_hf/checkpoint,0,1,blanks_10,38.32398518749969,1,938,fixed_point,0,became_wrong,0.8271604938271605,14,1,0,1,0,0
32,10,1.0,1,checkpoints/sudoku_extreme_hf/checkpoint,0,1,blanks_10,38.32398518749969,1,939,fixed_point,0,became_wrong,0.8395061728395061,13,1,0,1,0,0
32,10,1.0,1,checkpoints/sudoku_extreme_hf/checkpoint,0,1,blanks_10,38.32398518749969,1,940,fixed_point,0,became_wrong,0.7654320987654321,19,1,0,1,0,0
32,10,1.0,0,checkpoints/sudoku_extreme_hf/checkpoint,0,1,blanks_10,38.32398518749969,1,941,fixed_point,0,stable_correct,1.0,0,1,1,0,0,0
32,10,1.0,1,checkpoints/sudoku_extreme_hf/checkpoint,0,1,blanks_10,38.32398518749969,1,942,fixed_point,0,became_wrong,0.6049382716049383,32,1,0,1,0,0
32,10,1.0,1,checkpoints/sudoku_extreme_hf/checkpoint,0,1,blanks_10,38.32398518749969,1,943,fixed_point,0,became_wrong,0.7530864197530864,20,1,0,1,0,0
32,10,0.9259259259259259,1,checkpoints/sudoku_extreme_hf/checkpoint,3,1,blanks_10,38.32398518749969,0,944,fixed_point,1,changed_wrong,0.7037037037037037,21,1,0,1,0,0
32,10,1.0,1,checkpoints/sudoku_extreme_hf/checkpoint,0,1,blanks_10,38.32398518749969,1,945,fixed_point,0,became_wrong,0.6790123456790124,26,1,0,1,0,0
32,10,0.8641975308641975,1,checkpoints/sudoku_extreme_hf/checkpoint,5,0,blanks_10,38.32398518749969,0,946,fixed_point,1,changed_wrong,0.7530864197530864,18,1,0,1,0,19
32,10,1.0,1,checkpoints/sudoku_extreme_hf/checkpoint,0,1,blanks_10,38.32398518749969,1,947,fixed_point,0,became_wrong,0.5925925925925926,33,0,0,1,20,0
32,10,0.9506172839506173,1,checkpoints/sudoku_extreme_hf/checkpoint,3,1,blanks_10,38.32398518749969,0,948,fixed_point,1,changed_wrong,0.8024691358024691,16,1,0,1,0,0
32,10,1.0,1,checkpoints/sudoku_extreme_hf/checkpoint,0,1,blanks_10,38.32398518749969,1,949,fixed_point,0,became_wrong,0.9506172839506173,4,1,0,1,0,0
32,10,1.0,1,checkpoints/sudoku_extreme_hf/checkpoint,0,1,blanks_10,38.32398518749969,1,950,fixed_point,0,became_wrong,0.7037037037037037,24,1,0,1,0,0
32,10,0.9506172839506173,1,checkpoints/sudoku_extreme_hf/checkpoint,2,1,blanks_10,38.32398518749969,0,951,fixed_point,1,changed_wrong,0.7283950617283951,21,1,0,1,0,0
32,10,1.0,1,checkpoints/sudoku_extreme_hf/checkpoint,0,1,blanks_10,38.32398518749969,1,952,fixed_point,0,became_wrong,0.9259259259259259,6,1,0,1,0,0
32,10,1.0,1,checkpoints/sudoku_extreme_hf/checkpoint,0,1,blanks_10,38.32398518749969,1,953,fixed_point,0,became_wrong,0.8765432098765432,10,1,0,1,0,0
32,10,1.0,1,checkpoints/sudoku_extreme_hf/checkpoint,0,1,blanks_10,38.32398518749969,1,954,fixed_point,0,became_wrong,0.8148148148148148,15,1,0,1,0,0
32,10,1.0,1,checkpoints/sudoku_extreme_hf/checkpoint,0,1,blanks_10,38.32398518749969,1,955,fixed_point,0,became_wrong,0.9506172839506173,4,1,0,1,0,0
32,10,1.0,1,checkpoints/sudoku_extreme_hf/checkpoint,0,1,blanks_10,38.32398518749969,1,956,fixed_point,0,became_wrong,0.7530864197530864,20,0,0,1,24,0
32,10,1.0,1,checkpoints/sudoku_extreme_hf/checkpoint,0,1,blanks_10,38.32398518749969,1,957,fixed_point,0,became_wrong,0.7037037037037037,24,1,0,1,0,0
32,10,1.0,1,checkpoints/sudoku_extreme_hf/checkpoint,0,1,blanks_10,38.32398518749969,1,958,fixed_point,0,became_wrong,0.6790123456790124,26,1,0,1,0,0
32,10,1.0,1,checkpoints/sudoku_extreme_hf/checkpoint,0,1,blanks_10,38.32398518749969,1,959,fixed_point,0,became_wrong,0.8271604938271605,14,1,0,1,0,0
32,10,1.0,1,checkpoints/sudoku_extreme_hf/checkpoint,0,1,blanks_10,39.584031812502474,1,960,fixed_point,0,became_wrong,0.6790123456790124,26,1,0,1,0,0
32,10,1.0,1,checkpoints/sudoku_extreme_hf/checkpoint,0,1,blanks_10,39.584031812502474,1,961,fixed_point,0,became_wrong,0.7530864197530864,20,1,0,1,0,0
32,10,1.0,1,checkpoints/sudoku_extreme_hf/checkpoint,0,1,blanks_10,39.584031812502474,1,962,fixed_point,0,became_wrong,0.8024691358024691,16,1,0,1,0,0
32,10,1.0,1,checkpoints/sudoku_extreme_hf/checkpoint,0,1,blanks_10,39.584031812502474,1,963,fixed_point,0,became_wrong,0.7530864197530864,20,1,0,1,0,0
32,10,1.0,1,checkpoints/sudoku_extreme_hf/checkpoint,0,1,blanks_10,39.584031812502474,1,964,fixed_point,0,became_wrong,0.7160493827160493,23,1,0,1,0,0
32,10,1.0,1,checkpoints/sudoku_extreme_hf/checkpoint,0,1,blanks_10,39.584031812502474,1,965,fixed_point,0,became_wrong,0.8641975308641975,11,1,0,1,0,0
32,10,1.0,1,checkpoints/sudoku_extreme_hf/checkpoint,0,1,blanks_10,39.584031812502474,1,966,fixed_point,0,became_wrong,0.6296296296296297,30,1,0,1,0,0
32,10,1.0,1,checkpoints/sudoku_extreme_hf/checkpoint,0,1,blanks_10,39.584031812502474,1,967,fixed_point,0,became_wrong,0.6790123456790124,26,1,0,1,0,0
32,10,1.0,1,checkpoints/sudoku_extreme_hf/checkpoint,0,1,blanks_10,39.584031812502474,1,968,fixed_point,0,became_wrong,0.7530864197530864,20,1,0,1,0,0
32,10,1.0,1,checkpoints/sudoku_extreme_hf/checkpoint,0,1,blanks_10,39.584031812502474,1,969,fixed_point,0,became_wrong,0.7407407407407407,21,1,0,1,0,0
32,10,1.0,1,checkpoints/sudoku_extreme_hf/checkpoint,0,1,blanks_10,39.584031812502474,1,970,fixed_point,0,became_wrong,0.9135802469135802,7,1,0,1,0,0
32,10,1.0,1,checkpoints/sudoku_extreme_hf/checkpoint,0,1,blanks_10,39.584031812502474,1,971,fixed_point,0,became_wrong,0.7283950617283951,22,1,0,1,0,0
32,10,1.0,1,checkpoints/sudoku_extreme_hf/checkpoint,0,1,blanks_10,39.584031812502474,1,972,fixed_point,0,became_wrong,0.7530864197530864,20,1,0,1,0,0
32,10,1.0,1,checkpoints/sudoku_extreme_hf/checkpoint,0,1,blanks_10,39.584031812502474,1,973,fixed_point,0,became_wrong,0.7777777777777778,18,1,0,1,0,0
32,10,0.9506172839506173,1,checkpoints/sudoku_extreme_hf/checkpoint,2,1,blanks_10,39.584031812502474,0,974,fixed_point,1,changed_wrong,0.7777777777777778,15,1,0,1,0,0
32,10,1.0,1,checkpoints/sudoku_extreme_hf/checkpoint,0,1,blanks_10,39.584031812502474,1,975,fixed_point,0,became_wrong,0.7407407407407407,21,1,0,1,0,0
32,10,1.0,1,checkpoints/sudoku_extreme_hf/checkpoint,0,1,blanks_10,39.584031812502474,1,976,fixed_point,0,became_wrong,0.7901234567901234,17,1,0,1,0,0
32,10,1.0,1,checkpoints/sudoku_extreme_hf/checkpoint,0,1,blanks_10,39.584031812502474,1,977,fixed_point,0,became_wrong,0.7901234567901234,17,1,0,1,0,0
32,10,1.0,1,checkpoints/sudoku_extreme_hf/checkpoint,0,1,blanks_10,39.584031812502474,1,978,fixed_point,0,became_wrong,0.7407407407407407,21,1,0,1,0,0
32,10,1.0,1,checkpoints/sudoku_extreme_hf/checkpoint,0,1,blanks_10,39.584031812502474,1,979,fixed_point,0,became_wrong,0.7530864197530864,20,1,0,1,0,0
32,10,1.0,1,checkpoints/sudoku_extreme_hf/checkpoint,0,1,blanks_10,39.584031812502474,1,980,fixed_point,0,became_wrong,0.7160493827160493,23,1,0,1,0,0
32,10,1.0,1,checkpoints/sudoku_extreme_hf/checkpoint,0,1,blanks_10,39.584031812502474,1,981,fixed_point,0,became_wrong,0.7407407407407407,21,1,0,1,0,0
32,10,1.0,1,checkpoints/sudoku_extreme_hf/checkpoint,0,1,blanks_10,39.584031812502474,1,982,fixed_point,0,became_wrong,0.7530864197530864,20,1,0,1,0,0
32,10,1.0,1,checkpoints/sudoku_extreme_hf/checkpoint,0,1,blanks_10,39.584031812502474,1,983,fixed_point,0,became_wrong,0.691358024691358,25,0,0,1,15,0
32,10,1.0,1,checkpoints/sudoku_extreme_hf/checkpoint,0,1,blanks_10,39.584031812502474,1,984,fixed_point,0,became_wrong,0.8765432098765432,10,1,0,1,0,0
32,10,1.0,1,checkpoints/sudoku_extreme_hf/checkpoint,0,1,blanks_10,39.584031812502474,1,985,fixed_point,0,became_wrong,0.8765432098765432,10,1,0,1,0,0
32,10,1.0,1,checkpoints/sudoku_extreme_hf/checkpoint,0,1,blanks_10,39.584031812502474,1,986,fixed_point,0,became_wrong,0.7530864197530864,20,0,0,1,39,0
32,10,1.0,1,checkpoints/sudoku_extreme_hf/checkpoint,0,1,blanks_10,39.584031812502474,1,987,fixed_point,0,became_wrong,0.691358024691358,25,1,0,1,0,0
32,10,1.0,1,checkpoints/sudoku_extreme_hf/checkpoint,0,1,blanks_10,39.584031812502474,1,988,fixed_point,0,became_wrong,0.9506172839506173,4,1,0,1,0,0
32,10,0.9506172839506173,1,checkpoints/sudoku_extreme_hf/checkpoint,3,1,blanks_10,39.584031812502474,0,989,fixed_point,1,changed_wrong,0.8518518518518519,15,1,0,1,0,0
32,10,1.0,1,checkpoints/sudoku_extreme_hf/checkpoint,0,1,blanks_10,39.584031812502474,1,990,fixed_point,0,became_wrong,0.7530864197530864,20,0,0,1,23,0
32,10,1.0,1,checkpoints/sudoku_extreme_hf/checkpoint,0,1,blanks_10,39.584031812502474,1,991,fixed_point,0,became_wrong,0.691358024691358,25,1,0,1,0,0
32,10,1.0,1,checkpoints/sudoku_extreme_hf/checkpoint,0,1,blanks_10,139.215400249995,1,992,fixed_point,0,became_wrong,0.8271604938271605,14,1,0,1,0,0
32,10,1.0,1,checkpoints/sudoku_extreme_hf/checkpoint,0,1,blanks_10,139.215400249995,1,993,fixed_point,0,became_wrong,0.9012345679012346,8,1,0,1,0,0
32,10,0.9506172839506173,1,checkpoints/sudoku_extreme_hf/checkpoint,2,1,blanks_10,139.215400249995,0,994,fixed_point,1,changed_wrong,0.6419753086419753,27,1,0,1,0,0
32,10,0.9259259259259259,1,checkpoints/sudoku_extreme_hf/checkpoint,3,1,blanks_10,139.215400249995,0,995,fixed_point,1,changed_wrong,0.9259259259259259,1,0,0,1,3,0
32,10,1.0,0,checkpoints/sudoku_extreme_hf/checkpoint,0,1,blanks_10,139.215400249995,1,996,fixed_point,0,stable_correct,1.0,0,1,1,0,0,0
32,10,1.0,1,checkpoints/sudoku_extreme_hf/checkpoint,0,1,blanks_10,139.215400249995,1,997,fixed_point,0,became_wrong,0.7037037037037037,24,1,0,1,0,0
32,10,1.0,1,checkpoints/sudoku_extreme_hf/checkpoint,0,1,blanks_10,139.215400249995,1,998,fixed_point,0,became_wrong,0.7530864197530864,20,1,0,1,0,0
32,10,0.9506172839506173,1,checkpoints/sudoku_extreme_hf/checkpoint,2,1,blanks_10,139.215400249995,0,999,fixed_point,1,changed_wrong,0.8395061728395061,9,1,0,1,0,0
32,20,1.0,1,checkpoints/sudoku_extreme_hf/checkpoint,0,1,blanks_20,40.99889503125098,1,0,fixed_point,0,became_wrong,0.7777777777777778,18,0,0,1,27,0
32,20,1.0,1,checkpoints/sudoku_extreme_hf/checkpoint,0,1,blanks_20,40.99889503125098,1,1,fixed_point,0,became_wrong,0.6172839506172839,31,1,0,1,0,0
32,20,1.0,1,checkpoints/sudoku_extreme_hf/checkpoint,0,1,blanks_20,40.99889503125098,1,2,fixed_point,0,became_wrong,0.7654320987654321,19,1,0,1,0,0
32,20,1.0,1,checkpoints/sudoku_extreme_hf/checkpoint,0,1,blanks_20,40.99889503125098,1,3,fixed_point,0,became_wrong,0.6296296296296297,30,0,0,1,23,0
32,20,1.0,0,checkpoints/sudoku_extreme_hf/checkpoint,0,1,blanks_20,40.99889503125098,1,4,fixed_point,0,stable_correct,1.0,0,1,1,0,0,0
32,20,1.0,1,checkpoints/sudoku_extreme_hf/checkpoint,0,1,blanks_20,40.99889503125098,1,5,fixed_point,0,became_wrong,0.7037037037037037,24,1,0,1,0,0
32,20,1.0,1,checkpoints/sudoku_extreme_hf/checkpoint,0,1,blanks_20,40.99889503125098,1,6,fixed_point,0,became_wrong,0.8395061728395061,13,1,0,1,0,0
32,20,1.0,1,checkpoints/sudoku_extreme_hf/checkpoint,0,1,blanks_20,40.99889503125098,1,7,fixed_point,0,became_wrong,0.9012345679012346,8,1,0,1,0,0
32,20,1.0,1,checkpoints/sudoku_extreme_hf/checkpoint,0,1,blanks_20,40.99889503125098,1,8,fixed_point,0,became_wrong,0.7654320987654321,19,1,0,1,0,0
32,20,1.0,1,checkpoints/sudoku_extreme_hf/checkpoint,0,1,blanks_20,40.99889503125098,1,9,fixed_point,0,became_wrong,0.7407407407407407,21,1,0,1,0,0
32,20,1.0,0,checkpoints/sudoku_extreme_hf/checkpoint,0,1,blanks_20,40.99889503125098,1,10,fixed_point,0,stable_correct,1.0,0,1,1,0,0,0
32,20,1.0,1,checkpoints/sudoku_extreme_hf/checkpoint,0,1,blanks_20,40.99889503125098,1,11,fixed_point,0,became_wrong,0.7530864197530864,20,1,0,1,0,0
32,20,1.0,1,checkpoints/sudoku_extreme_hf/checkpoint,0,1,blanks_20,40.99889503125098,1,12,fixed_point,0,became_wrong,0.8271604938271605,14,1,0,1,0,0
32,20,1.0,1,checkpoints/sudoku_extreme_hf/checkpoint,0,1,blanks_20,40.99889503125098,1,13,fixed_point,0,became_wrong,0.7160493827160493,23,1,0,1,0,0
32,20,1.0,0,checkpoints/sudoku_extreme_hf/checkpoint,0,1,blanks_20,40.99889503125098,1,14,fixed_point,0,stable_correct,1.0,0,1,1,0,0,0
32,20,1.0,1,checkpoints/sudoku_extreme_hf/checkpoint,0,1,blanks_20,40.99889503125098,1,15,fixed_point,0,became_wrong,0.6790123456790124,26,1,0,1,0,0
32,20,1.0,1,checkpoints/sudoku_extreme_hf/checkpoint,0,1,blanks_20,40.99889503125098,1,16,fixed_point,0,became_wrong,0.7777777777777778,18,1,0,1,0,0
32,20,1.0,1,checkpoints/sudoku_extreme_hf/checkpoint,0,1,blanks_20,40.99889503125098,1,17,fixed_point,0,became_wrong,0.6790123456790124,26,1,0,1,0,0
32,20,1.0,1,checkpoints/sudoku_extreme_hf/checkpoint,0,1,blanks_20,40.99889503125098,1,18,fixed_point,0,became_wrong,0.9135802469135802,7,1,0,1,0,0
32,20,1.0,1,checkpoints/sudoku_extreme_hf/checkpoint,0,1,blanks_20,40.99889503125098,1,19,fixed_point,0,became_wrong,0.8641975308641975,11,1,0,1,0,0
32,20,1.0,1,checkpoints/sudoku_extreme_hf/checkpoint,0,1,blanks_20,40.99889503125098,1,20,fixed_point,0,became_wrong,0.9259259259259259,6,1,0,1,0,0
32,20,1.0,1,checkpoints/sudoku_extreme_hf/checkpoint,0,1,blanks_20,40.99889503125098,1,21,fixed_point,0,became_wrong,0.8518518518518519,12,1,0,1,0,0
32,20,1.0,1,checkpoints/sudoku_extreme_hf/checkpoint,0,1,blanks_20,40.99889503125098,1,22,fixed_point,0,became_wrong,0.8641975308641975,11,1,0,1,0,0
32,20,1.0,1,checkpoints/sudoku_extreme_hf/checkpoint,0,1,blanks_20,40.99889503125098,1,23,fixed_point,0,became_wrong,0.6296296296296297,30,1,0,1,0,0
32,20,1.0,1,checkpoints/sudoku_extreme_hf/checkpoint,0,1,blanks_20,40.99889503125098,1,24,fixed_point,0,became_wrong,0.8271604938271605,14,1,0,1,0,0
32,20,1.0,0,checkpoints/sudoku_extreme_hf/checkpoint,0,1,blanks_20,40.99889503125098,1,25,fixed_point,0,stable_correct,1.0,0,1,1,0,0,0
32,20,0.9506172839506173,1,checkpoints/sudoku_extreme_hf/checkpoint,1,1,blanks_20,40.99889503125098,0,26,fixed_point,1,changed_wrong,0.7407407407407407,19,0,0,1,18,0
32,20,1.0,1,checkpoints/sudoku_extreme_hf/checkpoint,0,1,blanks_20,40.99889503125098,1,27,fixed_point,0,became_wrong,0.8888888888888888,9,1,0,1,0,0
32,20,1.0,1,checkpoints/sudoku_extreme_hf/checkpoint,0,1,blanks_20,40.99889503125098,1,28,fixed_point,0,became_wrong,0.8888888888888888,9,1,0,1,0,0
32,20,1.0,1,checkpoints/sudoku_extreme_hf/checkpoint,0,1,blanks_20,40.99889503125098,1,29,fixed_point,0,became_wrong,0.6790123456790124,26,1,0,1,0,0
32,20,1.0,1,checkpoints/sudoku_extreme_hf/checkpoint,0,1,blanks_20,40.99889503125098,1,30,fixed_point,0,became_wrong,0.9506172839506173,4,1,0,1,0,0
32,20,1.0,1,checkpoints/sudoku_extreme_hf/checkpoint,0,1,blanks_20,40.99889503125098,1,31,fixed_point,0,became_wrong,0.8518518518518519,12,1,0,1,0,0
32,20,1.0,1,checkpoints/sudoku_extreme_hf/checkpoint,0,1,blanks_20,32.678592031249565,1,32,fixed_point,0,became_wrong,0.654320987654321,28,0,0,1,25,0
32,20,1.0,1,checkpoints/sudoku_extreme_hf/checkpoint,0,1,blanks_20,32.678592031249565,1,33,fixed_point,0,became_wrong,0.9506172839506173,4,1,0,1,0,0
32,20,1.0,1,checkpoints/sudoku_extreme_hf/checkpoint,0,1,blanks_20,32.678592031249565,1,34,fixed_point,0,became_wrong,0.6419753086419753,29,1,0,1,0,0
32,20,1.0,1,checkpoints/sudoku_extreme_hf/checkpoint,0,1,blanks_20,32.678592031249565,1,35,fixed_point,0,became_wrong,0.9259259259259259,6,1,0,1,0,0
32,20,1.0,1,checkpoints/sudoku_extreme_hf/checkpoint,0,1,blanks_20,32.678592031249565,1,36,fixed_point,0,became_wrong,0.7654320987654321,19,1,0,1,0,0
32,20,1.0,1,checkpoints/sudoku_extreme_hf/checkpoint,0,1,blanks_20,32.678592031249565,1,37,fixed_point,0,became_wrong,0.7777777777777778,18,1,0,1,0,0
32,20,1.0,1,checkpoints/sudoku_extreme_hf/checkpoint,0,1,blanks_20,32.678592031249565,1,38,fixed_point,0,became_wrong,0.7283950617283951,22,1,0,1,0,0
32,20,1.0,1,checkpoints/sudoku_extreme_hf/checkpoint,0,1,blanks_20,32.678592031249565,1,39,fixed_point,0,became_wrong,0.8395061728395061,13,1,0,1,0,0
32,20,1.0,1,checkpoints/sudoku_extreme_hf/checkpoint,0,1,blanks_20,32.678592031249565,1,40,fixed_point,0,became_wrong,0.691358024691358,25,1,0,1,0,0
32,20,1.0,1,checkpoints/sudoku_extreme_hf/checkpoint,0,1,blanks_20,32.678592031249565,1,41,fixed_point,0,became_wrong,0.8765432098765432,10,1,0,1,0,0
32,20,1.0,1,checkpoints/sudoku_extreme_hf/checkpoint,0,1,blanks_20,32.678592031249565,1,42,fixed_point,0,became_wrong,0.7654320987654321,19,1,0,1,0,0
32,20,1.0,1,checkpoints/sudoku_extreme_hf/checkpoint,0,1,blanks_20,32.678592031249565,1,43,fixed_point,0,became_wrong,0.7160493827160493,23,1,0,1,0,0
32,20,1.0,1,checkpoints/sudoku_extreme_hf/checkpoint,0,1,blanks_20,32.678592031249565,1,44,fixed_point,0,became_wrong,0.7530864197530864,20,1,0,1,0,0
32,20,1.0,1,checkpoints/sudoku_extreme_hf/checkpoint,0,1,blanks_20,32.678592031249565,1,45,fixed_point,0,became_wrong,0.7037037037037037,24,1,0,1,0,0
32,20,1.0,1,checkpoints/sudoku_extreme_hf/checkpoint,0,1,blanks_20,32.678592031249565,1,46,fixed_point,0,became_wrong,0.7283950617283951,22,1,0,1,0,0
32,20,1.0,1,checkpoints/sudoku_extreme_hf/checkpoint,0,1,blanks_20,32.678592031249565,1,47,fixed_point,0,became_wrong,0.7654320987654321,19,0,0,1,21,0
32,20,1.0,1,checkpoints/sudoku_extreme_hf/checkpoint,0,1,blanks_20,32.678592031249565,1,48,fixed_point,0,became_wrong,0.7901234567901234,17,1,0,1,0,0
32,20,1.0,1,checkpoints/sudoku_extreme_hf/checkpoint,0,1,blanks_20,32.678592031249565,1,49,fixed_point,0,became_wrong,0.5679012345679012,35,1,0,1,0,0
32,20,1.0,1,checkpoints/sudoku_extreme_hf/checkpoint,0,1,blanks_20,32.678592031249565,1,50,fixed_point,0,became_wrong,0.7037037037037037,24,1,0,1,0,0
32,20,1.0,1,checkpoints/sudoku_extreme_hf/checkpoint,0,1,blanks_20,32.678592031249565,1,51,fixed_point,0,became_wrong,0.8641975308641975,11,0,0,1,6,0
32,20,1.0,1,checkpoints/sudoku_extreme_hf/checkpoint,0,1,blanks_20,32.678592031249565,1,52,fixed_point,0,became_wrong,0.691358024691358,25,0,0,1,24,0
32,20,1.0,1,checkpoints/sudoku_extreme_hf/checkpoint,0,1,blanks_20,32.678592031249565,1,53,fixed_point,0,became_wrong,0.7037037037037037,24,1,0,1,0,0
32,20,1.0,1,checkpoints/sudoku_extreme_hf/checkpoint,0,1,blanks_20,32.678592031249565,1,54,fixed_point,0,became_wrong,0.8765432098765432,10,1,0,1,0,0
32,20,1.0,1,checkpoints/sudoku_extreme_hf/checkpoint,0,1,blanks_20,32.678592031249565,1,55,fixed_point,0,became_wrong,0.654320987654321,28,1,0,1,0,0
32,20,1.0,0,checkpoints/sudoku_extreme_hf/checkpoint,0,1,blanks_20,32.678592031249565,1,56,fixed_point,0,stable_correct,1.0,0,1,1,0,0,0
32,20,1.0,1,checkpoints/sudoku_extreme_hf/checkpoint,0,1,blanks_20,32.678592031249565,1,57,fixed_point,0,became_wrong,0.9259259259259259,6,1,0,1,0,0
32,20,1.0,1,checkpoints/sudoku_extreme_hf/checkpoint,0,1,blanks_20,32.678592031249565,1,58,fixed_point,0,became_wrong,0.6666666666666666,27,1,0,1,0,0
32,20,1.0,1,checkpoints/sudoku_extreme_hf/checkpoint,0,1,blanks_20,32.678592031249565,1,59,fixed_point,0,became_wrong,0.8024691358024691,16,0,0,1,12,0
32,20,1.0,0,checkpoints/sudoku_extreme_hf/checkpoint,0,1,blanks_20,32.678592031249565,1,60,fixed_point,0,stable_correct,1.0,0,1,1,0,0,0
32,20,1.0,1,checkpoints/sudoku_extreme_hf/checkpoint,0,1,blanks_20,32.678592031249565,1,61,fixed_point,0,became_wrong,0.691358024691358,25,1,0,1,0,0
32,20,1.0,1,checkpoints/sudoku_extreme_hf/checkpoint,0,1,blanks_20,32.678592031249565,1,62,fixed_point,0,became_wrong,0.6790123456790124,26,1,0,1,0,0
32,20,1.0,1,checkpoints/sudoku_extreme_hf/checkpoint,0,1,blanks_20,32.678592031249565,1,63,fixed_point,0,became_wrong,0.8024691358024691,16,1,0,1,0,0
32,20,1.0,1,checkpoints/sudoku_extreme_hf/checkpoint,0,1,blanks_20,33.980017937498275,1,64,fixed_point,0,became_wrong,0.8765432098765432,10,1,0,1,0,0
32,20,1.0,1,checkpoints/sudoku_extreme_hf/checkpoint,0,1,blanks_20,33.980017937498275,1,65,fixed_point,0,became_wrong,0.8395061728395061,13,1,0,1,0,0
32,20,1.0,1,checkpoints/sudoku_extreme_hf/checkpoint,0,1,blanks_20,33.980017937498275,1,66,fixed_point,0,became_wrong,0.7654320987654321,19,1,0,1,0,0
32,20,1.0,1,checkpoints/sudoku_extreme_hf/checkpoint,0,1,blanks_20,33.980017937498275,1,67,fixed_point,0,became_wrong,0.7407407407407407,21,1,0,1,0,0
32,20,1.0,1,checkpoints/sudoku_extreme_hf/checkpoint,0,1,blanks_20,33.980017937498275,1,68,fixed_point,0,became_wrong,0.7777777777777778,18,1,0,1,0,0
32,20,1.0,1,checkpoints/sudoku_extreme_hf/checkpoint,0,1,blanks_20,33.980017937498275,1,69,fixed_point,0,became_wrong,0.7283950617283951,22,1,0,1,0,0
32,20,1.0,1,checkpoints/sudoku_extreme_hf/checkpoint,0,1,blanks_20,33.980017937498275,1,70,fixed_point,0,became_wrong,0.691358024691358,25,1,0,1,0,0
32,20,1.0,1,checkpoints/sudoku_extreme_hf/checkpoint,0,1,blanks_20,33.980017937498275,1,71,fixed_point,0,became_wrong,0.7407407407407407,21,1,0,1,0,0
32,20,1.0,1,checkpoints/sudoku_extreme_hf/checkpoint,0,1,blanks_20,33.980017937498275,1,72,fixed_point,0,became_wrong,0.9135802469135802,7,1,0,1,0,0
32,20,1.0,1,checkpoints/sudoku_extreme_hf/checkpoint,0,1,blanks_20,33.980017937498275,1,73,fixed_point,0,became_wrong,0.7283950617283951,22,1,0,1,0,0
32,20,1.0,1,checkpoints/sudoku_extreme_hf/checkpoint,0,1,blanks_20,33.980017937498275,1,74,fixed_point,0,became_wrong,0.7160493827160493,23,1,0,1,0,0
32,20,1.0,1,checkpoints/sudoku_extreme_hf/checkpoint,0,1,blanks_20,33.980017937498275,1,75,fixed_point,0,became_wrong,0.8641975308641975,11,1,0,1,0,0
32,20,1.0,1,checkpoints/sudoku_extreme_hf/checkpoint,0,1,blanks_20,33.980017937498275,1,76,fixed_point,0,became_wrong,0.7283950617283951,22,1,0,1,0,0
32,20,1.0,1,checkpoints/sudoku_extreme_hf/checkpoint,0,1,blanks_20,33.980017937498275,1,77,fixed_point,0,became_wrong,0.7530864197530864,20,1,0,1,0,0
32,20,1.0,1,checkpoints/sudoku_extreme_hf/checkpoint,0,1,blanks_20,33.980017937498275,1,78,fixed_point,0,became_wrong,0.7283950617283951,22,0,0,1,22,0
32,20,1.0,0,checkpoints/sudoku_extreme_hf/checkpoint,0,1,blanks_20,33.980017937498275,1,79,fixed_point,0,stable_correct,1.0,0,1,1,0,0,0
32,20,1.0,1,checkpoints/sudoku_extreme_hf/checkpoint,0,1,blanks_20,33.980017937498275,1,80,fixed_point,0,became_wrong,0.8148148148148148,15,1,0,1,0,0
32,20,1.0,1,checkpoints/sudoku_extreme_hf/checkpoint,0,1,blanks_20,33.980017937498275,1,81,fixed_point,0,became_wrong,0.8888888888888888,9,1,0,1,0,0
32,20,1.0,1,checkpoints/sudoku_extreme_hf/checkpoint,0,1,blanks_20,33.980017937498275,1,82,fixed_point,0,became_wrong,0.8271604938271605,14,1,0,1,0,0
32,20,1.0,1,checkpoints/sudoku_extreme_hf/checkpoint,0,1,blanks_20,33.980017937498275,1,83,fixed_point,0,became_wrong,0.8888888888888888,9,1,0,1,0,0
32,20,1.0,1,checkpoints/sudoku_extreme_hf/checkpoint,0,1,blanks_20,33.980017937498275,1,84,fixed_point,0,became_wrong,0.7160493827160493,23,1,0,1,0,0
32,20,1.0,1,checkpoints/sudoku_extreme_hf/checkpoint,0,1,blanks_20,33.980017937498275,1,85,fixed_point,0,became_wrong,0.7407407407407407,21,0,0,1,6,0
32,20,0.9506172839506173,1,checkpoints/sudoku_extreme_hf/checkpoint,1,1,blanks_20,33.980017937498275,0,86,fixed_point,1,changed_wrong,0.691358024691358,23,1,0,1,0,0
32,20,1.0,1,checkpoints/sudoku_extreme_hf/checkpoint,0,1,blanks_20,33.980017937498275,1,87,fixed_point,0,became_wrong,0.7407407407407407,21,1,0,1,0,0
32,20,1.0,1,checkpoints/sudoku_extreme_hf/checkpoint,0,1,blanks_20,33.980017937498275,1,88,fixed_point,0,became_wrong,0.7037037037037037,24,1,0,1,0,0
32,20,1.0,1,checkpoints/sudoku_extreme_hf/checkpoint,0,1,blanks_20,33.980017937498275,1,89,fixed_point,0,became_wrong,0.8395061728395061,13,1,0,1,0,0
32,20,1.0,1,checkpoints/sudoku_extreme_hf/checkpoint,0,1,blanks_20,33.980017937498275,1,90,fixed_point,0,became_wrong,0.8641975308641975,11,1,0,1,0,0
32,20,1.0,1,checkpoints/sudoku_extreme_hf/checkpoint,0,1,blanks_20,33.980017937498275,1,91,fixed_point,0,became_wrong,0.7283950617283951,22,1,0,1,0,0
32,20,1.0,1,checkpoints/sudoku_extreme_hf/checkpoint,0,1,blanks_20,33.980017937498275,1,92,fixed_point,0,became_wrong,0.691358024691358,25,1,0,1,0,0
32,20,1.0,1,checkpoints/sudoku_extreme_hf/checkpoint,0,1,blanks_20,33.980017937498275,1,93,fixed_point,0,became_wrong,0.7037037037037037,24,1,0,1,0,0
32,20,1.0,1,checkpoints/sudoku_extreme_hf/checkpoint,0,1,blanks_20,33.980017937498275,1,94,fixed_point,0,became_wrong,0.7037037037037037,24,1,0,1,0,0
32,20,1.0,1,checkpoints/sudoku_extreme_hf/checkpoint,0,1,blanks_20,33.980017937498275,1,95,fixed_point,0,became_wrong,0.654320987654321,28,1,0,1,0,0
32,20,1.0,1,checkpoints/sudoku_extreme_hf/checkpoint,0,1,blanks_20,32.109968937501066,1,96,fixed_point,0,became_wrong,0.7654320987654321,19,1,0,1,0,0
32,20,1.0,1,checkpoints/sudoku_extreme_hf/checkpoint,0,1,blanks_20,32.109968937501066,1,97,fixed_point,0,became_wrong,0.6790123456790124,26,1,0,1,0,0
32,20,1.0,1,checkpoints/sudoku_extreme_hf/checkpoint,0,1,blanks_20,32.109968937501066,1,98,fixed_point,0,became_wrong,0.9259259259259259,6,1,0,1,0,0
32,20,1.0,0,checkpoints/sudoku_extreme_hf/checkpoint,0,1,blanks_20,32.109968937501066,1,99,fixed_point,0,stable_correct,1.0,0,1,1,0,0,0
32,20,1.0,1,checkpoints/sudoku_extreme_hf/checkpoint,0,1,blanks_20,32.109968937501066,1,100,fixed_point,0,became_wrong,0.9506172839506173,4,1,0,1,0,0
32,20,1.0,1,checkpoints/sudoku_extreme_hf/checkpoint,0,1,blanks_20,32.109968937501066,1,101,fixed_point,0,became_wrong,0.8641975308641975,11,1,0,1,0,0
32,20,1.0,1,checkpoints/sudoku_extreme_hf/checkpoint,0,1,blanks_20,32.109968937501066,1,102,fixed_point,0,became_wrong,0.8765432098765432,10,1,0,1,0,0
32,20,1.0,1,checkpoints/sudoku_extreme_hf/checkpoint,0,1,blanks_20,32.109968937501066,1,103,fixed_point,0,became_wrong,0.7901234567901234,17,1,0,1,0,0
32,20,1.0,1,checkpoints/sudoku_extreme_hf/checkpoint,0,1,blanks_20,32.109968937501066,1,104,fixed_point,0,became_wrong,0.7530864197530864,20,1,0,1,0,0
32,20,1.0,1,checkpoints/sudoku_extreme_hf/checkpoint,0,1,blanks_20,32.109968937501066,1,105,fixed_point,0,became_wrong,0.6790123456790124,26,1,0,1,0,0
32,20,1.0,1,checkpoints/sudoku_extreme_hf/checkpoint,0,1,blanks_20,32.109968937501066,1,106,fixed_point,0,became_wrong,0.6666666666666666,27,1,0,1,0,0
32,20,1.0,1,checkpoints/sudoku_extreme_hf/checkpoint,0,1,blanks_20,32.109968937501066,1,107,fixed_point,0,became_wrong,0.7654320987654321,19,1,0,1,0,0
32,20,1.0,1,checkpoints/sudoku_extreme_hf/checkpoint,0,1,blanks_20,32.109968937501066,1,108,fixed_point,0,became_wrong,0.8024691358024691,16,1,0,1,0,0
32,20,1.0,0,checkpoints/sudoku_extreme_hf/checkpoint,0,1,blanks_20,32.109968937501066,1,109,fixed_point,0,stable_correct,1.0,0,1,1,0,0,0
32,20,1.0,1,checkpoints/sudoku_extreme_hf/checkpoint,0,1,blanks_20,32.109968937501066,1,110,fixed_point,0,became_wrong,0.654320987654321,28,1,0,1,0,0
32,20,1.0,1,checkpoints/sudoku_extreme_hf/checkpoint,0,1,blanks_20,32.109968937501066,1,111,fixed_point,0,became_wrong,0.7777777777777778,18,1,0,1,0,0
32,20,1.0,1,checkpoints/sudoku_extreme_hf/checkpoint,0,1,blanks_20,32.109968937501066,1,112,fixed_point,0,became_wrong,0.8148148148148148,15,1,0,1,0,0
32,20,1.0,1,checkpoints/sudoku_extreme_hf/checkpoint,0,1,blanks_20,32.109968937501066,1,113,fixed_point,0,became_wrong,0.6666666666666666,27,0,0,1,19,0
32,20,1.0,1,checkpoints/sudoku_extreme_hf/checkpoint,0,1,blanks_20,32.109968937501066,1,114,fixed_point,0,became_wrong,0.7777777777777778,18,0,0,1,14,0
32,20,1.0,1,checkpoints/sudoku_extreme_hf/checkpoint,0,1,blanks_20,32.109968937501066,1,115,fixed_point,0,became_wrong,0.8024691358024691,16,1,0,1,0,0
32,20,1.0,1,checkpoints/sudoku_extreme_hf/checkpoint,0,1,blanks_20,32.109968937501066,1,116,fixed_point,0,became_wrong,0.7283950617283951,22,0,0,1,14,0
32,20,1.0,1,checkpoints/sudoku_extreme_hf/checkpoint,0,1,blanks_20,32.109968937501066,1,117,fixed_point,0,became_wrong,0.9012345679012346,8,1,0,1,0,0
32,20,1.0,1,checkpoints/sudoku_extreme_hf/checkpoint,0,1,blanks_20,32.109968937501066,1,118,fixed_point,0,became_wrong,0.7037037037037037,24,1,0,1,0,0
32,20,1.0,1,checkpoints/sudoku_extreme_hf/checkpoint,0,1,blanks_20,32.109968937501066,1,119,fixed_point,0,became_wrong,0.7037037037037037,24,1,0,1,0,0
32,20,1.0,1,checkpoints/sudoku_extreme_hf/checkpoint,0,1,blanks_20,32.109968937501066,1,120,fixed_point,0,became_wrong,0.6790123456790124,26,1,0,1,0,0
32,20,1.0,1,checkpoints/sudoku_extreme_hf/checkpoint,0,1,blanks_20,32.109968937501066,1,121,fixed_point,0,became_wrong,0.8765432098765432,10,1,0,1,0,0
32,20,1.0,1,checkpoints/sudoku_extreme_hf/checkpoint,0,1,blanks_20,32.109968937501066,1,122,fixed_point,0,became_wrong,0.7283950617283951,22,1,0,1,0,0
32,20,1.0,1,checkpoints/sudoku_extreme_hf/checkpoint,0,1,blanks_20,32.109968937501066,1,123,fixed_point,0,became_wrong,0.7530864197530864,20,1,0,1,0,0
32,20,1.0,1,checkpoints/sudoku_extreme_hf/checkpoint,0,1,blanks_20,32.109968937501066,1,124,fixed_point,0,became_wrong,0.6666666666666666,27,0,0,1,3,0
32,20,1.0,1,checkpoints/sudoku_extreme_hf/checkpoint,0,1,blanks_20,32.109968937501066,1,125,fixed_point,0,became_wrong,0.691358024691358,25,0,0,1,18,0
32,20,1.0,1,checkpoints/sudoku_extreme_hf/checkpoint,0,1,blanks_20,32.109968937501066,1,126,fixed_point,0,became_wrong,0.691358024691358,25,1,0,1,0,0
32,20,1.0,1,checkpoints/sudoku_extreme_hf/checkpoint,0,1,blanks_20,32.109968937501066,1,127,fixed_point,0,became_wrong,0.8148148148148148,15,1,0,1,0,0
32,20,1.0,1,checkpoints/sudoku_extreme_hf/checkpoint,0,1,blanks_20,33.21912556249984,1,128,fixed_point,0,became_wrong,0.7777777777777778,18,1,0,1,0,0
32,20,1.0,1,checkpoints/sudoku_extreme_hf/checkpoint,0,1,blanks_20,33.21912556249984,1,129,fixed_point,0,became_wrong,0.9012345679012346,8,1,0,1,0,0
32,20,1.0,1,checkpoints/sudoku_extreme_hf/checkpoint,0,1,blanks_20,33.21912556249984,1,130,fixed_point,0,became_wrong,0.8024691358024691,16,1,0,1,0,0
32,20,1.0,1,checkpoints/sudoku_extreme_hf/checkpoint,0,1,blanks_20,33.21912556249984,1,131,fixed_point,0,became_wrong,0.6419753086419753,29,1,0,1,0,0
32,20,1.0,1,checkpoints/sudoku_extreme_hf/checkpoint,0,1,blanks_20,33.21912556249984,1,132,fixed_point,0,became_wrong,0.5802469135802469,34,1,0,1,0,0
32,20,1.0,1,checkpoints/sudoku_extreme_hf/checkpoint,0,1,blanks_20,33.21912556249984,1,133,fixed_point,0,became_wrong,0.8024691358024691,16,1,0,1,0,0
32,20,1.0,1,checkpoints/sudoku_extreme_hf/checkpoint,0,1,blanks_20,33.21912556249984,1,134,fixed_point,0,became_wrong,0.6666666666666666,27,1,0,1,0,0
32,20,1.0,1,checkpoints/sudoku_extreme_hf/checkpoint,0,1,blanks_20,33.21912556249984,1,135,fixed_point,0,became_wrong,0.7530864197530864,20,1,0,1,0,0
32,20,1.0,1,checkpoints/sudoku_extreme_hf/checkpoint,0,1,blanks_20,33.21912556249984,1,136,fixed_point,0,became_wrong,0.7777777777777778,18,1,0,1,0,0
32,20,1.0,1,checkpoints/sudoku_extreme_hf/checkpoint,0,1,blanks_20,33.21912556249984,1,137,fixed_point,0,became_wrong,0.9506172839506173,4,1,0,1,0,0
32,20,1.0,1,checkpoints/sudoku_extreme_hf/checkpoint,0,1,blanks_20,33.21912556249984,1,138,fixed_point,0,became_wrong,0.8518518518518519,12,1,0,1,0,0
32,20,1.0,1,checkpoints/sudoku_extreme_hf/checkpoint,0,1,blanks_20,33.21912556249984,1,139,fixed_point,0,became_wrong,0.7407407407407407,21,1,0,1,0,0
32,20,1.0,1,checkpoints/sudoku_extreme_hf/checkpoint,0,1,blanks_20,33.21912556249984,1,140,fixed_point,0,became_wrong,0.7777777777777778,18,1,0,1,0,0
32,20,1.0,0,checkpoints/sudoku_extreme_hf/checkpoint,0,1,blanks_20,33.21912556249984,1,141,fixed_point,0,stable_correct,1.0,0,1,1,0,0,0
32,20,1.0,1,checkpoints/sudoku_extreme_hf/checkpoint,0,1,blanks_20,33.21912556249984,1,142,fixed_point,0,became_wrong,0.8024691358024691,16,1,0,1,0,0
32,20,1.0,1,checkpoints/sudoku_extreme_hf/checkpoint,0,1,blanks_20,33.21912556249984,1,143,fixed_point,0,became_wrong,0.8148148148148148,15,1,0,1,0,0
32,20,1.0,1,checkpoints/sudoku_extreme_hf/checkpoint,0,1,blanks_20,33.21912556249984,1,144,fixed_point,0,became_wrong,0.7160493827160493,23,1,0,1,0,0
32,20,1.0,0,checkpoints/sudoku_extreme_hf/checkpoint,0,1,blanks_20,33.21912556249984,1,145,fixed_point,0,stable_correct,1.0,0,1,1,0,0,0
32,20,1.0,1,checkpoints/sudoku_extreme_hf/checkpoint,0,1,blanks_20,33.21912556249984,1,146,fixed_point,0,became_wrong,0.654320987654321,28,1,0,1,0,0
32,20,1.0,1,checkpoints/sudoku_extreme_hf/checkpoint,0,1,blanks_20,33.21912556249984,1,147,fixed_point,0,became_wrong,0.8271604938271605,14,1,0,1,0,0
32,20,1.0,1,checkpoints/sudoku_extreme_hf/checkpoint,0,1,blanks_20,33.21912556249984,1,148,fixed_point,0,became_wrong,0.7777777777777778,18,1,0,1,0,0
32,20,1.0,1,checkpoints/sudoku_extreme_hf/checkpoint,0,1,blanks_20,33.21912556249984,1,149,fixed_point,0,became_wrong,0.8518518518518519,12,1,0,1,0,0
32,20,1.0,1,checkpoints/sudoku_extreme_hf/checkpoint,0,1,blanks_20,33.21912556249984,1,150,fixed_point,0,became_wrong,0.8765432098765432,10,1,0,1,0,0
32,20,1.0,1,checkpoints/sudoku_extreme_hf/checkpoint,0,1,blanks_20,33.21912556249984,1,151,fixed_point,0,became_wrong,0.8148148148148148,15,1,0,1,0,0
32,20,1.0,1,checkpoints/sudoku_extreme_hf/checkpoint,0,1,blanks_20,33.21912556249984,1,152,fixed_point,0,became_wrong,0.7530864197530864,20,1,0,1,0,0
32,20,0.9876543209876543,1,checkpoints/sudoku_extreme_hf/checkpoint,1,0,blanks_20,33.21912556249984,0,153,fixed_point,1,changed_wrong,0.8024691358024691,17,1,0,1,0,3
32,20,1.0,1,checkpoints/sudoku_extreme_hf/checkpoint,0,1,blanks_20,33.21912556249984,1,154,fixed_point,0,became_wrong,0.8641975308641975,11,1,0,1,0,0
32,20,1.0,1,checkpoints/sudoku_extreme_hf/checkpoint,0,1,blanks_20,33.21912556249984,1,155,fixed_point,0,became_wrong,0.8024691358024691,16,1,0,1,0,0
32,20,1.0,1,checkpoints/sudoku_extreme_hf/checkpoint,0,1,blanks_20,33.21912556249984,1,156,fixed_point,0,became_wrong,0.8641975308641975,11,1,0,1,0,0
32,20,1.0,1,checkpoints/sudoku_extreme_hf/checkpoint,0,1,blanks_20,33.21912556249984,1,157,fixed_point,0,became_wrong,0.8518518518518519,12,1,0,1,0,0
32,20,1.0,1,checkpoints/sudoku_extreme_hf/checkpoint,0,1,blanks_20,33.21912556249984,1,158,fixed_point,0,became_wrong,0.8641975308641975,11,1,0,1,0,0
32,20,1.0,1,checkpoints/sudoku_extreme_hf/checkpoint,0,1,blanks_20,33.21912556249984,1,159,fixed_point,0,became_wrong,0.8518518518518519,12,1,0,1,0,0
32,20,1.0,1,checkpoints/sudoku_extreme_hf/checkpoint,0,1,blanks_20,38.6427294375018,1,160,fixed_point,0,became_wrong,0.6666666666666666,27,0,0,1,15,0
32,20,1.0,1,checkpoints/sudoku_extreme_hf/checkpoint,0,1,blanks_20,38.6427294375018,1,161,fixed_point,0,became_wrong,0.9135802469135802,7,1,0,1,0,0
32,20,1.0,1,checkpoints/sudoku_extreme_hf/checkpoint,0,1,blanks_20,38.6427294375018,1,162,fixed_point,0,became_wrong,0.6790123456790124,26,1,0,1,0,0
32,20,1.0,1,checkpoints/sudoku_extreme_hf/checkpoint,0,1,blanks_20,38.6427294375018,1,163,fixed_point,0,became_wrong,0.6419753086419753,29,0,0,1,18,0
32,20,1.0,1,checkpoints/sudoku_extreme_hf/checkpoint,0,1,blanks_20,38.6427294375018,1,164,fixed_point,0,became_wrong,0.7901234567901234,17,1,0,1,0,0
32,20,1.0,1,checkpoints/sudoku_extreme_hf/checkpoint,0,1,blanks_20,38.6427294375018,1,165,fixed_point,0,became_wrong,0.7777777777777778,18,1,0,1,0,0
32,20,1.0,1,checkpoints/sudoku_extreme_hf/checkpoint,0,1,blanks_20,38.6427294375018,1,166,fixed_point,0,became_wrong,0.8641975308641975,11,1,0,1,0,0
32,20,1.0,1,checkpoints/sudoku_extreme_hf/checkpoint,0,1,blanks_20,38.6427294375018,1,167,fixed_point,0,became_wrong,0.691358024691358,25,1,0,1,0,0
32,20,1.0,1,checkpoints/sudoku_extreme_hf/checkpoint,0,1,blanks_20,38.6427294375018,1,168,fixed_point,0,became_wrong,0.8765432098765432,10,1,0,1,0,0
32,20,1.0,1,checkpoints/sudoku_extreme_hf/checkpoint,0,1,blanks_20,38.6427294375018,1,169,fixed_point,0,became_wrong,0.654320987654321,28,1,0,1,0,0
32,20,1.0,0,checkpoints/sudoku_extreme_hf/checkpoint,0,1,blanks_20,38.6427294375018,1,170,fixed_point,0,stable_correct,1.0,0,1,1,0,0,0
32,20,1.0,1,checkpoints/sudoku_extreme_hf/checkpoint,0,1,blanks_20,38.6427294375018,1,171,fixed_point,0,became_wrong,0.6419753086419753,29,1,0,1,0,0
32,20,1.0,1,checkpoints/sudoku_extreme_hf/checkpoint,0,1,blanks_20,38.6427294375018,1,172,fixed_point,0,became_wrong,0.7777777777777778,18,1,0,1,0,0
32,20,1.0,1,checkpoints/sudoku_extreme_hf/checkpoint,0,1,blanks_20,38.6427294375018,1,173,fixed_point,0,became_wrong,0.8395061728395061,13,1,0,1,0,0
32,20,1.0,1,checkpoints/sudoku_extreme_hf/checkpoint,0,1,blanks_20,38.6427294375018,1,174,fixed_point,0,became_wrong,0.691358024691358,25,1,0,1,0,0
32,20,1.0,1,checkpoints/sudoku_extreme_hf/checkpoint,0,1,blanks_20,38.6427294375018,1,175,fixed_point,0,became_wrong,0.8518518518518519,12,1,0,1,0,0
32,20,1.0,1,checkpoints/sudoku_extreme_hf/checkpoint,0,1,blanks_20,38.6427294375018,1,176,fixed_point,0,became_wrong,0.8518518518518519,12,1,0,1,0,0
32,20,1.0,0,checkpoints/sudoku_extreme_hf/checkpoint,0,1,blanks_20,38.6427294375018,1,177,fixed_point,0,stable_correct,1.0,0,1,1,0,0,0
32,20,1.0,1,checkpoints/sudoku_extreme_hf/checkpoint,0,1,blanks_20,38.6427294375018,1,178,fixed_point,0,became_wrong,0.8888888888888888,9,1,0,1,0,0
32,20,1.0,1,checkpoints/sudoku_extreme_hf/checkpoint,0,1,blanks_20,38.6427294375018,1,179,fixed_point,0,became_wrong,0.654320987654321,28,1,0,1,0,0
32,20,1.0,1,checkpoints/sudoku_extreme_hf/checkpoint,0,1,blanks_20,38.6427294375018,1,180,fixed_point,0,became_wrong,0.9506172839506173,4,1,0,1,0,0
32,20,1.0,1,checkpoints/sudoku_extreme_hf/checkpoint,0,1,blanks_20,38.6427294375018,1,181,fixed_point,0,became_wrong,0.7283950617283951,22,1,0,1,0,0
32,20,1.0,1,checkpoints/sudoku_extreme_hf/checkpoint,0,1,blanks_20,38.6427294375018,1,182,fixed_point,0,became_wrong,0.7037037037037037,24,1,0,1,0,0
32,20,1.0,1,checkpoints/sudoku_extreme_hf/checkpoint,0,1,blanks_20,38.6427294375018,1,183,fixed_point,0,became_wrong,0.7283950617283951,22,1,0,1,0,0
32,20,1.0,1,checkpoints/sudoku_extreme_hf/checkpoint,0,1,blanks_20,38.6427294375018,1,184,fixed_point,0,became_wrong,0.8024691358024691,16,1,0,1,0,0
32,20,1.0,1,checkpoints/sudoku_extreme_hf/checkpoint,0,1,blanks_20,38.6427294375018,1,185,fixed_point,0,became_wrong,0.691358024691358,25,1,0,1,0,0
32,20,1.0,1,checkpoints/sudoku_extreme_hf/checkpoint,0,1,blanks_20,38.6427294375018,1,186,fixed_point,0,became_wrong,0.7160493827160493,23,1,0,1,0,0
32,20,1.0,1,checkpoints/sudoku_extreme_hf/checkpoint,0,1,blanks_20,38.6427294375018,1,187,fixed_point,0,became_wrong,0.8024691358024691,16,1,0,1,0,0
32,20,1.0,1,checkpoints/sudoku_extreme_hf/checkpoint,0,1,blanks_20,38.6427294375018,1,188,fixed_point,0,became_wrong,0.7901234567901234,17,1,0,1,0,0
32,20,1.0,1,checkpoints/sudoku_extreme_hf/checkpoint,0,1,blanks_20,38.6427294375018,1,189,fixed_point,0,became_wrong,0.6790123456790124,26,1,0,1,0,0
32,20,1.0,0,checkpoints/sudoku_extreme_hf/checkpoint,0,1,blanks_20,38.6427294375018,1,190,fixed_point,0,stable_correct,1.0,0,1,1,0,0,0
32,20,1.0,1,checkpoints/sudoku_extreme_hf/checkpoint,0,1,blanks_20,38.6427294375018,1,191,fixed_point,0,became_wrong,0.7160493827160493,23,1,0,1,0,0
32,20,1.0,1,checkpoints/sudoku_extreme_hf/checkpoint,0,1,blanks_20,37.72537321875191,1,192,fixed_point,0,became_wrong,0.9259259259259259,6,1,0,1,0,0
32,20,1.0,1,checkpoints/sudoku_extreme_hf/checkpoint,0,1,blanks_20,37.72537321875191,1,193,fixed_point,0,became_wrong,0.7654320987654321,19,1,0,1,0,0
32,20,1.0,1,checkpoints/sudoku_extreme_hf/checkpoint,0,1,blanks_20,37.72537321875191,1,194,fixed_point,0,became_wrong,0.7283950617283951,22,1,0,1,0,0
32,20,1.0,1,checkpoints/sudoku_extreme_hf/checkpoint,0,1,blanks_20,37.72537321875191,1,195,fixed_point,0,became_wrong,0.654320987654321,28,1,0,1,0,0
32,20,1.0,1,checkpoints/sudoku_extreme_hf/checkpoint,0,1,blanks_20,37.72537321875191,1,196,fixed_point,0,became_wrong,0.691358024691358,25,1,0,1,0,0
32,20,1.0,1,checkpoints/sudoku_extreme_hf/checkpoint,0,1,blanks_20,37.72537321875191,1,197,fixed_point,0,became_wrong,0.8765432098765432,10,1,0,1,0,0
32,20,1.0,1,checkpoints/sudoku_extreme_hf/checkpoint,0,1,blanks_20,37.72537321875191,1,198,fixed_point,0,became_wrong,0.7283950617283951,22,1,0,1,0,0
32,20,1.0,1,checkpoints/sudoku_extreme_hf/checkpoint,0,1,blanks_20,37.72537321875191,1,199,fixed_point,0,became_wrong,0.9506172839506173,4,1,0,1,0,0
32,20,1.0,1,checkpoints/sudoku_extreme_hf/checkpoint,0,1,blanks_20,37.72537321875191,1,200,fixed_point,0,became_wrong,0.9012345679012346,8,1,0,1,0,0
32,20,1.0,1,checkpoints/sudoku_extreme_hf/checkpoint,0,1,blanks_20,37.72537321875191,1,201,fixed_point,0,became_wrong,0.9135802469135802,7,1,0,1,0,0
32,20,1.0,1,checkpoints/sudoku_extreme_hf/checkpoint,0,1,blanks_20,37.72537321875191,1,202,fixed_point,0,became_wrong,0.8024691358024691,16,1,0,1,0,0
32,20,1.0,1,checkpoints/sudoku_extreme_hf/checkpoint,0,1,blanks_20,37.72537321875191,1,203,fixed_point,0,became_wrong,0.8148148148148148,15,1,0,1,0,0
32,20,1.0,1,checkpoints/sudoku_extreme_hf/checkpoint,0,1,blanks_20,37.72537321875191,1,204,fixed_point,0,became_wrong,0.9259259259259259,6,0,0,1,4,0
32,20,1.0,1,checkpoints/sudoku_extreme_hf/checkpoint,0,1,blanks_20,37.72537321875191,1,205,fixed_point,0,became_wrong,0.654320987654321,28,1,0,1,0,0
32,20,1.0,1,checkpoints/sudoku_extreme_hf/checkpoint,0,1,blanks_20,37.72537321875191,1,206,fixed_point,0,became_wrong,0.9012345679012346,8,1,0,1,0,0
32,20,1.0,1,checkpoints/sudoku_extreme_hf/checkpoint,0,1,blanks_20,37.72537321875191,1,207,fixed_point,0,became_wrong,0.6790123456790124,26,1,0,1,0,0
32,20,0.9506172839506173,1,checkpoints/sudoku_extreme_hf/checkpoint,1,1,blanks_20,37.72537321875191,0,208,fixed_point,1,changed_wrong,0.6419753086419753,27,1,0,1,0,0
32,20,1.0,1,checkpoints/sudoku_extreme_hf/checkpoint,0,1,blanks_20,37.72537321875191,1,209,fixed_point,0,became_wrong,0.8024691358024691,16,1,0,1,0,0
32,20,1.0,1,checkpoints/sudoku_extreme_hf/checkpoint,0,1,blanks_20,37.72537321875191,1,210,fixed_point,0,became_wrong,0.7777777777777778,18,0,0,1,35,0
32,20,1.0,1,checkpoints/sudoku_extreme_hf/checkpoint,0,1,blanks_20,37.72537321875191,1,211,fixed_point,0,became_wrong,0.8024691358024691,16,1,0,1,0,0
32,20,1.0,0,checkpoints/sudoku_extreme_hf/checkpoint,0,1,blanks_20,37.72537321875191,1,212,fixed_point,0,stable_correct,1.0,0,1,1,0,0,0
32,20,1.0,1,checkpoints/sudoku_extreme_hf/checkpoint,0,1,blanks_20,37.72537321875191,1,213,fixed_point,0,became_wrong,0.8024691358024691,16,1,0,1,0,0
32,20,1.0,1,checkpoints/sudoku_extreme_hf/checkpoint,0,1,blanks_20,37.72537321875191,1,214,fixed_point,0,became_wrong,0.6296296296296297,30,1,0,1,0,0
32,20,1.0,1,checkpoints/sudoku_extreme_hf/checkpoint,0,1,blanks_20,37.72537321875191,1,215,fixed_point,0,became_wrong,0.691358024691358,25,1,0,1,0,0
32,20,1.0,1,checkpoints/sudoku_extreme_hf/checkpoint,0,1,blanks_20,37.72537321875191,1,216,fixed_point,0,became_wrong,0.7037037037037037,24,1,0,1,0,0
32,20,1.0,1,checkpoints/sudoku_extreme_hf/checkpoint,0,1,blanks_20,37.72537321875191,1,217,fixed_point,0,became_wrong,0.8024691358024691,16,1,0,1,0,0
32,20,1.0,0,checkpoints/sudoku_extreme_hf/checkpoint,0,1,blanks_20,37.72537321875191,1,218,fixed_point,0,stable_correct,1.0,0,1,1,0,0,0
32,20,1.0,1,checkpoints/sudoku_extreme_hf/checkpoint,0,1,blanks_20,37.72537321875191,1,219,fixed_point,0,became_wrong,0.9012345679012346,8,1,0,1,0,0
32,20,1.0,1,checkpoints/sudoku_extreme_hf/checkpoint,0,1,blanks_20,37.72537321875191,1,220,fixed_point,0,became_wrong,0.9506172839506173,4,1,0,1,0,0
32,20,1.0,1,checkpoints/sudoku_extreme_hf/checkpoint,0,1,blanks_20,37.72537321875191,1,221,fixed_point,0,became_wrong,0.7654320987654321,19,1,0,1,0,0
32,20,1.0,0,checkpoints/sudoku_extreme_hf/checkpoint,0,1,blanks_20,37.72537321875191,1,222,fixed_point,0,stable_correct,1.0,0,1,1,0,0,0
32,20,1.0,1,checkpoints/sudoku_extreme_hf/checkpoint,0,1,blanks_20,37.72537321875191,1,223,fixed_point,0,became_wrong,0.6666666666666666,27,1,0,1,0,0
32,20,1.0,1,checkpoints/sudoku_extreme_hf/checkpoint,0,1,blanks_20,37.02981062500044,1,224,fixed_point,0,became_wrong,0.7037037037037037,24,0,0,1,21,0
32,20,1.0,1,checkpoints/sudoku_extreme_hf/checkpoint,0,1,blanks_20,37.02981062500044,1,225,fixed_point,0,became_wrong,0.8148148148148148,15,1,0,1,0,0
32,20,1.0,1,checkpoints/sudoku_extreme_hf/checkpoint,0,1,blanks_20,37.02981062500044,1,226,fixed_point,0,became_wrong,0.9506172839506173,4,1,0,1,0,0
32,20,1.0,1,checkpoints/sudoku_extreme_hf/checkpoint,0,1,blanks_20,37.02981062500044,1,227,fixed_point,0,became_wrong,0.7530864197530864,20,1,0,1,0,0
32,20,1.0,1,checkpoints/sudoku_extreme_hf/checkpoint,0,1,blanks_20,37.02981062500044,1,228,fixed_point,0,became_wrong,0.9012345679012346,8,1,0,1,0,0
32,20,1.0,1,checkpoints/sudoku_extreme_hf/checkpoint,0,1,blanks_20,37.02981062500044,1,229,fixed_point,0,became_wrong,0.9012345679012346,8,1,0,1,0,0
32,20,1.0,1,checkpoints/sudoku_extreme_hf/checkpoint,0,1,blanks_20,37.02981062500044,1,230,fixed_point,0,became_wrong,0.7037037037037037,24,1,0,1,0,0
32,20,1.0,1,checkpoints/sudoku_extreme_hf/checkpoint,0,1,blanks_20,37.02981062500044,1,231,fixed_point,0,became_wrong,0.9506172839506173,4,1,0,1,0,0
32,20,1.0,1,checkpoints/sudoku_extreme_hf/checkpoint,0,1,blanks_20,37.02981062500044,1,232,fixed_point,0,became_wrong,0.7407407407407407,21,0,0,1,3,0
32,20,1.0,1,checkpoints/sudoku_extreme_hf/checkpoint,0,1,blanks_20,37.02981062500044,1,233,fixed_point,0,became_wrong,0.6172839506172839,31,1,0,1,0,0
32,20,1.0,1,checkpoints/sudoku_extreme_hf/checkpoint,0,1,blanks_20,37.02981062500044,1,234,fixed_point,0,became_wrong,0.8395061728395061,13,1,0,1,0,0
32,20,1.0,1,checkpoints/sudoku_extreme_hf/checkpoint,0,1,blanks_20,37.02981062500044,1,235,fixed_point,0,became_wrong,0.6419753086419753,29,1,0,1,0,0
32,20,1.0,1,checkpoints/sudoku_extreme_hf/checkpoint,0,1,blanks_20,37.02981062500044,1,236,fixed_point,0,became_wrong,0.8271604938271605,14,1,0,1,0,0
32,20,1.0,1,checkpoints/sudoku_extreme_hf/checkpoint,0,1,blanks_20,37.02981062500044,1,237,fixed_point,0,became_wrong,0.9506172839506173,4,1,0,1,0,0
32,20,1.0,1,checkpoints/sudoku_extreme_hf/checkpoint,0,1,blanks_20,37.02981062500044,1,238,fixed_point,0,became_wrong,0.6419753086419753,29,1,0,1,0,0
32,20,1.0,0,checkpoints/sudoku_extreme_hf/checkpoint,0,1,blanks_20,37.02981062500044,1,239,fixed_point,0,stable_correct,1.0,0,1,1,0,0,0
32,20,1.0,1,checkpoints/sudoku_extreme_hf/checkpoint,0,1,blanks_20,37.02981062500044,1,240,fixed_point,0,became_wrong,0.8888888888888888,9,1,0,1,0,0
32,20,1.0,1,checkpoints/sudoku_extreme_hf/checkpoint,0,1,blanks_20,37.02981062500044,1,241,fixed_point,0,became_wrong,0.8148148148148148,15,1,0,1,0,0
32,20,1.0,1,checkpoints/sudoku_extreme_hf/checkpoint,0,1,blanks_20,37.02981062500044,1,242,fixed_point,0,became_wrong,0.8024691358024691,16,1,0,1,0,0
32,20,1.0,1,checkpoints/sudoku_extreme_hf/checkpoint,0,1,blanks_20,37.02981062500044,1,243,fixed_point,0,became_wrong,0.6790123456790124,26,1,0,1,0,0
32,20,1.0,1,checkpoints/sudoku_extreme_hf/checkpoint,0,1,blanks_20,37.02981062500044,1,244,fixed_point,0,became_wrong,0.8395061728395061,13,1,0,1,0,0
32,20,1.0,1,checkpoints/sudoku_extreme_hf/checkpoint,0,1,blanks_20,37.02981062500044,1,245,fixed_point,0,became_wrong,0.8518518518518519,12,1,0,1,0,0
32,20,1.0,1,checkpoints/sudoku_extreme_hf/checkpoint,0,1,blanks_20,37.02981062500044,1,246,fixed_point,0,became_wrong,0.6666666666666666,27,1,0,1,0,0
32,20,1.0,1,checkpoints/sudoku_extreme_hf/checkpoint,0,1,blanks_20,37.02981062500044,1,247,fixed_point,0,became_wrong,0.8148148148148148,15,1,0,1,0,0
32,20,1.0,1,checkpoints/sudoku_extreme_hf/checkpoint,0,1,blanks_20,37.02981062500044,1,248,fixed_point,0,became_wrong,0.9506172839506173,4,1,0,1,0,0
32,20,1.0,1,checkpoints/sudoku_extreme_hf/checkpoint,0,1,blanks_20,37.02981062500044,1,249,fixed_point,0,became_wrong,0.7530864197530864,20,1,0,1,0,0
32,20,1.0,1,checkpoints/sudoku_extreme_hf/checkpoint,0,1,blanks_20,37.02981062500044,1,250,fixed_point,0,became_wrong,0.7530864197530864,20,0,0,1,20,0
32,20,1.0,1,checkpoints/sudoku_extreme_hf/checkpoint,0,1,blanks_20,37.02981062500044,1,251,fixed_point,0,became_wrong,0.9506172839506173,4,1,0,1,0,0
32,20,1.0,1,checkpoints/sudoku_extreme_hf/checkpoint,0,1,blanks_20,37.02981062500044,1,252,fixed_point,0,became_wrong,0.8888888888888888,9,1,0,1,0,0
32,20,1.0,1,checkpoints/sudoku_extreme_hf/checkpoint,0,1,blanks_20,37.02981062500044,1,253,fixed_point,0,became_wrong,0.6419753086419753,29,1,0,1,0,0
32,20,1.0,1,checkpoints/sudoku_extreme_hf/checkpoint,0,1,blanks_20,37.02981062500044,1,254,fixed_point,0,became_wrong,0.7407407407407407,21,1,0,1,0,0
32,20,1.0,1,checkpoints/sudoku_extreme_hf/checkpoint,0,1,blanks_20,37.02981062500044,1,255,fixed_point,0,became_wrong,0.8271604938271605,14,1,0,1,0,0
32,20,1.0,1,checkpoints/sudoku_extreme_hf/checkpoint,0,1,blanks_20,42.022616500002385,1,256,fixed_point,0,became_wrong,0.8024691358024691,16,1,0,1,0,0
32,20,1.0,1,checkpoints/sudoku_extreme_hf/checkpoint,0,1,blanks_20,42.022616500002385,1,257,fixed_point,0,became_wrong,0.6419753086419753,29,1,0,1,0,0
32,20,1.0,1,checkpoints/sudoku_extreme_hf/checkpoint,0,1,blanks_20,42.022616500002385,1,258,fixed_point,0,became_wrong,0.8024691358024691,16,1,0,1,0,0
32,20,1.0,1,checkpoints/sudoku_extreme_hf/checkpoint,0,1,blanks_20,42.022616500002385,1,259,fixed_point,0,became_wrong,0.8271604938271605,14,1,0,1,0,0
32,20,1.0,1,checkpoints/sudoku_extreme_hf/checkpoint,0,1,blanks_20,42.022616500002385,1,260,fixed_point,0,became_wrong,0.6419753086419753,29,1,0,1,0,0
32,20,1.0,1,checkpoints/sudoku_extreme_hf/checkpoint,0,1,blanks_20,42.022616500002385,1,261,fixed_point,0,became_wrong,0.691358024691358,25,1,0,1,0,0
32,20,1.0,1,checkpoints/sudoku_extreme_hf/checkpoint,0,1,blanks_20,42.022616500002385,1,262,fixed_point,0,became_wrong,0.7283950617283951,22,1,0,1,0,0
32,20,1.0,1,checkpoints/sudoku_extreme_hf/checkpoint,0,1,blanks_20,42.022616500002385,1,263,fixed_point,0,became_wrong,0.8518518518518519,12,1,0,1,0,0
32,20,1.0,1,checkpoints/sudoku_extreme_hf/checkpoint,0,1,blanks_20,42.022616500002385,1,264,fixed_point,0,became_wrong,0.9259259259259259,6,1,0,1,0,0
32,20,1.0,1,checkpoints/sudoku_extreme_hf/checkpoint,0,1,blanks_20,42.022616500002385,1,265,fixed_point,0,became_wrong,0.9259259259259259,6,1,0,1,0,0
32,20,1.0,1,checkpoints/sudoku_extreme_hf/checkpoint,0,1,blanks_20,42.022616500002385,1,266,fixed_point,0,became_wrong,0.7037037037037037,24,1,0,1,0,0
32,20,0.9259259259259259,1,checkpoints/sudoku_extreme_hf/checkpoint,2,1,blanks_20,42.022616500002385,0,267,fixed_point,1,became_correct,1.0,6,1,1,1,0,0
32,20,1.0,1,checkpoints/sudoku_extreme_hf/checkpoint,0,1,blanks_20,42.022616500002385,1,268,fixed_point,0,became_wrong,0.7407407407407407,21,1,0,1,0,0
32,20,1.0,1,checkpoints/sudoku_extreme_hf/checkpoint,0,1,blanks_20,42.022616500002385,1,269,fixed_point,0,became_wrong,0.7160493827160493,23,0,0,1,32,0
32,20,1.0,1,checkpoints/sudoku_extreme_hf/checkpoint,0,1,blanks_20,42.022616500002385,1,270,fixed_point,0,became_wrong,0.7530864197530864,20,1,0,1,0,0
32,20,1.0,1,checkpoints/sudoku_extreme_hf/checkpoint,0,1,blanks_20,42.022616500002385,1,271,fixed_point,0,became_wrong,0.6296296296296297,30,1,0,1,0,0
32,20,1.0,1,checkpoints/sudoku_extreme_hf/checkpoint,0,1,blanks_20,42.022616500002385,1,272,fixed_point,0,became_wrong,0.7654320987654321,19,0,0,1,26,0
32,20,1.0,1,checkpoints/sudoku_extreme_hf/checkpoint,0,1,blanks_20,42.022616500002385,1,273,fixed_point,0,became_wrong,0.7160493827160493,23,0,0,1,20,0
32,20,1.0,0,checkpoints/sudoku_extreme_hf/checkpoint,0,1,blanks_20,42.022616500002385,1,274,fixed_point,0,stable_correct,1.0,0,1,1,0,0,0
32,20,1.0,1,checkpoints/sudoku_extreme_hf/checkpoint,0,1,blanks_20,42.022616500002385,1,275,fixed_point,0,became_wrong,0.7901234567901234,17,1,0,1,0,0
32,20,1.0,1,checkpoints/sudoku_extreme_hf/checkpoint,0,1,blanks_20,42.022616500002385,1,276,fixed_point,0,became_wrong,0.7654320987654321,19,1,0,1,0,0
32,20,1.0,1,checkpoints/sudoku_extreme_hf/checkpoint,0,1,blanks_20,42.022616500002385,1,277,fixed_point,0,became_wrong,0.8888888888888888,9,1,0,1,0,0
32,20,1.0,1,checkpoints/sudoku_extreme_hf/checkpoint,0,1,blanks_20,42.022616500002385,1,278,fixed_point,0,became_wrong,0.7654320987654321,19,0,0,1,18,0
32,20,1.0,1,checkpoints/sudoku_extreme_hf/checkpoint,0,1,blanks_20,42.022616500002385,1,279,fixed_point,0,became_wrong,0.654320987654321,28,1,0,1,0,0
32,20,1.0,1,checkpoints/sudoku_extreme_hf/checkpoint,0,1,blanks_20,42.022616500002385,1,280,fixed_point,0,became_wrong,0.6666666666666666,27,1,0,1,0,0
32,20,1.0,1,checkpoints/sudoku_extreme_hf/checkpoint,0,1,blanks_20,42.022616500002385,1,281,fixed_point,0,became_wrong,0.8271604938271605,14,0,0,1,22,0
32,20,1.0,1,checkpoints/sudoku_extreme_hf/checkpoint,0,1,blanks_20,42.022616500002385,1,282,fixed_point,0,became_wrong,0.8271604938271605,14,1,0,1,0,0
32,20,1.0,1,checkpoints/sudoku_extreme_hf/checkpoint,0,1,blanks_20,42.022616500002385,1,283,fixed_point,0,became_wrong,0.7530864197530864,20,1,0,1,0,0
32,20,0.9506172839506173,1,checkpoints/sudoku_extreme_hf/checkpoint,1,1,blanks_20,42.022616500002385,0,284,fixed_point,1,changed_wrong,0.7530864197530864,17,1,0,1,0,0
32,20,1.0,1,checkpoints/sudoku_extreme_hf/checkpoint,0,1,blanks_20,42.022616500002385,1,285,fixed_point,0,became_wrong,0.7654320987654321,19,1,0,1,0,0
32,20,1.0,1,checkpoints/sudoku_extreme_hf/checkpoint,0,1,blanks_20,42.022616500002385,1,286,fixed_point,0,became_wrong,0.7283950617283951,22,1,0,1,0,0
32,20,1.0,1,checkpoints/sudoku_extreme_hf/checkpoint,0,1,blanks_20,42.022616500002385,1,287,fixed_point,0,became_wrong,0.7901234567901234,17,1,0,1,0,0
32,20,1.0,1,checkpoints/sudoku_extreme_hf/checkpoint,0,1,blanks_20,39.14784543750116,1,288,fixed_point,0,became_wrong,0.8395061728395061,13,1,0,1,0,0
32,20,0.9506172839506173,1,checkpoints/sudoku_extreme_hf/checkpoint,1,1,blanks_20,39.14784543750116,0,289,fixed_point,1,changed_wrong,0.8148148148148148,12,1,0,1,0,0
32,20,1.0,1,checkpoints/sudoku_extreme_hf/checkpoint,0,1,blanks_20,39.14784543750116,1,290,fixed_point,0,became_wrong,0.7407407407407407,21,1,0,1,0,0
32,20,1.0,1,checkpoints/sudoku_extreme_hf/checkpoint,0,1,blanks_20,39.14784543750116,1,291,fixed_point,0,became_wrong,0.6666666666666666,27,1,0,1,0,0
32,20,1.0,1,checkpoints/sudoku_extreme_hf/checkpoint,0,1,blanks_20,39.14784543750116,1,292,fixed_point,0,became_wrong,0.7654320987654321,19,1,0,1,0,0
32,20,1.0,1,checkpoints/sudoku_extreme_hf/checkpoint,0,1,blanks_20,39.14784543750116,1,293,fixed_point,0,became_wrong,0.8024691358024691,16,1,0,1,0,0
32,20,1.0,1,checkpoints/sudoku_extreme_hf/checkpoint,0,1,blanks_20,39.14784543750116,1,294,fixed_point,0,became_wrong,0.7283950617283951,22,1,0,1,0,0
32,20,1.0,1,checkpoints/sudoku_extreme_hf/checkpoint,0,1,blanks_20,39.14784543750116,1,295,fixed_point,0,became_wrong,0.6666666666666666,27,1,0,1,0,0
32,20,1.0,1,checkpoints/sudoku_extreme_hf/checkpoint,0,1,blanks_20,39.14784543750116,1,296,fixed_point,0,became_wrong,0.8271604938271605,14,1,0,1,0,0
32,20,1.0,1,checkpoints/sudoku_extreme_hf/checkpoint,0,1,blanks_20,39.14784543750116,1,297,fixed_point,0,became_wrong,0.8024691358024691,16,0,0,1,18,0
32,20,1.0,1,checkpoints/sudoku_extreme_hf/checkpoint,0,1,blanks_20,39.14784543750116,1,298,fixed_point,0,became_wrong,0.691358024691358,25,1,0,1,0,0
32,20,1.0,1,checkpoints/sudoku_extreme_hf/checkpoint,0,1,blanks_20,39.14784543750116,1,299,fixed_point,0,became_wrong,0.7407407407407407,21,1,0,1,0,0
32,20,1.0,1,checkpoints/sudoku_extreme_hf/checkpoint,0,1,blanks_20,39.14784543750116,1,300,fixed_point,0,became_wrong,0.654320987654321,28,0,0,1,29,0
32,20,1.0,1,checkpoints/sudoku_extreme_hf/checkpoint,0,1,blanks_20,39.14784543750116,1,301,fixed_point,0,became_wrong,0.8518518518518519,12,1,0,1,0,0
32,20,1.0,1,checkpoints/sudoku_extreme_hf/checkpoint,0,1,blanks_20,39.14784543750116,1,302,fixed_point,0,became_wrong,0.7283950617283951,22,0,0,1,24,0
32,20,1.0,1,checkpoints/sudoku_extreme_hf/checkpoint,0,1,blanks_20,39.14784543750116,1,303,fixed_point,0,became_wrong,0.7654320987654321,19,1,0,1,0,0
32,20,1.0,0,checkpoints/sudoku_extreme_hf/checkpoint,0,1,blanks_20,39.14784543750116,1,304,fixed_point,0,stable_correct,1.0,0,1,1,0,0,0
32,20,1.0,1,checkpoints/sudoku_extreme_hf/checkpoint,0,1,blanks_20,39.14784543750116,1,305,fixed_point,0,became_wrong,0.8271604938271605,14,1,0,1,0,0
32,20,1.0,1,checkpoints/sudoku_extreme_hf/checkpoint,0,1,blanks_20,39.14784543750116,1,306,fixed_point,0,became_wrong,0.8765432098765432,10,1,0,1,0,0
32,20,1.0,1,checkpoints/sudoku_extreme_hf/checkpoint,0,1,blanks_20,39.14784543750116,1,307,fixed_point,0,became_wrong,0.8271604938271605,14,1,0,1,0,0
32,20,1.0,1,checkpoints/sudoku_extreme_hf/checkpoint,0,1,blanks_20,39.14784543750116,1,308,fixed_point,0,became_wrong,0.654320987654321,28,1,0,1,0,0
32,20,1.0,1,checkpoints/sudoku_extreme_hf/checkpoint,0,1,blanks_20,39.14784543750116,1,309,fixed_point,0,became_wrong,0.7777777777777778,18,1,0,1,0,0
32,20,1.0,1,checkpoints/sudoku_extreme_hf/checkpoint,0,1,blanks_20,39.14784543750116,1,310,fixed_point,0,became_wrong,0.9259259259259259,6,1,0,1,0,0
32,20,0.9506172839506173,1,checkpoints/sudoku_extreme_hf/checkpoint,2,1,blanks_20,39.14784543750116,0,311,fixed_point,1,changed_wrong,0.7777777777777778,17,0,0,1,22,0
32,20,1.0,0,checkpoints/sudoku_extreme_hf/checkpoint,0,1,blanks_20,39.14784543750116,1,312,fixed_point,0,stable_correct,1.0,0,1,1,0,0,0
32,20,1.0,1,checkpoints/sudoku_extreme_hf/checkpoint,0,1,blanks_20,39.14784543750116,1,313,fixed_point,0,became_wrong,0.7654320987654321,19,1,0,1,0,0
32,20,1.0,1,checkpoints/sudoku_extreme_hf/checkpoint,0,1,blanks_20,39.14784543750116,1,314,fixed_point,0,became_wrong,0.7777777777777778,18,1,0,1,0,0
32,20,0.9506172839506173,1,checkpoints/sudoku_extreme_hf/checkpoint,1,1,blanks_20,39.14784543750116,0,315,fixed_point,1,changed_wrong,0.9135802469135802,4,1,0,1,0,0
32,20,1.0,1,checkpoints/sudoku_extreme_hf/checkpoint,0,1,blanks_20,39.14784543750116,1,316,fixed_point,0,became_wrong,0.7530864197530864,20,0,0,1,6,0
32,20,1.0,1,checkpoints/sudoku_extreme_hf/checkpoint,0,1,blanks_20,39.14784543750116,1,317,fixed_point,0,became_wrong,0.7283950617283951,22,0,0,1,24,0
32,20,1.0,1,checkpoints/sudoku_extreme_hf/checkpoint,0,1,blanks_20,39.14784543750116,1,318,fixed_point,0,became_wrong,0.7777777777777778,18,1,0,1,0,0
32,20,0.9506172839506173,1,checkpoints/sudoku_extreme_hf/checkpoint,1,1,blanks_20,39.14784543750116,0,319,fixed_point,1,changed_wrong,0.6666666666666666,25,1,0,1,0,0
32,20,1.0,1,checkpoints/sudoku_extreme_hf/checkpoint,0,1,blanks_20,33.64961812500056,1,320,fixed_point,0,became_wrong,0.8024691358024691,16,0,0,1,21,0
32,20,1.0,1,checkpoints/sudoku_extreme_hf/checkpoint,0,1,blanks_20,33.64961812500056,1,321,fixed_point,0,became_wrong,0.6790123456790124,26,1,0,1,0,0
32,20,1.0,0,checkpoints/sudoku_extreme_hf/checkpoint,0,1,blanks_20,33.64961812500056,1,322,fixed_point,0,stable_correct,1.0,0,1,1,0,0,0
32,20,1.0,1,checkpoints/sudoku_extreme_hf/checkpoint,0,1,blanks_20,33.64961812500056,1,323,fixed_point,0,became_wrong,0.7654320987654321,19,1,0,1,0,0
32,20,1.0,1,checkpoints/sudoku_extreme_hf/checkpoint,0,1,blanks_20,33.64961812500056,1,324,fixed_point,0,became_wrong,0.8024691358024691,16,1,0,1,0,0
32,20,1.0,1,checkpoints/sudoku_extreme_hf/checkpoint,0,1,blanks_20,33.64961812500056,1,325,fixed_point,0,became_wrong,0.7654320987654321,19,1,0,1,0,0
32,20,1.0,1,checkpoints/sudoku_extreme_hf/checkpoint,0,1,blanks_20,33.64961812500056,1,326,fixed_point,0,became_wrong,0.7901234567901234,17,1,0,1,0,0
32,20,1.0,1,checkpoints/sudoku_extreme_hf/checkpoint,0,1,blanks_20,33.64961812500056,1,327,fixed_point,0,became_wrong,0.6790123456790124,26,1,0,1,0,0
32,20,1.0,1,checkpoints/sudoku_extreme_hf/checkpoint,0,1,blanks_20,33.64961812500056,1,328,fixed_point,0,became_wrong,0.7283950617283951,22,1,0,1,0,0
32,20,1.0,1,checkpoints/sudoku_extreme_hf/checkpoint,0,1,blanks_20,33.64961812500056,1,329,fixed_point,0,became_wrong,0.8395061728395061,13,1,0,1,0,0
32,20,1.0,1,checkpoints/sudoku_extreme_hf/checkpoint,0,1,blanks_20,33.64961812500056,1,330,fixed_point,0,became_wrong,0.7901234567901234,17,1,0,1,0,0
32,20,1.0,1,checkpoints/sudoku_extreme_hf/checkpoint,0,1,blanks_20,33.64961812500056,1,331,fixed_point,0,became_wrong,0.9259259259259259,6,1,0,1,0,0
32,20,1.0,1,checkpoints/sudoku_extreme_hf/checkpoint,0,1,blanks_20,33.64961812500056,1,332,fixed_point,0,became_wrong,0.9259259259259259,6,1,0,1,0,0
32,20,1.0,1,checkpoints/sudoku_extreme_hf/checkpoint,0,1,blanks_20,33.64961812500056,1,333,fixed_point,0,became_wrong,0.8024691358024691,16,1,0,1,0,0
32,20,1.0,1,checkpoints/sudoku_extreme_hf/checkpoint,0,1,blanks_20,33.64961812500056,1,334,fixed_point,0,became_wrong,0.5925925925925926,33,1,0,1,0,0
32,20,1.0,1,checkpoints/sudoku_extreme_hf/checkpoint,0,1,blanks_20,33.64961812500056,1,335,fixed_point,0,became_wrong,0.7530864197530864,20,1,0,1,0,0
32,20,1.0,1,checkpoints/sudoku_extreme_hf/checkpoint,0,1,blanks_20,33.64961812500056,1,336,fixed_point,0,became_wrong,0.7283950617283951,22,1,0,1,0,0
32,20,0.9506172839506173,1,checkpoints/sudoku_extreme_hf/checkpoint,2,1,blanks_20,33.64961812500056,0,337,fixed_point,1,changed_wrong,0.8024691358024691,14,1,0,1,0,0
32,20,1.0,1,checkpoints/sudoku_extreme_hf/checkpoint,0,1,blanks_20,33.64961812500056,1,338,fixed_point,0,became_wrong,0.691358024691358,25,1,0,1,0,0
32,20,1.0,1,checkpoints/sudoku_extreme_hf/checkpoint,0,1,blanks_20,33.64961812500056,1,339,fixed_point,0,became_wrong,0.7654320987654321,19,1,0,1,0,0
32,20,1.0,1,checkpoints/sudoku_extreme_hf/checkpoint,0,1,blanks_20,33.64961812500056,1,340,fixed_point,0,became_wrong,0.8024691358024691,16,1,0,1,0,0
32,20,1.0,1,checkpoints/sudoku_extreme_hf/checkpoint,0,1,blanks_20,33.64961812500056,1,341,fixed_point,0,became_wrong,0.9259259259259259,6,1,0,1,0,0
32,20,1.0,0,checkpoints/sudoku_extreme_hf/checkpoint,0,1,blanks_20,33.64961812500056,1,342,fixed_point,0,stable_correct,1.0,0,1,1,0,0,0
32,20,1.0,1,checkpoints/sudoku_extreme_hf/checkpoint,0,1,blanks_20,33.64961812500056,1,343,fixed_point,0,became_wrong,0.9506172839506173,4,1,0,1,0,0
32,20,1.0,1,checkpoints/sudoku_extreme_hf/checkpoint,0,1,blanks_20,33.64961812500056,1,344,fixed_point,0,became_wrong,0.7160493827160493,23,1,0,1,0,0
32,20,1.0,1,checkpoints/sudoku_extreme_hf/checkpoint,0,1,blanks_20,33.64961812500056,1,345,fixed_point,0,became_wrong,0.7037037037037037,24,0,0,1,20,0
32,20,1.0,1,checkpoints/sudoku_extreme_hf/checkpoint,0,1,blanks_20,33.64961812500056,1,346,fixed_point,0,became_wrong,0.9506172839506173,4,1,0,1,0,0
32,20,1.0,1,checkpoints/sudoku_extreme_hf/checkpoint,0,1,blanks_20,33.64961812500056,1,347,fixed_point,0,became_wrong,0.8024691358024691,16,0,0,1,23,0
32,20,1.0,1,checkpoints/sudoku_extreme_hf/checkpoint,0,1,blanks_20,33.64961812500056,1,348,fixed_point,0,became_wrong,0.9012345679012346,8,1,0,1,0,0
32,20,1.0,1,checkpoints/sudoku_extreme_hf/checkpoint,0,1,blanks_20,33.64961812500056,1,349,fixed_point,0,became_wrong,0.7654320987654321,19,1,0,1,0,0
32,20,1.0,1,checkpoints/sudoku_extreme_hf/checkpoint,0,1,blanks_20,33.64961812500056,1,350,fixed_point,0,became_wrong,0.6790123456790124,26,1,0,1,0,0
32,20,1.0,1,checkpoints/sudoku_extreme_hf/checkpoint,0,1,blanks_20,33.64961812500056,1,351,fixed_point,0,became_wrong,0.7283950617283951,22,1,0,1,0,0
32,20,1.0,1,checkpoints/sudoku_extreme_hf/checkpoint,0,1,blanks_20,33.76531387500137,1,352,fixed_point,0,became_wrong,0.9012345679012346,8,1,0,1,0,0
32,20,1.0,1,checkpoints/sudoku_extreme_hf/checkpoint,0,1,blanks_20,33.76531387500137,1,353,fixed_point,0,became_wrong,0.6172839506172839,31,1,0,1,0,0
32,20,1.0,1,checkpoints/sudoku_extreme_hf/checkpoint,0,1,blanks_20,33.76531387500137,1,354,fixed_point,0,became_wrong,0.7037037037037037,24,1,0,1,0,0
32,20,1.0,1,checkpoints/sudoku_extreme_hf/checkpoint,0,1,blanks_20,33.76531387500137,1,355,fixed_point,0,became_wrong,0.8395061728395061,13,1,0,1,0,0
32,20,1.0,0,checkpoints/sudoku_extreme_hf/checkpoint,0,1,blanks_20,33.76531387500137,1,356,fixed_point,0,stable_correct,1.0,0,1,1,0,0,0
32,20,1.0,1,checkpoints/sudoku_extreme_hf/checkpoint,0,1,blanks_20,33.76531387500137,1,357,fixed_point,0,became_wrong,0.7283950617283951,22,0,0,1,3,0
32,20,1.0,1,checkpoints/sudoku_extreme_hf/checkpoint,0,1,blanks_20,33.76531387500137,1,358,fixed_point,0,became_wrong,0.7530864197530864,20,1,0,1,0,0
32,20,1.0,1,checkpoints/sudoku_extreme_hf/checkpoint,0,1,blanks_20,33.76531387500137,1,359,fixed_point,0,became_wrong,0.8888888888888888,9,0,0,1,6,0
32,20,1.0,1,checkpoints/sudoku_extreme_hf/checkpoint,0,1,blanks_20,33.76531387500137,1,360,fixed_point,0,became_wrong,0.6790123456790124,26,1,0,1,0,0
32,20,1.0,1,checkpoints/sudoku_extreme_hf/checkpoint,0,1,blanks_20,33.76531387500137,1,361,fixed_point,0,became_wrong,0.6296296296296297,30,1,0,1,0,0
32,20,1.0,1,checkpoints/sudoku_extreme_hf/checkpoint,0,1,blanks_20,33.76531387500137,1,362,fixed_point,0,became_wrong,0.6419753086419753,29,1,0,1,0,0
32,20,1.0,1,checkpoints/sudoku_extreme_hf/checkpoint,0,1,blanks_20,33.76531387500137,1,363,fixed_point,0,became_wrong,0.7407407407407407,21,0,0,1,23,0
32,20,1.0,1,checkpoints/sudoku_extreme_hf/checkpoint,0,1,blanks_20,33.76531387500137,1,364,fixed_point,0,became_wrong,0.6296296296296297,30,1,0,1,0,0
32,20,1.0,1,checkpoints/sudoku_extreme_hf/checkpoint,0,1,blanks_20,33.76531387500137,1,365,fixed_point,0,became_wrong,0.7530864197530864,20,1,0,1,0,0
32,20,1.0,1,checkpoints/sudoku_extreme_hf/checkpoint,0,1,blanks_20,33.76531387500137,1,366,fixed_point,0,became_wrong,0.7037037037037037,24,1,0,1,0,0
32,20,1.0,1,checkpoints/sudoku_extreme_hf/checkpoint,0,1,blanks_20,33.76531387500137,1,367,fixed_point,0,became_wrong,0.8271604938271605,14,1,0,1,0,0
32,20,1.0,1,checkpoints/sudoku_extreme_hf/checkpoint,0,1,blanks_20,33.76531387500137,1,368,fixed_point,0,became_wrong,0.9506172839506173,4,1,0,1,0,0
32,20,1.0,1,checkpoints/sudoku_extreme_hf/checkpoint,0,1,blanks_20,33.76531387500137,1,369,fixed_point,0,became_wrong,0.7160493827160493,23,1,0,1,0,0
32,20,1.0,1,checkpoints/sudoku_extreme_hf/checkpoint,0,1,blanks_20,33.76531387500137,1,370,fixed_point,0,became_wrong,0.8518518518518519,12,1,0,1,0,0
32,20,1.0,1,checkpoints/sudoku_extreme_hf/checkpoint,0,1,blanks_20,33.76531387500137,1,371,fixed_point,0,became_wrong,0.8765432098765432,10,1,0,1,0,0
32,20,1.0,1,checkpoints/sudoku_extreme_hf/checkpoint,0,1,blanks_20,33.76531387500137,1,372,fixed_point,0,became_wrong,0.7901234567901234,17,1,0,1,0,0
32,20,1.0,1,checkpoints/sudoku_extreme_hf/checkpoint,0,1,blanks_20,33.76531387500137,1,373,fixed_point,0,became_wrong,0.9506172839506173,4,1,0,1,0,0
32,20,1.0,1,checkpoints/sudoku_extreme_hf/checkpoint,0,1,blanks_20,33.76531387500137,1,374,fixed_point,0,became_wrong,0.7160493827160493,23,1,0,1,0,0
32,20,1.0,1,checkpoints/sudoku_extreme_hf/checkpoint,0,1,blanks_20,33.76531387500137,1,375,fixed_point,0,became_wrong,0.7530864197530864,20,1,0,1,0,0
32,20,1.0,1,checkpoints/sudoku_extreme_hf/checkpoint,0,1,blanks_20,33.76531387500137,1,376,fixed_point,0,became_wrong,0.7160493827160493,23,1,0,1,0,0
32,20,1.0,1,checkpoints/sudoku_extreme_hf/checkpoint,0,1,blanks_20,33.76531387500137,1,377,fixed_point,0,became_wrong,0.8024691358024691,16,1,0,1,0,0
32,20,1.0,1,checkpoints/sudoku_extreme_hf/checkpoint,0,1,blanks_20,33.76531387500137,1,378,fixed_point,0,became_wrong,0.8024691358024691,16,0,0,1,20,0
32,20,1.0,1,checkpoints/sudoku_extreme_hf/checkpoint,0,1,blanks_20,33.76531387500137,1,379,fixed_point,0,became_wrong,0.8641975308641975,11,1,0,1,0,0
32,20,1.0,1,checkpoints/sudoku_extreme_hf/checkpoint,0,1,blanks_20,33.76531387500137,1,380,fixed_point,0,became_wrong,0.8024691358024691,16,1,0,1,0,0
32,20,1.0,1,checkpoints/sudoku_extreme_hf/checkpoint,0,1,blanks_20,33.76531387500137,1,381,fixed_point,0,became_wrong,0.7530864197530864,20,1,0,1,0,0
32,20,1.0,1,checkpoints/sudoku_extreme_hf/checkpoint,0,1,blanks_20,33.76531387500137,1,382,fixed_point,0,became_wrong,0.7283950617283951,22,1,0,1,0,0
32,20,1.0,1,checkpoints/sudoku_extreme_hf/checkpoint,0,1,blanks_20,33.76531387500137,1,383,fixed_point,0,became_wrong,0.7037037037037037,24,1,0,1,0,0
32,20,1.0,1,checkpoints/sudoku_extreme_hf/checkpoint,0,1,blanks_20,36.07487528124764,1,384,fixed_point,0,became_wrong,0.8271604938271605,14,1,0,1,0,0
32,20,1.0,1,checkpoints/sudoku_extreme_hf/checkpoint,0,1,blanks_20,36.07487528124764,1,385,fixed_point,0,became_wrong,0.8024691358024691,16,1,0,1,0,0
32,20,1.0,1,checkpoints/sudoku_extreme_hf/checkpoint,0,1,blanks_20,36.07487528124764,1,386,fixed_point,0,became_wrong,0.7160493827160493,23,1,0,1,0,0
32,20,1.0,1,checkpoints/sudoku_extreme_hf/checkpoint,0,1,blanks_20,36.07487528124764,1,387,fixed_point,0,became_wrong,0.6172839506172839,31,1,0,1,0,0
32,20,1.0,1,checkpoints/sudoku_extreme_hf/checkpoint,0,1,blanks_20,36.07487528124764,1,388,fixed_point,0,became_wrong,0.6666666666666666,27,0,0,1,5,0
32,20,1.0,1,checkpoints/sudoku_extreme_hf/checkpoint,0,1,blanks_20,36.07487528124764,1,389,fixed_point,0,became_wrong,0.7407407407407407,21,1,0,1,0,0
32,20,1.0,1,checkpoints/sudoku_extreme_hf/checkpoint,0,1,blanks_20,36.07487528124764,1,390,fixed_point,0,became_wrong,0.6296296296296297,30,1,0,1,0,0
32,20,1.0,0,checkpoints/sudoku_extreme_hf/checkpoint,0,1,blanks_20,36.07487528124764,1,391,fixed_point,0,stable_correct,1.0,0,1,1,0,0,0
32,20,1.0,1,checkpoints/sudoku_extreme_hf/checkpoint,0,1,blanks_20,36.07487528124764,1,392,fixed_point,0,became_wrong,0.7654320987654321,19,1,0,1,0,0
32,20,1.0,1,checkpoints/sudoku_extreme_hf/checkpoint,0,1,blanks_20,36.07487528124764,1,393,fixed_point,0,became_wrong,0.6666666666666666,27,1,0,1,0,0
32,20,1.0,1,checkpoints/sudoku_extreme_hf/checkpoint,0,1,blanks_20,36.07487528124764,1,394,fixed_point,0,became_wrong,0.9259259259259259,6,1,0,1,0,0
32,20,1.0,1,checkpoints/sudoku_extreme_hf/checkpoint,0,1,blanks_20,36.07487528124764,1,395,fixed_point,0,became_wrong,0.9506172839506173,4,1,0,1,0,0
32,20,1.0,1,checkpoints/sudoku_extreme_hf/checkpoint,0,1,blanks_20,36.07487528124764,1,396,fixed_point,0,became_wrong,0.654320987654321,28,1,0,1,0,0
32,20,1.0,1,checkpoints/sudoku_extreme_hf/checkpoint,0,1,blanks_20,36.07487528124764,1,397,fixed_point,0,became_wrong,0.7654320987654321,19,1,0,1,0,0
32,20,1.0,1,checkpoints/sudoku_extreme_hf/checkpoint,0,1,blanks_20,36.07487528124764,1,398,fixed_point,0,became_wrong,0.5925925925925926,33,1,0,1,0,0
32,20,1.0,1,checkpoints/sudoku_extreme_hf/checkpoint,0,1,blanks_20,36.07487528124764,1,399,fixed_point,0,became_wrong,0.7530864197530864,20,1,0,1,0,0
32,20,1.0,1,checkpoints/sudoku_extreme_hf/checkpoint,0,1,blanks_20,36.07487528124764,1,400,fixed_point,0,became_wrong,0.7407407407407407,21,1,0,1,0,0
32,20,1.0,1,checkpoints/sudoku_extreme_hf/checkpoint,0,1,blanks_20,36.07487528124764,1,401,fixed_point,0,became_wrong,0.7654320987654321,19,1,0,1,0,0
32,20,1.0,1,checkpoints/sudoku_extreme_hf/checkpoint,0,1,blanks_20,36.07487528124764,1,402,fixed_point,0,became_wrong,0.7283950617283951,22,1,0,1,0,0
32,20,1.0,1,checkpoints/sudoku_extreme_hf/checkpoint,0,1,blanks_20,36.07487528124764,1,403,fixed_point,0,became_wrong,0.9506172839506173,4,1,0,1,0,0
32,20,1.0,1,checkpoints/sudoku_extreme_hf/checkpoint,0,1,blanks_20,36.07487528124764,1,404,fixed_point,0,became_wrong,0.8765432098765432,10,1,0,1,0,0
32,20,1.0,1,checkpoints/sudoku_extreme_hf/checkpoint,0,1,blanks_20,36.07487528124764,1,405,fixed_point,0,became_wrong,0.7901234567901234,17,0,0,1,20,0
32,20,1.0,1,checkpoints/sudoku_extreme_hf/checkpoint,0,1,blanks_20,36.07487528124764,1,406,fixed_point,0,became_wrong,0.6172839506172839,31,0,0,1,30,0
32,20,1.0,0,checkpoints/sudoku_extreme_hf/checkpoint,0,1,blanks_20,36.07487528124764,1,407,fixed_point,0,stable_correct,1.0,0,1,1,0,0,0
32,20,1.0,1,checkpoints/sudoku_extreme_hf/checkpoint,0,1,blanks_20,36.07487528124764,1,408,fixed_point,0,became_wrong,0.8641975308641975,11,1,0,1,0,0
32,20,1.0,1,checkpoints/sudoku_extreme_hf/checkpoint,0,1,blanks_20,36.07487528124764,1,409,fixed_point,0,became_wrong,0.8518518518518519,12,1,0,1,0,0
32,20,1.0,0,checkpoints/sudoku_extreme_hf/checkpoint,0,1,blanks_20,36.07487528124764,1,410,fixed_point,0,stable_correct,1.0,0,1,1,0,0,0
32,20,0.9259259259259259,1,checkpoints/sudoku_extreme_hf/checkpoint,1,1,blanks_20,36.07487528124764,0,411,fixed_point,1,changed_wrong,0.7654320987654321,14,1,0,1,0,0
32,20,1.0,1,checkpoints/sudoku_extreme_hf/checkpoint,0,1,blanks_20,36.07487528124764,1,412,fixed_point,0,became_wrong,0.7283950617283951,22,1,0,1,0,0
32,20,1.0,1,checkpoints/sudoku_extreme_hf/checkpoint,0,1,blanks_20,36.07487528124764,1,413,fixed_point,0,became_wrong,0.5925925925925926,33,1,0,1,0,0
32,20,1.0,1,checkpoints/sudoku_extreme_hf/checkpoint,0,1,blanks_20,36.07487528124764,1,414,fixed_point,0,became_wrong,0.9506172839506173,4,1,0,1,0,0
32,20,1.0,1,checkpoints/sudoku_extreme_hf/checkpoint,0,1,blanks_20,36.07487528124764,1,415,fixed_point,0,became_wrong,0.9506172839506173,4,1,0,1,0,0
32,20,0.9259259259259259,0,checkpoints/sudoku_extreme_hf/checkpoint,1,1,blanks_20,37.55317853124751,0,416,fixed_point,1,invalid_fixed_point,0.9259259259259259,0,1,0,0,0,0
32,20,1.0,1,checkpoints/sudoku_extreme_hf/checkpoint,0,1,blanks_20,37.55317853124751,1,417,fixed_point,0,became_wrong,0.7407407407407407,21,1,0,1,0,0
32,20,1.0,1,checkpoints/sudoku_extreme_hf/checkpoint,0,1,blanks_20,37.55317853124751,1,418,fixed_point,0,became_wrong,0.6666666666666666,27,1,0,1,0,0
32,20,1.0,1,checkpoints/sudoku_extreme_hf/checkpoint,0,1,blanks_20,37.55317853124751,1,419,fixed_point,0,became_wrong,0.7283950617283951,22,1,0,1,0,0
32,20,1.0,1,checkpoints/sudoku_extreme_hf/checkpoint,0,1,blanks_20,37.55317853124751,1,420,fixed_point,0,became_wrong,0.6666666666666666,27,1,0,1,0,0
32,20,1.0,1,checkpoints/sudoku_extreme_hf/checkpoint,0,1,blanks_20,37.55317853124751,1,421,fixed_point,0,became_wrong,0.7283950617283951,22,0,0,1,19,0
32,20,1.0,1,checkpoints/sudoku_extreme_hf/checkpoint,0,1,blanks_20,37.55317853124751,1,422,fixed_point,0,became_wrong,0.9876543209876543,1,0,0,1,3,0
32,20,1.0,1,checkpoints/sudoku_extreme_hf/checkpoint,0,1,blanks_20,37.55317853124751,1,423,fixed_point,0,became_wrong,0.7530864197530864,20,1,0,1,0,0
32,20,1.0,1,checkpoints/sudoku_extreme_hf/checkpoint,0,1,blanks_20,37.55317853124751,1,424,fixed_point,0,became_wrong,0.9012345679012346,8,1,0,1,0,0
32,20,1.0,1,checkpoints/sudoku_extreme_hf/checkpoint,0,1,blanks_20,37.55317853124751,1,425,fixed_point,0,became_wrong,0.6666666666666666,27,1,0,1,0,0
32,20,1.0,1,checkpoints/sudoku_extreme_hf/checkpoint,0,1,blanks_20,37.55317853124751,1,426,fixed_point,0,became_wrong,0.7654320987654321,19,1,0,1,0,0
32,20,1.0,1,checkpoints/sudoku_extreme_hf/checkpoint,0,1,blanks_20,37.55317853124751,1,427,fixed_point,0,became_wrong,0.8148148148148148,15,1,0,1,0,0
32,20,1.0,1,checkpoints/sudoku_extreme_hf/checkpoint,0,1,blanks_20,37.55317853124751,1,428,fixed_point,0,became_wrong,0.7160493827160493,23,0,0,1,19,0
32,20,1.0,1,checkpoints/sudoku_extreme_hf/checkpoint,0,1,blanks_20,37.55317853124751,1,429,fixed_point,0,became_wrong,0.7530864197530864,20,0,0,1,16,0
32,20,1.0,1,checkpoints/sudoku_extreme_hf/checkpoint,0,1,blanks_20,37.55317853124751,1,430,fixed_point,0,became_wrong,0.8024691358024691,16,0,0,1,13,0
32,20,1.0,1,checkpoints/sudoku_extreme_hf/checkpoint,0,1,blanks_20,37.55317853124751,1,431,fixed_point,0,became_wrong,0.7407407407407407,21,1,0,1,0,0
32,20,1.0,1,checkpoints/sudoku_extreme_hf/checkpoint,0,1,blanks_20,37.55317853124751,1,432,fixed_point,0,became_wrong,0.8395061728395061,13,1,0,1,0,0
32,20,1.0,1,checkpoints/sudoku_extreme_hf/checkpoint,0,1,blanks_20,37.55317853124751,1,433,fixed_point,0,became_wrong,0.6419753086419753,29,1,0,1,0,0
32,20,1.0,1,checkpoints/sudoku_extreme_hf/checkpoint,0,1,blanks_20,37.55317853124751,1,434,fixed_point,0,became_wrong,0.8641975308641975,11,1,0,1,0,0
32,20,1.0,1,checkpoints/sudoku_extreme_hf/checkpoint,0,1,blanks_20,37.55317853124751,1,435,fixed_point,0,became_wrong,0.8518518518518519,12,1,0,1,0,0
32,20,1.0,1,checkpoints/sudoku_extreme_hf/checkpoint,0,1,blanks_20,37.55317853124751,1,436,fixed_point,0,became_wrong,0.8271604938271605,14,1,0,1,0,0
32,20,1.0,1,checkpoints/sudoku_extreme_hf/checkpoint,0,1,blanks_20,37.55317853124751,1,437,fixed_point,0,became_wrong,0.7283950617283951,22,1,0,1,0,0
32,20,1.0,1,checkpoints/sudoku_extreme_hf/checkpoint,0,1,blanks_20,37.55317853124751,1,438,fixed_point,0,became_wrong,0.7160493827160493,23,1,0,1,0,0
32,20,1.0,1,checkpoints/sudoku_extreme_hf/checkpoint,0,1,blanks_20,37.55317853124751,1,439,fixed_point,0,became_wrong,0.8641975308641975,11,1,0,1,0,0
32,20,1.0,1,checkpoints/sudoku_extreme_hf/checkpoint,0,1,blanks_20,37.55317853124751,1,440,fixed_point,0,became_wrong,0.9135802469135802,7,1,0,1,0,0
32,20,1.0,1,checkpoints/sudoku_extreme_hf/checkpoint,0,1,blanks_20,37.55317853124751,1,441,fixed_point,0,became_wrong,0.7160493827160493,23,1,0,1,0,0
32,20,1.0,1,checkpoints/sudoku_extreme_hf/checkpoint,0,1,blanks_20,37.55317853124751,1,442,fixed_point,0,became_wrong,0.9259259259259259,6,1,0,1,0,0
32,20,1.0,1,checkpoints/sudoku_extreme_hf/checkpoint,0,1,blanks_20,37.55317853124751,1,443,fixed_point,0,became_wrong,0.9259259259259259,6,1,0,1,0,0
32,20,1.0,1,checkpoints/sudoku_extreme_hf/checkpoint,0,1,blanks_20,37.55317853124751,1,444,fixed_point,0,became_wrong,0.654320987654321,28,1,0,1,0,0
32,20,1.0,1,checkpoints/sudoku_extreme_hf/checkpoint,0,1,blanks_20,37.55317853124751,1,445,fixed_point,0,became_wrong,0.7407407407407407,21,1,0,1,0,0
32,20,1.0,1,checkpoints/sudoku_extreme_hf/checkpoint,0,1,blanks_20,37.55317853124751,1,446,fixed_point,0,became_wrong,0.7654320987654321,19,1,0,1,0,0
32,20,1.0,1,checkpoints/sudoku_extreme_hf/checkpoint,0,1,blanks_20,37.55317853124751,1,447,fixed_point,0,became_wrong,0.8765432098765432,10,1,0,1,0,0
32,20,1.0,1,checkpoints/sudoku_extreme_hf/checkpoint,0,1,blanks_20,44.45341478124831,1,448,fixed_point,0,became_wrong,0.691358024691358,25,1,0,1,0,0
32,20,1.0,1,checkpoints/sudoku_extreme_hf/checkpoint,0,1,blanks_20,44.45341478124831,1,449,fixed_point,0,became_wrong,0.6049382716049383,32,1,0,1,0,0
32,20,1.0,1,checkpoints/sudoku_extreme_hf/checkpoint,0,1,blanks_20,44.45341478124831,1,450,fixed_point,0,became_wrong,0.7283950617283951,22,1,0,1,0,0
32,20,1.0,1,checkpoints/sudoku_extreme_hf/checkpoint,0,1,blanks_20,44.45341478124831,1,451,fixed_point,0,became_wrong,0.6790123456790124,26,1,0,1,0,0
32,20,1.0,1,checkpoints/sudoku_extreme_hf/checkpoint,0,1,blanks_20,44.45341478124831,1,452,fixed_point,0,became_wrong,0.8395061728395061,13,1,0,1,0,0
32,20,1.0,1,checkpoints/sudoku_extreme_hf/checkpoint,0,1,blanks_20,44.45341478124831,1,453,fixed_point,0,became_wrong,0.9506172839506173,4,1,0,1,0,0
32,20,1.0,1,checkpoints/sudoku_extreme_hf/checkpoint,0,1,blanks_20,44.45341478124831,1,454,fixed_point,0,became_wrong,0.8271604938271605,14,1,0,1,0,0
32,20,1.0,1,checkpoints/sudoku_extreme_hf/checkpoint,0,1,blanks_20,44.45341478124831,1,455,fixed_point,0,became_wrong,0.6296296296296297,30,1,0,1,0,0
32,20,1.0,1,checkpoints/sudoku_extreme_hf/checkpoint,0,1,blanks_20,44.45341478124831,1,456,fixed_point,0,became_wrong,0.7654320987654321,19,1,0,1,0,0
32,20,1.0,1,checkpoints/sudoku_extreme_hf/checkpoint,0,1,blanks_20,44.45341478124831,1,457,fixed_point,0,became_wrong,0.6049382716049383,32,1,0,1,0,0
32,20,1.0,1,checkpoints/sudoku_extreme_hf/checkpoint,0,1,blanks_20,44.45341478124831,1,458,fixed_point,0,became_wrong,0.8271604938271605,14,1,0,1,0,0
32,20,1.0,1,checkpoints/sudoku_extreme_hf/checkpoint,0,1,blanks_20,44.45341478124831,1,459,fixed_point,0,became_wrong,0.691358024691358,25,0,0,1,13,0
32,20,1.0,1,checkpoints/sudoku_extreme_hf/checkpoint,0,1,blanks_20,44.45341478124831,1,460,fixed_point,0,became_wrong,0.8518518518518519,12,1,0,1,0,0
32,20,1.0,1,checkpoints/sudoku_extreme_hf/checkpoint,0,1,blanks_20,44.45341478124831,1,461,fixed_point,0,became_wrong,0.7037037037037037,24,0,0,1,21,0
32,20,1.0,1,checkpoints/sudoku_extreme_hf/checkpoint,0,1,blanks_20,44.45341478124831,1,462,fixed_point,0,became_wrong,0.7654320987654321,19,1,0,1,0,0
32,20,1.0,1,checkpoints/sudoku_extreme_hf/checkpoint,0,1,blanks_20,44.45341478124831,1,463,fixed_point,0,became_wrong,0.8641975308641975,11,1,0,1,0,0
32,20,1.0,1,checkpoints/sudoku_extreme_hf/checkpoint,0,1,blanks_20,44.45341478124831,1,464,fixed_point,0,became_wrong,0.7407407407407407,21,1,0,1,0,0
32,20,1.0,1,checkpoints/sudoku_extreme_hf/checkpoint,0,1,blanks_20,44.45341478124831,1,465,fixed_point,0,became_wrong,0.7037037037037037,24,1,0,1,0,0
32,20,1.0,1,checkpoints/sudoku_extreme_hf/checkpoint,0,1,blanks_20,44.45341478124831,1,466,fixed_point,0,became_wrong,0.7777777777777778,18,1,0,1,0,0
32,20,1.0,1,checkpoints/sudoku_extreme_hf/checkpoint,0,1,blanks_20,44.45341478124831,1,467,fixed_point,0,became_wrong,0.9012345679012346,8,1,0,1,0,0
32,20,1.0,1,checkpoints/sudoku_extreme_hf/checkpoint,0,1,blanks_20,44.45341478124831,1,468,fixed_point,0,became_wrong,0.7037037037037037,24,1,0,1,0,0
32,20,1.0,1,checkpoints/sudoku_extreme_hf/checkpoint,0,1,blanks_20,44.45341478124831,1,469,fixed_point,0,became_wrong,0.8765432098765432,10,1,0,1,0,0
32,20,1.0,1,checkpoints/sudoku_extreme_hf/checkpoint,0,1,blanks_20,44.45341478124831,1,470,fixed_point,0,became_wrong,0.7037037037037037,24,1,0,1,0,0
32,20,1.0,0,checkpoints/sudoku_extreme_hf/checkpoint,0,1,blanks_20,44.45341478124831,1,471,fixed_point,0,stable_correct,1.0,0,1,1,0,0,0
32,20,1.0,1,checkpoints/sudoku_extreme_hf/checkpoint,0,1,blanks_20,44.45341478124831,1,472,fixed_point,0,became_wrong,0.5925925925925926,33,0,0,1,14,0
32,20,1.0,1,checkpoints/sudoku_extreme_hf/checkpoint,0,1,blanks_20,44.45341478124831,1,473,fixed_point,0,became_wrong,0.8641975308641975,11,1,0,1,0,0
32,20,1.0,1,checkpoints/sudoku_extreme_hf/checkpoint,0,1,blanks_20,44.45341478124831,1,474,fixed_point,0,became_wrong,0.7901234567901234,17,1,0,1,0,0
32,20,1.0,1,checkpoints/sudoku_extreme_hf/checkpoint,0,1,blanks_20,44.45341478124831,1,475,fixed_point,0,became_wrong,0.6049382716049383,32,1,0,1,0,0
32,20,1.0,1,checkpoints/sudoku_extreme_hf/checkpoint,0,1,blanks_20,44.45341478124831,1,476,fixed_point,0,became_wrong,0.8641975308641975,11,1,0,1,0,0
32,20,1.0,1,checkpoints/sudoku_extreme_hf/checkpoint,0,1,blanks_20,44.45341478124831,1,477,fixed_point,0,became_wrong,0.8765432098765432,10,1,0,1,0,0
32,20,1.0,1,checkpoints/sudoku_extreme_hf/checkpoint,0,1,blanks_20,44.45341478124831,1,478,fixed_point,0,became_wrong,0.7407407407407407,21,1,0,1,0,0
32,20,1.0,1,checkpoints/sudoku_extreme_hf/checkpoint,0,1,blanks_20,44.45341478124831,1,479,fixed_point,0,became_wrong,0.654320987654321,28,1,0,1,0,0
32,20,1.0,1,checkpoints/sudoku_extreme_hf/checkpoint,0,1,blanks_20,39.440775250000115,1,480,fixed_point,0,became_wrong,0.7283950617283951,22,1,0,1,0,0
32,20,1.0,1,checkpoints/sudoku_extreme_hf/checkpoint,0,1,blanks_20,39.440775250000115,1,481,fixed_point,0,became_wrong,0.7654320987654321,19,1,0,1,0,0
32,20,0.9259259259259259,1,checkpoints/sudoku_extreme_hf/checkpoint,2,1,blanks_20,39.440775250000115,0,482,fixed_point,1,changed_wrong,0.8148148148148148,9,1,0,1,0,0
32,20,1.0,1,checkpoints/sudoku_extreme_hf/checkpoint,0,1,blanks_20,39.440775250000115,1,483,fixed_point,0,became_wrong,0.7037037037037037,24,1,0,1,0,0
32,20,1.0,1,checkpoints/sudoku_extreme_hf/checkpoint,0,1,blanks_20,39.440775250000115,1,484,fixed_point,0,became_wrong,0.7530864197530864,20,1,0,1,0,0
32,20,1.0,1,checkpoints/sudoku_extreme_hf/checkpoint,0,1,blanks_20,39.440775250000115,1,485,fixed_point,0,became_wrong,0.7407407407407407,21,1,0,1,0,0
32,20,1.0,1,checkpoints/sudoku_extreme_hf/checkpoint,0,1,blanks_20,39.440775250000115,1,486,fixed_point,0,became_wrong,0.6790123456790124,26,0,0,1,13,0
32,20,1.0,1,checkpoints/sudoku_extreme_hf/checkpoint,0,1,blanks_20,39.440775250000115,1,487,fixed_point,0,became_wrong,0.691358024691358,25,1,0,1,0,0
32,20,1.0,1,checkpoints/sudoku_extreme_hf/checkpoint,0,1,blanks_20,39.440775250000115,1,488,fixed_point,0,became_wrong,0.8148148148148148,15,1,0,1,0,0
32,20,1.0,0,checkpoints/sudoku_extreme_hf/checkpoint,0,1,blanks_20,39.440775250000115,1,489,fixed_point,0,stable_correct,1.0,0,1,1,0,0,0
32,20,1.0,1,checkpoints/sudoku_extreme_hf/checkpoint,0,1,blanks_20,39.440775250000115,1,490,fixed_point,0,became_wrong,0.7407407407407407,21,1,0,1,0,0
32,20,1.0,1,checkpoints/sudoku_extreme_hf/checkpoint,0,1,blanks_20,39.440775250000115,1,491,fixed_point,0,became_wrong,0.654320987654321,28,1,0,1,0,0
32,20,1.0,1,checkpoints/sudoku_extreme_hf/checkpoint,0,1,blanks_20,39.440775250000115,1,492,fixed_point,0,became_wrong,0.691358024691358,25,1,0,1,0,0
32,20,1.0,1,checkpoints/sudoku_extreme_hf/checkpoint,0,1,blanks_20,39.440775250000115,1,493,fixed_point,0,became_wrong,0.7283950617283951,22,0,0,1,3,0
32,20,1.0,0,checkpoints/sudoku_extreme_hf/checkpoint,0,1,blanks_20,39.440775250000115,1,494,fixed_point,0,stable_correct,1.0,0,1,1,0,0,0
32,20,1.0,1,checkpoints/sudoku_extreme_hf/checkpoint,0,1,blanks_20,39.440775250000115,1,495,fixed_point,0,became_wrong,0.7160493827160493,23,0,0,1,22,0
32,20,0.9506172839506173,1,checkpoints/sudoku_extreme_hf/checkpoint,1,1,blanks_20,39.440775250000115,0,496,fixed_point,1,changed_wrong,0.7407407407407407,19,1,0,1,0,0
32,20,1.0,1,checkpoints/sudoku_extreme_hf/checkpoint,0,1,blanks_20,39.440775250000115,1,497,fixed_point,0,became_wrong,0.9506172839506173,4,1,0,1,0,0
32,20,1.0,1,checkpoints/sudoku_extreme_hf/checkpoint,0,1,blanks_20,39.440775250000115,1,498,fixed_point,0,became_wrong,0.6666666666666666,27,1,0,1,0,0
32,20,1.0,1,checkpoints/sudoku_extreme_hf/checkpoint,0,1,blanks_20,39.440775250000115,1,499,fixed_point,0,became_wrong,0.7407407407407407,21,0,0,1,28,0
32,20,1.0,1,checkpoints/sudoku_extreme_hf/checkpoint,0,1,blanks_20,39.440775250000115,1,500,fixed_point,0,became_wrong,0.8271604938271605,14,1,0,1,0,0
32,20,1.0,1,checkpoints/sudoku_extreme_hf/checkpoint,0,1,blanks_20,39.440775250000115,1,501,fixed_point,0,became_wrong,0.9135802469135802,7,1,0,1,0,0
32,20,1.0,1,checkpoints/sudoku_extreme_hf/checkpoint,0,1,blanks_20,39.440775250000115,1,502,fixed_point,0,became_wrong,0.691358024691358,25,0,0,1,24,0
32,20,1.0,1,checkpoints/sudoku_extreme_hf/checkpoint,0,1,blanks_20,39.440775250000115,1,503,fixed_point,0,became_wrong,0.654320987654321,28,0,0,1,31,0
32,20,1.0,1,checkpoints/sudoku_extreme_hf/checkpoint,0,1,blanks_20,39.440775250000115,1,504,fixed_point,0,became_wrong,0.9135802469135802,7,1,0,1,0,0
32,20,1.0,1,checkpoints/sudoku_extreme_hf/checkpoint,0,1,blanks_20,39.440775250000115,1,505,fixed_point,0,became_wrong,0.8888888888888888,9,1,0,1,0,0
32,20,1.0,1,checkpoints/sudoku_extreme_hf/checkpoint,0,1,blanks_20,39.440775250000115,1,506,fixed_point,0,became_wrong,0.7407407407407407,21,1,0,1,0,0
32,20,1.0,1,checkpoints/sudoku_extreme_hf/checkpoint,0,1,blanks_20,39.440775250000115,1,507,fixed_point,0,became_wrong,0.7407407407407407,21,1,0,1,0,0
32,20,1.0,1,checkpoints/sudoku_extreme_hf/checkpoint,0,1,blanks_20,39.440775250000115,1,508,fixed_point,0,became_wrong,0.8395061728395061,13,1,0,1,0,0
32,20,1.0,1,checkpoints/sudoku_extreme_hf/checkpoint,0,1,blanks_20,39.440775250000115,1,509,fixed_point,0,became_wrong,0.8395061728395061,13,1,0,1,0,0
32,20,1.0,1,checkpoints/sudoku_extreme_hf/checkpoint,0,1,blanks_20,39.440775250000115,1,510,fixed_point,0,became_wrong,0.8271604938271605,14,1,0,1,0,0
32,20,1.0,1,checkpoints/sudoku_extreme_hf/checkpoint,0,1,blanks_20,39.440775250000115,1,511,fixed_point,0,became_wrong,0.7530864197530864,20,1,0,1,0,0
32,20,1.0,1,checkpoints/sudoku_extreme_hf/checkpoint,0,1,blanks_20,36.05346465625203,1,512,fixed_point,0,became_wrong,0.691358024691358,25,1,0,1,0,0
32,20,1.0,1,checkpoints/sudoku_extreme_hf/checkpoint,0,1,blanks_20,36.05346465625203,1,513,fixed_point,0,became_wrong,0.7283950617283951,22,1,0,1,0,0
32,20,1.0,1,checkpoints/sudoku_extreme_hf/checkpoint,0,1,blanks_20,36.05346465625203,1,514,fixed_point,0,became_wrong,0.7530864197530864,20,1,0,1,0,0
32,20,1.0,1,checkpoints/sudoku_extreme_hf/checkpoint,0,1,blanks_20,36.05346465625203,1,515,fixed_point,0,became_wrong,0.7283950617283951,22,1,0,1,0,0
32,20,1.0,1,checkpoints/sudoku_extreme_hf/checkpoint,0,1,blanks_20,36.05346465625203,1,516,fixed_point,0,became_wrong,0.9259259259259259,6,1,0,1,0,0
32,20,1.0,1,checkpoints/sudoku_extreme_hf/checkpoint,0,1,blanks_20,36.05346465625203,1,517,fixed_point,0,became_wrong,0.8888888888888888,9,1,0,1,0,0
32,20,1.0,1,checkpoints/sudoku_extreme_hf/checkpoint,0,1,blanks_20,36.05346465625203,1,518,fixed_point,0,became_wrong,0.6790123456790124,26,1,0,1,0,0
32,20,1.0,1,checkpoints/sudoku_extreme_hf/checkpoint,0,1,blanks_20,36.05346465625203,1,519,fixed_point,0,became_wrong,0.9135802469135802,7,1,0,1,0,0
32,20,1.0,1,checkpoints/sudoku_extreme_hf/checkpoint,0,1,blanks_20,36.05346465625203,1,520,fixed_point,0,became_wrong,0.7037037037037037,24,1,0,1,0,0
32,20,1.0,1,checkpoints/sudoku_extreme_hf/checkpoint,0,1,blanks_20,36.05346465625203,1,521,fixed_point,0,became_wrong,0.6172839506172839,31,1,0,1,0,0
32,20,1.0,1,checkpoints/sudoku_extreme_hf/checkpoint,0,1,blanks_20,36.05346465625203,1,522,fixed_point,0,became_wrong,0.9259259259259259,6,1,0,1,0,0
32,20,1.0,0,checkpoints/sudoku_extreme_hf/checkpoint,0,1,blanks_20,36.05346465625203,1,523,fixed_point,0,stable_correct,1.0,0,1,1,0,0,0
32,20,1.0,1,checkpoints/sudoku_extreme_hf/checkpoint,0,1,blanks_20,36.05346465625203,1,524,fixed_point,0,became_wrong,0.691358024691358,25,0,0,1,18,0
32,20,1.0,1,checkpoints/sudoku_extreme_hf/checkpoint,0,1,blanks_20,36.05346465625203,1,525,fixed_point,0,became_wrong,0.7283950617283951,22,1,0,1,0,0
32,20,1.0,1,checkpoints/sudoku_extreme_hf/checkpoint,0,1,blanks_20,36.05346465625203,1,526,fixed_point,0,became_wrong,0.8395061728395061,13,1,0,1,0,0
32,20,1.0,1,checkpoints/sudoku_extreme_hf/checkpoint,0,1,blanks_20,36.05346465625203,1,527,fixed_point,0,became_wrong,0.8148148148148148,15,1,0,1,0,0
32,20,1.0,1,checkpoints/sudoku_extreme_hf/checkpoint,0,1,blanks_20,36.05346465625203,1,528,fixed_point,0,became_wrong,0.6790123456790124,26,1,0,1,0,0
32,20,1.0,1,checkpoints/sudoku_extreme_hf/checkpoint,0,1,blanks_20,36.05346465625203,1,529,fixed_point,0,became_wrong,0.8641975308641975,11,1,0,1,0,0
32,20,1.0,1,checkpoints/sudoku_extreme_hf/checkpoint,0,1,blanks_20,36.05346465625203,1,530,fixed_point,0,became_wrong,0.8518518518518519,12,1,0,1,0,0
32,20,1.0,1,checkpoints/sudoku_extreme_hf/checkpoint,0,1,blanks_20,36.05346465625203,1,531,fixed_point,0,became_wrong,0.8765432098765432,10,1,0,1,0,0
32,20,1.0,1,checkpoints/sudoku_extreme_hf/checkpoint,0,1,blanks_20,36.05346465625203,1,532,fixed_point,0,became_wrong,0.691358024691358,25,1,0,1,0,0
32,20,1.0,1,checkpoints/sudoku_extreme_hf/checkpoint,0,1,blanks_20,36.05346465625203,1,533,fixed_point,0,became_wrong,0.8024691358024691,16,1,0,1,0,0
32,20,1.0,1,checkpoints/sudoku_extreme_hf/checkpoint,0,1,blanks_20,36.05346465625203,1,534,fixed_point,0,became_wrong,0.9506172839506173,4,1,0,1,0,0
32,20,1.0,1,checkpoints/sudoku_extreme_hf/checkpoint,0,1,blanks_20,36.05346465625203,1,535,fixed_point,0,became_wrong,0.8395061728395061,13,1,0,1,0,0
32,20,1.0,1,checkpoints/sudoku_extreme_hf/checkpoint,0,1,blanks_20,36.05346465625203,1,536,fixed_point,0,became_wrong,0.7407407407407407,21,1,0,1,0,0
32,20,1.0,1,checkpoints/sudoku_extreme_hf/checkpoint,0,1,blanks_20,36.05346465625203,1,537,fixed_point,0,became_wrong,0.691358024691358,25,1,0,1,0,0
32,20,0.9506172839506173,1,checkpoints/sudoku_extreme_hf/checkpoint,1,1,blanks_20,36.05346465625203,0,538,fixed_point,1,changed_wrong,0.8518518518518519,8,1,0,1,0,0
32,20,1.0,1,checkpoints/sudoku_extreme_hf/checkpoint,0,1,blanks_20,36.05346465625203,1,539,fixed_point,0,became_wrong,0.7654320987654321,19,1,0,1,0,0
32,20,1.0,1,checkpoints/sudoku_extreme_hf/checkpoint,0,1,blanks_20,36.05346465625203,1,540,fixed_point,0,became_wrong,0.8148148148148148,15,1,0,1,0,0
32,20,1.0,1,checkpoints/sudoku_extreme_hf/checkpoint,0,1,blanks_20,36.05346465625203,1,541,fixed_point,0,became_wrong,0.7283950617283951,22,1,0,1,0,0
32,20,1.0,1,checkpoints/sudoku_extreme_hf/checkpoint,0,1,blanks_20,36.05346465625203,1,542,fixed_point,0,became_wrong,0.8271604938271605,14,1,0,1,0,0
32,20,1.0,0,checkpoints/sudoku_extreme_hf/checkpoint,0,1,blanks_20,36.05346465625203,1,543,fixed_point,0,stable_correct,1.0,0,1,1,0,0,0
32,20,1.0,1,checkpoints/sudoku_extreme_hf/checkpoint,0,1,blanks_20,32.785990156249056,1,544,fixed_point,0,became_wrong,0.7654320987654321,19,1,0,1,0,0
32,20,1.0,1,checkpoints/sudoku_extreme_hf/checkpoint,0,1,blanks_20,32.785990156249056,1,545,fixed_point,0,became_wrong,0.7283950617283951,22,1,0,1,0,0
32,20,1.0,1,checkpoints/sudoku_extreme_hf/checkpoint,0,1,blanks_20,32.785990156249056,1,546,fixed_point,0,became_wrong,0.7283950617283951,22,1,0,1,0,0
32,20,1.0,0,checkpoints/sudoku_extreme_hf/checkpoint,0,1,blanks_20,32.785990156249056,1,547,fixed_point,0,stable_correct,1.0,0,1,1,0,0,0
32,20,1.0,1,checkpoints/sudoku_extreme_hf/checkpoint,0,1,blanks_20,32.785990156249056,1,548,fixed_point,0,became_wrong,0.7283950617283951,22,0,0,1,18,0
32,20,1.0,1,checkpoints/sudoku_extreme_hf/checkpoint,0,1,blanks_20,32.785990156249056,1,549,fixed_point,0,became_wrong,0.8641975308641975,11,1,0,1,0,0
32,20,0.9506172839506173,1,checkpoints/sudoku_extreme_hf/checkpoint,2,1,blanks_20,32.785990156249056,0,550,fixed_point,1,changed_wrong,0.8271604938271605,10,1,0,1,0,0
32,20,1.0,1,checkpoints/sudoku_extreme_hf/checkpoint,0,1,blanks_20,32.785990156249056,1,551,fixed_point,0,became_wrong,0.6049382716049383,32,1,0,1,0,0
32,20,1.0,1,checkpoints/sudoku_extreme_hf/checkpoint,0,1,blanks_20,32.785990156249056,1,552,fixed_point,0,became_wrong,0.691358024691358,25,1,0,1,0,0
32,20,1.0,1,checkpoints/sudoku_extreme_hf/checkpoint,0,1,blanks_20,32.785990156249056,1,553,fixed_point,0,became_wrong,0.7037037037037037,24,1,0,1,0,0
32,20,1.0,1,checkpoints/sudoku_extreme_hf/checkpoint,0,1,blanks_20,32.785990156249056,1,554,fixed_point,0,became_wrong,0.7037037037037037,24,1,0,1,0,0
32,20,1.0,1,checkpoints/sudoku_extreme_hf/checkpoint,0,1,blanks_20,32.785990156249056,1,555,fixed_point,0,became_wrong,0.6790123456790124,26,1,0,1,0,0
32,20,1.0,1,checkpoints/sudoku_extreme_hf/checkpoint,0,1,blanks_20,32.785990156249056,1,556,fixed_point,0,became_wrong,0.8024691358024691,16,1,0,1,0,0
32,20,1.0,1,checkpoints/sudoku_extreme_hf/checkpoint,0,1,blanks_20,32.785990156249056,1,557,fixed_point,0,became_wrong,0.6049382716049383,32,1,0,1,0,0
32,20,1.0,1,checkpoints/sudoku_extreme_hf/checkpoint,0,1,blanks_20,32.785990156249056,1,558,fixed_point,0,became_wrong,0.9012345679012346,8,1,0,1,0,0
32,20,1.0,1,checkpoints/sudoku_extreme_hf/checkpoint,0,1,blanks_20,32.785990156249056,1,559,fixed_point,0,became_wrong,0.9259259259259259,6,1,0,1,0,0
32,20,1.0,0,checkpoints/sudoku_extreme_hf/checkpoint,0,1,blanks_20,32.785990156249056,1,560,fixed_point,0,stable_correct,1.0,0,1,1,0,0,0
32,20,1.0,1,checkpoints/sudoku_extreme_hf/checkpoint,0,1,blanks_20,32.785990156249056,1,561,fixed_point,0,became_wrong,0.6296296296296297,30,1,0,1,0,0
32,20,1.0,1,checkpoints/sudoku_extreme_hf/checkpoint,0,1,blanks_20,32.785990156249056,1,562,fixed_point,0,became_wrong,0.7777777777777778,18,1,0,1,0,0
32,20,1.0,1,checkpoints/sudoku_extreme_hf/checkpoint,0,1,blanks_20,32.785990156249056,1,563,fixed_point,0,became_wrong,0.8765432098765432,10,1,0,1,0,0
32,20,1.0,1,checkpoints/sudoku_extreme_hf/checkpoint,0,1,blanks_20,32.785990156249056,1,564,fixed_point,0,became_wrong,0.8641975308641975,11,1,0,1,0,0
32,20,1.0,1,checkpoints/sudoku_extreme_hf/checkpoint,0,1,blanks_20,32.785990156249056,1,565,fixed_point,0,became_wrong,0.7160493827160493,23,1,0,1,0,0
32,20,1.0,1,checkpoints/sudoku_extreme_hf/checkpoint,0,1,blanks_20,32.785990156249056,1,566,fixed_point,0,became_wrong,0.7160493827160493,23,1,0,1,0,0
32,20,1.0,1,checkpoints/sudoku_extreme_hf/checkpoint,0,1,blanks_20,32.785990156249056,1,567,fixed_point,0,became_wrong,0.8888888888888888,9,1,0,1,0,0
32,20,1.0,1,checkpoints/sudoku_extreme_hf/checkpoint,0,1,blanks_20,32.785990156249056,1,568,fixed_point,0,became_wrong,0.7283950617283951,22,0,0,1,6,0
32,20,1.0,1,checkpoints/sudoku_extreme_hf/checkpoint,0,1,blanks_20,32.785990156249056,1,569,fixed_point,0,became_wrong,0.9506172839506173,4,1,0,1,0,0
32,20,1.0,1,checkpoints/sudoku_extreme_hf/checkpoint,0,1,blanks_20,32.785990156249056,1,570,fixed_point,0,became_wrong,0.5925925925925926,33,1,0,1,0,0
32,20,1.0,1,checkpoints/sudoku_extreme_hf/checkpoint,0,1,blanks_20,32.785990156249056,1,571,fixed_point,0,became_wrong,0.8518518518518519,12,1,0,1,0,0
32,20,1.0,1,checkpoints/sudoku_extreme_hf/checkpoint,0,1,blanks_20,32.785990156249056,1,572,fixed_point,0,became_wrong,0.8518518518518519,12,1,0,1,0,0
32,20,1.0,1,checkpoints/sudoku_extreme_hf/checkpoint,0,1,blanks_20,32.785990156249056,1,573,fixed_point,0,became_wrong,0.8024691358024691,16,1,0,1,0,0
32,20,1.0,1,checkpoints/sudoku_extreme_hf/checkpoint,0,1,blanks_20,32.785990156249056,1,574,fixed_point,0,became_wrong,0.7407407407407407,21,1,0,1,0,0
32,20,1.0,1,checkpoints/sudoku_extreme_hf/checkpoint,0,1,blanks_20,32.785990156249056,1,575,fixed_point,0,became_wrong,0.7037037037037037,24,1,0,1,0,0
32,20,1.0,1,checkpoints/sudoku_extreme_hf/checkpoint,0,1,blanks_20,33.66230931249703,1,576,fixed_point,0,became_wrong,0.7777777777777778,18,1,0,1,0,0
32,20,1.0,1,checkpoints/sudoku_extreme_hf/checkpoint,0,1,blanks_20,33.66230931249703,1,577,fixed_point,0,became_wrong,0.654320987654321,28,1,0,1,0,0
32,20,1.0,1,checkpoints/sudoku_extreme_hf/checkpoint,0,1,blanks_20,33.66230931249703,1,578,fixed_point,0,became_wrong,0.9506172839506173,4,1,0,1,0,0
32,20,1.0,1,checkpoints/sudoku_extreme_hf/checkpoint,0,1,blanks_20,33.66230931249703,1,579,fixed_point,0,became_wrong,0.7777777777777778,18,0,0,1,16,0
32,20,1.0,1,checkpoints/sudoku_extreme_hf/checkpoint,0,1,blanks_20,33.66230931249703,1,580,fixed_point,0,became_wrong,0.8024691358024691,16,1,0,1,0,0
32,20,1.0,1,checkpoints/sudoku_extreme_hf/checkpoint,0,1,blanks_20,33.66230931249703,1,581,fixed_point,0,became_wrong,0.7037037037037037,24,1,0,1,0,0
32,20,1.0,1,checkpoints/sudoku_extreme_hf/checkpoint,0,1,blanks_20,33.66230931249703,1,582,fixed_point,0,became_wrong,0.8024691358024691,16,1,0,1,0,0
32,20,1.0,1,checkpoints/sudoku_extreme_hf/checkpoint,0,1,blanks_20,33.66230931249703,1,583,fixed_point,0,became_wrong,0.8271604938271605,14,0,0,1,33,0
32,20,1.0,1,checkpoints/sudoku_extreme_hf/checkpoint,0,1,blanks_20,33.66230931249703,1,584,fixed_point,0,became_wrong,0.7901234567901234,17,1,0,1,0,0
32,20,1.0,1,checkpoints/sudoku_extreme_hf/checkpoint,0,1,blanks_20,33.66230931249703,1,585,fixed_point,0,became_wrong,0.7283950617283951,22,0,0,1,14,0
32,20,1.0,1,checkpoints/sudoku_extreme_hf/checkpoint,0,1,blanks_20,33.66230931249703,1,586,fixed_point,0,became_wrong,0.6049382716049383,32,1,0,1,0,0
32,20,1.0,1,checkpoints/sudoku_extreme_hf/checkpoint,0,1,blanks_20,33.66230931249703,1,587,fixed_point,0,became_wrong,0.654320987654321,28,1,0,1,0,0
32,20,1.0,1,checkpoints/sudoku_extreme_hf/checkpoint,0,1,blanks_20,33.66230931249703,1,588,fixed_point,0,became_wrong,0.9506172839506173,4,1,0,1,0,0
32,20,1.0,1,checkpoints/sudoku_extreme_hf/checkpoint,0,1,blanks_20,33.66230931249703,1,589,fixed_point,0,became_wrong,0.8148148148148148,15,1,0,1,0,0
32,20,1.0,1,checkpoints/sudoku_extreme_hf/checkpoint,0,1,blanks_20,33.66230931249703,1,590,fixed_point,0,became_wrong,0.7901234567901234,17,1,0,1,0,0
32,20,1.0,1,checkpoints/sudoku_extreme_hf/checkpoint,0,1,blanks_20,33.66230931249703,1,591,fixed_point,0,became_wrong,0.7037037037037037,24,1,0,1,0,0
32,20,1.0,1,checkpoints/sudoku_extreme_hf/checkpoint,0,1,blanks_20,33.66230931249703,1,592,fixed_point,0,became_wrong,0.691358024691358,25,1,0,1,0,0
32,20,1.0,1,checkpoints/sudoku_extreme_hf/checkpoint,0,1,blanks_20,33.66230931249703,1,593,fixed_point,0,became_wrong,0.7777777777777778,18,1,0,1,0,0
32,20,1.0,1,checkpoints/sudoku_extreme_hf/checkpoint,0,1,blanks_20,33.66230931249703,1,594,fixed_point,0,became_wrong,0.6666666666666666,27,1,0,1,0,0
32,20,1.0,1,checkpoints/sudoku_extreme_hf/checkpoint,0,1,blanks_20,33.66230931249703,1,595,fixed_point,0,became_wrong,0.8148148148148148,15,1,0,1,0,0
32,20,1.0,1,checkpoints/sudoku_extreme_hf/checkpoint,0,1,blanks_20,33.66230931249703,1,596,fixed_point,0,became_wrong,0.7283950617283951,22,1,0,1,0,0
32,20,1.0,1,checkpoints/sudoku_extreme_hf/checkpoint,0,1,blanks_20,33.66230931249703,1,597,fixed_point,0,became_wrong,0.6419753086419753,29,1,0,1,0,0
32,20,1.0,1,checkpoints/sudoku_extreme_hf/checkpoint,0,1,blanks_20,33.66230931249703,1,598,fixed_point,0,became_wrong,0.8765432098765432,10,1,0,1,0,0
32,20,1.0,1,checkpoints/sudoku_extreme_hf/checkpoint,0,1,blanks_20,33.66230931249703,1,599,fixed_point,0,became_wrong,0.7160493827160493,23,1,0,1,0,0
32,20,1.0,1,checkpoints/sudoku_extreme_hf/checkpoint,0,1,blanks_20,33.66230931249703,1,600,fixed_point,0,became_wrong,0.6666666666666666,27,1,0,1,0,0
32,20,0.9259259259259259,1,checkpoints/sudoku_extreme_hf/checkpoint,2,1,blanks_20,33.66230931249703,0,601,fixed_point,1,changed_wrong,0.7777777777777778,12,1,0,1,0,0
32,20,1.0,1,checkpoints/sudoku_extreme_hf/checkpoint,0,1,blanks_20,33.66230931249703,1,602,fixed_point,0,became_wrong,0.7654320987654321,19,1,0,1,0,0
32,20,1.0,1,checkpoints/sudoku_extreme_hf/checkpoint,0,1,blanks_20,33.66230931249703,1,603,fixed_point,0,became_wrong,0.6790123456790124,26,1,0,1,0,0
32,20,1.0,1,checkpoints/sudoku_extreme_hf/checkpoint,0,1,blanks_20,33.66230931249703,1,604,fixed_point,0,became_wrong,0.6049382716049383,32,1,0,1,0,0
32,20,1.0,1,checkpoints/sudoku_extreme_hf/checkpoint,0,1,blanks_20,33.66230931249703,1,605,fixed_point,0,became_wrong,0.6049382716049383,32,1,0,1,0,0
32,20,1.0,1,checkpoints/sudoku_extreme_hf/checkpoint,0,1,blanks_20,33.66230931249703,1,606,fixed_point,0,became_wrong,0.7654320987654321,19,1,0,1,0,0
32,20,1.0,1,checkpoints/sudoku_extreme_hf/checkpoint,0,1,blanks_20,33.66230931249703,1,607,fixed_point,0,became_wrong,0.9135802469135802,7,1,0,1,0,0
32,20,1.0,1,checkpoints/sudoku_extreme_hf/checkpoint,0,1,blanks_20,34.75192584375009,1,608,fixed_point,0,became_wrong,0.8518518518518519,12,1,0,1,0,0
32,20,1.0,0,checkpoints/sudoku_extreme_hf/checkpoint,0,1,blanks_20,34.75192584375009,1,609,fixed_point,0,stable_correct,1.0,0,1,1,0,0,0
32,20,1.0,1,checkpoints/sudoku_extreme_hf/checkpoint,0,1,blanks_20,34.75192584375009,1,610,fixed_point,0,became_wrong,0.7283950617283951,22,1,0,1,0,0
32,20,1.0,0,checkpoints/sudoku_extreme_hf/checkpoint,0,1,blanks_20,34.75192584375009,1,611,fixed_point,0,stable_correct,1.0,0,1,1,0,0,0
32,20,1.0,1,checkpoints/sudoku_extreme_hf/checkpoint,0,1,blanks_20,34.75192584375009,1,612,fixed_point,0,became_wrong,0.9506172839506173,4,1,0,1,0,0
32,20,1.0,1,checkpoints/sudoku_extreme_hf/checkpoint,0,1,blanks_20,34.75192584375009,1,613,fixed_point,0,became_wrong,0.6296296296296297,30,1,0,1,0,0
32,20,1.0,1,checkpoints/sudoku_extreme_hf/checkpoint,0,1,blanks_20,34.75192584375009,1,614,fixed_point,0,became_wrong,0.654320987654321,28,0,0,1,3,0
32,20,1.0,1,checkpoints/sudoku_extreme_hf/checkpoint,0,1,blanks_20,34.75192584375009,1,615,fixed_point,0,became_wrong,0.7777777777777778,18,1,0,1,0,0
32,20,1.0,1,checkpoints/sudoku_extreme_hf/checkpoint,0,1,blanks_20,34.75192584375009,1,616,fixed_point,0,became_wrong,0.6049382716049383,32,1,0,1,0,0
32,20,1.0,1,checkpoints/sudoku_extreme_hf/checkpoint,0,1,blanks_20,34.75192584375009,1,617,fixed_point,0,became_wrong,0.7654320987654321,19,1,0,1,0,0
32,20,1.0,1,checkpoints/sudoku_extreme_hf/checkpoint,0,1,blanks_20,34.75192584375009,1,618,fixed_point,0,became_wrong,0.691358024691358,25,1,0,1,0,0
32,20,1.0,1,checkpoints/sudoku_extreme_hf/checkpoint,0,1,blanks_20,34.75192584375009,1,619,fixed_point,0,became_wrong,0.7407407407407407,21,1,0,1,0,0
32,20,1.0,1,checkpoints/sudoku_extreme_hf/checkpoint,0,1,blanks_20,34.75192584375009,1,620,fixed_point,0,became_wrong,0.7901234567901234,17,1,0,1,0,0
32,20,1.0,1,checkpoints/sudoku_extreme_hf/checkpoint,0,1,blanks_20,34.75192584375009,1,621,fixed_point,0,became_wrong,0.9259259259259259,6,1,0,1,0,0
32,20,1.0,1,checkpoints/sudoku_extreme_hf/checkpoint,0,1,blanks_20,34.75192584375009,1,622,fixed_point,0,became_wrong,0.8395061728395061,13,1,0,1,0,0
32,20,1.0,1,checkpoints/sudoku_extreme_hf/checkpoint,0,1,blanks_20,34.75192584375009,1,623,fixed_point,0,became_wrong,0.8148148148148148,15,1,0,1,0,0
32,20,1.0,1,checkpoints/sudoku_extreme_hf/checkpoint,0,1,blanks_20,34.75192584375009,1,624,fixed_point,0,became_wrong,0.7037037037037037,24,0,0,1,32,0
32,20,1.0,1,checkpoints/sudoku_extreme_hf/checkpoint,0,1,blanks_20,34.75192584375009,1,625,fixed_point,0,became_wrong,0.7777777777777778,18,1,0,1,0,0
32,20,1.0,1,checkpoints/sudoku_extreme_hf/checkpoint,0,1,blanks_20,34.75192584375009,1,626,fixed_point,0,became_wrong,0.6790123456790124,26,1,0,1,0,0
32,20,1.0,1,checkpoints/sudoku_extreme_hf/checkpoint,0,1,blanks_20,34.75192584375009,1,627,fixed_point,0,became_wrong,0.7901234567901234,17,0,0,1,22,0
32,20,1.0,1,checkpoints/sudoku_extreme_hf/checkpoint,0,1,blanks_20,34.75192584375009,1,628,fixed_point,0,became_wrong,0.7037037037037037,24,1,0,1,0,0
32,20,1.0,1,checkpoints/sudoku_extreme_hf/checkpoint,0,1,blanks_20,34.75192584375009,1,629,fixed_point,0,became_wrong,0.9259259259259259,6,1,0,1,0,0
32,20,1.0,1,checkpoints/sudoku_extreme_hf/checkpoint,0,1,blanks_20,34.75192584375009,1,630,fixed_point,0,became_wrong,0.8148148148148148,15,1,0,1,0,0
32,20,1.0,1,checkpoints/sudoku_extreme_hf/checkpoint,0,1,blanks_20,34.75192584375009,1,631,fixed_point,0,became_wrong,0.7283950617283951,22,1,0,1,0,0
32,20,1.0,1,checkpoints/sudoku_extreme_hf/checkpoint,0,1,blanks_20,34.75192584375009,1,632,fixed_point,0,became_wrong,0.5679012345679012,35,1,0,1,0,0
32,20,1.0,1,checkpoints/sudoku_extreme_hf/checkpoint,0,1,blanks_20,34.75192584375009,1,633,fixed_point,0,became_wrong,0.7160493827160493,23,0,0,1,23,0
32,20,1.0,1,checkpoints/sudoku_extreme_hf/checkpoint,0,1,blanks_20,34.75192584375009,1,634,fixed_point,0,became_wrong,0.7037037037037037,24,0,0,1,34,0
32,20,1.0,1,checkpoints/sudoku_extreme_hf/checkpoint,0,1,blanks_20,34.75192584375009,1,635,fixed_point,0,became_wrong,0.9506172839506173,4,1,0,1,0,0
32,20,0.9506172839506173,1,checkpoints/sudoku_extreme_hf/checkpoint,1,1,blanks_20,34.75192584375009,0,636,fixed_point,1,changed_wrong,0.6296296296296297,28,1,0,1,0,0
32,20,1.0,1,checkpoints/sudoku_extreme_hf/checkpoint,0,1,blanks_20,34.75192584375009,1,637,fixed_point,0,became_wrong,0.6419753086419753,29,1,0,1,0,0
32,20,1.0,1,checkpoints/sudoku_extreme_hf/checkpoint,0,1,blanks_20,34.75192584375009,1,638,fixed_point,0,became_wrong,0.9506172839506173,4,1,0,1,0,0
32,20,1.0,1,checkpoints/sudoku_extreme_hf/checkpoint,0,1,blanks_20,34.75192584375009,1,639,fixed_point,0,became_wrong,0.9506172839506173,4,1,0,1,0,0
32,20,1.0,1,checkpoints/sudoku_extreme_hf/checkpoint,0,1,blanks_20,42.75151153125023,1,640,fixed_point,0,became_wrong,0.7407407407407407,21,1,0,1,0,0
32,20,1.0,1,checkpoints/sudoku_extreme_hf/checkpoint,0,1,blanks_20,42.75151153125023,1,641,fixed_point,0,became_wrong,0.6172839506172839,31,1,0,1,0,0
32,20,1.0,1,checkpoints/sudoku_extreme_hf/checkpoint,0,1,blanks_20,42.75151153125023,1,642,fixed_point,0,became_wrong,0.8888888888888888,9,1,0,1,0,0
32,20,1.0,1,checkpoints/sudoku_extreme_hf/checkpoint,0,1,blanks_20,42.75151153125023,1,643,fixed_point,0,became_wrong,0.7160493827160493,23,0,0,1,17,0
32,20,1.0,1,checkpoints/sudoku_extreme_hf/checkpoint,0,1,blanks_20,42.75151153125023,1,644,fixed_point,0,became_wrong,0.9259259259259259,6,1,0,1,0,0
32,20,0.9506172839506173,1,checkpoints/sudoku_extreme_hf/checkpoint,2,1,blanks_20,42.75151153125023,0,645,fixed_point,1,changed_wrong,0.7037037037037037,23,1,0,1,0,0
32,20,1.0,1,checkpoints/sudoku_extreme_hf/checkpoint,0,1,blanks_20,42.75151153125023,1,646,fixed_point,0,became_wrong,0.8765432098765432,10,1,0,1,0,0
32,20,1.0,1,checkpoints/sudoku_extreme_hf/checkpoint,0,1,blanks_20,42.75151153125023,1,647,fixed_point,0,became_wrong,0.7654320987654321,19,0,0,1,13,0
32,20,1.0,1,checkpoints/sudoku_extreme_hf/checkpoint,0,1,blanks_20,42.75151153125023,1,648,fixed_point,0,became_wrong,0.8765432098765432,10,1,0,1,0,0
32,20,1.0,1,checkpoints/sudoku_extreme_hf/checkpoint,0,1,blanks_20,42.75151153125023,1,649,fixed_point,0,became_wrong,0.7407407407407407,21,1,0,1,0,0
32,20,1.0,1,checkpoints/sudoku_extreme_hf/checkpoint,0,1,blanks_20,42.75151153125023,1,650,fixed_point,0,became_wrong,0.6666666666666666,27,1,0,1,0,0
32,20,1.0,1,checkpoints/sudoku_extreme_hf/checkpoint,0,1,blanks_20,42.75151153125023,1,651,fixed_point,0,became_wrong,0.7160493827160493,23,1,0,1,0,0
32,20,1.0,1,checkpoints/sudoku_extreme_hf/checkpoint,0,1,blanks_20,42.75151153125023,1,652,fixed_point,0,became_wrong,0.8395061728395061,13,1,0,1,0,0
32,20,1.0,1,checkpoints/sudoku_extreme_hf/checkpoint,0,1,blanks_20,42.75151153125023,1,653,fixed_point,0,became_wrong,0.6049382716049383,32,0,0,1,24,0
32,20,1.0,1,checkpoints/sudoku_extreme_hf/checkpoint,0,1,blanks_20,42.75151153125023,1,654,fixed_point,0,became_wrong,0.8271604938271605,14,0,0,1,11,0
32,20,1.0,1,checkpoints/sudoku_extreme_hf/checkpoint,0,1,blanks_20,42.75151153125023,1,655,fixed_point,0,became_wrong,0.7283950617283951,22,1,0,1,0,0
32,20,1.0,1,checkpoints/sudoku_extreme_hf/checkpoint,0,1,blanks_20,42.75151153125023,1,656,fixed_point,0,became_wrong,0.8641975308641975,11,1,0,1,0,0
32,20,1.0,0,checkpoints/sudoku_extreme_hf/checkpoint,0,1,blanks_20,42.75151153125023,1,657,fixed_point,0,stable_correct,1.0,0,1,1,0,0,0
32,20,1.0,1,checkpoints/sudoku_extreme_hf/checkpoint,0,1,blanks_20,42.75151153125023,1,658,fixed_point,0,became_wrong,0.6296296296296297,30,1,0,1,0,0
32,20,1.0,1,checkpoints/sudoku_extreme_hf/checkpoint,0,1,blanks_20,42.75151153125023,1,659,fixed_point,0,became_wrong,0.7901234567901234,17,1,0,1,0,0
32,20,1.0,1,checkpoints/sudoku_extreme_hf/checkpoint,0,1,blanks_20,42.75151153125023,1,660,fixed_point,0,became_wrong,0.9506172839506173,4,1,0,1,0,0
32,20,1.0,1,checkpoints/sudoku_extreme_hf/checkpoint,0,1,blanks_20,42.75151153125023,1,661,fixed_point,0,became_wrong,0.6049382716049383,32,0,0,1,22,0
32,20,1.0,1,checkpoints/sudoku_extreme_hf/checkpoint,0,1,blanks_20,42.75151153125023,1,662,fixed_point,0,became_wrong,0.7777777777777778,18,1,0,1,0,0
32,20,0.9259259259259259,1,checkpoints/sudoku_extreme_hf/checkpoint,1,1,blanks_20,42.75151153125023,0,663,fixed_point,1,changed_wrong,0.654320987654321,23,1,0,1,0,0
32,20,1.0,1,checkpoints/sudoku_extreme_hf/checkpoint,0,1,blanks_20,42.75151153125023,1,664,fixed_point,0,became_wrong,0.7037037037037037,24,1,0,1,0,0
32,20,1.0,1,checkpoints/sudoku_extreme_hf/checkpoint,0,1,blanks_20,42.75151153125023,1,665,fixed_point,0,became_wrong,0.7283950617283951,22,1,0,1,0,0
32,20,1.0,1,checkpoints/sudoku_extreme_hf/checkpoint,0,1,blanks_20,42.75151153125023,1,666,fixed_point,0,became_wrong,0.8271604938271605,14,1,0,1,0,0
32,20,1.0,1,checkpoints/sudoku_extreme_hf/checkpoint,0,1,blanks_20,42.75151153125023,1,667,fixed_point,0,became_wrong,0.7283950617283951,22,1,0,1,0,0
32,20,1.0,1,checkpoints/sudoku_extreme_hf/checkpoint,0,1,blanks_20,42.75151153125023,1,668,fixed_point,0,became_wrong,0.6172839506172839,31,0,0,1,16,0
32,20,1.0,1,checkpoints/sudoku_extreme_hf/checkpoint,0,1,blanks_20,42.75151153125023,1,669,fixed_point,0,became_wrong,0.7407407407407407,21,1,0,1,0,0
32,20,1.0,1,checkpoints/sudoku_extreme_hf/checkpoint,0,1,blanks_20,42.75151153125023,1,670,fixed_point,0,became_wrong,0.9506172839506173,4,1,0,1,0,0
32,20,1.0,1,checkpoints/sudoku_extreme_hf/checkpoint,0,1,blanks_20,42.75151153125023,1,671,fixed_point,0,became_wrong,0.7160493827160493,23,1,0,1,0,0
32,20,1.0,1,checkpoints/sudoku_extreme_hf/checkpoint,0,1,blanks_20,40.746116531249044,1,672,fixed_point,0,became_wrong,0.7037037037037037,24,1,0,1,0,0
32,20,1.0,1,checkpoints/sudoku_extreme_hf/checkpoint,0,1,blanks_20,40.746116531249044,1,673,fixed_point,0,became_wrong,0.691358024691358,25,1,0,1,0,0
32,20,1.0,1,checkpoints/sudoku_extreme_hf/checkpoint,0,1,blanks_20,40.746116531249044,1,674,fixed_point,0,became_wrong,0.691358024691358,25,1,0,1,0,0
32,20,1.0,1,checkpoints/sudoku_extreme_hf/checkpoint,0,1,blanks_20,40.746116531249044,1,675,fixed_point,0,became_wrong,0.9506172839506173,4,1,0,1,0,0
32,20,1.0,1,checkpoints/sudoku_extreme_hf/checkpoint,0,1,blanks_20,40.746116531249044,1,676,fixed_point,0,became_wrong,0.8765432098765432,10,1,0,1,0,0
32,20,1.0,1,checkpoints/sudoku_extreme_hf/checkpoint,0,1,blanks_20,40.746116531249044,1,677,fixed_point,0,became_wrong,0.8271604938271605,14,1,0,1,0,0
32,20,1.0,1,checkpoints/sudoku_extreme_hf/checkpoint,0,1,blanks_20,40.746116531249044,1,678,fixed_point,0,became_wrong,0.7160493827160493,23,0,0,1,18,0
32,20,1.0,1,checkpoints/sudoku_extreme_hf/checkpoint,0,1,blanks_20,40.746116531249044,1,679,fixed_point,0,became_wrong,0.8271604938271605,14,1,0,1,0,0
32,20,1.0,1,checkpoints/sudoku_extreme_hf/checkpoint,0,1,blanks_20,40.746116531249044,1,680,fixed_point,0,became_wrong,0.8641975308641975,11,1,0,1,0,0
32,20,1.0,1,checkpoints/sudoku_extreme_hf/checkpoint,0,1,blanks_20,40.746116531249044,1,681,fixed_point,0,became_wrong,0.8888888888888888,9,1,0,1,0,0
32,20,1.0,1,checkpoints/sudoku_extreme_hf/checkpoint,0,1,blanks_20,40.746116531249044,1,682,fixed_point,0,became_wrong,0.9135802469135802,7,1,0,1,0,0
32,20,1.0,1,checkpoints/sudoku_extreme_hf/checkpoint,0,1,blanks_20,40.746116531249044,1,683,fixed_point,0,became_wrong,0.8395061728395061,13,1,0,1,0,0
32,20,1.0,1,checkpoints/sudoku_extreme_hf/checkpoint,0,1,blanks_20,40.746116531249044,1,684,fixed_point,0,became_wrong,0.9259259259259259,6,1,0,1,0,0
32,20,1.0,1,checkpoints/sudoku_extreme_hf/checkpoint,0,1,blanks_20,40.746116531249044,1,685,fixed_point,0,became_wrong,0.8395061728395061,13,1,0,1,0,0
32,20,1.0,1,checkpoints/sudoku_extreme_hf/checkpoint,0,1,blanks_20,40.746116531249044,1,686,fixed_point,0,became_wrong,0.691358024691358,25,0,0,1,15,0
32,20,1.0,0,checkpoints/sudoku_extreme_hf/checkpoint,0,1,blanks_20,40.746116531249044,1,687,fixed_point,0,stable_correct,1.0,0,1,1,0,0,0
32,20,1.0,1,checkpoints/sudoku_extreme_hf/checkpoint,0,1,blanks_20,40.746116531249044,1,688,fixed_point,0,became_wrong,0.7037037037037037,24,1,0,1,0,0
32,20,1.0,1,checkpoints/sudoku_extreme_hf/checkpoint,0,1,blanks_20,40.746116531249044,1,689,fixed_point,0,became_wrong,0.5432098765432098,37,1,0,1,0,0
32,20,0.9506172839506173,1,checkpoints/sudoku_extreme_hf/checkpoint,2,1,blanks_20,40.746116531249044,0,690,fixed_point,1,changed_wrong,0.6790123456790124,24,1,0,1,0,0
32,20,1.0,1,checkpoints/sudoku_extreme_hf/checkpoint,0,1,blanks_20,40.746116531249044,1,691,fixed_point,0,became_wrong,0.691358024691358,25,1,0,1,0,0
32,20,1.0,1,checkpoints/sudoku_extreme_hf/checkpoint,0,1,blanks_20,40.746116531249044,1,692,fixed_point,0,became_wrong,0.8024691358024691,16,1,0,1,0,0
32,20,1.0,1,checkpoints/sudoku_extreme_hf/checkpoint,0,1,blanks_20,40.746116531249044,1,693,fixed_point,0,became_wrong,0.6790123456790124,26,1,0,1,0,0
32,20,1.0,1,checkpoints/sudoku_extreme_hf/checkpoint,0,1,blanks_20,40.746116531249044,1,694,fixed_point,0,became_wrong,0.8271604938271605,14,1,0,1,0,0
32,20,1.0,1,checkpoints/sudoku_extreme_hf/checkpoint,0,1,blanks_20,40.746116531249044,1,695,fixed_point,0,became_wrong,0.9259259259259259,6,1,0,1,0,0
32,20,1.0,1,checkpoints/sudoku_extreme_hf/checkpoint,0,1,blanks_20,40.746116531249044,1,696,fixed_point,0,became_wrong,0.6790123456790124,26,1,0,1,0,0
32,20,1.0,1,checkpoints/sudoku_extreme_hf/checkpoint,0,1,blanks_20,40.746116531249044,1,697,fixed_point,0,became_wrong,0.6172839506172839,31,0,0,1,29,0
32,20,1.0,1,checkpoints/sudoku_extreme_hf/checkpoint,0,1,blanks_20,40.746116531249044,1,698,fixed_point,0,became_wrong,0.8641975308641975,11,1,0,1,0,0
32,20,1.0,1,checkpoints/sudoku_extreme_hf/checkpoint,0,1,blanks_20,40.746116531249044,1,699,fixed_point,0,became_wrong,0.8271604938271605,14,1,0,1,0,0
32,20,1.0,1,checkpoints/sudoku_extreme_hf/checkpoint,0,1,blanks_20,40.746116531249044,1,700,fixed_point,0,became_wrong,0.7160493827160493,23,1,0,1,0,0
32,20,1.0,1,checkpoints/sudoku_extreme_hf/checkpoint,0,1,blanks_20,40.746116531249044,1,701,fixed_point,0,became_wrong,0.7901234567901234,17,1,0,1,0,0
32,20,1.0,1,checkpoints/sudoku_extreme_hf/checkpoint,0,1,blanks_20,40.746116531249044,1,702,fixed_point,0,became_wrong,0.8271604938271605,14,1,0,1,0,0
32,20,1.0,1,checkpoints/sudoku_extreme_hf/checkpoint,0,1,blanks_20,40.746116531249044,1,703,fixed_point,0,became_wrong,0.8148148148148148,15,1,0,1,0,0
32,20,1.0,1,checkpoints/sudoku_extreme_hf/checkpoint,0,1,blanks_20,37.370336687502004,1,704,fixed_point,0,became_wrong,0.8024691358024691,16,1,0,1,0,0
32,20,1.0,1,checkpoints/sudoku_extreme_hf/checkpoint,0,1,blanks_20,37.370336687502004,1,705,fixed_point,0,became_wrong,0.9506172839506173,4,1,0,1,0,0
32,20,1.0,1,checkpoints/sudoku_extreme_hf/checkpoint,0,1,blanks_20,37.370336687502004,1,706,fixed_point,0,became_wrong,0.7530864197530864,20,0,0,1,16,0
32,20,1.0,1,checkpoints/sudoku_extreme_hf/checkpoint,0,1,blanks_20,37.370336687502004,1,707,fixed_point,0,became_wrong,0.7530864197530864,20,1,0,1,0,0
32,20,1.0,1,checkpoints/sudoku_extreme_hf/checkpoint,0,1,blanks_20,37.370336687502004,1,708,fixed_point,0,became_wrong,0.8641975308641975,11,1,0,1,0,0
32,20,1.0,1,checkpoints/sudoku_extreme_hf/checkpoint,0,1,blanks_20,37.370336687502004,1,709,fixed_point,0,became_wrong,0.691358024691358,25,1,0,1,0,0
32,20,1.0,1,checkpoints/sudoku_extreme_hf/checkpoint,0,1,blanks_20,37.370336687502004,1,710,fixed_point,0,became_wrong,0.9012345679012346,8,1,0,1,0,0
32,20,1.0,1,checkpoints/sudoku_extreme_hf/checkpoint,0,1,blanks_20,37.370336687502004,1,711,fixed_point,0,became_wrong,0.7777777777777778,18,1,0,1,0,0
32,20,1.0,1,checkpoints/sudoku_extreme_hf/checkpoint,0,1,blanks_20,37.370336687502004,1,712,fixed_point,0,became_wrong,0.7530864197530864,20,1,0,1,0,0
32,20,1.0,1,checkpoints/sudoku_extreme_hf/checkpoint,0,1,blanks_20,37.370336687502004,1,713,fixed_point,0,became_wrong,0.7530864197530864,20,1,0,1,0,0
32,20,1.0,1,checkpoints/sudoku_extreme_hf/checkpoint,0,1,blanks_20,37.370336687502004,1,714,fixed_point,0,became_wrong,0.9506172839506173,4,1,0,1,0,0
32,20,1.0,0,checkpoints/sudoku_extreme_hf/checkpoint,0,1,blanks_20,37.370336687502004,1,715,fixed_point,0,stable_correct,1.0,0,1,1,0,0,0
32,20,1.0,1,checkpoints/sudoku_extreme_hf/checkpoint,0,1,blanks_20,37.370336687502004,1,716,fixed_point,0,became_wrong,0.7283950617283951,22,1,0,1,0,0
32,20,1.0,1,checkpoints/sudoku_extreme_hf/checkpoint,0,1,blanks_20,37.370336687502004,1,717,fixed_point,0,became_wrong,0.9259259259259259,6,1,0,1,0,0
32,20,1.0,1,checkpoints/sudoku_extreme_hf/checkpoint,0,1,blanks_20,37.370336687502004,1,718,fixed_point,0,became_wrong,0.9506172839506173,4,1,0,1,0,0
32,20,1.0,1,checkpoints/sudoku_extreme_hf/checkpoint,0,1,blanks_20,37.370336687502004,1,719,fixed_point,0,became_wrong,0.6666666666666666,27,1,0,1,0,0
32,20,1.0,1,checkpoints/sudoku_extreme_hf/checkpoint,0,1,blanks_20,37.370336687502004,1,720,fixed_point,0,became_wrong,0.7901234567901234,17,1,0,1,0,0
32,20,1.0,1,checkpoints/sudoku_extreme_hf/checkpoint,0,1,blanks_20,37.370336687502004,1,721,fixed_point,0,became_wrong,0.7530864197530864,20,1,0,1,0,0
32,20,1.0,1,checkpoints/sudoku_extreme_hf/checkpoint,0,1,blanks_20,37.370336687502004,1,722,fixed_point,0,became_wrong,0.6419753086419753,29,1,0,1,0,0
32,20,1.0,1,checkpoints/sudoku_extreme_hf/checkpoint,0,1,blanks_20,37.370336687502004,1,723,fixed_point,0,became_wrong,0.7901234567901234,17,0,0,1,12,0
32,20,1.0,1,checkpoints/sudoku_extreme_hf/checkpoint,0,1,blanks_20,37.370336687502004,1,724,fixed_point,0,became_wrong,0.6049382716049383,32,1,0,1,0,0
32,20,1.0,1,checkpoints/sudoku_extreme_hf/checkpoint,0,1,blanks_20,37.370336687502004,1,725,fixed_point,0,became_wrong,0.9506172839506173,4,1,0,1,0,0
32,20,1.0,1,checkpoints/sudoku_extreme_hf/checkpoint,0,1,blanks_20,37.370336687502004,1,726,fixed_point,0,became_wrong,0.9506172839506173,4,1,0,1,0,0
32,20,1.0,1,checkpoints/sudoku_extreme_hf/checkpoint,0,1,blanks_20,37.370336687502004,1,727,fixed_point,0,became_wrong,0.7777777777777778,18,1,0,1,0,0
32,20,1.0,0,checkpoints/sudoku_extreme_hf/checkpoint,0,1,blanks_20,37.370336687502004,1,728,fixed_point,0,stable_correct,1.0,0,1,1,0,0,0
32,20,1.0,1,checkpoints/sudoku_extreme_hf/checkpoint,0,1,blanks_20,37.370336687502004,1,729,fixed_point,0,became_wrong,0.691358024691358,25,1,0,1,0,0
32,20,1.0,1,checkpoints/sudoku_extreme_hf/checkpoint,0,1,blanks_20,37.370336687502004,1,730,fixed_point,0,became_wrong,0.7283950617283951,22,1,0,1,0,0
32,20,1.0,1,checkpoints/sudoku_extreme_hf/checkpoint,0,1,blanks_20,37.370336687502004,1,731,fixed_point,0,became_wrong,0.7901234567901234,17,1,0,1,0,0
32,20,1.0,1,checkpoints/sudoku_extreme_hf/checkpoint,0,1,blanks_20,37.370336687502004,1,732,fixed_point,0,became_wrong,0.5802469135802469,34,1,0,1,0,0
32,20,1.0,1,checkpoints/sudoku_extreme_hf/checkpoint,0,1,blanks_20,37.370336687502004,1,733,fixed_point,0,became_wrong,0.8888888888888888,9,1,0,1,0,0
32,20,1.0,1,checkpoints/sudoku_extreme_hf/checkpoint,0,1,blanks_20,37.370336687502004,1,734,fixed_point,0,became_wrong,0.6296296296296297,30,1,0,1,0,0
32,20,1.0,1,checkpoints/sudoku_extreme_hf/checkpoint,0,1,blanks_20,37.370336687502004,1,735,fixed_point,0,became_wrong,0.9012345679012346,8,1,0,1,0,0
32,20,1.0,1,checkpoints/sudoku_extreme_hf/checkpoint,0,1,blanks_20,39.540930937501884,1,736,fixed_point,0,became_wrong,0.7283950617283951,22,1,0,1,0,0
32,20,1.0,1,checkpoints/sudoku_extreme_hf/checkpoint,0,1,blanks_20,39.540930937501884,1,737,fixed_point,0,became_wrong,0.9506172839506173,4,1,0,1,0,0
32,20,1.0,1,checkpoints/sudoku_extreme_hf/checkpoint,0,1,blanks_20,39.540930937501884,1,738,fixed_point,0,became_wrong,0.9259259259259259,6,1,0,1,0,0
32,20,1.0,1,checkpoints/sudoku_extreme_hf/checkpoint,0,1,blanks_20,39.540930937501884,1,739,fixed_point,0,became_wrong,0.8271604938271605,14,1,0,1,0,0
32,20,1.0,1,checkpoints/sudoku_extreme_hf/checkpoint,0,1,blanks_20,39.540930937501884,1,740,fixed_point,0,became_wrong,0.8641975308641975,11,1,0,1,0,0
32,20,1.0,1,checkpoints/sudoku_extreme_hf/checkpoint,0,1,blanks_20,39.540930937501884,1,741,fixed_point,0,became_wrong,0.7777777777777778,18,1,0,1,0,0
32,20,1.0,1,checkpoints/sudoku_extreme_hf/checkpoint,0,1,blanks_20,39.540930937501884,1,742,fixed_point,0,became_wrong,0.7283950617283951,22,1,0,1,0,0
32,20,1.0,1,checkpoints/sudoku_extreme_hf/checkpoint,0,1,blanks_20,39.540930937501884,1,743,fixed_point,0,became_wrong,0.9506172839506173,4,1,0,1,0,0
32,20,1.0,1,checkpoints/sudoku_extreme_hf/checkpoint,0,1,blanks_20,39.540930937501884,1,744,fixed_point,0,became_wrong,0.7160493827160493,23,1,0,1,0,0
32,20,1.0,1,checkpoints/sudoku_extreme_hf/checkpoint,0,1,blanks_20,39.540930937501884,1,745,fixed_point,0,became_wrong,0.7901234567901234,17,1,0,1,0,0
32,20,1.0,1,checkpoints/sudoku_extreme_hf/checkpoint,0,1,blanks_20,39.540930937501884,1,746,fixed_point,0,became_wrong,0.7530864197530864,20,1,0,1,0,0
32,20,1.0,1,checkpoints/sudoku_extreme_hf/checkpoint,0,1,blanks_20,39.540930937501884,1,747,fixed_point,0,became_wrong,0.7777777777777778,18,1,0,1,0,0
32,20,1.0,1,checkpoints/sudoku_extreme_hf/checkpoint,0,1,blanks_20,39.540930937501884,1,748,fixed_point,0,became_wrong,0.7283950617283951,22,1,0,1,0,0
32,20,1.0,1,checkpoints/sudoku_extreme_hf/checkpoint,0,1,blanks_20,39.540930937501884,1,749,fixed_point,0,became_wrong,0.9506172839506173,4,1,0,1,0,0
32,20,1.0,1,checkpoints/sudoku_extreme_hf/checkpoint,0,1,blanks_20,39.540930937501884,1,750,fixed_point,0,became_wrong,0.654320987654321,28,1,0,1,0,0
32,20,1.0,1,checkpoints/sudoku_extreme_hf/checkpoint,0,1,blanks_20,39.540930937501884,1,751,fixed_point,0,became_wrong,0.7901234567901234,17,1,0,1,0,0
32,20,1.0,1,checkpoints/sudoku_extreme_hf/checkpoint,0,1,blanks_20,39.540930937501884,1,752,fixed_point,0,became_wrong,0.8148148148148148,15,0,0,1,10,0
32,20,1.0,1,checkpoints/sudoku_extreme_hf/checkpoint,0,1,blanks_20,39.540930937501884,1,753,fixed_point,0,became_wrong,0.7530864197530864,20,1,0,1,0,0
32,20,1.0,1,checkpoints/sudoku_extreme_hf/checkpoint,0,1,blanks_20,39.540930937501884,1,754,fixed_point,0,became_wrong,0.7407407407407407,21,1,0,1,0,0
32,20,1.0,1,checkpoints/sudoku_extreme_hf/checkpoint,0,1,blanks_20,39.540930937501884,1,755,fixed_point,0,became_wrong,0.9506172839506173,4,1,0,1,0,0
32,20,1.0,1,checkpoints/sudoku_extreme_hf/checkpoint,0,1,blanks_20,39.540930937501884,1,756,fixed_point,0,became_wrong,0.691358024691358,25,1,0,1,0,0
32,20,1.0,1,checkpoints/sudoku_extreme_hf/checkpoint,0,1,blanks_20,39.540930937501884,1,757,fixed_point,0,became_wrong,0.6790123456790124,26,1,0,1,0,0
32,20,1.0,1,checkpoints/sudoku_extreme_hf/checkpoint,0,1,blanks_20,39.540930937501884,1,758,fixed_point,0,became_wrong,0.8271604938271605,14,1,0,1,0,0
32,20,1.0,1,checkpoints/sudoku_extreme_hf/checkpoint,0,1,blanks_20,39.540930937501884,1,759,fixed_point,0,became_wrong,0.8271604938271605,14,1,0,1,0,0
32,20,1.0,1,checkpoints/sudoku_extreme_hf/checkpoint,0,1,blanks_20,39.540930937501884,1,760,fixed_point,0,became_wrong,0.7037037037037037,24,1,0,1,0,0
32,20,1.0,1,checkpoints/sudoku_extreme_hf/checkpoint,0,1,blanks_20,39.540930937501884,1,761,fixed_point,0,became_wrong,0.7037037037037037,24,0,0,1,3,0
32,20,1.0,1,checkpoints/sudoku_extreme_hf/checkpoint,0,1,blanks_20,39.540930937501884,1,762,fixed_point,0,became_wrong,0.9259259259259259,6,1,0,1,0,0
32,20,1.0,1,checkpoints/sudoku_extreme_hf/checkpoint,0,1,blanks_20,39.540930937501884,1,763,fixed_point,0,became_wrong,0.9012345679012346,8,1,0,1,0,0
32,20,1.0,1,checkpoints/sudoku_extreme_hf/checkpoint,0,1,blanks_20,39.540930937501884,1,764,fixed_point,0,became_wrong,0.7037037037037037,24,1,0,1,0,0
32,20,1.0,1,checkpoints/sudoku_extreme_hf/checkpoint,0,1,blanks_20,39.540930937501884,1,765,fixed_point,0,became_wrong,0.6666666666666666,27,1,0,1,0,0
32,20,1.0,1,checkpoints/sudoku_extreme_hf/checkpoint,0,1,blanks_20,39.540930937501884,1,766,fixed_point,0,became_wrong,0.9506172839506173,4,1,0,1,0,0
32,20,1.0,1,checkpoints/sudoku_extreme_hf/checkpoint,0,1,blanks_20,39.540930937501884,1,767,fixed_point,0,became_wrong,0.8271604938271605,14,1,0,1,0,0
32,20,1.0,1,checkpoints/sudoku_extreme_hf/checkpoint,0,1,blanks_20,33.49037484375117,1,768,fixed_point,0,became_wrong,0.8148148148148148,15,1,0,1,0,0
32,20,1.0,1,checkpoints/sudoku_extreme_hf/checkpoint,0,1,blanks_20,33.49037484375117,1,769,fixed_point,0,became_wrong,0.6666666666666666,27,1,0,1,0,0
32,20,1.0,0,checkpoints/sudoku_extreme_hf/checkpoint,0,1,blanks_20,33.49037484375117,1,770,fixed_point,0,stable_correct,1.0,0,1,1,0,0,0
32,20,1.0,1,checkpoints/sudoku_extreme_hf/checkpoint,0,1,blanks_20,33.49037484375117,1,771,fixed_point,0,became_wrong,0.7283950617283951,22,1,0,1,0,0
32,20,1.0,1,checkpoints/sudoku_extreme_hf/checkpoint,0,1,blanks_20,33.49037484375117,1,772,fixed_point,0,became_wrong,0.8024691358024691,16,0,0,1,24,0
32,20,1.0,1,checkpoints/sudoku_extreme_hf/checkpoint,0,1,blanks_20,33.49037484375117,1,773,fixed_point,0,became_wrong,0.7283950617283951,22,1,0,1,0,0
32,20,1.0,1,checkpoints/sudoku_extreme_hf/checkpoint,0,1,blanks_20,33.49037484375117,1,774,fixed_point,0,became_wrong,0.7654320987654321,19,1,0,1,0,0
32,20,1.0,1,checkpoints/sudoku_extreme_hf/checkpoint,0,1,blanks_20,33.49037484375117,1,775,fixed_point,0,became_wrong,0.8024691358024691,16,1,0,1,0,0
32,20,1.0,1,checkpoints/sudoku_extreme_hf/checkpoint,0,1,blanks_20,33.49037484375117,1,776,fixed_point,0,became_wrong,0.7283950617283951,22,1,0,1,0,0
32,20,0.9506172839506173,1,checkpoints/sudoku_extreme_hf/checkpoint,1,1,blanks_20,33.49037484375117,0,777,fixed_point,1,changed_wrong,0.7530864197530864,16,1,0,1,0,0
32,20,1.0,1,checkpoints/sudoku_extreme_hf/checkpoint,0,1,blanks_20,33.49037484375117,1,778,fixed_point,0,became_wrong,0.7530864197530864,20,1,0,1,0,0
32,20,1.0,1,checkpoints/sudoku_extreme_hf/checkpoint,0,1,blanks_20,33.49037484375117,1,779,fixed_point,0,became_wrong,0.7160493827160493,23,1,0,1,0,0
32,20,1.0,0,checkpoints/sudoku_extreme_hf/checkpoint,0,1,blanks_20,33.49037484375117,1,780,fixed_point,0,stable_correct,1.0,0,1,1,0,0,0
32,20,1.0,1,checkpoints/sudoku_extreme_hf/checkpoint,0,1,blanks_20,33.49037484375117,1,781,fixed_point,0,became_wrong,0.7160493827160493,23,1,0,1,0,0
32,20,1.0,1,checkpoints/sudoku_extreme_hf/checkpoint,0,1,blanks_20,33.49037484375117,1,782,fixed_point,0,became_wrong,0.8271604938271605,14,1,0,1,0,0
32,20,1.0,1,checkpoints/sudoku_extreme_hf/checkpoint,0,1,blanks_20,33.49037484375117,1,783,fixed_point,0,became_wrong,0.7530864197530864,20,1,0,1,0,0
32,20,1.0,1,checkpoints/sudoku_extreme_hf/checkpoint,0,1,blanks_20,33.49037484375117,1,784,fixed_point,0,became_wrong,0.8641975308641975,11,1,0,1,0,0
32,20,0.9506172839506173,1,checkpoints/sudoku_extreme_hf/checkpoint,2,1,blanks_20,33.49037484375117,0,785,fixed_point,1,changed_wrong,0.9012345679012346,4,1,0,1,0,0
32,20,1.0,1,checkpoints/sudoku_extreme_hf/checkpoint,0,1,blanks_20,33.49037484375117,1,786,fixed_point,0,became_wrong,0.8641975308641975,11,1,0,1,0,0
32,20,1.0,1,checkpoints/sudoku_extreme_hf/checkpoint,0,1,blanks_20,33.49037484375117,1,787,fixed_point,0,became_wrong,0.7160493827160493,23,0,0,1,23,0
32,20,1.0,1,checkpoints/sudoku_extreme_hf/checkpoint,0,1,blanks_20,33.49037484375117,1,788,fixed_point,0,became_wrong,0.8765432098765432,10,1,0,1,0,0
32,20,1.0,1,checkpoints/sudoku_extreme_hf/checkpoint,0,1,blanks_20,33.49037484375117,1,789,fixed_point,0,became_wrong,0.6419753086419753,29,1,0,1,0,0
32,20,1.0,1,checkpoints/sudoku_extreme_hf/checkpoint,0,1,blanks_20,33.49037484375117,1,790,fixed_point,0,became_wrong,0.691358024691358,25,1,0,1,0,0
32,20,1.0,1,checkpoints/sudoku_extreme_hf/checkpoint,0,1,blanks_20,33.49037484375117,1,791,fixed_point,0,became_wrong,0.5925925925925926,33,1,0,1,0,0
32,20,1.0,1,checkpoints/sudoku_extreme_hf/checkpoint,0,1,blanks_20,33.49037484375117,1,792,fixed_point,0,became_wrong,0.7777777777777778,18,1,0,1,0,0
32,20,1.0,1,checkpoints/sudoku_extreme_hf/checkpoint,0,1,blanks_20,33.49037484375117,1,793,fixed_point,0,became_wrong,0.8395061728395061,13,1,0,1,0,0
32,20,1.0,1,checkpoints/sudoku_extreme_hf/checkpoint,0,1,blanks_20,33.49037484375117,1,794,fixed_point,0,became_wrong,0.7901234567901234,17,1,0,1,0,0
32,20,1.0,1,checkpoints/sudoku_extreme_hf/checkpoint,0,1,blanks_20,33.49037484375117,1,795,fixed_point,0,became_wrong,0.8024691358024691,16,1,0,1,0,0
32,20,1.0,1,checkpoints/sudoku_extreme_hf/checkpoint,0,1,blanks_20,33.49037484375117,1,796,fixed_point,0,became_wrong,0.7283950617283951,22,0,0,1,16,0
32,20,1.0,1,checkpoints/sudoku_extreme_hf/checkpoint,0,1,blanks_20,33.49037484375117,1,797,fixed_point,0,became_wrong,0.6172839506172839,31,1,0,1,0,0
32,20,1.0,1,checkpoints/sudoku_extreme_hf/checkpoint,0,1,blanks_20,33.49037484375117,1,798,fixed_point,0,became_wrong,0.9259259259259259,6,1,0,1,0,0
32,20,0.9506172839506173,1,checkpoints/sudoku_extreme_hf/checkpoint,1,1,blanks_20,33.49037484375117,0,799,fixed_point,1,changed_wrong,0.9012345679012346,4,1,0,1,0,0
32,20,1.0,1,checkpoints/sudoku_extreme_hf/checkpoint,0,1,blanks_20,34.019604031250594,1,800,fixed_point,0,became_wrong,0.6049382716049383,32,1,0,1,0,0
32,20,1.0,1,checkpoints/sudoku_extreme_hf/checkpoint,0,1,blanks_20,34.019604031250594,1,801,fixed_point,0,became_wrong,0.7160493827160493,23,1,0,1,0,0
32,20,1.0,1,checkpoints/sudoku_extreme_hf/checkpoint,0,1,blanks_20,34.019604031250594,1,802,fixed_point,0,became_wrong,0.691358024691358,25,1,0,1,0,0
32,20,1.0,1,checkpoints/sudoku_extreme_hf/checkpoint,0,1,blanks_20,34.019604031250594,1,803,fixed_point,0,became_wrong,0.654320987654321,28,1,0,1,0,0
32,20,1.0,1,checkpoints/sudoku_extreme_hf/checkpoint,0,1,blanks_20,34.019604031250594,1,804,fixed_point,0,became_wrong,0.9506172839506173,4,1,0,1,0,0
32,20,1.0,1,checkpoints/sudoku_extreme_hf/checkpoint,0,1,blanks_20,34.019604031250594,1,805,fixed_point,0,became_wrong,0.7283950617283951,22,1,0,1,0,0
32,20,1.0,1,checkpoints/sudoku_extreme_hf/checkpoint,0,1,blanks_20,34.019604031250594,1,806,fixed_point,0,became_wrong,0.7530864197530864,20,1,0,1,0,0
32,20,1.0,1,checkpoints/sudoku_extreme_hf/checkpoint,0,1,blanks_20,34.019604031250594,1,807,fixed_point,0,became_wrong,0.9012345679012346,8,1,0,1,0,0
32,20,1.0,1,checkpoints/sudoku_extreme_hf/checkpoint,0,1,blanks_20,34.019604031250594,1,808,fixed_point,0,became_wrong,0.654320987654321,28,1,0,1,0,0
32,20,1.0,0,checkpoints/sudoku_extreme_hf/checkpoint,0,1,blanks_20,34.019604031250594,1,809,fixed_point,0,stable_correct,1.0,0,1,1,0,0,0
32,20,1.0,1,checkpoints/sudoku_extreme_hf/checkpoint,0,1,blanks_20,34.019604031250594,1,810,fixed_point,0,became_wrong,0.7160493827160493,23,1,0,1,0,0
32,20,1.0,1,checkpoints/sudoku_extreme_hf/checkpoint,0,1,blanks_20,34.019604031250594,1,811,fixed_point,0,became_wrong,0.8024691358024691,16,1,0,1,0,0
32,20,1.0,1,checkpoints/sudoku_extreme_hf/checkpoint,0,1,blanks_20,34.019604031250594,1,812,fixed_point,0,became_wrong,0.7901234567901234,17,1,0,1,0,0
32,20,1.0,1,checkpoints/sudoku_extreme_hf/checkpoint,0,1,blanks_20,34.019604031250594,1,813,fixed_point,0,became_wrong,0.9012345679012346,8,1,0,1,0,0
32,20,1.0,1,checkpoints/sudoku_extreme_hf/checkpoint,0,1,blanks_20,34.019604031250594,1,814,fixed_point,0,became_wrong,0.8271604938271605,14,1,0,1,0,0
32,20,1.0,1,checkpoints/sudoku_extreme_hf/checkpoint,0,1,blanks_20,34.019604031250594,1,815,fixed_point,0,became_wrong,0.7654320987654321,19,1,0,1,0,0
32,20,1.0,1,checkpoints/sudoku_extreme_hf/checkpoint,0,1,blanks_20,34.019604031250594,1,816,fixed_point,0,became_wrong,0.7037037037037037,24,0,0,1,29,0
32,20,1.0,1,checkpoints/sudoku_extreme_hf/checkpoint,0,1,blanks_20,34.019604031250594,1,817,fixed_point,0,became_wrong,0.7037037037037037,24,1,0,1,0,0
32,20,1.0,1,checkpoints/sudoku_extreme_hf/checkpoint,0,1,blanks_20,34.019604031250594,1,818,fixed_point,0,became_wrong,0.7654320987654321,19,1,0,1,0,0
32,20,1.0,1,checkpoints/sudoku_extreme_hf/checkpoint,0,1,blanks_20,34.019604031250594,1,819,fixed_point,0,became_wrong,0.8518518518518519,12,1,0,1,0,0
32,20,1.0,1,checkpoints/sudoku_extreme_hf/checkpoint,0,1,blanks_20,34.019604031250594,1,820,fixed_point,0,became_wrong,0.7160493827160493,23,1,0,1,0,0
32,20,1.0,1,checkpoints/sudoku_extreme_hf/checkpoint,0,1,blanks_20,34.019604031250594,1,821,fixed_point,0,became_wrong,0.7901234567901234,17,1,0,1,0,0
32,20,1.0,1,checkpoints/sudoku_extreme_hf/checkpoint,0,1,blanks_20,34.019604031250594,1,822,fixed_point,0,became_wrong,0.7654320987654321,19,1,0,1,0,0
32,20,1.0,1,checkpoints/sudoku_extreme_hf/checkpoint,0,1,blanks_20,34.019604031250594,1,823,fixed_point,0,became_wrong,0.6790123456790124,26,1,0,1,0,0
32,20,1.0,1,checkpoints/sudoku_extreme_hf/checkpoint,0,1,blanks_20,34.019604031250594,1,824,fixed_point,0,became_wrong,0.9506172839506173,4,1,0,1,0,0
32,20,1.0,1,checkpoints/sudoku_extreme_hf/checkpoint,0,1,blanks_20,34.019604031250594,1,825,fixed_point,0,became_wrong,0.6296296296296297,30,1,0,1,0,0
32,20,1.0,1,checkpoints/sudoku_extreme_hf/checkpoint,0,1,blanks_20,34.019604031250594,1,826,fixed_point,0,became_wrong,0.7654320987654321,19,1,0,1,0,0
32,20,1.0,1,checkpoints/sudoku_extreme_hf/checkpoint,0,1,blanks_20,34.019604031250594,1,827,fixed_point,0,became_wrong,0.691358024691358,25,1,0,1,0,0
32,20,1.0,1,checkpoints/sudoku_extreme_hf/checkpoint,0,1,blanks_20,34.019604031250594,1,828,fixed_point,0,became_wrong,0.9259259259259259,6,1,0,1,0,0
32,20,1.0,1,checkpoints/sudoku_extreme_hf/checkpoint,0,1,blanks_20,34.019604031250594,1,829,fixed_point,0,became_wrong,0.9012345679012346,8,1,0,1,0,0
32,20,1.0,1,checkpoints/sudoku_extreme_hf/checkpoint,0,1,blanks_20,34.019604031250594,1,830,fixed_point,0,became_wrong,0.6419753086419753,29,1,0,1,0,0
32,20,1.0,1,checkpoints/sudoku_extreme_hf/checkpoint,0,1,blanks_20,34.019604031250594,1,831,fixed_point,0,became_wrong,0.8148148148148148,15,1,0,1,0,0
32,20,1.0,1,checkpoints/sudoku_extreme_hf/checkpoint,0,1,blanks_20,34.15305437500038,1,832,fixed_point,0,became_wrong,0.691358024691358,25,0,0,1,3,0
32,20,1.0,1,checkpoints/sudoku_extreme_hf/checkpoint,0,1,blanks_20,34.15305437500038,1,833,fixed_point,0,became_wrong,0.691358024691358,25,1,0,1,0,0
32,20,1.0,1,checkpoints/sudoku_extreme_hf/checkpoint,0,1,blanks_20,34.15305437500038,1,834,fixed_point,0,became_wrong,0.8765432098765432,10,1,0,1,0,0
32,20,1.0,1,checkpoints/sudoku_extreme_hf/checkpoint,0,1,blanks_20,34.15305437500038,1,835,fixed_point,0,became_wrong,0.8518518518518519,12,1,0,1,0,0
32,20,0.9506172839506173,1,checkpoints/sudoku_extreme_hf/checkpoint,2,1,blanks_20,34.15305437500038,0,836,fixed_point,1,changed_wrong,0.6172839506172839,29,1,0,1,0,0
32,20,1.0,1,checkpoints/sudoku_extreme_hf/checkpoint,0,1,blanks_20,34.15305437500038,1,837,fixed_point,0,became_wrong,0.654320987654321,28,1,0,1,0,0
32,20,1.0,1,checkpoints/sudoku_extreme_hf/checkpoint,0,1,blanks_20,34.15305437500038,1,838,fixed_point,0,became_wrong,0.6419753086419753,29,1,0,1,0,0
32,20,1.0,1,checkpoints/sudoku_extreme_hf/checkpoint,0,1,blanks_20,34.15305437500038,1,839,fixed_point,0,became_wrong,0.9135802469135802,7,1,0,1,0,0
32,20,1.0,1,checkpoints/sudoku_extreme_hf/checkpoint,0,1,blanks_20,34.15305437500038,1,840,fixed_point,0,became_wrong,0.7530864197530864,20,0,0,1,6,0
32,20,1.0,1,checkpoints/sudoku_extreme_hf/checkpoint,0,1,blanks_20,34.15305437500038,1,841,fixed_point,0,became_wrong,0.9506172839506173,4,1,0,1,0,0
32,20,1.0,1,checkpoints/sudoku_extreme_hf/checkpoint,0,1,blanks_20,34.15305437500038,1,842,fixed_point,0,became_wrong,0.654320987654321,28,0,0,1,25,0
32,20,1.0,1,checkpoints/sudoku_extreme_hf/checkpoint,0,1,blanks_20,34.15305437500038,1,843,fixed_point,0,became_wrong,0.7407407407407407,21,1,0,1,0,0
32,20,1.0,1,checkpoints/sudoku_extreme_hf/checkpoint,0,1,blanks_20,34.15305437500038,1,844,fixed_point,0,became_wrong,0.7530864197530864,20,1,0,1,0,0
32,20,1.0,1,checkpoints/sudoku_extreme_hf/checkpoint,0,1,blanks_20,34.15305437500038,1,845,fixed_point,0,became_wrong,0.8888888888888888,9,1,0,1,0,0
32,20,1.0,1,checkpoints/sudoku_extreme_hf/checkpoint,0,1,blanks_20,34.15305437500038,1,846,fixed_point,0,became_wrong,0.7777777777777778,18,1,0,1,0,0
32,20,0.9259259259259259,0,checkpoints/sudoku_extreme_hf/checkpoint,2,1,blanks_20,34.15305437500038,0,847,fixed_point,1,invalid_fixed_point,0.9259259259259259,0,1,0,0,0,0
32,20,1.0,1,checkpoints/sudoku_extreme_hf/checkpoint,0,1,blanks_20,34.15305437500038,1,848,fixed_point,0,became_wrong,0.8395061728395061,13,1,0,1,0,0
32,20,1.0,1,checkpoints/sudoku_extreme_hf/checkpoint,0,1,blanks_20,34.15305437500038,1,849,fixed_point,0,became_wrong,0.8765432098765432,10,1,0,1,0,0
32,20,1.0,0,checkpoints/sudoku_extreme_hf/checkpoint,0,1,blanks_20,34.15305437500038,1,850,fixed_point,0,stable_correct,1.0,0,1,1,0,0,0
32,20,1.0,1,checkpoints/sudoku_extreme_hf/checkpoint,0,1,blanks_20,34.15305437500038,1,851,fixed_point,0,became_wrong,0.7777777777777778,18,1,0,1,0,0
32,20,1.0,1,checkpoints/sudoku_extreme_hf/checkpoint,0,1,blanks_20,34.15305437500038,1,852,fixed_point,0,became_wrong,0.8271604938271605,14,1,0,1,0,0
32,20,1.0,1,checkpoints/sudoku_extreme_hf/checkpoint,0,1,blanks_20,34.15305437500038,1,853,fixed_point,0,became_wrong,0.8518518518518519,12,1,0,1,0,0
32,20,1.0,1,checkpoints/sudoku_extreme_hf/checkpoint,0,1,blanks_20,34.15305437500038,1,854,fixed_point,0,became_wrong,0.7530864197530864,20,1,0,1,0,0
32,20,1.0,1,checkpoints/sudoku_extreme_hf/checkpoint,0,1,blanks_20,34.15305437500038,1,855,fixed_point,0,became_wrong,0.691358024691358,25,1,0,1,0,0
32,20,1.0,1,checkpoints/sudoku_extreme_hf/checkpoint,0,1,blanks_20,34.15305437500038,1,856,fixed_point,0,became_wrong,0.7654320987654321,19,0,0,1,15,0
32,20,0.9506172839506173,1,checkpoints/sudoku_extreme_hf/checkpoint,1,1,blanks_20,34.15305437500038,0,857,fixed_point,1,changed_wrong,0.6419753086419753,27,1,0,1,0,0
32,20,1.0,1,checkpoints/sudoku_extreme_hf/checkpoint,0,1,blanks_20,34.15305437500038,1,858,fixed_point,0,became_wrong,0.7530864197530864,20,1,0,1,0,0
32,20,1.0,1,checkpoints/sudoku_extreme_hf/checkpoint,0,1,blanks_20,34.15305437500038,1,859,fixed_point,0,became_wrong,0.9259259259259259,6,1,0,1,0,0
32,20,1.0,1,checkpoints/sudoku_extreme_hf/checkpoint,0,1,blanks_20,34.15305437500038,1,860,fixed_point,0,became_wrong,0.7777777777777778,18,0,0,1,21,0
32,20,1.0,1,checkpoints/sudoku_extreme_hf/checkpoint,0,1,blanks_20,34.15305437500038,1,861,fixed_point,0,became_wrong,0.7037037037037037,24,1,0,1,0,0
32,20,1.0,1,checkpoints/sudoku_extreme_hf/checkpoint,0,1,blanks_20,34.15305437500038,1,862,fixed_point,0,became_wrong,0.6666666666666666,27,1,0,1,0,0
32,20,1.0,1,checkpoints/sudoku_extreme_hf/checkpoint,0,1,blanks_20,34.15305437500038,1,863,fixed_point,0,became_wrong,0.654320987654321,28,1,0,1,0,0
32,20,1.0,1,checkpoints/sudoku_extreme_hf/checkpoint,0,1,blanks_20,34.96671821875097,1,864,fixed_point,0,became_wrong,0.6172839506172839,31,1,0,1,0,0
32,20,1.0,1,checkpoints/sudoku_extreme_hf/checkpoint,0,1,blanks_20,34.96671821875097,1,865,fixed_point,0,became_wrong,0.7777777777777778,18,1,0,1,0,0
32,20,1.0,0,checkpoints/sudoku_extreme_hf/checkpoint,0,1,blanks_20,34.96671821875097,1,866,fixed_point,0,stable_correct,1.0,0,1,1,0,0,0
32,20,1.0,0,checkpoints/sudoku_extreme_hf/checkpoint,0,1,blanks_20,34.96671821875097,1,867,fixed_point,0,stable_correct,1.0,0,1,1,0,0,0
32,20,1.0,1,checkpoints/sudoku_extreme_hf/checkpoint,0,1,blanks_20,34.96671821875097,1,868,fixed_point,0,became_wrong,0.6790123456790124,26,1,0,1,0,0
32,20,1.0,1,checkpoints/sudoku_extreme_hf/checkpoint,0,1,blanks_20,34.96671821875097,1,869,fixed_point,0,became_wrong,0.6419753086419753,29,1,0,1,0,0
32,20,1.0,1,checkpoints/sudoku_extreme_hf/checkpoint,0,1,blanks_20,34.96671821875097,1,870,fixed_point,0,became_wrong,0.7530864197530864,20,0,0,1,14,0
32,20,1.0,1,checkpoints/sudoku_extreme_hf/checkpoint,0,1,blanks_20,34.96671821875097,1,871,fixed_point,0,became_wrong,0.9259259259259259,6,1,0,1,0,0
32,20,1.0,1,checkpoints/sudoku_extreme_hf/checkpoint,0,1,blanks_20,34.96671821875097,1,872,fixed_point,0,became_wrong,0.9012345679012346,8,1,0,1,0,0
32,20,1.0,1,checkpoints/sudoku_extreme_hf/checkpoint,0,1,blanks_20,34.96671821875097,1,873,fixed_point,0,became_wrong,0.7654320987654321,19,0,0,1,18,0
32,20,1.0,1,checkpoints/sudoku_extreme_hf/checkpoint,0,1,blanks_20,34.96671821875097,1,874,fixed_point,0,became_wrong,0.9506172839506173,4,1,0,1,0,0
32,20,1.0,1,checkpoints/sudoku_extreme_hf/checkpoint,0,1,blanks_20,34.96671821875097,1,875,fixed_point,0,became_wrong,0.6790123456790124,26,0,0,1,19,0
32,20,1.0,1,checkpoints/sudoku_extreme_hf/checkpoint,0,1,blanks_20,34.96671821875097,1,876,fixed_point,0,became_wrong,0.8888888888888888,9,1,0,1,0,0
32,20,1.0,1,checkpoints/sudoku_extreme_hf/checkpoint,0,1,blanks_20,34.96671821875097,1,877,fixed_point,0,became_wrong,0.7654320987654321,19,1,0,1,0,0
32,20,0.9506172839506173,1,checkpoints/sudoku_extreme_hf/checkpoint,1,1,blanks_20,34.96671821875097,0,878,fixed_point,1,changed_wrong,0.6790123456790124,27,1,0,1,0,0
32,20,1.0,1,checkpoints/sudoku_extreme_hf/checkpoint,0,1,blanks_20,34.96671821875097,1,879,fixed_point,0,became_wrong,0.7777777777777778,18,1,0,1,0,0
32,20,1.0,1,checkpoints/sudoku_extreme_hf/checkpoint,0,1,blanks_20,34.96671821875097,1,880,fixed_point,0,became_wrong,0.8024691358024691,16,1,0,1,0,0
32,20,1.0,1,checkpoints/sudoku_extreme_hf/checkpoint,0,1,blanks_20,34.96671821875097,1,881,fixed_point,0,became_wrong,0.8271604938271605,14,1,0,1,0,0
32,20,1.0,1,checkpoints/sudoku_extreme_hf/checkpoint,0,1,blanks_20,34.96671821875097,1,882,fixed_point,0,became_wrong,0.8888888888888888,9,0,0,1,13,0
32,20,1.0,1,checkpoints/sudoku_extreme_hf/checkpoint,0,1,blanks_20,34.96671821875097,1,883,fixed_point,0,became_wrong,0.6419753086419753,29,1,0,1,0,0
32,20,1.0,1,checkpoints/sudoku_extreme_hf/checkpoint,0,1,blanks_20,34.96671821875097,1,884,fixed_point,0,became_wrong,0.8395061728395061,13,1,0,1,0,0
32,20,1.0,1,checkpoints/sudoku_extreme_hf/checkpoint,0,1,blanks_20,34.96671821875097,1,885,fixed_point,0,became_wrong,0.6666666666666666,27,1,0,1,0,0
32,20,1.0,1,checkpoints/sudoku_extreme_hf/checkpoint,0,1,blanks_20,34.96671821875097,1,886,fixed_point,0,became_wrong,0.7037037037037037,24,1,0,1,0,0
32,20,1.0,1,checkpoints/sudoku_extreme_hf/checkpoint,0,1,blanks_20,34.96671821875097,1,887,fixed_point,0,became_wrong,0.7530864197530864,20,1,0,1,0,0
32,20,1.0,1,checkpoints/sudoku_extreme_hf/checkpoint,0,1,blanks_20,34.96671821875097,1,888,fixed_point,0,became_wrong,0.9259259259259259,6,1,0,1,0,0
32,20,1.0,1,checkpoints/sudoku_extreme_hf/checkpoint,0,1,blanks_20,34.96671821875097,1,889,fixed_point,0,became_wrong,0.7654320987654321,19,1,0,1,0,0
32,20,1.0,1,checkpoints/sudoku_extreme_hf/checkpoint,0,1,blanks_20,34.96671821875097,1,890,fixed_point,0,became_wrong,0.8518518518518519,12,1,0,1,0,0
32,20,1.0,1,checkpoints/sudoku_extreme_hf/checkpoint,0,1,blanks_20,34.96671821875097,1,891,fixed_point,0,became_wrong,0.8024691358024691,16,1,0,1,0,0
32,20,1.0,1,checkpoints/sudoku_extreme_hf/checkpoint,0,1,blanks_20,34.96671821875097,1,892,fixed_point,0,became_wrong,0.7037037037037037,24,1,0,1,0,0
32,20,1.0,1,checkpoints/sudoku_extreme_hf/checkpoint,0,1,blanks_20,34.96671821875097,1,893,fixed_point,0,became_wrong,0.6790123456790124,26,1,0,1,0,0
32,20,1.0,1,checkpoints/sudoku_extreme_hf/checkpoint,0,1,blanks_20,34.96671821875097,1,894,fixed_point,0,became_wrong,0.7283950617283951,22,1,0,1,0,0
32,20,1.0,1,checkpoints/sudoku_extreme_hf/checkpoint,0,1,blanks_20,34.96671821875097,1,895,fixed_point,0,became_wrong,0.654320987654321,28,1,0,1,0,0
32,20,1.0,1,checkpoints/sudoku_extreme_hf/checkpoint,0,1,blanks_20,42.665292781251196,1,896,fixed_point,0,became_wrong,0.9135802469135802,7,1,0,1,0,0
32,20,1.0,1,checkpoints/sudoku_extreme_hf/checkpoint,0,1,blanks_20,42.665292781251196,1,897,fixed_point,0,became_wrong,0.6296296296296297,30,1,0,1,0,0
32,20,1.0,1,checkpoints/sudoku_extreme_hf/checkpoint,0,1,blanks_20,42.665292781251196,1,898,fixed_point,0,became_wrong,0.6172839506172839,31,1,0,1,0,0
32,20,1.0,1,checkpoints/sudoku_extreme_hf/checkpoint,0,1,blanks_20,42.665292781251196,1,899,fixed_point,0,became_wrong,0.7530864197530864,20,1,0,1,0,0
32,20,1.0,1,checkpoints/sudoku_extreme_hf/checkpoint,0,1,blanks_20,42.665292781251196,1,900,fixed_point,0,became_wrong,0.7407407407407407,21,0,0,1,19,0
32,20,1.0,1,checkpoints/sudoku_extreme_hf/checkpoint,0,1,blanks_20,42.665292781251196,1,901,fixed_point,0,became_wrong,0.9259259259259259,6,1,0,1,0,0
32,20,1.0,1,checkpoints/sudoku_extreme_hf/checkpoint,0,1,blanks_20,42.665292781251196,1,902,fixed_point,0,became_wrong,0.9259259259259259,6,1,0,1,0,0
32,20,1.0,1,checkpoints/sudoku_extreme_hf/checkpoint,0,1,blanks_20,42.665292781251196,1,903,fixed_point,0,became_wrong,0.8024691358024691,16,1,0,1,0,0
32,20,1.0,1,checkpoints/sudoku_extreme_hf/checkpoint,0,1,blanks_20,42.665292781251196,1,904,fixed_point,0,became_wrong,0.7160493827160493,23,1,0,1,0,0
32,20,1.0,1,checkpoints/sudoku_extreme_hf/checkpoint,0,1,blanks_20,42.665292781251196,1,905,fixed_point,0,became_wrong,0.8271604938271605,14,1,0,1,0,0
32,20,1.0,1,checkpoints/sudoku_extreme_hf/checkpoint,0,1,blanks_20,42.665292781251196,1,906,fixed_point,0,became_wrong,0.6666666666666666,27,0,0,1,3,0
32,20,1.0,1,checkpoints/sudoku_extreme_hf/checkpoint,0,1,blanks_20,42.665292781251196,1,907,fixed_point,0,became_wrong,0.5679012345679012,35,1,0,1,0,0
32,20,1.0,1,checkpoints/sudoku_extreme_hf/checkpoint,0,1,blanks_20,42.665292781251196,1,908,fixed_point,0,became_wrong,0.8641975308641975,11,1,0,1,0,0
32,20,1.0,1,checkpoints/sudoku_extreme_hf/checkpoint,0,1,blanks_20,42.665292781251196,1,909,fixed_point,0,became_wrong,0.8641975308641975,11,1,0,1,0,0
32,20,1.0,1,checkpoints/sudoku_extreme_hf/checkpoint,0,1,blanks_20,42.665292781251196,1,910,fixed_point,0,became_wrong,0.7407407407407407,21,1,0,1,0,0
32,20,1.0,1,checkpoints/sudoku_extreme_hf/checkpoint,0,1,blanks_20,42.665292781251196,1,911,fixed_point,0,became_wrong,0.7777777777777778,18,1,0,1,0,0
32,20,1.0,0,checkpoints/sudoku_extreme_hf/checkpoint,0,1,blanks_20,42.665292781251196,1,912,fixed_point,0,stable_correct,1.0,0,1,1,0,0,0
32,20,1.0,1,checkpoints/sudoku_extreme_hf/checkpoint,0,1,blanks_20,42.665292781251196,1,913,fixed_point,0,became_wrong,0.8148148148148148,15,0,0,1,3,0
32,20,0.9506172839506173,1,checkpoints/sudoku_extreme_hf/checkpoint,2,1,blanks_20,42.665292781251196,0,914,fixed_point,1,changed_wrong,0.5925925925925926,31,1,0,1,0,0
32,20,1.0,1,checkpoints/sudoku_extreme_hf/checkpoint,0,1,blanks_20,42.665292781251196,1,915,fixed_point,0,became_wrong,0.8024691358024691,16,1,0,1,0,0
32,20,1.0,1,checkpoints/sudoku_extreme_hf/checkpoint,0,1,blanks_20,42.665292781251196,1,916,fixed_point,0,became_wrong,0.8024691358024691,16,1,0,1,0,0
32,20,1.0,1,checkpoints/sudoku_extreme_hf/checkpoint,0,1,blanks_20,42.665292781251196,1,917,fixed_point,0,became_wrong,0.7777777777777778,18,1,0,1,0,0
32,20,1.0,1,checkpoints/sudoku_extreme_hf/checkpoint,0,1,blanks_20,42.665292781251196,1,918,fixed_point,0,became_wrong,0.6296296296296297,30,1,0,1,0,0
32,20,1.0,1,checkpoints/sudoku_extreme_hf/checkpoint,0,1,blanks_20,42.665292781251196,1,919,fixed_point,0,became_wrong,0.6790123456790124,26,1,0,1,0,0
32,20,1.0,1,checkpoints/sudoku_extreme_hf/checkpoint,0,1,blanks_20,42.665292781251196,1,920,fixed_point,0,became_wrong,0.6419753086419753,29,0,0,1,31,0
32,20,1.0,1,checkpoints/sudoku_extreme_hf/checkpoint,0,1,blanks_20,42.665292781251196,1,921,fixed_point,0,became_wrong,0.8024691358024691,16,1,0,1,0,0
32,20,1.0,1,checkpoints/sudoku_extreme_hf/checkpoint,0,1,blanks_20,42.665292781251196,1,922,fixed_point,0,became_wrong,0.8888888888888888,9,1,0,1,0,0
32,20,1.0,1,checkpoints/sudoku_extreme_hf/checkpoint,0,1,blanks_20,42.665292781251196,1,923,fixed_point,0,became_wrong,0.6049382716049383,32,1,0,1,0,0
32,20,1.0,1,checkpoints/sudoku_extreme_hf/checkpoint,0,1,blanks_20,42.665292781251196,1,924,fixed_point,0,became_wrong,0.7654320987654321,19,0,0,1,6,0
32,20,1.0,1,checkpoints/sudoku_extreme_hf/checkpoint,0,1,blanks_20,42.665292781251196,1,925,fixed_point,0,became_wrong,0.8024691358024691,16,1,0,1,0,0
32,20,1.0,1,checkpoints/sudoku_extreme_hf/checkpoint,0,1,blanks_20,42.665292781251196,1,926,fixed_point,0,became_wrong,0.7530864197530864,20,1,0,1,0,0
32,20,1.0,0,checkpoints/sudoku_extreme_hf/checkpoint,0,1,blanks_20,42.665292781251196,1,927,fixed_point,0,stable_correct,1.0,0,1,1,0,0,0
32,20,1.0,1,checkpoints/sudoku_extreme_hf/checkpoint,0,1,blanks_20,43.64972487500296,1,928,fixed_point,0,became_wrong,0.654320987654321,28,1,0,1,0,0
32,20,1.0,1,checkpoints/sudoku_extreme_hf/checkpoint,0,1,blanks_20,43.64972487500296,1,929,fixed_point,0,became_wrong,0.6790123456790124,26,1,0,1,0,0
32,20,1.0,1,checkpoints/sudoku_extreme_hf/checkpoint,0,1,blanks_20,43.64972487500296,1,930,fixed_point,0,became_wrong,0.7530864197530864,20,1,0,1,0,0
32,20,1.0,1,checkpoints/sudoku_extreme_hf/checkpoint,0,1,blanks_20,43.64972487500296,1,931,fixed_point,0,became_wrong,0.7777777777777778,18,1,0,1,0,0
32,20,1.0,1,checkpoints/sudoku_extreme_hf/checkpoint,0,1,blanks_20,43.64972487500296,1,932,fixed_point,0,became_wrong,0.8148148148148148,15,1,0,1,0,0
32,20,1.0,1,checkpoints/sudoku_extreme_hf/checkpoint,0,1,blanks_20,43.64972487500296,1,933,fixed_point,0,became_wrong,0.8024691358024691,16,1,0,1,0,0
32,20,1.0,1,checkpoints/sudoku_extreme_hf/checkpoint,0,1,blanks_20,43.64972487500296,1,934,fixed_point,0,became_wrong,0.8024691358024691,16,1,0,1,0,0
32,20,1.0,1,checkpoints/sudoku_extreme_hf/checkpoint,0,1,blanks_20,43.64972487500296,1,935,fixed_point,0,became_wrong,0.7654320987654321,19,0,0,1,12,0
32,20,1.0,1,checkpoints/sudoku_extreme_hf/checkpoint,0,1,blanks_20,43.64972487500296,1,936,fixed_point,0,became_wrong,0.6666666666666666,27,1,0,1,0,0
32,20,1.0,1,checkpoints/sudoku_extreme_hf/checkpoint,0,1,blanks_20,43.64972487500296,1,937,fixed_point,0,became_wrong,0.9259259259259259,6,1,0,1,0,0
32,20,1.0,1,checkpoints/sudoku_extreme_hf/checkpoint,0,1,blanks_20,43.64972487500296,1,938,fixed_point,0,became_wrong,0.8271604938271605,14,1,0,1,0,0
32,20,1.0,1,checkpoints/sudoku_extreme_hf/checkpoint,0,1,blanks_20,43.64972487500296,1,939,fixed_point,0,became_wrong,0.8395061728395061,13,1,0,1,0,0
32,20,1.0,1,checkpoints/sudoku_extreme_hf/checkpoint,0,1,blanks_20,43.64972487500296,1,940,fixed_point,0,became_wrong,0.7654320987654321,19,1,0,1,0,0
32,20,1.0,0,checkpoints/sudoku_extreme_hf/checkpoint,0,1,blanks_20,43.64972487500296,1,941,fixed_point,0,stable_correct,1.0,0,1,1,0,0,0
32,20,1.0,1,checkpoints/sudoku_extreme_hf/checkpoint,0,1,blanks_20,43.64972487500296,1,942,fixed_point,0,became_wrong,0.6049382716049383,32,1,0,1,0,0
32,20,1.0,1,checkpoints/sudoku_extreme_hf/checkpoint,0,1,blanks_20,43.64972487500296,1,943,fixed_point,0,became_wrong,0.7530864197530864,20,1,0,1,0,0
32,20,1.0,1,checkpoints/sudoku_extreme_hf/checkpoint,0,1,blanks_20,43.64972487500296,1,944,fixed_point,0,became_wrong,0.9012345679012346,8,1,0,1,0,0
32,20,1.0,1,checkpoints/sudoku_extreme_hf/checkpoint,0,1,blanks_20,43.64972487500296,1,945,fixed_point,0,became_wrong,0.6790123456790124,26,1,0,1,0,0
32,20,1.0,1,checkpoints/sudoku_extreme_hf/checkpoint,0,1,blanks_20,43.64972487500296,1,946,fixed_point,0,became_wrong,0.7283950617283951,22,1,0,1,0,0
32,20,1.0,1,checkpoints/sudoku_extreme_hf/checkpoint,0,1,blanks_20,43.64972487500296,1,947,fixed_point,0,became_wrong,0.5925925925925926,33,0,0,1,20,0
32,20,1.0,1,checkpoints/sudoku_extreme_hf/checkpoint,0,1,blanks_20,43.64972487500296,1,948,fixed_point,0,became_wrong,0.6296296296296297,30,1,0,1,0,0
32,20,1.0,1,checkpoints/sudoku_extreme_hf/checkpoint,0,1,blanks_20,43.64972487500296,1,949,fixed_point,0,became_wrong,0.9506172839506173,4,1,0,1,0,0
32,20,1.0,1,checkpoints/sudoku_extreme_hf/checkpoint,0,1,blanks_20,43.64972487500296,1,950,fixed_point,0,became_wrong,0.7037037037037037,24,1,0,1,0,0
32,20,1.0,1,checkpoints/sudoku_extreme_hf/checkpoint,0,1,blanks_20,43.64972487500296,1,951,fixed_point,0,became_wrong,0.8148148148148148,15,1,0,1,0,0
32,20,1.0,1,checkpoints/sudoku_extreme_hf/checkpoint,0,1,blanks_20,43.64972487500296,1,952,fixed_point,0,became_wrong,0.9259259259259259,6,1,0,1,0,0
32,20,1.0,1,checkpoints/sudoku_extreme_hf/checkpoint,0,1,blanks_20,43.64972487500296,1,953,fixed_point,0,became_wrong,0.8765432098765432,10,1,0,1,0,0
32,20,1.0,1,checkpoints/sudoku_extreme_hf/checkpoint,0,1,blanks_20,43.64972487500296,1,954,fixed_point,0,became_wrong,0.8148148148148148,15,1,0,1,0,0
32,20,1.0,1,checkpoints/sudoku_extreme_hf/checkpoint,0,1,blanks_20,43.64972487500296,1,955,fixed_point,0,became_wrong,0.9506172839506173,4,1,0,1,0,0
32,20,1.0,1,checkpoints/sudoku_extreme_hf/checkpoint,0,1,blanks_20,43.64972487500296,1,956,fixed_point,0,became_wrong,0.7530864197530864,20,0,0,1,24,0
32,20,1.0,1,checkpoints/sudoku_extreme_hf/checkpoint,0,1,blanks_20,43.64972487500296,1,957,fixed_point,0,became_wrong,0.7037037037037037,24,1,0,1,0,0
32,20,1.0,1,checkpoints/sudoku_extreme_hf/checkpoint,0,1,blanks_20,43.64972487500296,1,958,fixed_point,0,became_wrong,0.6790123456790124,26,1,0,1,0,0
32,20,1.0,1,checkpoints/sudoku_extreme_hf/checkpoint,0,1,blanks_20,43.64972487500296,1,959,fixed_point,0,became_wrong,0.8271604938271605,14,1,0,1,0,0
32,20,1.0,1,checkpoints/sudoku_extreme_hf/checkpoint,0,1,blanks_20,34.02860368750282,1,960,fixed_point,0,became_wrong,0.6790123456790124,26,1,0,1,0,0
32,20,1.0,1,checkpoints/sudoku_extreme_hf/checkpoint,0,1,blanks_20,34.02860368750282,1,961,fixed_point,0,became_wrong,0.7530864197530864,20,1,0,1,0,0
32,20,1.0,1,checkpoints/sudoku_extreme_hf/checkpoint,0,1,blanks_20,34.02860368750282,1,962,fixed_point,0,became_wrong,0.8024691358024691,16,1,0,1,0,0
32,20,1.0,1,checkpoints/sudoku_extreme_hf/checkpoint,0,1,blanks_20,34.02860368750282,1,963,fixed_point,0,became_wrong,0.7530864197530864,20,1,0,1,0,0
32,20,1.0,1,checkpoints/sudoku_extreme_hf/checkpoint,0,1,blanks_20,34.02860368750282,1,964,fixed_point,0,became_wrong,0.7160493827160493,23,1,0,1,0,0
32,20,1.0,1,checkpoints/sudoku_extreme_hf/checkpoint,0,1,blanks_20,34.02860368750282,1,965,fixed_point,0,became_wrong,0.8641975308641975,11,1,0,1,0,0
32,20,1.0,1,checkpoints/sudoku_extreme_hf/checkpoint,0,1,blanks_20,34.02860368750282,1,966,fixed_point,0,became_wrong,0.6296296296296297,30,1,0,1,0,0
32,20,1.0,1,checkpoints/sudoku_extreme_hf/checkpoint,0,1,blanks_20,34.02860368750282,1,967,fixed_point,0,became_wrong,0.6790123456790124,26,1,0,1,0,0
32,20,1.0,1,checkpoints/sudoku_extreme_hf/checkpoint,0,1,blanks_20,34.02860368750282,1,968,fixed_point,0,became_wrong,0.7530864197530864,20,1,0,1,0,0
32,20,1.0,1,checkpoints/sudoku_extreme_hf/checkpoint,0,1,blanks_20,34.02860368750282,1,969,fixed_point,0,became_wrong,0.7407407407407407,21,1,0,1,0,0
32,20,1.0,1,checkpoints/sudoku_extreme_hf/checkpoint,0,1,blanks_20,34.02860368750282,1,970,fixed_point,0,became_wrong,0.9135802469135802,7,1,0,1,0,0
32,20,1.0,1,checkpoints/sudoku_extreme_hf/checkpoint,0,1,blanks_20,34.02860368750282,1,971,fixed_point,0,became_wrong,0.7283950617283951,22,1,0,1,0,0
32,20,1.0,1,checkpoints/sudoku_extreme_hf/checkpoint,0,1,blanks_20,34.02860368750282,1,972,fixed_point,0,became_wrong,0.7530864197530864,20,1,0,1,0,0
32,20,1.0,1,checkpoints/sudoku_extreme_hf/checkpoint,0,1,blanks_20,34.02860368750282,1,973,fixed_point,0,became_wrong,0.7777777777777778,18,1,0,1,0,0
32,20,1.0,1,checkpoints/sudoku_extreme_hf/checkpoint,0,1,blanks_20,34.02860368750282,1,974,fixed_point,0,became_wrong,0.8024691358024691,16,1,0,1,0,0
32,20,1.0,1,checkpoints/sudoku_extreme_hf/checkpoint,0,1,blanks_20,34.02860368750282,1,975,fixed_point,0,became_wrong,0.7407407407407407,21,1,0,1,0,0
32,20,1.0,1,checkpoints/sudoku_extreme_hf/checkpoint,0,1,blanks_20,34.02860368750282,1,976,fixed_point,0,became_wrong,0.7901234567901234,17,1,0,1,0,0
32,20,1.0,1,checkpoints/sudoku_extreme_hf/checkpoint,0,1,blanks_20,34.02860368750282,1,977,fixed_point,0,became_wrong,0.7901234567901234,17,1,0,1,0,0
32,20,1.0,1,checkpoints/sudoku_extreme_hf/checkpoint,0,1,blanks_20,34.02860368750282,1,978,fixed_point,0,became_wrong,0.7407407407407407,21,1,0,1,0,0
32,20,1.0,1,checkpoints/sudoku_extreme_hf/checkpoint,0,1,blanks_20,34.02860368750282,1,979,fixed_point,0,became_wrong,0.7530864197530864,20,1,0,1,0,0
32,20,1.0,1,checkpoints/sudoku_extreme_hf/checkpoint,0,1,blanks_20,34.02860368750282,1,980,fixed_point,0,became_wrong,0.7160493827160493,23,1,0,1,0,0
32,20,1.0,1,checkpoints/sudoku_extreme_hf/checkpoint,0,1,blanks_20,34.02860368750282,1,981,fixed_point,0,became_wrong,0.7407407407407407,21,1,0,1,0,0
32,20,1.0,1,checkpoints/sudoku_extreme_hf/checkpoint,0,1,blanks_20,34.02860368750282,1,982,fixed_point,0,became_wrong,0.7530864197530864,20,1,0,1,0,0
32,20,1.0,1,checkpoints/sudoku_extreme_hf/checkpoint,0,1,blanks_20,34.02860368750282,1,983,fixed_point,0,became_wrong,0.691358024691358,25,0,0,1,15,0
32,20,1.0,1,checkpoints/sudoku_extreme_hf/checkpoint,0,1,blanks_20,34.02860368750282,1,984,fixed_point,0,became_wrong,0.8765432098765432,10,1,0,1,0,0
32,20,0.9506172839506173,1,checkpoints/sudoku_extreme_hf/checkpoint,2,1,blanks_20,34.02860368750282,0,985,fixed_point,1,changed_wrong,0.8024691358024691,13,1,0,1,0,0
32,20,1.0,1,checkpoints/sudoku_extreme_hf/checkpoint,0,1,blanks_20,34.02860368750282,1,986,fixed_point,0,became_wrong,0.7530864197530864,20,0,0,1,39,0
32,20,1.0,1,checkpoints/sudoku_extreme_hf/checkpoint,0,1,blanks_20,34.02860368750282,1,987,fixed_point,0,became_wrong,0.691358024691358,25,1,0,1,0,0
32,20,1.0,1,checkpoints/sudoku_extreme_hf/checkpoint,0,1,blanks_20,34.02860368750282,1,988,fixed_point,0,became_wrong,0.9506172839506173,4,1,0,1,0,0
32,20,1.0,1,checkpoints/sudoku_extreme_hf/checkpoint,0,1,blanks_20,34.02860368750282,1,989,fixed_point,0,became_wrong,0.8148148148148148,15,1,0,1,0,0
32,20,1.0,1,checkpoints/sudoku_extreme_hf/checkpoint,0,1,blanks_20,34.02860368750282,1,990,fixed_point,0,became_wrong,0.7530864197530864,20,0,0,1,23,0
32,20,1.0,1,checkpoints/sudoku_extreme_hf/checkpoint,0,1,blanks_20,34.02860368750282,1,991,fixed_point,0,became_wrong,0.691358024691358,25,1,0,1,0,0
32,20,1.0,1,checkpoints/sudoku_extreme_hf/checkpoint,0,1,blanks_20,134.67988200000036,1,992,fixed_point,0,became_wrong,0.8271604938271605,14,1,0,1,0,0
32,20,1.0,1,checkpoints/sudoku_extreme_hf/checkpoint,0,1,blanks_20,134.67988200000036,1,993,fixed_point,0,became_wrong,0.9012345679012346,8,1,0,1,0,0
32,20,1.0,1,checkpoints/sudoku_extreme_hf/checkpoint,0,1,blanks_20,134.67988200000036,1,994,fixed_point,0,became_wrong,0.8024691358024691,16,1,0,1,0,0
32,20,1.0,1,checkpoints/sudoku_extreme_hf/checkpoint,0,1,blanks_20,134.67988200000036,1,995,fixed_point,0,became_wrong,0.8518518518518519,12,1,0,1,0,0
32,20,1.0,0,checkpoints/sudoku_extreme_hf/checkpoint,0,1,blanks_20,134.67988200000036,1,996,fixed_point,0,stable_correct,1.0,0,1,1,0,0,0
32,20,1.0,1,checkpoints/sudoku_extreme_hf/checkpoint,0,1,blanks_20,134.67988200000036,1,997,fixed_point,0,became_wrong,0.7037037037037037,24,1,0,1,0,0
32,20,1.0,1,checkpoints/sudoku_extreme_hf/checkpoint,0,1,blanks_20,134.67988200000036,1,998,fixed_point,0,became_wrong,0.7530864197530864,20,1,0,1,0,0
32,20,1.0,1,checkpoints/sudoku_extreme_hf/checkpoint,0,1,blanks_20,134.67988200000036,1,999,fixed_point,0,became_wrong,0.9506172839506173,4,1,0,1,0,0
32,40,1.0,1,checkpoints/sudoku_extreme_hf/checkpoint,0,1,blanks_40,36.739107812501004,1,0,fixed_point,0,became_wrong,0.7777777777777778,18,0,0,1,27,0
32,40,1.0,1,checkpoints/sudoku_extreme_hf/checkpoint,0,1,blanks_40,36.739107812501004,1,1,fixed_point,0,became_wrong,0.6172839506172839,31,1,0,1,0,0
32,40,1.0,1,checkpoints/sudoku_extreme_hf/checkpoint,0,1,blanks_40,36.739107812501004,1,2,fixed_point,0,became_wrong,0.7654320987654321,19,1,0,1,0,0
32,40,1.0,1,checkpoints/sudoku_extreme_hf/checkpoint,0,1,blanks_40,36.739107812501004,1,3,fixed_point,0,became_wrong,0.6296296296296297,30,0,0,1,23,0
32,40,1.0,0,checkpoints/sudoku_extreme_hf/checkpoint,0,1,blanks_40,36.739107812501004,1,4,fixed_point,0,stable_correct,1.0,0,1,1,0,0,0
32,40,1.0,1,checkpoints/sudoku_extreme_hf/checkpoint,0,1,blanks_40,36.739107812501004,1,5,fixed_point,0,became_wrong,0.7037037037037037,24,1,0,1,0,0
32,40,1.0,1,checkpoints/sudoku_extreme_hf/checkpoint,0,1,blanks_40,36.739107812501004,1,6,fixed_point,0,became_wrong,0.8395061728395061,13,1,0,1,0,0
32,40,1.0,1,checkpoints/sudoku_extreme_hf/checkpoint,0,1,blanks_40,36.739107812501004,1,7,fixed_point,0,became_wrong,0.9012345679012346,8,1,0,1,0,0
32,40,1.0,1,checkpoints/sudoku_extreme_hf/checkpoint,0,1,blanks_40,36.739107812501004,1,8,fixed_point,0,became_wrong,0.7654320987654321,19,1,0,1,0,0
32,40,1.0,1,checkpoints/sudoku_extreme_hf/checkpoint,0,1,blanks_40,36.739107812501004,1,9,fixed_point,0,became_wrong,0.7407407407407407,21,1,0,1,0,0
32,40,1.0,0,checkpoints/sudoku_extreme_hf/checkpoint,0,1,blanks_40,36.739107812501004,1,10,fixed_point,0,stable_correct,1.0,0,1,1,0,0,0
32,40,1.0,1,checkpoints/sudoku_extreme_hf/checkpoint,0,1,blanks_40,36.739107812501004,1,11,fixed_point,0,became_wrong,0.7530864197530864,20,1,0,1,0,0
32,40,1.0,1,checkpoints/sudoku_extreme_hf/checkpoint,0,1,blanks_40,36.739107812501004,1,12,fixed_point,0,became_wrong,0.8271604938271605,14,1,0,1,0,0
32,40,1.0,1,checkpoints/sudoku_extreme_hf/checkpoint,0,1,blanks_40,36.739107812501004,1,13,fixed_point,0,became_wrong,0.7160493827160493,23,1,0,1,0,0
32,40,1.0,0,checkpoints/sudoku_extreme_hf/checkpoint,0,1,blanks_40,36.739107812501004,1,14,fixed_point,0,stable_correct,1.0,0,1,1,0,0,0
32,40,1.0,1,checkpoints/sudoku_extreme_hf/checkpoint,0,1,blanks_40,36.739107812501004,1,15,fixed_point,0,became_wrong,0.6790123456790124,26,1,0,1,0,0
32,40,1.0,1,checkpoints/sudoku_extreme_hf/checkpoint,0,1,blanks_40,36.739107812501004,1,16,fixed_point,0,became_wrong,0.7777777777777778,18,1,0,1,0,0
32,40,1.0,1,checkpoints/sudoku_extreme_hf/checkpoint,0,1,blanks_40,36.739107812501004,1,17,fixed_point,0,became_wrong,0.6790123456790124,26,1,0,1,0,0
32,40,1.0,1,checkpoints/sudoku_extreme_hf/checkpoint,0,1,blanks_40,36.739107812501004,1,18,fixed_point,0,became_wrong,0.9135802469135802,7,1,0,1,0,0
32,40,1.0,1,checkpoints/sudoku_extreme_hf/checkpoint,0,1,blanks_40,36.739107812501004,1,19,fixed_point,0,became_wrong,0.8641975308641975,11,1,0,1,0,0
32,40,1.0,1,checkpoints/sudoku_extreme_hf/checkpoint,0,1,blanks_40,36.739107812501004,1,20,fixed_point,0,became_wrong,0.9259259259259259,6,1,0,1,0,0
32,40,1.0,1,checkpoints/sudoku_extreme_hf/checkpoint,0,1,blanks_40,36.739107812501004,1,21,fixed_point,0,became_wrong,0.8518518518518519,12,1,0,1,0,0
32,40,1.0,1,checkpoints/sudoku_extreme_hf/checkpoint,0,1,blanks_40,36.739107812501004,1,22,fixed_point,0,became_wrong,0.8641975308641975,11,1,0,1,0,0
32,40,1.0,1,checkpoints/sudoku_extreme_hf/checkpoint,0,1,blanks_40,36.739107812501004,1,23,fixed_point,0,became_wrong,0.6296296296296297,30,1,0,1,0,0
32,40,1.0,1,checkpoints/sudoku_extreme_hf/checkpoint,0,1,blanks_40,36.739107812501004,1,24,fixed_point,0,became_wrong,0.8271604938271605,14,1,0,1,0,0
32,40,1.0,0,checkpoints/sudoku_extreme_hf/checkpoint,0,1,blanks_40,36.739107812501004,1,25,fixed_point,0,stable_correct,1.0,0,1,1,0,0,0
32,40,1.0,1,checkpoints/sudoku_extreme_hf/checkpoint,0,1,blanks_40,36.739107812501004,1,26,fixed_point,0,became_wrong,0.8024691358024691,16,1,0,1,0,0
32,40,1.0,1,checkpoints/sudoku_extreme_hf/checkpoint,0,1,blanks_40,36.739107812501004,1,27,fixed_point,0,became_wrong,0.8888888888888888,9,1,0,1,0,0
32,40,1.0,1,checkpoints/sudoku_extreme_hf/checkpoint,0,1,blanks_40,36.739107812501004,1,28,fixed_point,0,became_wrong,0.8888888888888888,9,1,0,1,0,0
32,40,1.0,1,checkpoints/sudoku_extreme_hf/checkpoint,0,1,blanks_40,36.739107812501004,1,29,fixed_point,0,became_wrong,0.6790123456790124,26,1,0,1,0,0
32,40,1.0,1,checkpoints/sudoku_extreme_hf/checkpoint,0,1,blanks_40,36.739107812501004,1,30,fixed_point,0,became_wrong,0.9506172839506173,4,1,0,1,0,0
32,40,1.0,1,checkpoints/sudoku_extreme_hf/checkpoint,0,1,blanks_40,36.739107812501004,1,31,fixed_point,0,became_wrong,0.8518518518518519,12,1,0,1,0,0
32,40,1.0,1,checkpoints/sudoku_extreme_hf/checkpoint,0,1,blanks_40,35.1673381249995,1,32,fixed_point,0,became_wrong,0.654320987654321,28,0,0,1,25,0
32,40,1.0,1,checkpoints/sudoku_extreme_hf/checkpoint,0,1,blanks_40,35.1673381249995,1,33,fixed_point,0,became_wrong,0.9506172839506173,4,1,0,1,0,0
32,40,1.0,1,checkpoints/sudoku_extreme_hf/checkpoint,0,1,blanks_40,35.1673381249995,1,34,fixed_point,0,became_wrong,0.6419753086419753,29,1,0,1,0,0
32,40,1.0,1,checkpoints/sudoku_extreme_hf/checkpoint,0,1,blanks_40,35.1673381249995,1,35,fixed_point,0,became_wrong,0.9259259259259259,6,1,0,1,0,0
32,40,1.0,1,checkpoints/sudoku_extreme_hf/checkpoint,0,1,blanks_40,35.1673381249995,1,36,fixed_point,0,became_wrong,0.7654320987654321,19,1,0,1,0,0
32,40,1.0,1,checkpoints/sudoku_extreme_hf/checkpoint,0,1,blanks_40,35.1673381249995,1,37,fixed_point,0,became_wrong,0.7777777777777778,18,1,0,1,0,0
32,40,1.0,1,checkpoints/sudoku_extreme_hf/checkpoint,0,1,blanks_40,35.1673381249995,1,38,fixed_point,0,became_wrong,0.7283950617283951,22,1,0,1,0,0
32,40,1.0,1,checkpoints/sudoku_extreme_hf/checkpoint,0,1,blanks_40,35.1673381249995,1,39,fixed_point,0,became_wrong,0.8395061728395061,13,1,0,1,0,0
32,40,1.0,1,checkpoints/sudoku_extreme_hf/checkpoint,0,1,blanks_40,35.1673381249995,1,40,fixed_point,0,became_wrong,0.691358024691358,25,1,0,1,0,0
32,40,1.0,1,checkpoints/sudoku_extreme_hf/checkpoint,0,1,blanks_40,35.1673381249995,1,41,fixed_point,0,became_wrong,0.8765432098765432,10,1,0,1,0,0
32,40,1.0,1,checkpoints/sudoku_extreme_hf/checkpoint,0,1,blanks_40,35.1673381249995,1,42,fixed_point,0,became_wrong,0.7654320987654321,19,1,0,1,0,0
32,40,1.0,1,checkpoints/sudoku_extreme_hf/checkpoint,0,1,blanks_40,35.1673381249995,1,43,fixed_point,0,became_wrong,0.7160493827160493,23,1,0,1,0,0
32,40,1.0,1,checkpoints/sudoku_extreme_hf/checkpoint,0,1,blanks_40,35.1673381249995,1,44,fixed_point,0,became_wrong,0.7530864197530864,20,1,0,1,0,0
32,40,1.0,1,checkpoints/sudoku_extreme_hf/checkpoint,0,1,blanks_40,35.1673381249995,1,45,fixed_point,0,became_wrong,0.7037037037037037,24,1,0,1,0,0
32,40,1.0,1,checkpoints/sudoku_extreme_hf/checkpoint,0,1,blanks_40,35.1673381249995,1,46,fixed_point,0,became_wrong,0.7283950617283951,22,1,0,1,0,0
32,40,1.0,1,checkpoints/sudoku_extreme_hf/checkpoint,0,1,blanks_40,35.1673381249995,1,47,fixed_point,0,became_wrong,0.7654320987654321,19,0,0,1,21,0
32,40,1.0,1,checkpoints/sudoku_extreme_hf/checkpoint,0,1,blanks_40,35.1673381249995,1,48,fixed_point,0,became_wrong,0.7901234567901234,17,1,0,1,0,0
32,40,1.0,1,checkpoints/sudoku_extreme_hf/checkpoint,0,1,blanks_40,35.1673381249995,1,49,fixed_point,0,became_wrong,0.5679012345679012,35,1,0,1,0,0
32,40,1.0,1,checkpoints/sudoku_extreme_hf/checkpoint,0,1,blanks_40,35.1673381249995,1,50,fixed_point,0,became_wrong,0.7037037037037037,24,1,0,1,0,0
32,40,1.0,1,checkpoints/sudoku_extreme_hf/checkpoint,0,1,blanks_40,35.1673381249995,1,51,fixed_point,0,became_wrong,0.8641975308641975,11,0,0,1,6,0
32,40,1.0,1,checkpoints/sudoku_extreme_hf/checkpoint,0,1,blanks_40,35.1673381249995,1,52,fixed_point,0,became_wrong,0.691358024691358,25,0,0,1,24,0
32,40,1.0,1,checkpoints/sudoku_extreme_hf/checkpoint,0,1,blanks_40,35.1673381249995,1,53,fixed_point,0,became_wrong,0.7037037037037037,24,1,0,1,0,0
32,40,1.0,1,checkpoints/sudoku_extreme_hf/checkpoint,0,1,blanks_40,35.1673381249995,1,54,fixed_point,0,became_wrong,0.8765432098765432,10,1,0,1,0,0
32,40,1.0,1,checkpoints/sudoku_extreme_hf/checkpoint,0,1,blanks_40,35.1673381249995,1,55,fixed_point,0,became_wrong,0.654320987654321,28,1,0,1,0,0
32,40,1.0,0,checkpoints/sudoku_extreme_hf/checkpoint,0,1,blanks_40,35.1673381249995,1,56,fixed_point,0,stable_correct,1.0,0,1,1,0,0,0
32,40,1.0,1,checkpoints/sudoku_extreme_hf/checkpoint,0,1,blanks_40,35.1673381249995,1,57,fixed_point,0,became_wrong,0.9259259259259259,6,1,0,1,0,0
32,40,1.0,1,checkpoints/sudoku_extreme_hf/checkpoint,0,1,blanks_40,35.1673381249995,1,58,fixed_point,0,became_wrong,0.6666666666666666,27,1,0,1,0,0
32,40,1.0,1,checkpoints/sudoku_extreme_hf/checkpoint,0,1,blanks_40,35.1673381249995,1,59,fixed_point,0,became_wrong,0.8024691358024691,16,0,0,1,12,0
32,40,1.0,0,checkpoints/sudoku_extreme_hf/checkpoint,0,1,blanks_40,35.1673381249995,1,60,fixed_point,0,stable_correct,1.0,0,1,1,0,0,0
32,40,1.0,1,checkpoints/sudoku_extreme_hf/checkpoint,0,1,blanks_40,35.1673381249995,1,61,fixed_point,0,became_wrong,0.691358024691358,25,1,0,1,0,0
32,40,1.0,1,checkpoints/sudoku_extreme_hf/checkpoint,0,1,blanks_40,35.1673381249995,1,62,fixed_point,0,became_wrong,0.6790123456790124,26,1,0,1,0,0
32,40,1.0,1,checkpoints/sudoku_extreme_hf/checkpoint,0,1,blanks_40,35.1673381249995,1,63,fixed_point,0,became_wrong,0.8024691358024691,16,1,0,1,0,0
32,40,1.0,1,checkpoints/sudoku_extreme_hf/checkpoint,0,1,blanks_40,38.92243537499951,1,64,fixed_point,0,became_wrong,0.8765432098765432,10,1,0,1,0,0
32,40,1.0,1,checkpoints/sudoku_extreme_hf/checkpoint,0,1,blanks_40,38.92243537499951,1,65,fixed_point,0,became_wrong,0.8395061728395061,13,1,0,1,0,0
32,40,1.0,1,checkpoints/sudoku_extreme_hf/checkpoint,0,1,blanks_40,38.92243537499951,1,66,fixed_point,0,became_wrong,0.7654320987654321,19,1,0,1,0,0
32,40,1.0,1,checkpoints/sudoku_extreme_hf/checkpoint,0,1,blanks_40,38.92243537499951,1,67,fixed_point,0,became_wrong,0.7407407407407407,21,1,0,1,0,0
32,40,1.0,1,checkpoints/sudoku_extreme_hf/checkpoint,0,1,blanks_40,38.92243537499951,1,68,fixed_point,0,became_wrong,0.7777777777777778,18,1,0,1,0,0
32,40,1.0,1,checkpoints/sudoku_extreme_hf/checkpoint,0,1,blanks_40,38.92243537499951,1,69,fixed_point,0,became_wrong,0.7283950617283951,22,1,0,1,0,0
32,40,1.0,1,checkpoints/sudoku_extreme_hf/checkpoint,0,1,blanks_40,38.92243537499951,1,70,fixed_point,0,became_wrong,0.691358024691358,25,1,0,1,0,0
32,40,1.0,1,checkpoints/sudoku_extreme_hf/checkpoint,0,1,blanks_40,38.92243537499951,1,71,fixed_point,0,became_wrong,0.7407407407407407,21,1,0,1,0,0
32,40,1.0,1,checkpoints/sudoku_extreme_hf/checkpoint,0,1,blanks_40,38.92243537499951,1,72,fixed_point,0,became_wrong,0.9135802469135802,7,1,0,1,0,0
32,40,1.0,1,checkpoints/sudoku_extreme_hf/checkpoint,0,1,blanks_40,38.92243537499951,1,73,fixed_point,0,became_wrong,0.7283950617283951,22,1,0,1,0,0
32,40,1.0,1,checkpoints/sudoku_extreme_hf/checkpoint,0,1,blanks_40,38.92243537499951,1,74,fixed_point,0,became_wrong,0.7160493827160493,23,1,0,1,0,0
32,40,1.0,1,checkpoints/sudoku_extreme_hf/checkpoint,0,1,blanks_40,38.92243537499951,1,75,fixed_point,0,became_wrong,0.8641975308641975,11,1,0,1,0,0
32,40,1.0,1,checkpoints/sudoku_extreme_hf/checkpoint,0,1,blanks_40,38.92243537499951,1,76,fixed_point,0,became_wrong,0.7283950617283951,22,1,0,1,0,0
32,40,1.0,1,checkpoints/sudoku_extreme_hf/checkpoint,0,1,blanks_40,38.92243537499951,1,77,fixed_point,0,became_wrong,0.7530864197530864,20,1,0,1,0,0
32,40,1.0,1,checkpoints/sudoku_extreme_hf/checkpoint,0,1,blanks_40,38.92243537499951,1,78,fixed_point,0,became_wrong,0.7283950617283951,22,0,0,1,22,0
32,40,1.0,0,checkpoints/sudoku_extreme_hf/checkpoint,0,1,blanks_40,38.92243537499951,1,79,fixed_point,0,stable_correct,1.0,0,1,1,0,0,0
32,40,1.0,1,checkpoints/sudoku_extreme_hf/checkpoint,0,1,blanks_40,38.92243537499951,1,80,fixed_point,0,became_wrong,0.8148148148148148,15,1,0,1,0,0
32,40,1.0,1,checkpoints/sudoku_extreme_hf/checkpoint,0,1,blanks_40,38.92243537499951,1,81,fixed_point,0,became_wrong,0.8888888888888888,9,1,0,1,0,0
32,40,1.0,1,checkpoints/sudoku_extreme_hf/checkpoint,0,1,blanks_40,38.92243537499951,1,82,fixed_point,0,became_wrong,0.8271604938271605,14,1,0,1,0,0
32,40,1.0,1,checkpoints/sudoku_extreme_hf/checkpoint,0,1,blanks_40,38.92243537499951,1,83,fixed_point,0,became_wrong,0.8888888888888888,9,1,0,1,0,0
32,40,1.0,1,checkpoints/sudoku_extreme_hf/checkpoint,0,1,blanks_40,38.92243537499951,1,84,fixed_point,0,became_wrong,0.7160493827160493,23,1,0,1,0,0
32,40,1.0,1,checkpoints/sudoku_extreme_hf/checkpoint,0,1,blanks_40,38.92243537499951,1,85,fixed_point,0,became_wrong,0.7407407407407407,21,0,0,1,6,0
32,40,1.0,1,checkpoints/sudoku_extreme_hf/checkpoint,0,1,blanks_40,38.92243537499951,1,86,fixed_point,0,became_wrong,0.7283950617283951,22,1,0,1,0,0
32,40,1.0,1,checkpoints/sudoku_extreme_hf/checkpoint,0,1,blanks_40,38.92243537499951,1,87,fixed_point,0,became_wrong,0.7407407407407407,21,1,0,1,0,0
32,40,1.0,1,checkpoints/sudoku_extreme_hf/checkpoint,0,1,blanks_40,38.92243537499951,1,88,fixed_point,0,became_wrong,0.7037037037037037,24,1,0,1,0,0
32,40,1.0,1,checkpoints/sudoku_extreme_hf/checkpoint,0,1,blanks_40,38.92243537499951,1,89,fixed_point,0,became_wrong,0.8395061728395061,13,1,0,1,0,0
32,40,1.0,1,checkpoints/sudoku_extreme_hf/checkpoint,0,1,blanks_40,38.92243537499951,1,90,fixed_point,0,became_wrong,0.8641975308641975,11,1,0,1,0,0
32,40,1.0,1,checkpoints/sudoku_extreme_hf/checkpoint,0,1,blanks_40,38.92243537499951,1,91,fixed_point,0,became_wrong,0.7283950617283951,22,1,0,1,0,0
32,40,1.0,1,checkpoints/sudoku_extreme_hf/checkpoint,0,1,blanks_40,38.92243537499951,1,92,fixed_point,0,became_wrong,0.691358024691358,25,1,0,1,0,0
32,40,1.0,1,checkpoints/sudoku_extreme_hf/checkpoint,0,1,blanks_40,38.92243537499951,1,93,fixed_point,0,became_wrong,0.7037037037037037,24,1,0,1,0,0
32,40,1.0,1,checkpoints/sudoku_extreme_hf/checkpoint,0,1,blanks_40,38.92243537499951,1,94,fixed_point,0,became_wrong,0.7037037037037037,24,1,0,1,0,0
32,40,1.0,1,checkpoints/sudoku_extreme_hf/checkpoint,0,1,blanks_40,38.92243537499951,1,95,fixed_point,0,became_wrong,0.654320987654321,28,1,0,1,0,0
32,40,1.0,1,checkpoints/sudoku_extreme_hf/checkpoint,0,1,blanks_40,41.02191340625083,1,96,fixed_point,0,became_wrong,0.7654320987654321,19,1,0,1,0,0
32,40,1.0,1,checkpoints/sudoku_extreme_hf/checkpoint,0,1,blanks_40,41.02191340625083,1,97,fixed_point,0,became_wrong,0.6790123456790124,26,1,0,1,0,0
32,40,1.0,1,checkpoints/sudoku_extreme_hf/checkpoint,0,1,blanks_40,41.02191340625083,1,98,fixed_point,0,became_wrong,0.9259259259259259,6,1,0,1,0,0
32,40,1.0,0,checkpoints/sudoku_extreme_hf/checkpoint,0,1,blanks_40,41.02191340625083,1,99,fixed_point,0,stable_correct,1.0,0,1,1,0,0,0
32,40,1.0,1,checkpoints/sudoku_extreme_hf/checkpoint,0,1,blanks_40,41.02191340625083,1,100,fixed_point,0,became_wrong,0.9506172839506173,4,1,0,1,0,0
32,40,1.0,1,checkpoints/sudoku_extreme_hf/checkpoint,0,1,blanks_40,41.02191340625083,1,101,fixed_point,0,became_wrong,0.8641975308641975,11,1,0,1,0,0
32,40,1.0,1,checkpoints/sudoku_extreme_hf/checkpoint,0,1,blanks_40,41.02191340625083,1,102,fixed_point,0,became_wrong,0.8765432098765432,10,1,0,1,0,0
32,40,1.0,1,checkpoints/sudoku_extreme_hf/checkpoint,0,1,blanks_40,41.02191340625083,1,103,fixed_point,0,became_wrong,0.7901234567901234,17,1,0,1,0,0
32,40,1.0,1,checkpoints/sudoku_extreme_hf/checkpoint,0,1,blanks_40,41.02191340625083,1,104,fixed_point,0,became_wrong,0.7530864197530864,20,1,0,1,0,0
32,40,1.0,1,checkpoints/sudoku_extreme_hf/checkpoint,0,1,blanks_40,41.02191340625083,1,105,fixed_point,0,became_wrong,0.6790123456790124,26,1,0,1,0,0
32,40,1.0,1,checkpoints/sudoku_extreme_hf/checkpoint,0,1,blanks_40,41.02191340625083,1,106,fixed_point,0,became_wrong,0.6666666666666666,27,1,0,1,0,0
32,40,1.0,1,checkpoints/sudoku_extreme_hf/checkpoint,0,1,blanks_40,41.02191340625083,1,107,fixed_point,0,became_wrong,0.7654320987654321,19,1,0,1,0,0
32,40,1.0,1,checkpoints/sudoku_extreme_hf/checkpoint,0,1,blanks_40,41.02191340625083,1,108,fixed_point,0,became_wrong,0.8024691358024691,16,1,0,1,0,0
32,40,1.0,0,checkpoints/sudoku_extreme_hf/checkpoint,0,1,blanks_40,41.02191340625083,1,109,fixed_point,0,stable_correct,1.0,0,1,1,0,0,0
32,40,1.0,1,checkpoints/sudoku_extreme_hf/checkpoint,0,1,blanks_40,41.02191340625083,1,110,fixed_point,0,became_wrong,0.654320987654321,28,1,0,1,0,0
32,40,1.0,1,checkpoints/sudoku_extreme_hf/checkpoint,0,1,blanks_40,41.02191340625083,1,111,fixed_point,0,became_wrong,0.7777777777777778,18,1,0,1,0,0
32,40,1.0,1,checkpoints/sudoku_extreme_hf/checkpoint,0,1,blanks_40,41.02191340625083,1,112,fixed_point,0,became_wrong,0.8148148148148148,15,1,0,1,0,0
32,40,1.0,1,checkpoints/sudoku_extreme_hf/checkpoint,0,1,blanks_40,41.02191340625083,1,113,fixed_point,0,became_wrong,0.6666666666666666,27,0,0,1,19,0
32,40,1.0,1,checkpoints/sudoku_extreme_hf/checkpoint,0,1,blanks_40,41.02191340625083,1,114,fixed_point,0,became_wrong,0.7777777777777778,18,0,0,1,14,0
32,40,1.0,1,checkpoints/sudoku_extreme_hf/checkpoint,0,1,blanks_40,41.02191340625083,1,115,fixed_point,0,became_wrong,0.8024691358024691,16,1,0,1,0,0
32,40,1.0,1,checkpoints/sudoku_extreme_hf/checkpoint,0,1,blanks_40,41.02191340625083,1,116,fixed_point,0,became_wrong,0.7283950617283951,22,0,0,1,14,0
32,40,1.0,1,checkpoints/sudoku_extreme_hf/checkpoint,0,1,blanks_40,41.02191340625083,1,117,fixed_point,0,became_wrong,0.9012345679012346,8,1,0,1,0,0
32,40,1.0,1,checkpoints/sudoku_extreme_hf/checkpoint,0,1,blanks_40,41.02191340625083,1,118,fixed_point,0,became_wrong,0.7037037037037037,24,1,0,1,0,0
32,40,1.0,1,checkpoints/sudoku_extreme_hf/checkpoint,0,1,blanks_40,41.02191340625083,1,119,fixed_point,0,became_wrong,0.7037037037037037,24,1,0,1,0,0
32,40,1.0,1,checkpoints/sudoku_extreme_hf/checkpoint,0,1,blanks_40,41.02191340625083,1,120,fixed_point,0,became_wrong,0.6790123456790124,26,1,0,1,0,0
32,40,1.0,1,checkpoints/sudoku_extreme_hf/checkpoint,0,1,blanks_40,41.02191340625083,1,121,fixed_point,0,became_wrong,0.8765432098765432,10,1,0,1,0,0
32,40,1.0,1,checkpoints/sudoku_extreme_hf/checkpoint,0,1,blanks_40,41.02191340625083,1,122,fixed_point,0,became_wrong,0.7283950617283951,22,1,0,1,0,0
32,40,1.0,1,checkpoints/sudoku_extreme_hf/checkpoint,0,1,blanks_40,41.02191340625083,1,123,fixed_point,0,became_wrong,0.7530864197530864,20,1,0,1,0,0
32,40,1.0,1,checkpoints/sudoku_extreme_hf/checkpoint,0,1,blanks_40,41.02191340625083,1,124,fixed_point,0,became_wrong,0.6666666666666666,27,0,0,1,3,0
32,40,1.0,1,checkpoints/sudoku_extreme_hf/checkpoint,0,1,blanks_40,41.02191340625083,1,125,fixed_point,0,became_wrong,0.691358024691358,25,0,0,1,18,0
32,40,1.0,1,checkpoints/sudoku_extreme_hf/checkpoint,0,1,blanks_40,41.02191340625083,1,126,fixed_point,0,became_wrong,0.691358024691358,25,1,0,1,0,0
32,40,1.0,1,checkpoints/sudoku_extreme_hf/checkpoint,0,1,blanks_40,41.02191340625083,1,127,fixed_point,0,became_wrong,0.8148148148148148,15,1,0,1,0,0
32,40,1.0,1,checkpoints/sudoku_extreme_hf/checkpoint,0,1,blanks_40,37.383792718749476,1,128,fixed_point,0,became_wrong,0.7777777777777778,18,1,0,1,0,0
32,40,1.0,1,checkpoints/sudoku_extreme_hf/checkpoint,0,1,blanks_40,37.383792718749476,1,129,fixed_point,0,became_wrong,0.9012345679012346,8,1,0,1,0,0
32,40,1.0,1,checkpoints/sudoku_extreme_hf/checkpoint,0,1,blanks_40,37.383792718749476,1,130,fixed_point,0,became_wrong,0.8024691358024691,16,1,0,1,0,0
32,40,1.0,1,checkpoints/sudoku_extreme_hf/checkpoint,0,1,blanks_40,37.383792718749476,1,131,fixed_point,0,became_wrong,0.6419753086419753,29,1,0,1,0,0
32,40,1.0,1,checkpoints/sudoku_extreme_hf/checkpoint,0,1,blanks_40,37.383792718749476,1,132,fixed_point,0,became_wrong,0.5802469135802469,34,1,0,1,0,0
32,40,1.0,1,checkpoints/sudoku_extreme_hf/checkpoint,0,1,blanks_40,37.383792718749476,1,133,fixed_point,0,became_wrong,0.8024691358024691,16,1,0,1,0,0
32,40,1.0,1,checkpoints/sudoku_extreme_hf/checkpoint,0,1,blanks_40,37.383792718749476,1,134,fixed_point,0,became_wrong,0.6666666666666666,27,1,0,1,0,0
32,40,1.0,1,checkpoints/sudoku_extreme_hf/checkpoint,0,1,blanks_40,37.383792718749476,1,135,fixed_point,0,became_wrong,0.7530864197530864,20,1,0,1,0,0
32,40,1.0,1,checkpoints/sudoku_extreme_hf/checkpoint,0,1,blanks_40,37.383792718749476,1,136,fixed_point,0,became_wrong,0.7777777777777778,18,1,0,1,0,0
32,40,1.0,1,checkpoints/sudoku_extreme_hf/checkpoint,0,1,blanks_40,37.383792718749476,1,137,fixed_point,0,became_wrong,0.9506172839506173,4,1,0,1,0,0
32,40,1.0,1,checkpoints/sudoku_extreme_hf/checkpoint,0,1,blanks_40,37.383792718749476,1,138,fixed_point,0,became_wrong,0.8518518518518519,12,1,0,1,0,0
32,40,1.0,1,checkpoints/sudoku_extreme_hf/checkpoint,0,1,blanks_40,37.383792718749476,1,139,fixed_point,0,became_wrong,0.7407407407407407,21,1,0,1,0,0
32,40,1.0,1,checkpoints/sudoku_extreme_hf/checkpoint,0,1,blanks_40,37.383792718749476,1,140,fixed_point,0,became_wrong,0.7777777777777778,18,1,0,1,0,0
32,40,1.0,0,checkpoints/sudoku_extreme_hf/checkpoint,0,1,blanks_40,37.383792718749476,1,141,fixed_point,0,stable_correct,1.0,0,1,1,0,0,0
32,40,1.0,1,checkpoints/sudoku_extreme_hf/checkpoint,0,1,blanks_40,37.383792718749476,1,142,fixed_point,0,became_wrong,0.8024691358024691,16,1,0,1,0,0
32,40,1.0,1,checkpoints/sudoku_extreme_hf/checkpoint,0,1,blanks_40,37.383792718749476,1,143,fixed_point,0,became_wrong,0.8148148148148148,15,1,0,1,0,0
32,40,1.0,1,checkpoints/sudoku_extreme_hf/checkpoint,0,1,blanks_40,37.383792718749476,1,144,fixed_point,0,became_wrong,0.7160493827160493,23,1,0,1,0,0
32,40,1.0,0,checkpoints/sudoku_extreme_hf/checkpoint,0,1,blanks_40,37.383792718749476,1,145,fixed_point,0,stable_correct,1.0,0,1,1,0,0,0
32,40,1.0,1,checkpoints/sudoku_extreme_hf/checkpoint,0,1,blanks_40,37.383792718749476,1,146,fixed_point,0,became_wrong,0.654320987654321,28,1,0,1,0,0
32,40,1.0,1,checkpoints/sudoku_extreme_hf/checkpoint,0,1,blanks_40,37.383792718749476,1,147,fixed_point,0,became_wrong,0.8271604938271605,14,1,0,1,0,0
32,40,1.0,1,checkpoints/sudoku_extreme_hf/checkpoint,0,1,blanks_40,37.383792718749476,1,148,fixed_point,0,became_wrong,0.7777777777777778,18,1,0,1,0,0
32,40,1.0,1,checkpoints/sudoku_extreme_hf/checkpoint,0,1,blanks_40,37.383792718749476,1,149,fixed_point,0,became_wrong,0.8518518518518519,12,1,0,1,0,0
32,40,1.0,1,checkpoints/sudoku_extreme_hf/checkpoint,0,1,blanks_40,37.383792718749476,1,150,fixed_point,0,became_wrong,0.8765432098765432,10,1,0,1,0,0
32,40,1.0,1,checkpoints/sudoku_extreme_hf/checkpoint,0,1,blanks_40,37.383792718749476,1,151,fixed_point,0,became_wrong,0.8148148148148148,15,1,0,1,0,0
32,40,1.0,1,checkpoints/sudoku_extreme_hf/checkpoint,0,1,blanks_40,37.383792718749476,1,152,fixed_point,0,became_wrong,0.7530864197530864,20,1,0,1,0,0
32,40,1.0,1,checkpoints/sudoku_extreme_hf/checkpoint,0,1,blanks_40,37.383792718749476,1,153,fixed_point,0,became_wrong,0.6049382716049383,32,1,0,1,0,0
32,40,1.0,1,checkpoints/sudoku_extreme_hf/checkpoint,0,1,blanks_40,37.383792718749476,1,154,fixed_point,0,became_wrong,0.8641975308641975,11,1,0,1,0,0
32,40,1.0,1,checkpoints/sudoku_extreme_hf/checkpoint,0,1,blanks_40,37.383792718749476,1,155,fixed_point,0,became_wrong,0.8024691358024691,16,1,0,1,0,0
32,40,1.0,1,checkpoints/sudoku_extreme_hf/checkpoint,0,1,blanks_40,37.383792718749476,1,156,fixed_point,0,became_wrong,0.8641975308641975,11,1,0,1,0,0
32,40,1.0,1,checkpoints/sudoku_extreme_hf/checkpoint,0,1,blanks_40,37.383792718749476,1,157,fixed_point,0,became_wrong,0.8518518518518519,12,1,0,1,0,0
32,40,1.0,1,checkpoints/sudoku_extreme_hf/checkpoint,0,1,blanks_40,37.383792718749476,1,158,fixed_point,0,became_wrong,0.8641975308641975,11,1,0,1,0,0
32,40,1.0,1,checkpoints/sudoku_extreme_hf/checkpoint,0,1,blanks_40,37.383792718749476,1,159,fixed_point,0,became_wrong,0.8518518518518519,12,1,0,1,0,0
32,40,1.0,1,checkpoints/sudoku_extreme_hf/checkpoint,0,1,blanks_40,42.22353749999996,1,160,fixed_point,0,became_wrong,0.6666666666666666,27,0,0,1,15,0
32,40,1.0,1,checkpoints/sudoku_extreme_hf/checkpoint,0,1,blanks_40,42.22353749999996,1,161,fixed_point,0,became_wrong,0.9135802469135802,7,1,0,1,0,0
32,40,1.0,1,checkpoints/sudoku_extreme_hf/checkpoint,0,1,blanks_40,42.22353749999996,1,162,fixed_point,0,became_wrong,0.6790123456790124,26,1,0,1,0,0
32,40,1.0,1,checkpoints/sudoku_extreme_hf/checkpoint,0,1,blanks_40,42.22353749999996,1,163,fixed_point,0,became_wrong,0.6419753086419753,29,0,0,1,18,0
32,40,1.0,1,checkpoints/sudoku_extreme_hf/checkpoint,0,1,blanks_40,42.22353749999996,1,164,fixed_point,0,became_wrong,0.7901234567901234,17,1,0,1,0,0
32,40,1.0,1,checkpoints/sudoku_extreme_hf/checkpoint,0,1,blanks_40,42.22353749999996,1,165,fixed_point,0,became_wrong,0.7777777777777778,18,1,0,1,0,0
32,40,1.0,1,checkpoints/sudoku_extreme_hf/checkpoint,0,1,blanks_40,42.22353749999996,1,166,fixed_point,0,became_wrong,0.8641975308641975,11,1,0,1,0,0
32,40,1.0,1,checkpoints/sudoku_extreme_hf/checkpoint,0,1,blanks_40,42.22353749999996,1,167,fixed_point,0,became_wrong,0.691358024691358,25,1,0,1,0,0
32,40,1.0,1,checkpoints/sudoku_extreme_hf/checkpoint,0,1,blanks_40,42.22353749999996,1,168,fixed_point,0,became_wrong,0.8765432098765432,10,1,0,1,0,0
32,40,1.0,1,checkpoints/sudoku_extreme_hf/checkpoint,0,1,blanks_40,42.22353749999996,1,169,fixed_point,0,became_wrong,0.654320987654321,28,1,0,1,0,0
32,40,1.0,0,checkpoints/sudoku_extreme_hf/checkpoint,0,1,blanks_40,42.22353749999996,1,170,fixed_point,0,stable_correct,1.0,0,1,1,0,0,0
32,40,1.0,1,checkpoints/sudoku_extreme_hf/checkpoint,0,1,blanks_40,42.22353749999996,1,171,fixed_point,0,became_wrong,0.6419753086419753,29,1,0,1,0,0
32,40,1.0,1,checkpoints/sudoku_extreme_hf/checkpoint,0,1,blanks_40,42.22353749999996,1,172,fixed_point,0,became_wrong,0.7777777777777778,18,1,0,1,0,0
32,40,1.0,1,checkpoints/sudoku_extreme_hf/checkpoint,0,1,blanks_40,42.22353749999996,1,173,fixed_point,0,became_wrong,0.8395061728395061,13,1,0,1,0,0
32,40,1.0,1,checkpoints/sudoku_extreme_hf/checkpoint,0,1,blanks_40,42.22353749999996,1,174,fixed_point,0,became_wrong,0.691358024691358,25,1,0,1,0,0
32,40,1.0,1,checkpoints/sudoku_extreme_hf/checkpoint,0,1,blanks_40,42.22353749999996,1,175,fixed_point,0,became_wrong,0.8518518518518519,12,1,0,1,0,0
32,40,1.0,1,checkpoints/sudoku_extreme_hf/checkpoint,0,1,blanks_40,42.22353749999996,1,176,fixed_point,0,became_wrong,0.8518518518518519,12,1,0,1,0,0
32,40,1.0,0,checkpoints/sudoku_extreme_hf/checkpoint,0,1,blanks_40,42.22353749999996,1,177,fixed_point,0,stable_correct,1.0,0,1,1,0,0,0
32,40,1.0,1,checkpoints/sudoku_extreme_hf/checkpoint,0,1,blanks_40,42.22353749999996,1,178,fixed_point,0,became_wrong,0.8888888888888888,9,1,0,1,0,0
32,40,1.0,1,checkpoints/sudoku_extreme_hf/checkpoint,0,1,blanks_40,42.22353749999996,1,179,fixed_point,0,became_wrong,0.654320987654321,28,1,0,1,0,0
32,40,1.0,1,checkpoints/sudoku_extreme_hf/checkpoint,0,1,blanks_40,42.22353749999996,1,180,fixed_point,0,became_wrong,0.9506172839506173,4,1,0,1,0,0
32,40,1.0,1,checkpoints/sudoku_extreme_hf/checkpoint,0,1,blanks_40,42.22353749999996,1,181,fixed_point,0,became_wrong,0.7283950617283951,22,1,0,1,0,0
32,40,1.0,1,checkpoints/sudoku_extreme_hf/checkpoint,0,1,blanks_40,42.22353749999996,1,182,fixed_point,0,became_wrong,0.7037037037037037,24,1,0,1,0,0
32,40,1.0,1,checkpoints/sudoku_extreme_hf/checkpoint,0,1,blanks_40,42.22353749999996,1,183,fixed_point,0,became_wrong,0.7283950617283951,22,1,0,1,0,0
32,40,1.0,1,checkpoints/sudoku_extreme_hf/checkpoint,0,1,blanks_40,42.22353749999996,1,184,fixed_point,0,became_wrong,0.8024691358024691,16,1,0,1,0,0
32,40,1.0,1,checkpoints/sudoku_extreme_hf/checkpoint,0,1,blanks_40,42.22353749999996,1,185,fixed_point,0,became_wrong,0.691358024691358,25,1,0,1,0,0
32,40,1.0,1,checkpoints/sudoku_extreme_hf/checkpoint,0,1,blanks_40,42.22353749999996,1,186,fixed_point,0,became_wrong,0.7160493827160493,23,1,0,1,0,0
32,40,1.0,1,checkpoints/sudoku_extreme_hf/checkpoint,0,1,blanks_40,42.22353749999996,1,187,fixed_point,0,became_wrong,0.8024691358024691,16,1,0,1,0,0
32,40,1.0,1,checkpoints/sudoku_extreme_hf/checkpoint,0,1,blanks_40,42.22353749999996,1,188,fixed_point,0,became_wrong,0.7901234567901234,17,1,0,1,0,0
32,40,1.0,1,checkpoints/sudoku_extreme_hf/checkpoint,0,1,blanks_40,42.22353749999996,1,189,fixed_point,0,became_wrong,0.6790123456790124,26,1,0,1,0,0
32,40,1.0,0,checkpoints/sudoku_extreme_hf/checkpoint,0,1,blanks_40,42.22353749999996,1,190,fixed_point,0,stable_correct,1.0,0,1,1,0,0,0
32,40,1.0,1,checkpoints/sudoku_extreme_hf/checkpoint,0,1,blanks_40,42.22353749999996,1,191,fixed_point,0,became_wrong,0.7160493827160493,23,1,0,1,0,0
32,40,1.0,1,checkpoints/sudoku_extreme_hf/checkpoint,0,1,blanks_40,33.28023996875018,1,192,fixed_point,0,became_wrong,0.9259259259259259,6,1,0,1,0,0
32,40,1.0,1,checkpoints/sudoku_extreme_hf/checkpoint,0,1,blanks_40,33.28023996875018,1,193,fixed_point,0,became_wrong,0.7654320987654321,19,1,0,1,0,0
32,40,1.0,1,checkpoints/sudoku_extreme_hf/checkpoint,0,1,blanks_40,33.28023996875018,1,194,fixed_point,0,became_wrong,0.7283950617283951,22,1,0,1,0,0
32,40,1.0,1,checkpoints/sudoku_extreme_hf/checkpoint,0,1,blanks_40,33.28023996875018,1,195,fixed_point,0,became_wrong,0.654320987654321,28,1,0,1,0,0
32,40,1.0,1,checkpoints/sudoku_extreme_hf/checkpoint,0,1,blanks_40,33.28023996875018,1,196,fixed_point,0,became_wrong,0.691358024691358,25,1,0,1,0,0
32,40,1.0,1,checkpoints/sudoku_extreme_hf/checkpoint,0,1,blanks_40,33.28023996875018,1,197,fixed_point,0,became_wrong,0.8765432098765432,10,1,0,1,0,0
32,40,1.0,1,checkpoints/sudoku_extreme_hf/checkpoint,0,1,blanks_40,33.28023996875018,1,198,fixed_point,0,became_wrong,0.7283950617283951,22,1,0,1,0,0
32,40,1.0,1,checkpoints/sudoku_extreme_hf/checkpoint,0,1,blanks_40,33.28023996875018,1,199,fixed_point,0,became_wrong,0.9506172839506173,4,1,0,1,0,0
32,40,1.0,1,checkpoints/sudoku_extreme_hf/checkpoint,0,1,blanks_40,33.28023996875018,1,200,fixed_point,0,became_wrong,0.9012345679012346,8,1,0,1,0,0
32,40,1.0,1,checkpoints/sudoku_extreme_hf/checkpoint,0,1,blanks_40,33.28023996875018,1,201,fixed_point,0,became_wrong,0.9135802469135802,7,1,0,1,0,0
32,40,1.0,1,checkpoints/sudoku_extreme_hf/checkpoint,0,1,blanks_40,33.28023996875018,1,202,fixed_point,0,became_wrong,0.8024691358024691,16,1,0,1,0,0
32,40,1.0,1,checkpoints/sudoku_extreme_hf/checkpoint,0,1,blanks_40,33.28023996875018,1,203,fixed_point,0,became_wrong,0.8148148148148148,15,1,0,1,0,0
32,40,1.0,1,checkpoints/sudoku_extreme_hf/checkpoint,0,1,blanks_40,33.28023996875018,1,204,fixed_point,0,became_wrong,0.9259259259259259,6,0,0,1,4,0
32,40,1.0,1,checkpoints/sudoku_extreme_hf/checkpoint,0,1,blanks_40,33.28023996875018,1,205,fixed_point,0,became_wrong,0.654320987654321,28,1,0,1,0,0
32,40,1.0,1,checkpoints/sudoku_extreme_hf/checkpoint,0,1,blanks_40,33.28023996875018,1,206,fixed_point,0,became_wrong,0.9012345679012346,8,1,0,1,0,0
32,40,1.0,1,checkpoints/sudoku_extreme_hf/checkpoint,0,1,blanks_40,33.28023996875018,1,207,fixed_point,0,became_wrong,0.6790123456790124,26,1,0,1,0,0
32,40,1.0,1,checkpoints/sudoku_extreme_hf/checkpoint,0,1,blanks_40,33.28023996875018,1,208,fixed_point,0,became_wrong,0.7777777777777778,18,1,0,1,0,0
32,40,1.0,1,checkpoints/sudoku_extreme_hf/checkpoint,0,1,blanks_40,33.28023996875018,1,209,fixed_point,0,became_wrong,0.8024691358024691,16,1,0,1,0,0
32,40,1.0,1,checkpoints/sudoku_extreme_hf/checkpoint,0,1,blanks_40,33.28023996875018,1,210,fixed_point,0,became_wrong,0.7777777777777778,18,0,0,1,35,0
32,40,1.0,1,checkpoints/sudoku_extreme_hf/checkpoint,0,1,blanks_40,33.28023996875018,1,211,fixed_point,0,became_wrong,0.8024691358024691,16,1,0,1,0,0
32,40,1.0,0,checkpoints/sudoku_extreme_hf/checkpoint,0,1,blanks_40,33.28023996875018,1,212,fixed_point,0,stable_correct,1.0,0,1,1,0,0,0
32,40,1.0,1,checkpoints/sudoku_extreme_hf/checkpoint,0,1,blanks_40,33.28023996875018,1,213,fixed_point,0,became_wrong,0.8024691358024691,16,1,0,1,0,0
32,40,1.0,1,checkpoints/sudoku_extreme_hf/checkpoint,0,1,blanks_40,33.28023996875018,1,214,fixed_point,0,became_wrong,0.6296296296296297,30,1,0,1,0,0
32,40,1.0,1,checkpoints/sudoku_extreme_hf/checkpoint,0,1,blanks_40,33.28023996875018,1,215,fixed_point,0,became_wrong,0.691358024691358,25,1,0,1,0,0
32,40,1.0,1,checkpoints/sudoku_extreme_hf/checkpoint,0,1,blanks_40,33.28023996875018,1,216,fixed_point,0,became_wrong,0.7037037037037037,24,1,0,1,0,0
32,40,1.0,1,checkpoints/sudoku_extreme_hf/checkpoint,0,1,blanks_40,33.28023996875018,1,217,fixed_point,0,became_wrong,0.8024691358024691,16,1,0,1,0,0
32,40,1.0,0,checkpoints/sudoku_extreme_hf/checkpoint,0,1,blanks_40,33.28023996875018,1,218,fixed_point,0,stable_correct,1.0,0,1,1,0,0,0
32,40,1.0,1,checkpoints/sudoku_extreme_hf/checkpoint,0,1,blanks_40,33.28023996875018,1,219,fixed_point,0,became_wrong,0.9012345679012346,8,1,0,1,0,0
32,40,1.0,1,checkpoints/sudoku_extreme_hf/checkpoint,0,1,blanks_40,33.28023996875018,1,220,fixed_point,0,became_wrong,0.9506172839506173,4,1,0,1,0,0
32,40,1.0,1,checkpoints/sudoku_extreme_hf/checkpoint,0,1,blanks_40,33.28023996875018,1,221,fixed_point,0,became_wrong,0.7654320987654321,19,1,0,1,0,0
32,40,1.0,0,checkpoints/sudoku_extreme_hf/checkpoint,0,1,blanks_40,33.28023996875018,1,222,fixed_point,0,stable_correct,1.0,0,1,1,0,0,0
32,40,1.0,1,checkpoints/sudoku_extreme_hf/checkpoint,0,1,blanks_40,33.28023996875018,1,223,fixed_point,0,became_wrong,0.6666666666666666,27,1,0,1,0,0
32,40,1.0,1,checkpoints/sudoku_extreme_hf/checkpoint,0,1,blanks_40,35.66087990624922,1,224,fixed_point,0,became_wrong,0.7037037037037037,24,0,0,1,21,0
32,40,1.0,1,checkpoints/sudoku_extreme_hf/checkpoint,0,1,blanks_40,35.66087990624922,1,225,fixed_point,0,became_wrong,0.8148148148148148,15,1,0,1,0,0
32,40,1.0,1,checkpoints/sudoku_extreme_hf/checkpoint,0,1,blanks_40,35.66087990624922,1,226,fixed_point,0,became_wrong,0.9506172839506173,4,1,0,1,0,0
32,40,1.0,1,checkpoints/sudoku_extreme_hf/checkpoint,0,1,blanks_40,35.66087990624922,1,227,fixed_point,0,became_wrong,0.7530864197530864,20,1,0,1,0,0
32,40,1.0,1,checkpoints/sudoku_extreme_hf/checkpoint,0,1,blanks_40,35.66087990624922,1,228,fixed_point,0,became_wrong,0.9012345679012346,8,1,0,1,0,0
32,40,1.0,1,checkpoints/sudoku_extreme_hf/checkpoint,0,1,blanks_40,35.66087990624922,1,229,fixed_point,0,became_wrong,0.9012345679012346,8,1,0,1,0,0
32,40,1.0,1,checkpoints/sudoku_extreme_hf/checkpoint,0,1,blanks_40,35.66087990624922,1,230,fixed_point,0,became_wrong,0.7037037037037037,24,1,0,1,0,0
32,40,1.0,1,checkpoints/sudoku_extreme_hf/checkpoint,0,1,blanks_40,35.66087990624922,1,231,fixed_point,0,became_wrong,0.9506172839506173,4,1,0,1,0,0
32,40,1.0,1,checkpoints/sudoku_extreme_hf/checkpoint,0,1,blanks_40,35.66087990624922,1,232,fixed_point,0,became_wrong,0.7407407407407407,21,0,0,1,3,0
32,40,1.0,1,checkpoints/sudoku_extreme_hf/checkpoint,0,1,blanks_40,35.66087990624922,1,233,fixed_point,0,became_wrong,0.6172839506172839,31,1,0,1,0,0
32,40,1.0,1,checkpoints/sudoku_extreme_hf/checkpoint,0,1,blanks_40,35.66087990624922,1,234,fixed_point,0,became_wrong,0.8395061728395061,13,1,0,1,0,0
32,40,1.0,1,checkpoints/sudoku_extreme_hf/checkpoint,0,1,blanks_40,35.66087990624922,1,235,fixed_point,0,became_wrong,0.6419753086419753,29,1,0,1,0,0
32,40,1.0,1,checkpoints/sudoku_extreme_hf/checkpoint,0,1,blanks_40,35.66087990624922,1,236,fixed_point,0,became_wrong,0.8271604938271605,14,1,0,1,0,0
32,40,1.0,1,checkpoints/sudoku_extreme_hf/checkpoint,0,1,blanks_40,35.66087990624922,1,237,fixed_point,0,became_wrong,0.9506172839506173,4,1,0,1,0,0
32,40,1.0,1,checkpoints/sudoku_extreme_hf/checkpoint,0,1,blanks_40,35.66087990624922,1,238,fixed_point,0,became_wrong,0.6419753086419753,29,1,0,1,0,0
32,40,1.0,0,checkpoints/sudoku_extreme_hf/checkpoint,0,1,blanks_40,35.66087990624922,1,239,fixed_point,0,stable_correct,1.0,0,1,1,0,0,0
32,40,1.0,1,checkpoints/sudoku_extreme_hf/checkpoint,0,1,blanks_40,35.66087990624922,1,240,fixed_point,0,became_wrong,0.8888888888888888,9,1,0,1,0,0
32,40,1.0,1,checkpoints/sudoku_extreme_hf/checkpoint,0,1,blanks_40,35.66087990624922,1,241,fixed_point,0,became_wrong,0.8148148148148148,15,1,0,1,0,0
32,40,1.0,1,checkpoints/sudoku_extreme_hf/checkpoint,0,1,blanks_40,35.66087990624922,1,242,fixed_point,0,became_wrong,0.8024691358024691,16,1,0,1,0,0
32,40,1.0,1,checkpoints/sudoku_extreme_hf/checkpoint,0,1,blanks_40,35.66087990624922,1,243,fixed_point,0,became_wrong,0.6790123456790124,26,1,0,1,0,0
32,40,1.0,1,checkpoints/sudoku_extreme_hf/checkpoint,0,1,blanks_40,35.66087990624922,1,244,fixed_point,0,became_wrong,0.8395061728395061,13,1,0,1,0,0
32,40,1.0,1,checkpoints/sudoku_extreme_hf/checkpoint,0,1,blanks_40,35.66087990624922,1,245,fixed_point,0,became_wrong,0.8518518518518519,12,1,0,1,0,0
32,40,1.0,1,checkpoints/sudoku_extreme_hf/checkpoint,0,1,blanks_40,35.66087990624922,1,246,fixed_point,0,became_wrong,0.6666666666666666,27,1,0,1,0,0
32,40,1.0,1,checkpoints/sudoku_extreme_hf/checkpoint,0,1,blanks_40,35.66087990624922,1,247,fixed_point,0,became_wrong,0.8148148148148148,15,1,0,1,0,0
32,40,1.0,1,checkpoints/sudoku_extreme_hf/checkpoint,0,1,blanks_40,35.66087990624922,1,248,fixed_point,0,became_wrong,0.9506172839506173,4,1,0,1,0,0
32,40,1.0,1,checkpoints/sudoku_extreme_hf/checkpoint,0,1,blanks_40,35.66087990624922,1,249,fixed_point,0,became_wrong,0.7530864197530864,20,1,0,1,0,0
32,40,1.0,1,checkpoints/sudoku_extreme_hf/checkpoint,0,1,blanks_40,35.66087990624922,1,250,fixed_point,0,became_wrong,0.7530864197530864,20,0,0,1,20,0
32,40,1.0,1,checkpoints/sudoku_extreme_hf/checkpoint,0,1,blanks_40,35.66087990624922,1,251,fixed_point,0,became_wrong,0.9506172839506173,4,1,0,1,0,0
32,40,1.0,1,checkpoints/sudoku_extreme_hf/checkpoint,0,1,blanks_40,35.66087990624922,1,252,fixed_point,0,became_wrong,0.8888888888888888,9,1,0,1,0,0
32,40,1.0,1,checkpoints/sudoku_extreme_hf/checkpoint,0,1,blanks_40,35.66087990624922,1,253,fixed_point,0,became_wrong,0.6419753086419753,29,1,0,1,0,0
32,40,1.0,1,checkpoints/sudoku_extreme_hf/checkpoint,0,1,blanks_40,35.66087990624922,1,254,fixed_point,0,became_wrong,0.7407407407407407,21,1,0,1,0,0
32,40,1.0,1,checkpoints/sudoku_extreme_hf/checkpoint,0,1,blanks_40,35.66087990624922,1,255,fixed_point,0,became_wrong,0.8271604938271605,14,1,0,1,0,0
32,40,1.0,1,checkpoints/sudoku_extreme_hf/checkpoint,0,1,blanks_40,33.56586703124975,1,256,fixed_point,0,became_wrong,0.8024691358024691,16,1,0,1,0,0
32,40,1.0,1,checkpoints/sudoku_extreme_hf/checkpoint,0,1,blanks_40,33.56586703124975,1,257,fixed_point,0,became_wrong,0.6419753086419753,29,1,0,1,0,0
32,40,1.0,1,checkpoints/sudoku_extreme_hf/checkpoint,0,1,blanks_40,33.56586703124975,1,258,fixed_point,0,became_wrong,0.8024691358024691,16,1,0,1,0,0
32,40,1.0,1,checkpoints/sudoku_extreme_hf/checkpoint,0,1,blanks_40,33.56586703124975,1,259,fixed_point,0,became_wrong,0.8271604938271605,14,1,0,1,0,0
32,40,1.0,1,checkpoints/sudoku_extreme_hf/checkpoint,0,1,blanks_40,33.56586703124975,1,260,fixed_point,0,became_wrong,0.6419753086419753,29,1,0,1,0,0
32,40,1.0,1,checkpoints/sudoku_extreme_hf/checkpoint,0,1,blanks_40,33.56586703124975,1,261,fixed_point,0,became_wrong,0.691358024691358,25,1,0,1,0,0
32,40,1.0,1,checkpoints/sudoku_extreme_hf/checkpoint,0,1,blanks_40,33.56586703124975,1,262,fixed_point,0,became_wrong,0.7283950617283951,22,1,0,1,0,0
32,40,1.0,1,checkpoints/sudoku_extreme_hf/checkpoint,0,1,blanks_40,33.56586703124975,1,263,fixed_point,0,became_wrong,0.8518518518518519,12,1,0,1,0,0
32,40,1.0,1,checkpoints/sudoku_extreme_hf/checkpoint,0,1,blanks_40,33.56586703124975,1,264,fixed_point,0,became_wrong,0.9259259259259259,6,1,0,1,0,0
32,40,1.0,1,checkpoints/sudoku_extreme_hf/checkpoint,0,1,blanks_40,33.56586703124975,1,265,fixed_point,0,became_wrong,0.9259259259259259,6,1,0,1,0,0
32,40,1.0,1,checkpoints/sudoku_extreme_hf/checkpoint,0,1,blanks_40,33.56586703124975,1,266,fixed_point,0,became_wrong,0.7037037037037037,24,1,0,1,0,0
32,40,1.0,1,checkpoints/sudoku_extreme_hf/checkpoint,0,1,blanks_40,33.56586703124975,1,267,fixed_point,0,became_wrong,0.7160493827160493,23,1,0,1,0,0
32,40,1.0,1,checkpoints/sudoku_extreme_hf/checkpoint,0,1,blanks_40,33.56586703124975,1,268,fixed_point,0,became_wrong,0.7407407407407407,21,1,0,1,0,0
32,40,1.0,1,checkpoints/sudoku_extreme_hf/checkpoint,0,1,blanks_40,33.56586703124975,1,269,fixed_point,0,became_wrong,0.7160493827160493,23,0,0,1,32,0
32,40,1.0,1,checkpoints/sudoku_extreme_hf/checkpoint,0,1,blanks_40,33.56586703124975,1,270,fixed_point,0,became_wrong,0.7530864197530864,20,1,0,1,0,0
32,40,1.0,1,checkpoints/sudoku_extreme_hf/checkpoint,0,1,blanks_40,33.56586703124975,1,271,fixed_point,0,became_wrong,0.6296296296296297,30,1,0,1,0,0
32,40,1.0,1,checkpoints/sudoku_extreme_hf/checkpoint,0,1,blanks_40,33.56586703124975,1,272,fixed_point,0,became_wrong,0.7654320987654321,19,0,0,1,26,0
32,40,1.0,1,checkpoints/sudoku_extreme_hf/checkpoint,0,1,blanks_40,33.56586703124975,1,273,fixed_point,0,became_wrong,0.7160493827160493,23,0,0,1,20,0
32,40,1.0,0,checkpoints/sudoku_extreme_hf/checkpoint,0,1,blanks_40,33.56586703124975,1,274,fixed_point,0,stable_correct,1.0,0,1,1,0,0,0
32,40,1.0,1,checkpoints/sudoku_extreme_hf/checkpoint,0,1,blanks_40,33.56586703124975,1,275,fixed_point,0,became_wrong,0.7901234567901234,17,1,0,1,0,0
32,40,1.0,1,checkpoints/sudoku_extreme_hf/checkpoint,0,1,blanks_40,33.56586703124975,1,276,fixed_point,0,became_wrong,0.7654320987654321,19,1,0,1,0,0
32,40,1.0,1,checkpoints/sudoku_extreme_hf/checkpoint,0,1,blanks_40,33.56586703124975,1,277,fixed_point,0,became_wrong,0.8888888888888888,9,1,0,1,0,0
32,40,1.0,1,checkpoints/sudoku_extreme_hf/checkpoint,0,1,blanks_40,33.56586703124975,1,278,fixed_point,0,became_wrong,0.7654320987654321,19,0,0,1,18,0
32,40,1.0,1,checkpoints/sudoku_extreme_hf/checkpoint,0,1,blanks_40,33.56586703124975,1,279,fixed_point,0,became_wrong,0.654320987654321,28,1,0,1,0,0
32,40,1.0,1,checkpoints/sudoku_extreme_hf/checkpoint,0,1,blanks_40,33.56586703124975,1,280,fixed_point,0,became_wrong,0.6666666666666666,27,1,0,1,0,0
32,40,1.0,1,checkpoints/sudoku_extreme_hf/checkpoint,0,1,blanks_40,33.56586703124975,1,281,fixed_point,0,became_wrong,0.8271604938271605,14,0,0,1,22,0
32,40,1.0,1,checkpoints/sudoku_extreme_hf/checkpoint,0,1,blanks_40,33.56586703124975,1,282,fixed_point,0,became_wrong,0.8271604938271605,14,1,0,1,0,0
32,40,1.0,1,checkpoints/sudoku_extreme_hf/checkpoint,0,1,blanks_40,33.56586703124975,1,283,fixed_point,0,became_wrong,0.7530864197530864,20,1,0,1,0,0
32,40,1.0,1,checkpoints/sudoku_extreme_hf/checkpoint,0,1,blanks_40,33.56586703124975,1,284,fixed_point,0,became_wrong,0.8518518518518519,12,1,0,1,0,0
32,40,1.0,1,checkpoints/sudoku_extreme_hf/checkpoint,0,1,blanks_40,33.56586703124975,1,285,fixed_point,0,became_wrong,0.7654320987654321,19,1,0,1,0,0
32,40,1.0,1,checkpoints/sudoku_extreme_hf/checkpoint,0,1,blanks_40,33.56586703124975,1,286,fixed_point,0,became_wrong,0.7283950617283951,22,1,0,1,0,0
32,40,1.0,1,checkpoints/sudoku_extreme_hf/checkpoint,0,1,blanks_40,33.56586703124975,1,287,fixed_point,0,became_wrong,0.7901234567901234,17,1,0,1,0,0
32,40,1.0,1,checkpoints/sudoku_extreme_hf/checkpoint,0,1,blanks_40,33.84812584374686,1,288,fixed_point,0,became_wrong,0.8395061728395061,13,1,0,1,0,0
32,40,1.0,0,checkpoints/sudoku_extreme_hf/checkpoint,0,1,blanks_40,33.84812584374686,1,289,fixed_point,0,stable_correct,1.0,0,1,1,0,0,0
32,40,1.0,1,checkpoints/sudoku_extreme_hf/checkpoint,0,1,blanks_40,33.84812584374686,1,290,fixed_point,0,became_wrong,0.7407407407407407,21,1,0,1,0,0
32,40,1.0,1,checkpoints/sudoku_extreme_hf/checkpoint,0,1,blanks_40,33.84812584374686,1,291,fixed_point,0,became_wrong,0.6666666666666666,27,1,0,1,0,0
32,40,1.0,1,checkpoints/sudoku_extreme_hf/checkpoint,0,1,blanks_40,33.84812584374686,1,292,fixed_point,0,became_wrong,0.7654320987654321,19,1,0,1,0,0
32,40,1.0,1,checkpoints/sudoku_extreme_hf/checkpoint,0,1,blanks_40,33.84812584374686,1,293,fixed_point,0,became_wrong,0.8024691358024691,16,1,0,1,0,0
32,40,1.0,1,checkpoints/sudoku_extreme_hf/checkpoint,0,1,blanks_40,33.84812584374686,1,294,fixed_point,0,became_wrong,0.7283950617283951,22,1,0,1,0,0
32,40,1.0,1,checkpoints/sudoku_extreme_hf/checkpoint,0,1,blanks_40,33.84812584374686,1,295,fixed_point,0,became_wrong,0.6666666666666666,27,1,0,1,0,0
32,40,1.0,1,checkpoints/sudoku_extreme_hf/checkpoint,0,1,blanks_40,33.84812584374686,1,296,fixed_point,0,became_wrong,0.8271604938271605,14,1,0,1,0,0
32,40,1.0,1,checkpoints/sudoku_extreme_hf/checkpoint,0,1,blanks_40,33.84812584374686,1,297,fixed_point,0,became_wrong,0.8024691358024691,16,0,0,1,18,0
32,40,1.0,1,checkpoints/sudoku_extreme_hf/checkpoint,0,1,blanks_40,33.84812584374686,1,298,fixed_point,0,became_wrong,0.691358024691358,25,1,0,1,0,0
32,40,1.0,1,checkpoints/sudoku_extreme_hf/checkpoint,0,1,blanks_40,33.84812584374686,1,299,fixed_point,0,became_wrong,0.7407407407407407,21,1,0,1,0,0
32,40,1.0,1,checkpoints/sudoku_extreme_hf/checkpoint,0,1,blanks_40,33.84812584374686,1,300,fixed_point,0,became_wrong,0.654320987654321,28,0,0,1,29,0
32,40,1.0,1,checkpoints/sudoku_extreme_hf/checkpoint,0,1,blanks_40,33.84812584374686,1,301,fixed_point,0,became_wrong,0.8518518518518519,12,1,0,1,0,0
32,40,1.0,1,checkpoints/sudoku_extreme_hf/checkpoint,0,1,blanks_40,33.84812584374686,1,302,fixed_point,0,became_wrong,0.7283950617283951,22,0,0,1,24,0
32,40,1.0,1,checkpoints/sudoku_extreme_hf/checkpoint,0,1,blanks_40,33.84812584374686,1,303,fixed_point,0,became_wrong,0.7654320987654321,19,1,0,1,0,0
32,40,1.0,0,checkpoints/sudoku_extreme_hf/checkpoint,0,1,blanks_40,33.84812584374686,1,304,fixed_point,0,stable_correct,1.0,0,1,1,0,0,0
32,40,1.0,1,checkpoints/sudoku_extreme_hf/checkpoint,0,1,blanks_40,33.84812584374686,1,305,fixed_point,0,became_wrong,0.8271604938271605,14,1,0,1,0,0
32,40,1.0,1,checkpoints/sudoku_extreme_hf/checkpoint,0,1,blanks_40,33.84812584374686,1,306,fixed_point,0,became_wrong,0.8765432098765432,10,1,0,1,0,0
32,40,1.0,1,checkpoints/sudoku_extreme_hf/checkpoint,0,1,blanks_40,33.84812584374686,1,307,fixed_point,0,became_wrong,0.8271604938271605,14,1,0,1,0,0
32,40,1.0,1,checkpoints/sudoku_extreme_hf/checkpoint,0,1,blanks_40,33.84812584374686,1,308,fixed_point,0,became_wrong,0.654320987654321,28,1,0,1,0,0
32,40,1.0,1,checkpoints/sudoku_extreme_hf/checkpoint,0,1,blanks_40,33.84812584374686,1,309,fixed_point,0,became_wrong,0.7777777777777778,18,1,0,1,0,0
32,40,1.0,1,checkpoints/sudoku_extreme_hf/checkpoint,0,1,blanks_40,33.84812584374686,1,310,fixed_point,0,became_wrong,0.9259259259259259,6,1,0,1,0,0
32,40,1.0,0,checkpoints/sudoku_extreme_hf/checkpoint,0,1,blanks_40,33.84812584374686,1,311,fixed_point,0,stable_correct,1.0,0,1,1,0,0,0
32,40,1.0,0,checkpoints/sudoku_extreme_hf/checkpoint,0,1,blanks_40,33.84812584374686,1,312,fixed_point,0,stable_correct,1.0,0,1,1,0,0,0
32,40,1.0,1,checkpoints/sudoku_extreme_hf/checkpoint,0,1,blanks_40,33.84812584374686,1,313,fixed_point,0,became_wrong,0.7654320987654321,19,1,0,1,0,0
32,40,1.0,1,checkpoints/sudoku_extreme_hf/checkpoint,0,1,blanks_40,33.84812584374686,1,314,fixed_point,0,became_wrong,0.7777777777777778,18,1,0,1,0,0
32,40,1.0,1,checkpoints/sudoku_extreme_hf/checkpoint,0,1,blanks_40,33.84812584374686,1,315,fixed_point,0,became_wrong,0.8148148148148148,15,1,0,1,0,0
32,40,1.0,1,checkpoints/sudoku_extreme_hf/checkpoint,0,1,blanks_40,33.84812584374686,1,316,fixed_point,0,became_wrong,0.7530864197530864,20,0,0,1,6,0
32,40,1.0,1,checkpoints/sudoku_extreme_hf/checkpoint,0,1,blanks_40,33.84812584374686,1,317,fixed_point,0,became_wrong,0.7283950617283951,22,0,0,1,24,0
32,40,1.0,1,checkpoints/sudoku_extreme_hf/checkpoint,0,1,blanks_40,33.84812584374686,1,318,fixed_point,0,became_wrong,0.7777777777777778,18,1,0,1,0,0
32,40,1.0,1,checkpoints/sudoku_extreme_hf/checkpoint,0,1,blanks_40,33.84812584374686,1,319,fixed_point,0,became_wrong,0.654320987654321,28,1,0,1,0,0
32,40,1.0,1,checkpoints/sudoku_extreme_hf/checkpoint,0,1,blanks_40,40.439307625000254,1,320,fixed_point,0,became_wrong,0.8024691358024691,16,0,0,1,21,0
32,40,1.0,1,checkpoints/sudoku_extreme_hf/checkpoint,0,1,blanks_40,40.439307625000254,1,321,fixed_point,0,became_wrong,0.6790123456790124,26,1,0,1,0,0
32,40,1.0,0,checkpoints/sudoku_extreme_hf/checkpoint,0,1,blanks_40,40.439307625000254,1,322,fixed_point,0,stable_correct,1.0,0,1,1,0,0,0
32,40,1.0,1,checkpoints/sudoku_extreme_hf/checkpoint,0,1,blanks_40,40.439307625000254,1,323,fixed_point,0,became_wrong,0.7654320987654321,19,1,0,1,0,0
32,40,1.0,1,checkpoints/sudoku_extreme_hf/checkpoint,0,1,blanks_40,40.439307625000254,1,324,fixed_point,0,became_wrong,0.8024691358024691,16,1,0,1,0,0
32,40,1.0,1,checkpoints/sudoku_extreme_hf/checkpoint,0,1,blanks_40,40.439307625000254,1,325,fixed_point,0,became_wrong,0.7654320987654321,19,1,0,1,0,0
32,40,1.0,1,checkpoints/sudoku_extreme_hf/checkpoint,0,1,blanks_40,40.439307625000254,1,326,fixed_point,0,became_wrong,0.7901234567901234,17,1,0,1,0,0
32,40,1.0,1,checkpoints/sudoku_extreme_hf/checkpoint,0,1,blanks_40,40.439307625000254,1,327,fixed_point,0,became_wrong,0.6790123456790124,26,1,0,1,0,0
32,40,1.0,1,checkpoints/sudoku_extreme_hf/checkpoint,0,1,blanks_40,40.439307625000254,1,328,fixed_point,0,became_wrong,0.7283950617283951,22,1,0,1,0,0
32,40,1.0,1,checkpoints/sudoku_extreme_hf/checkpoint,0,1,blanks_40,40.439307625000254,1,329,fixed_point,0,became_wrong,0.8395061728395061,13,1,0,1,0,0
32,40,1.0,1,checkpoints/sudoku_extreme_hf/checkpoint,0,1,blanks_40,40.439307625000254,1,330,fixed_point,0,became_wrong,0.7901234567901234,17,1,0,1,0,0
32,40,1.0,1,checkpoints/sudoku_extreme_hf/checkpoint,0,1,blanks_40,40.439307625000254,1,331,fixed_point,0,became_wrong,0.9259259259259259,6,1,0,1,0,0
32,40,1.0,1,checkpoints/sudoku_extreme_hf/checkpoint,0,1,blanks_40,40.439307625000254,1,332,fixed_point,0,became_wrong,0.9259259259259259,6,1,0,1,0,0
32,40,1.0,1,checkpoints/sudoku_extreme_hf/checkpoint,0,1,blanks_40,40.439307625000254,1,333,fixed_point,0,became_wrong,0.8024691358024691,16,1,0,1,0,0
32,40,1.0,1,checkpoints/sudoku_extreme_hf/checkpoint,0,1,blanks_40,40.439307625000254,1,334,fixed_point,0,became_wrong,0.5925925925925926,33,1,0,1,0,0
32,40,1.0,1,checkpoints/sudoku_extreme_hf/checkpoint,0,1,blanks_40,40.439307625000254,1,335,fixed_point,0,became_wrong,0.7530864197530864,20,1,0,1,0,0
32,40,1.0,1,checkpoints/sudoku_extreme_hf/checkpoint,0,1,blanks_40,40.439307625000254,1,336,fixed_point,0,became_wrong,0.7283950617283951,22,1,0,1,0,0
32,40,1.0,0,checkpoints/sudoku_extreme_hf/checkpoint,0,1,blanks_40,40.439307625000254,1,337,fixed_point,0,stable_correct,1.0,0,1,1,0,0,0
32,40,1.0,1,checkpoints/sudoku_extreme_hf/checkpoint,0,1,blanks_40,40.439307625000254,1,338,fixed_point,0,became_wrong,0.691358024691358,25,1,0,1,0,0
32,40,1.0,1,checkpoints/sudoku_extreme_hf/checkpoint,0,1,blanks_40,40.439307625000254,1,339,fixed_point,0,became_wrong,0.7654320987654321,19,1,0,1,0,0
32,40,1.0,1,checkpoints/sudoku_extreme_hf/checkpoint,0,1,blanks_40,40.439307625000254,1,340,fixed_point,0,became_wrong,0.8024691358024691,16,1,0,1,0,0
32,40,1.0,1,checkpoints/sudoku_extreme_hf/checkpoint,0,1,blanks_40,40.439307625000254,1,341,fixed_point,0,became_wrong,0.9259259259259259,6,1,0,1,0,0
32,40,1.0,0,checkpoints/sudoku_extreme_hf/checkpoint,0,1,blanks_40,40.439307625000254,1,342,fixed_point,0,stable_correct,1.0,0,1,1,0,0,0
32,40,1.0,1,checkpoints/sudoku_extreme_hf/checkpoint,0,1,blanks_40,40.439307625000254,1,343,fixed_point,0,became_wrong,0.9506172839506173,4,1,0,1,0,0
32,40,1.0,1,checkpoints/sudoku_extreme_hf/checkpoint,0,1,blanks_40,40.439307625000254,1,344,fixed_point,0,became_wrong,0.7160493827160493,23,1,0,1,0,0
32,40,1.0,1,checkpoints/sudoku_extreme_hf/checkpoint,0,1,blanks_40,40.439307625000254,1,345,fixed_point,0,became_wrong,0.7037037037037037,24,0,0,1,20,0
32,40,1.0,1,checkpoints/sudoku_extreme_hf/checkpoint,0,1,blanks_40,40.439307625000254,1,346,fixed_point,0,became_wrong,0.9506172839506173,4,1,0,1,0,0
32,40,1.0,1,checkpoints/sudoku_extreme_hf/checkpoint,0,1,blanks_40,40.439307625000254,1,347,fixed_point,0,became_wrong,0.8024691358024691,16,0,0,1,23,0
32,40,1.0,1,checkpoints/sudoku_extreme_hf/checkpoint,0,1,blanks_40,40.439307625000254,1,348,fixed_point,0,became_wrong,0.9012345679012346,8,1,0,1,0,0
32,40,1.0,1,checkpoints/sudoku_extreme_hf/checkpoint,0,1,blanks_40,40.439307625000254,1,349,fixed_point,0,became_wrong,0.7654320987654321,19,1,0,1,0,0
32,40,1.0,1,checkpoints/sudoku_extreme_hf/checkpoint,0,1,blanks_40,40.439307625000254,1,350,fixed_point,0,became_wrong,0.6790123456790124,26,1,0,1,0,0
32,40,1.0,1,checkpoints/sudoku_extreme_hf/checkpoint,0,1,blanks_40,40.439307625000254,1,351,fixed_point,0,became_wrong,0.7283950617283951,22,1,0,1,0,0
32,40,1.0,1,checkpoints/sudoku_extreme_hf/checkpoint,0,1,blanks_40,35.16351390625161,1,352,fixed_point,0,became_wrong,0.9012345679012346,8,1,0,1,0,0
32,40,1.0,1,checkpoints/sudoku_extreme_hf/checkpoint,0,1,blanks_40,35.16351390625161,1,353,fixed_point,0,became_wrong,0.6172839506172839,31,1,0,1,0,0
32,40,1.0,1,checkpoints/sudoku_extreme_hf/checkpoint,0,1,blanks_40,35.16351390625161,1,354,fixed_point,0,became_wrong,0.7037037037037037,24,1,0,1,0,0
32,40,1.0,1,checkpoints/sudoku_extreme_hf/checkpoint,0,1,blanks_40,35.16351390625161,1,355,fixed_point,0,became_wrong,0.8395061728395061,13,1,0,1,0,0
32,40,1.0,0,checkpoints/sudoku_extreme_hf/checkpoint,0,1,blanks_40,35.16351390625161,1,356,fixed_point,0,stable_correct,1.0,0,1,1,0,0,0
32,40,1.0,1,checkpoints/sudoku_extreme_hf/checkpoint,0,1,blanks_40,35.16351390625161,1,357,fixed_point,0,became_wrong,0.7283950617283951,22,0,0,1,3,0
32,40,1.0,1,checkpoints/sudoku_extreme_hf/checkpoint,0,1,blanks_40,35.16351390625161,1,358,fixed_point,0,became_wrong,0.7530864197530864,20,1,0,1,0,0
32,40,1.0,1,checkpoints/sudoku_extreme_hf/checkpoint,0,1,blanks_40,35.16351390625161,1,359,fixed_point,0,became_wrong,0.8888888888888888,9,0,0,1,6,0
32,40,1.0,1,checkpoints/sudoku_extreme_hf/checkpoint,0,1,blanks_40,35.16351390625161,1,360,fixed_point,0,became_wrong,0.6790123456790124,26,1,0,1,0,0
32,40,1.0,1,checkpoints/sudoku_extreme_hf/checkpoint,0,1,blanks_40,35.16351390625161,1,361,fixed_point,0,became_wrong,0.6296296296296297,30,1,0,1,0,0
32,40,1.0,1,checkpoints/sudoku_extreme_hf/checkpoint,0,1,blanks_40,35.16351390625161,1,362,fixed_point,0,became_wrong,0.6419753086419753,29,1,0,1,0,0
32,40,1.0,1,checkpoints/sudoku_extreme_hf/checkpoint,0,1,blanks_40,35.16351390625161,1,363,fixed_point,0,became_wrong,0.7407407407407407,21,0,0,1,23,0
32,40,1.0,1,checkpoints/sudoku_extreme_hf/checkpoint,0,1,blanks_40,35.16351390625161,1,364,fixed_point,0,became_wrong,0.6296296296296297,30,1,0,1,0,0
32,40,1.0,1,checkpoints/sudoku_extreme_hf/checkpoint,0,1,blanks_40,35.16351390625161,1,365,fixed_point,0,became_wrong,0.7530864197530864,20,1,0,1,0,0
32,40,1.0,1,checkpoints/sudoku_extreme_hf/checkpoint,0,1,blanks_40,35.16351390625161,1,366,fixed_point,0,became_wrong,0.7037037037037037,24,1,0,1,0,0
32,40,1.0,1,checkpoints/sudoku_extreme_hf/checkpoint,0,1,blanks_40,35.16351390625161,1,367,fixed_point,0,became_wrong,0.8271604938271605,14,1,0,1,0,0
32,40,1.0,1,checkpoints/sudoku_extreme_hf/checkpoint,0,1,blanks_40,35.16351390625161,1,368,fixed_point,0,became_wrong,0.9506172839506173,4,1,0,1,0,0
32,40,1.0,1,checkpoints/sudoku_extreme_hf/checkpoint,0,1,blanks_40,35.16351390625161,1,369,fixed_point,0,became_wrong,0.7160493827160493,23,1,0,1,0,0
32,40,1.0,1,checkpoints/sudoku_extreme_hf/checkpoint,0,1,blanks_40,35.16351390625161,1,370,fixed_point,0,became_wrong,0.8518518518518519,12,1,0,1,0,0
32,40,1.0,1,checkpoints/sudoku_extreme_hf/checkpoint,0,1,blanks_40,35.16351390625161,1,371,fixed_point,0,became_wrong,0.8765432098765432,10,1,0,1,0,0
32,40,1.0,1,checkpoints/sudoku_extreme_hf/checkpoint,0,1,blanks_40,35.16351390625161,1,372,fixed_point,0,became_wrong,0.7901234567901234,17,1,0,1,0,0
32,40,1.0,1,checkpoints/sudoku_extreme_hf/checkpoint,0,1,blanks_40,35.16351390625161,1,373,fixed_point,0,became_wrong,0.9506172839506173,4,1,0,1,0,0
32,40,1.0,1,checkpoints/sudoku_extreme_hf/checkpoint,0,1,blanks_40,35.16351390625161,1,374,fixed_point,0,became_wrong,0.7160493827160493,23,1,0,1,0,0
32,40,1.0,1,checkpoints/sudoku_extreme_hf/checkpoint,0,1,blanks_40,35.16351390625161,1,375,fixed_point,0,became_wrong,0.7530864197530864,20,1,0,1,0,0
32,40,1.0,1,checkpoints/sudoku_extreme_hf/checkpoint,0,1,blanks_40,35.16351390625161,1,376,fixed_point,0,became_wrong,0.7160493827160493,23,1,0,1,0,0
32,40,1.0,1,checkpoints/sudoku_extreme_hf/checkpoint,0,1,blanks_40,35.16351390625161,1,377,fixed_point,0,became_wrong,0.8024691358024691,16,1,0,1,0,0
32,40,1.0,1,checkpoints/sudoku_extreme_hf/checkpoint,0,1,blanks_40,35.16351390625161,1,378,fixed_point,0,became_wrong,0.8024691358024691,16,0,0,1,20,0
32,40,1.0,1,checkpoints/sudoku_extreme_hf/checkpoint,0,1,blanks_40,35.16351390625161,1,379,fixed_point,0,became_wrong,0.8641975308641975,11,1,0,1,0,0
32,40,1.0,1,checkpoints/sudoku_extreme_hf/checkpoint,0,1,blanks_40,35.16351390625161,1,380,fixed_point,0,became_wrong,0.8024691358024691,16,1,0,1,0,0
32,40,1.0,1,checkpoints/sudoku_extreme_hf/checkpoint,0,1,blanks_40,35.16351390625161,1,381,fixed_point,0,became_wrong,0.7530864197530864,20,1,0,1,0,0
32,40,1.0,1,checkpoints/sudoku_extreme_hf/checkpoint,0,1,blanks_40,35.16351390625161,1,382,fixed_point,0,became_wrong,0.7283950617283951,22,1,0,1,0,0
32,40,1.0,1,checkpoints/sudoku_extreme_hf/checkpoint,0,1,blanks_40,35.16351390625161,1,383,fixed_point,0,became_wrong,0.7037037037037037,24,1,0,1,0,0
32,40,1.0,1,checkpoints/sudoku_extreme_hf/checkpoint,0,1,blanks_40,37.86471809375058,1,384,fixed_point,0,became_wrong,0.8271604938271605,14,1,0,1,0,0
32,40,1.0,1,checkpoints/sudoku_extreme_hf/checkpoint,0,1,blanks_40,37.86471809375058,1,385,fixed_point,0,became_wrong,0.8024691358024691,16,1,0,1,0,0
32,40,1.0,1,checkpoints/sudoku_extreme_hf/checkpoint,0,1,blanks_40,37.86471809375058,1,386,fixed_point,0,became_wrong,0.7160493827160493,23,1,0,1,0,0
32,40,1.0,1,checkpoints/sudoku_extreme_hf/checkpoint,0,1,blanks_40,37.86471809375058,1,387,fixed_point,0,became_wrong,0.6172839506172839,31,1,0,1,0,0
32,40,1.0,1,checkpoints/sudoku_extreme_hf/checkpoint,0,1,blanks_40,37.86471809375058,1,388,fixed_point,0,became_wrong,0.6666666666666666,27,0,0,1,5,0
32,40,1.0,1,checkpoints/sudoku_extreme_hf/checkpoint,0,1,blanks_40,37.86471809375058,1,389,fixed_point,0,became_wrong,0.7407407407407407,21,1,0,1,0,0
32,40,1.0,1,checkpoints/sudoku_extreme_hf/checkpoint,0,1,blanks_40,37.86471809375058,1,390,fixed_point,0,became_wrong,0.6296296296296297,30,1,0,1,0,0
32,40,1.0,0,checkpoints/sudoku_extreme_hf/checkpoint,0,1,blanks_40,37.86471809375058,1,391,fixed_point,0,stable_correct,1.0,0,1,1,0,0,0
32,40,1.0,1,checkpoints/sudoku_extreme_hf/checkpoint,0,1,blanks_40,37.86471809375058,1,392,fixed_point,0,became_wrong,0.7654320987654321,19,1,0,1,0,0
32,40,1.0,1,checkpoints/sudoku_extreme_hf/checkpoint,0,1,blanks_40,37.86471809375058,1,393,fixed_point,0,became_wrong,0.6666666666666666,27,1,0,1,0,0
32,40,1.0,1,checkpoints/sudoku_extreme_hf/checkpoint,0,1,blanks_40,37.86471809375058,1,394,fixed_point,0,became_wrong,0.9259259259259259,6,1,0,1,0,0
32,40,1.0,1,checkpoints/sudoku_extreme_hf/checkpoint,0,1,blanks_40,37.86471809375058,1,395,fixed_point,0,became_wrong,0.9506172839506173,4,1,0,1,0,0
32,40,1.0,1,checkpoints/sudoku_extreme_hf/checkpoint,0,1,blanks_40,37.86471809375058,1,396,fixed_point,0,became_wrong,0.654320987654321,28,1,0,1,0,0
32,40,1.0,1,checkpoints/sudoku_extreme_hf/checkpoint,0,1,blanks_40,37.86471809375058,1,397,fixed_point,0,became_wrong,0.7654320987654321,19,1,0,1,0,0
32,40,1.0,1,checkpoints/sudoku_extreme_hf/checkpoint,0,1,blanks_40,37.86471809375058,1,398,fixed_point,0,became_wrong,0.5925925925925926,33,1,0,1,0,0
32,40,1.0,1,checkpoints/sudoku_extreme_hf/checkpoint,0,1,blanks_40,37.86471809375058,1,399,fixed_point,0,became_wrong,0.7530864197530864,20,1,0,1,0,0
32,40,1.0,1,checkpoints/sudoku_extreme_hf/checkpoint,0,1,blanks_40,37.86471809375058,1,400,fixed_point,0,became_wrong,0.7407407407407407,21,1,0,1,0,0
32,40,1.0,1,checkpoints/sudoku_extreme_hf/checkpoint,0,1,blanks_40,37.86471809375058,1,401,fixed_point,0,became_wrong,0.7654320987654321,19,1,0,1,0,0
32,40,1.0,1,checkpoints/sudoku_extreme_hf/checkpoint,0,1,blanks_40,37.86471809375058,1,402,fixed_point,0,became_wrong,0.7283950617283951,22,1,0,1,0,0
32,40,1.0,1,checkpoints/sudoku_extreme_hf/checkpoint,0,1,blanks_40,37.86471809375058,1,403,fixed_point,0,became_wrong,0.9506172839506173,4,1,0,1,0,0
32,40,1.0,1,checkpoints/sudoku_extreme_hf/checkpoint,0,1,blanks_40,37.86471809375058,1,404,fixed_point,0,became_wrong,0.8765432098765432,10,1,0,1,0,0
32,40,1.0,1,checkpoints/sudoku_extreme_hf/checkpoint,0,1,blanks_40,37.86471809375058,1,405,fixed_point,0,became_wrong,0.7901234567901234,17,0,0,1,20,0
32,40,1.0,1,checkpoints/sudoku_extreme_hf/checkpoint,0,1,blanks_40,37.86471809375058,1,406,fixed_point,0,became_wrong,0.6172839506172839,31,0,0,1,30,0
32,40,1.0,0,checkpoints/sudoku_extreme_hf/checkpoint,0,1,blanks_40,37.86471809375058,1,407,fixed_point,0,stable_correct,1.0,0,1,1,0,0,0
32,40,1.0,1,checkpoints/sudoku_extreme_hf/checkpoint,0,1,blanks_40,37.86471809375058,1,408,fixed_point,0,became_wrong,0.8641975308641975,11,1,0,1,0,0
32,40,1.0,1,checkpoints/sudoku_extreme_hf/checkpoint,0,1,blanks_40,37.86471809375058,1,409,fixed_point,0,became_wrong,0.8518518518518519,12,1,0,1,0,0
32,40,1.0,0,checkpoints/sudoku_extreme_hf/checkpoint,0,1,blanks_40,37.86471809375058,1,410,fixed_point,0,stable_correct,1.0,0,1,1,0,0,0
32,40,1.0,1,checkpoints/sudoku_extreme_hf/checkpoint,0,1,blanks_40,37.86471809375058,1,411,fixed_point,0,became_wrong,0.7037037037037037,24,1,0,1,0,0
32,40,1.0,1,checkpoints/sudoku_extreme_hf/checkpoint,0,1,blanks_40,37.86471809375058,1,412,fixed_point,0,became_wrong,0.7283950617283951,22,1,0,1,0,0
32,40,1.0,1,checkpoints/sudoku_extreme_hf/checkpoint,0,1,blanks_40,37.86471809375058,1,413,fixed_point,0,became_wrong,0.5925925925925926,33,1,0,1,0,0
32,40,1.0,1,checkpoints/sudoku_extreme_hf/checkpoint,0,1,blanks_40,37.86471809375058,1,414,fixed_point,0,became_wrong,0.9506172839506173,4,1,0,1,0,0
32,40,1.0,1,checkpoints/sudoku_extreme_hf/checkpoint,0,1,blanks_40,37.86471809375058,1,415,fixed_point,0,became_wrong,0.9506172839506173,4,1,0,1,0,0
32,40,1.0,1,checkpoints/sudoku_extreme_hf/checkpoint,0,1,blanks_40,37.69939962499791,1,416,fixed_point,0,became_wrong,0.654320987654321,28,0,0,1,24,0
32,40,1.0,1,checkpoints/sudoku_extreme_hf/checkpoint,0,1,blanks_40,37.69939962499791,1,417,fixed_point,0,became_wrong,0.7407407407407407,21,1,0,1,0,0
32,40,1.0,1,checkpoints/sudoku_extreme_hf/checkpoint,0,1,blanks_40,37.69939962499791,1,418,fixed_point,0,became_wrong,0.6666666666666666,27,1,0,1,0,0
32,40,1.0,1,checkpoints/sudoku_extreme_hf/checkpoint,0,1,blanks_40,37.69939962499791,1,419,fixed_point,0,became_wrong,0.7283950617283951,22,1,0,1,0,0
32,40,1.0,1,checkpoints/sudoku_extreme_hf/checkpoint,0,1,blanks_40,37.69939962499791,1,420,fixed_point,0,became_wrong,0.6666666666666666,27,1,0,1,0,0
32,40,1.0,1,checkpoints/sudoku_extreme_hf/checkpoint,0,1,blanks_40,37.69939962499791,1,421,fixed_point,0,became_wrong,0.7283950617283951,22,0,0,1,19,0
32,40,1.0,1,checkpoints/sudoku_extreme_hf/checkpoint,0,1,blanks_40,37.69939962499791,1,422,fixed_point,0,became_wrong,0.9876543209876543,1,0,0,1,3,0
32,40,1.0,1,checkpoints/sudoku_extreme_hf/checkpoint,0,1,blanks_40,37.69939962499791,1,423,fixed_point,0,became_wrong,0.7530864197530864,20,1,0,1,0,0
32,40,1.0,1,checkpoints/sudoku_extreme_hf/checkpoint,0,1,blanks_40,37.69939962499791,1,424,fixed_point,0,became_wrong,0.9012345679012346,8,1,0,1,0,0
32,40,1.0,1,checkpoints/sudoku_extreme_hf/checkpoint,0,1,blanks_40,37.69939962499791,1,425,fixed_point,0,became_wrong,0.6666666666666666,27,1,0,1,0,0
32,40,1.0,1,checkpoints/sudoku_extreme_hf/checkpoint,0,1,blanks_40,37.69939962499791,1,426,fixed_point,0,became_wrong,0.7654320987654321,19,1,0,1,0,0
32,40,1.0,1,checkpoints/sudoku_extreme_hf/checkpoint,0,1,blanks_40,37.69939962499791,1,427,fixed_point,0,became_wrong,0.8148148148148148,15,1,0,1,0,0
32,40,1.0,1,checkpoints/sudoku_extreme_hf/checkpoint,0,1,blanks_40,37.69939962499791,1,428,fixed_point,0,became_wrong,0.7160493827160493,23,0,0,1,19,0
32,40,1.0,1,checkpoints/sudoku_extreme_hf/checkpoint,0,1,blanks_40,37.69939962499791,1,429,fixed_point,0,became_wrong,0.7530864197530864,20,0,0,1,16,0
32,40,1.0,1,checkpoints/sudoku_extreme_hf/checkpoint,0,1,blanks_40,37.69939962499791,1,430,fixed_point,0,became_wrong,0.8024691358024691,16,0,0,1,13,0
32,40,1.0,1,checkpoints/sudoku_extreme_hf/checkpoint,0,1,blanks_40,37.69939962499791,1,431,fixed_point,0,became_wrong,0.7407407407407407,21,1,0,1,0,0
32,40,1.0,1,checkpoints/sudoku_extreme_hf/checkpoint,0,1,blanks_40,37.69939962499791,1,432,fixed_point,0,became_wrong,0.8395061728395061,13,1,0,1,0,0
32,40,1.0,1,checkpoints/sudoku_extreme_hf/checkpoint,0,1,blanks_40,37.69939962499791,1,433,fixed_point,0,became_wrong,0.6419753086419753,29,1,0,1,0,0
32,40,1.0,1,checkpoints/sudoku_extreme_hf/checkpoint,0,1,blanks_40,37.69939962499791,1,434,fixed_point,0,became_wrong,0.8641975308641975,11,1,0,1,0,0
32,40,1.0,1,checkpoints/sudoku_extreme_hf/checkpoint,0,1,blanks_40,37.69939962499791,1,435,fixed_point,0,became_wrong,0.8518518518518519,12,1,0,1,0,0
32,40,1.0,1,checkpoints/sudoku_extreme_hf/checkpoint,0,1,blanks_40,37.69939962499791,1,436,fixed_point,0,became_wrong,0.8271604938271605,14,1,0,1,0,0
32,40,1.0,1,checkpoints/sudoku_extreme_hf/checkpoint,0,1,blanks_40,37.69939962499791,1,437,fixed_point,0,became_wrong,0.7283950617283951,22,1,0,1,0,0
32,40,1.0,1,checkpoints/sudoku_extreme_hf/checkpoint,0,1,blanks_40,37.69939962499791,1,438,fixed_point,0,became_wrong,0.7160493827160493,23,1,0,1,0,0
32,40,1.0,1,checkpoints/sudoku_extreme_hf/checkpoint,0,1,blanks_40,37.69939962499791,1,439,fixed_point,0,became_wrong,0.8641975308641975,11,1,0,1,0,0
32,40,1.0,1,checkpoints/sudoku_extreme_hf/checkpoint,0,1,blanks_40,37.69939962499791,1,440,fixed_point,0,became_wrong,0.9135802469135802,7,1,0,1,0,0
32,40,1.0,1,checkpoints/sudoku_extreme_hf/checkpoint,0,1,blanks_40,37.69939962499791,1,441,fixed_point,0,became_wrong,0.7160493827160493,23,1,0,1,0,0
32,40,1.0,1,checkpoints/sudoku_extreme_hf/checkpoint,0,1,blanks_40,37.69939962499791,1,442,fixed_point,0,became_wrong,0.9259259259259259,6,1,0,1,0,0
32,40,1.0,1,checkpoints/sudoku_extreme_hf/checkpoint,0,1,blanks_40,37.69939962499791,1,443,fixed_point,0,became_wrong,0.9259259259259259,6,1,0,1,0,0
32,40,1.0,1,checkpoints/sudoku_extreme_hf/checkpoint,0,1,blanks_40,37.69939962499791,1,444,fixed_point,0,became_wrong,0.654320987654321,28,1,0,1,0,0
32,40,1.0,1,checkpoints/sudoku_extreme_hf/checkpoint,0,1,blanks_40,37.69939962499791,1,445,fixed_point,0,became_wrong,0.7407407407407407,21,1,0,1,0,0
32,40,1.0,1,checkpoints/sudoku_extreme_hf/checkpoint,0,1,blanks_40,37.69939962499791,1,446,fixed_point,0,became_wrong,0.7654320987654321,19,1,0,1,0,0
32,40,1.0,1,checkpoints/sudoku_extreme_hf/checkpoint,0,1,blanks_40,37.69939962499791,1,447,fixed_point,0,became_wrong,0.8765432098765432,10,1,0,1,0,0
32,40,1.0,1,checkpoints/sudoku_extreme_hf/checkpoint,0,1,blanks_40,35.895821406249695,1,448,fixed_point,0,became_wrong,0.691358024691358,25,1,0,1,0,0
32,40,1.0,1,checkpoints/sudoku_extreme_hf/checkpoint,0,1,blanks_40,35.895821406249695,1,449,fixed_point,0,became_wrong,0.6049382716049383,32,1,0,1,0,0
32,40,1.0,1,checkpoints/sudoku_extreme_hf/checkpoint,0,1,blanks_40,35.895821406249695,1,450,fixed_point,0,became_wrong,0.7283950617283951,22,1,0,1,0,0
32,40,1.0,1,checkpoints/sudoku_extreme_hf/checkpoint,0,1,blanks_40,35.895821406249695,1,451,fixed_point,0,became_wrong,0.6790123456790124,26,1,0,1,0,0
32,40,1.0,1,checkpoints/sudoku_extreme_hf/checkpoint,0,1,blanks_40,35.895821406249695,1,452,fixed_point,0,became_wrong,0.8395061728395061,13,1,0,1,0,0
32,40,1.0,1,checkpoints/sudoku_extreme_hf/checkpoint,0,1,blanks_40,35.895821406249695,1,453,fixed_point,0,became_wrong,0.9506172839506173,4,1,0,1,0,0
32,40,1.0,1,checkpoints/sudoku_extreme_hf/checkpoint,0,1,blanks_40,35.895821406249695,1,454,fixed_point,0,became_wrong,0.8271604938271605,14,1,0,1,0,0
32,40,1.0,1,checkpoints/sudoku_extreme_hf/checkpoint,0,1,blanks_40,35.895821406249695,1,455,fixed_point,0,became_wrong,0.6296296296296297,30,1,0,1,0,0
32,40,1.0,1,checkpoints/sudoku_extreme_hf/checkpoint,0,1,blanks_40,35.895821406249695,1,456,fixed_point,0,became_wrong,0.7654320987654321,19,1,0,1,0,0
32,40,1.0,1,checkpoints/sudoku_extreme_hf/checkpoint,0,1,blanks_40,35.895821406249695,1,457,fixed_point,0,became_wrong,0.6049382716049383,32,1,0,1,0,0
32,40,1.0,1,checkpoints/sudoku_extreme_hf/checkpoint,0,1,blanks_40,35.895821406249695,1,458,fixed_point,0,became_wrong,0.8271604938271605,14,1,0,1,0,0
32,40,1.0,1,checkpoints/sudoku_extreme_hf/checkpoint,0,1,blanks_40,35.895821406249695,1,459,fixed_point,0,became_wrong,0.691358024691358,25,0,0,1,13,0
32,40,1.0,1,checkpoints/sudoku_extreme_hf/checkpoint,0,1,blanks_40,35.895821406249695,1,460,fixed_point,0,became_wrong,0.8518518518518519,12,1,0,1,0,0
32,40,1.0,1,checkpoints/sudoku_extreme_hf/checkpoint,0,1,blanks_40,35.895821406249695,1,461,fixed_point,0,became_wrong,0.7037037037037037,24,0,0,1,21,0
32,40,1.0,1,checkpoints/sudoku_extreme_hf/checkpoint,0,1,blanks_40,35.895821406249695,1,462,fixed_point,0,became_wrong,0.7654320987654321,19,1,0,1,0,0
32,40,1.0,1,checkpoints/sudoku_extreme_hf/checkpoint,0,1,blanks_40,35.895821406249695,1,463,fixed_point,0,became_wrong,0.8641975308641975,11,1,0,1,0,0
32,40,1.0,1,checkpoints/sudoku_extreme_hf/checkpoint,0,1,blanks_40,35.895821406249695,1,464,fixed_point,0,became_wrong,0.7407407407407407,21,1,0,1,0,0
32,40,1.0,1,checkpoints/sudoku_extreme_hf/checkpoint,0,1,blanks_40,35.895821406249695,1,465,fixed_point,0,became_wrong,0.7037037037037037,24,1,0,1,0,0
32,40,1.0,1,checkpoints/sudoku_extreme_hf/checkpoint,0,1,blanks_40,35.895821406249695,1,466,fixed_point,0,became_wrong,0.7777777777777778,18,1,0,1,0,0
32,40,1.0,1,checkpoints/sudoku_extreme_hf/checkpoint,0,1,blanks_40,35.895821406249695,1,467,fixed_point,0,became_wrong,0.9012345679012346,8,1,0,1,0,0
32,40,1.0,1,checkpoints/sudoku_extreme_hf/checkpoint,0,1,blanks_40,35.895821406249695,1,468,fixed_point,0,became_wrong,0.7037037037037037,24,1,0,1,0,0
32,40,1.0,1,checkpoints/sudoku_extreme_hf/checkpoint,0,1,blanks_40,35.895821406249695,1,469,fixed_point,0,became_wrong,0.8765432098765432,10,1,0,1,0,0
32,40,1.0,1,checkpoints/sudoku_extreme_hf/checkpoint,0,1,blanks_40,35.895821406249695,1,470,fixed_point,0,became_wrong,0.7037037037037037,24,1,0,1,0,0
32,40,1.0,0,checkpoints/sudoku_extreme_hf/checkpoint,0,1,blanks_40,35.895821406249695,1,471,fixed_point,0,stable_correct,1.0,0,1,1,0,0,0
32,40,1.0,1,checkpoints/sudoku_extreme_hf/checkpoint,0,1,blanks_40,35.895821406249695,1,472,fixed_point,0,became_wrong,0.5925925925925926,33,0,0,1,14,0
32,40,1.0,1,checkpoints/sudoku_extreme_hf/checkpoint,0,1,blanks_40,35.895821406249695,1,473,fixed_point,0,became_wrong,0.8641975308641975,11,1,0,1,0,0
32,40,1.0,1,checkpoints/sudoku_extreme_hf/checkpoint,0,1,blanks_40,35.895821406249695,1,474,fixed_point,0,became_wrong,0.7901234567901234,17,1,0,1,0,0
32,40,1.0,1,checkpoints/sudoku_extreme_hf/checkpoint,0,1,blanks_40,35.895821406249695,1,475,fixed_point,0,became_wrong,0.6049382716049383,32,1,0,1,0,0
32,40,1.0,1,checkpoints/sudoku_extreme_hf/checkpoint,0,1,blanks_40,35.895821406249695,1,476,fixed_point,0,became_wrong,0.8641975308641975,11,1,0,1,0,0
32,40,1.0,1,checkpoints/sudoku_extreme_hf/checkpoint,0,1,blanks_40,35.895821406249695,1,477,fixed_point,0,became_wrong,0.8765432098765432,10,1,0,1,0,0
32,40,1.0,1,checkpoints/sudoku_extreme_hf/checkpoint,0,1,blanks_40,35.895821406249695,1,478,fixed_point,0,became_wrong,0.7407407407407407,21,1,0,1,0,0
32,40,1.0,1,checkpoints/sudoku_extreme_hf/checkpoint,0,1,blanks_40,35.895821406249695,1,479,fixed_point,0,became_wrong,0.654320987654321,28,1,0,1,0,0
32,40,1.0,1,checkpoints/sudoku_extreme_hf/checkpoint,0,1,blanks_40,33.542768031253445,1,480,fixed_point,0,became_wrong,0.7283950617283951,22,1,0,1,0,0
32,40,1.0,1,checkpoints/sudoku_extreme_hf/checkpoint,0,1,blanks_40,33.542768031253445,1,481,fixed_point,0,became_wrong,0.7654320987654321,19,1,0,1,0,0
32,40,1.0,1,checkpoints/sudoku_extreme_hf/checkpoint,0,1,blanks_40,33.542768031253445,1,482,fixed_point,0,became_wrong,0.9259259259259259,6,1,0,1,0,0
32,40,1.0,1,checkpoints/sudoku_extreme_hf/checkpoint,0,1,blanks_40,33.542768031253445,1,483,fixed_point,0,became_wrong,0.7037037037037037,24,1,0,1,0,0
32,40,1.0,1,checkpoints/sudoku_extreme_hf/checkpoint,0,1,blanks_40,33.542768031253445,1,484,fixed_point,0,became_wrong,0.7530864197530864,20,1,0,1,0,0
32,40,1.0,1,checkpoints/sudoku_extreme_hf/checkpoint,0,1,blanks_40,33.542768031253445,1,485,fixed_point,0,became_wrong,0.7407407407407407,21,1,0,1,0,0
32,40,1.0,1,checkpoints/sudoku_extreme_hf/checkpoint,0,1,blanks_40,33.542768031253445,1,486,fixed_point,0,became_wrong,0.6790123456790124,26,0,0,1,13,0
32,40,1.0,1,checkpoints/sudoku_extreme_hf/checkpoint,0,1,blanks_40,33.542768031253445,1,487,fixed_point,0,became_wrong,0.691358024691358,25,1,0,1,0,0
32,40,1.0,1,checkpoints/sudoku_extreme_hf/checkpoint,0,1,blanks_40,33.542768031253445,1,488,fixed_point,0,became_wrong,0.8148148148148148,15,1,0,1,0,0
32,40,1.0,0,checkpoints/sudoku_extreme_hf/checkpoint,0,1,blanks_40,33.542768031253445,1,489,fixed_point,0,stable_correct,1.0,0,1,1,0,0,0
32,40,1.0,1,checkpoints/sudoku_extreme_hf/checkpoint,0,1,blanks_40,33.542768031253445,1,490,fixed_point,0,became_wrong,0.7407407407407407,21,1,0,1,0,0
32,40,1.0,1,checkpoints/sudoku_extreme_hf/checkpoint,0,1,blanks_40,33.542768031253445,1,491,fixed_point,0,became_wrong,0.654320987654321,28,1,0,1,0,0
32,40,1.0,1,checkpoints/sudoku_extreme_hf/checkpoint,0,1,blanks_40,33.542768031253445,1,492,fixed_point,0,became_wrong,0.691358024691358,25,1,0,1,0,0
32,40,1.0,1,checkpoints/sudoku_extreme_hf/checkpoint,0,1,blanks_40,33.542768031253445,1,493,fixed_point,0,became_wrong,0.7283950617283951,22,0,0,1,3,0
32,40,1.0,0,checkpoints/sudoku_extreme_hf/checkpoint,0,1,blanks_40,33.542768031253445,1,494,fixed_point,0,stable_correct,1.0,0,1,1,0,0,0
32,40,1.0,1,checkpoints/sudoku_extreme_hf/checkpoint,0,1,blanks_40,33.542768031253445,1,495,fixed_point,0,became_wrong,0.7160493827160493,23,0,0,1,22,0
32,40,1.0,1,checkpoints/sudoku_extreme_hf/checkpoint,0,1,blanks_40,33.542768031253445,1,496,fixed_point,0,became_wrong,0.6419753086419753,29,1,0,1,0,0
32,40,1.0,1,checkpoints/sudoku_extreme_hf/checkpoint,0,1,blanks_40,33.542768031253445,1,497,fixed_point,0,became_wrong,0.9506172839506173,4,1,0,1,0,0
32,40,1.0,1,checkpoints/sudoku_extreme_hf/checkpoint,0,1,blanks_40,33.542768031253445,1,498,fixed_point,0,became_wrong,0.6666666666666666,27,1,0,1,0,0
32,40,1.0,1,checkpoints/sudoku_extreme_hf/checkpoint,0,1,blanks_40,33.542768031253445,1,499,fixed_point,0,became_wrong,0.7407407407407407,21,0,0,1,28,0
32,40,1.0,1,checkpoints/sudoku_extreme_hf/checkpoint,0,1,blanks_40,33.542768031253445,1,500,fixed_point,0,became_wrong,0.8271604938271605,14,1,0,1,0,0
32,40,1.0,1,checkpoints/sudoku_extreme_hf/checkpoint,0,1,blanks_40,33.542768031253445,1,501,fixed_point,0,became_wrong,0.9135802469135802,7,1,0,1,0,0
32,40,1.0,1,checkpoints/sudoku_extreme_hf/checkpoint,0,1,blanks_40,33.542768031253445,1,502,fixed_point,0,became_wrong,0.691358024691358,25,0,0,1,24,0
32,40,1.0,1,checkpoints/sudoku_extreme_hf/checkpoint,0,1,blanks_40,33.542768031253445,1,503,fixed_point,0,became_wrong,0.654320987654321,28,0,0,1,31,0
32,40,1.0,1,checkpoints/sudoku_extreme_hf/checkpoint,0,1,blanks_40,33.542768031253445,1,504,fixed_point,0,became_wrong,0.9135802469135802,7,1,0,1,0,0
32,40,1.0,1,checkpoints/sudoku_extreme_hf/checkpoint,0,1,blanks_40,33.542768031253445,1,505,fixed_point,0,became_wrong,0.8888888888888888,9,1,0,1,0,0
32,40,1.0,1,checkpoints/sudoku_extreme_hf/checkpoint,0,1,blanks_40,33.542768031253445,1,506,fixed_point,0,became_wrong,0.7407407407407407,21,1,0,1,0,0
32,40,1.0,1,checkpoints/sudoku_extreme_hf/checkpoint,0,1,blanks_40,33.542768031253445,1,507,fixed_point,0,became_wrong,0.7407407407407407,21,1,0,1,0,0
32,40,1.0,1,checkpoints/sudoku_extreme_hf/checkpoint,0,1,blanks_40,33.542768031253445,1,508,fixed_point,0,became_wrong,0.8395061728395061,13,1,0,1,0,0
32,40,1.0,1,checkpoints/sudoku_extreme_hf/checkpoint,0,1,blanks_40,33.542768031253445,1,509,fixed_point,0,became_wrong,0.8395061728395061,13,1,0,1,0,0
32,40,1.0,1,checkpoints/sudoku_extreme_hf/checkpoint,0,1,blanks_40,33.542768031253445,1,510,fixed_point,0,became_wrong,0.8271604938271605,14,1,0,1,0,0
32,40,1.0,1,checkpoints/sudoku_extreme_hf/checkpoint,0,1,blanks_40,33.542768031253445,1,511,fixed_point,0,became_wrong,0.7530864197530864,20,1,0,1,0,0
32,40,1.0,1,checkpoints/sudoku_extreme_hf/checkpoint,0,1,blanks_40,39.219478375002836,1,512,fixed_point,0,became_wrong,0.691358024691358,25,1,0,1,0,0
32,40,1.0,1,checkpoints/sudoku_extreme_hf/checkpoint,0,1,blanks_40,39.219478375002836,1,513,fixed_point,0,became_wrong,0.7283950617283951,22,1,0,1,0,0
32,40,1.0,1,checkpoints/sudoku_extreme_hf/checkpoint,0,1,blanks_40,39.219478375002836,1,514,fixed_point,0,became_wrong,0.7530864197530864,20,1,0,1,0,0
32,40,1.0,1,checkpoints/sudoku_extreme_hf/checkpoint,0,1,blanks_40,39.219478375002836,1,515,fixed_point,0,became_wrong,0.7283950617283951,22,1,0,1,0,0
32,40,1.0,1,checkpoints/sudoku_extreme_hf/checkpoint,0,1,blanks_40,39.219478375002836,1,516,fixed_point,0,became_wrong,0.9259259259259259,6,1,0,1,0,0
32,40,1.0,1,checkpoints/sudoku_extreme_hf/checkpoint,0,1,blanks_40,39.219478375002836,1,517,fixed_point,0,became_wrong,0.8888888888888888,9,1,0,1,0,0
32,40,1.0,1,checkpoints/sudoku_extreme_hf/checkpoint,0,1,blanks_40,39.219478375002836,1,518,fixed_point,0,became_wrong,0.6790123456790124,26,1,0,1,0,0
32,40,1.0,1,checkpoints/sudoku_extreme_hf/checkpoint,0,1,blanks_40,39.219478375002836,1,519,fixed_point,0,became_wrong,0.9135802469135802,7,1,0,1,0,0
32,40,1.0,1,checkpoints/sudoku_extreme_hf/checkpoint,0,1,blanks_40,39.219478375002836,1,520,fixed_point,0,became_wrong,0.7037037037037037,24,1,0,1,0,0
32,40,1.0,1,checkpoints/sudoku_extreme_hf/checkpoint,0,1,blanks_40,39.219478375002836,1,521,fixed_point,0,became_wrong,0.6172839506172839,31,1,0,1,0,0
32,40,1.0,1,checkpoints/sudoku_extreme_hf/checkpoint,0,1,blanks_40,39.219478375002836,1,522,fixed_point,0,became_wrong,0.9259259259259259,6,1,0,1,0,0
32,40,1.0,0,checkpoints/sudoku_extreme_hf/checkpoint,0,1,blanks_40,39.219478375002836,1,523,fixed_point,0,stable_correct,1.0,0,1,1,0,0,0
32,40,1.0,1,checkpoints/sudoku_extreme_hf/checkpoint,0,1,blanks_40,39.219478375002836,1,524,fixed_point,0,became_wrong,0.691358024691358,25,0,0,1,18,0
32,40,1.0,1,checkpoints/sudoku_extreme_hf/checkpoint,0,1,blanks_40,39.219478375002836,1,525,fixed_point,0,became_wrong,0.7283950617283951,22,1,0,1,0,0
32,40,1.0,1,checkpoints/sudoku_extreme_hf/checkpoint,0,1,blanks_40,39.219478375002836,1,526,fixed_point,0,became_wrong,0.8395061728395061,13,1,0,1,0,0
32,40,1.0,1,checkpoints/sudoku_extreme_hf/checkpoint,0,1,blanks_40,39.219478375002836,1,527,fixed_point,0,became_wrong,0.8148148148148148,15,1,0,1,0,0
32,40,1.0,1,checkpoints/sudoku_extreme_hf/checkpoint,0,1,blanks_40,39.219478375002836,1,528,fixed_point,0,became_wrong,0.6790123456790124,26,1,0,1,0,0
32,40,1.0,1,checkpoints/sudoku_extreme_hf/checkpoint,0,1,blanks_40,39.219478375002836,1,529,fixed_point,0,became_wrong,0.8641975308641975,11,1,0,1,0,0
32,40,1.0,1,checkpoints/sudoku_extreme_hf/checkpoint,0,1,blanks_40,39.219478375002836,1,530,fixed_point,0,became_wrong,0.8518518518518519,12,1,0,1,0,0
32,40,1.0,1,checkpoints/sudoku_extreme_hf/checkpoint,0,1,blanks_40,39.219478375002836,1,531,fixed_point,0,became_wrong,0.8765432098765432,10,1,0,1,0,0
32,40,1.0,1,checkpoints/sudoku_extreme_hf/checkpoint,0,1,blanks_40,39.219478375002836,1,532,fixed_point,0,became_wrong,0.691358024691358,25,1,0,1,0,0
32,40,1.0,1,checkpoints/sudoku_extreme_hf/checkpoint,0,1,blanks_40,39.219478375002836,1,533,fixed_point,0,became_wrong,0.8024691358024691,16,1,0,1,0,0
32,40,1.0,1,checkpoints/sudoku_extreme_hf/checkpoint,0,1,blanks_40,39.219478375002836,1,534,fixed_point,0,became_wrong,0.9506172839506173,4,1,0,1,0,0
32,40,1.0,1,checkpoints/sudoku_extreme_hf/checkpoint,0,1,blanks_40,39.219478375002836,1,535,fixed_point,0,became_wrong,0.8395061728395061,13,1,0,1,0,0
32,40,1.0,1,checkpoints/sudoku_extreme_hf/checkpoint,0,1,blanks_40,39.219478375002836,1,536,fixed_point,0,became_wrong,0.7407407407407407,21,1,0,1,0,0
32,40,1.0,1,checkpoints/sudoku_extreme_hf/checkpoint,0,1,blanks_40,39.219478375002836,1,537,fixed_point,0,became_wrong,0.691358024691358,25,1,0,1,0,0
32,40,1.0,1,checkpoints/sudoku_extreme_hf/checkpoint,0,1,blanks_40,39.219478375002836,1,538,fixed_point,0,became_wrong,0.6790123456790124,26,0,0,1,16,0
32,40,1.0,1,checkpoints/sudoku_extreme_hf/checkpoint,0,1,blanks_40,39.219478375002836,1,539,fixed_point,0,became_wrong,0.7654320987654321,19,1,0,1,0,0
32,40,1.0,1,checkpoints/sudoku_extreme_hf/checkpoint,0,1,blanks_40,39.219478375002836,1,540,fixed_point,0,became_wrong,0.8148148148148148,15,1,0,1,0,0
32,40,1.0,1,checkpoints/sudoku_extreme_hf/checkpoint,0,1,blanks_40,39.219478375002836,1,541,fixed_point,0,became_wrong,0.7283950617283951,22,1,0,1,0,0
32,40,1.0,1,checkpoints/sudoku_extreme_hf/checkpoint,0,1,blanks_40,39.219478375002836,1,542,fixed_point,0,became_wrong,0.8271604938271605,14,1,0,1,0,0
32,40,1.0,0,checkpoints/sudoku_extreme_hf/checkpoint,0,1,blanks_40,39.219478375002836,1,543,fixed_point,0,stable_correct,1.0,0,1,1,0,0,0
32,40,1.0,1,checkpoints/sudoku_extreme_hf/checkpoint,0,1,blanks_40,33.817750375000344,1,544,fixed_point,0,became_wrong,0.7654320987654321,19,1,0,1,0,0
32,40,1.0,1,checkpoints/sudoku_extreme_hf/checkpoint,0,1,blanks_40,33.817750375000344,1,545,fixed_point,0,became_wrong,0.7283950617283951,22,1,0,1,0,0
32,40,1.0,1,checkpoints/sudoku_extreme_hf/checkpoint,0,1,blanks_40,33.817750375000344,1,546,fixed_point,0,became_wrong,0.7283950617283951,22,1,0,1,0,0
32,40,1.0,0,checkpoints/sudoku_extreme_hf/checkpoint,0,1,blanks_40,33.817750375000344,1,547,fixed_point,0,stable_correct,1.0,0,1,1,0,0,0
32,40,1.0,1,checkpoints/sudoku_extreme_hf/checkpoint,0,1,blanks_40,33.817750375000344,1,548,fixed_point,0,became_wrong,0.7283950617283951,22,0,0,1,18,0
32,40,1.0,1,checkpoints/sudoku_extreme_hf/checkpoint,0,1,blanks_40,33.817750375000344,1,549,fixed_point,0,became_wrong,0.8641975308641975,11,1,0,1,0,0
32,40,1.0,1,checkpoints/sudoku_extreme_hf/checkpoint,0,1,blanks_40,33.817750375000344,1,550,fixed_point,0,became_wrong,0.9012345679012346,8,1,0,1,0,0
32,40,1.0,1,checkpoints/sudoku_extreme_hf/checkpoint,0,1,blanks_40,33.817750375000344,1,551,fixed_point,0,became_wrong,0.6049382716049383,32,1,0,1,0,0
32,40,1.0,1,checkpoints/sudoku_extreme_hf/checkpoint,0,1,blanks_40,33.817750375000344,1,552,fixed_point,0,became_wrong,0.691358024691358,25,1,0,1,0,0
32,40,1.0,1,checkpoints/sudoku_extreme_hf/checkpoint,0,1,blanks_40,33.817750375000344,1,553,fixed_point,0,became_wrong,0.7037037037037037,24,1,0,1,0,0
32,40,1.0,1,checkpoints/sudoku_extreme_hf/checkpoint,0,1,blanks_40,33.817750375000344,1,554,fixed_point,0,became_wrong,0.7037037037037037,24,1,0,1,0,0
32,40,1.0,1,checkpoints/sudoku_extreme_hf/checkpoint,0,1,blanks_40,33.817750375000344,1,555,fixed_point,0,became_wrong,0.6790123456790124,26,1,0,1,0,0
32,40,1.0,1,checkpoints/sudoku_extreme_hf/checkpoint,0,1,blanks_40,33.817750375000344,1,556,fixed_point,0,became_wrong,0.8024691358024691,16,1,0,1,0,0
32,40,1.0,1,checkpoints/sudoku_extreme_hf/checkpoint,0,1,blanks_40,33.817750375000344,1,557,fixed_point,0,became_wrong,0.6049382716049383,32,1,0,1,0,0
32,40,1.0,1,checkpoints/sudoku_extreme_hf/checkpoint,0,1,blanks_40,33.817750375000344,1,558,fixed_point,0,became_wrong,0.9012345679012346,8,1,0,1,0,0
32,40,1.0,1,checkpoints/sudoku_extreme_hf/checkpoint,0,1,blanks_40,33.817750375000344,1,559,fixed_point,0,became_wrong,0.9259259259259259,6,1,0,1,0,0
32,40,1.0,0,checkpoints/sudoku_extreme_hf/checkpoint,0,1,blanks_40,33.817750375000344,1,560,fixed_point,0,stable_correct,1.0,0,1,1,0,0,0
32,40,1.0,1,checkpoints/sudoku_extreme_hf/checkpoint,0,1,blanks_40,33.817750375000344,1,561,fixed_point,0,became_wrong,0.6296296296296297,30,1,0,1,0,0
32,40,1.0,1,checkpoints/sudoku_extreme_hf/checkpoint,0,1,blanks_40,33.817750375000344,1,562,fixed_point,0,became_wrong,0.7777777777777778,18,1,0,1,0,0
32,40,1.0,1,checkpoints/sudoku_extreme_hf/checkpoint,0,1,blanks_40,33.817750375000344,1,563,fixed_point,0,became_wrong,0.8765432098765432,10,1,0,1,0,0
32,40,1.0,1,checkpoints/sudoku_extreme_hf/checkpoint,0,1,blanks_40,33.817750375000344,1,564,fixed_point,0,became_wrong,0.8641975308641975,11,1,0,1,0,0
32,40,1.0,1,checkpoints/sudoku_extreme_hf/checkpoint,0,1,blanks_40,33.817750375000344,1,565,fixed_point,0,became_wrong,0.7160493827160493,23,1,0,1,0,0
32,40,1.0,1,checkpoints/sudoku_extreme_hf/checkpoint,0,1,blanks_40,33.817750375000344,1,566,fixed_point,0,became_wrong,0.7160493827160493,23,1,0,1,0,0
32,40,1.0,1,checkpoints/sudoku_extreme_hf/checkpoint,0,1,blanks_40,33.817750375000344,1,567,fixed_point,0,became_wrong,0.8888888888888888,9,1,0,1,0,0
32,40,1.0,1,checkpoints/sudoku_extreme_hf/checkpoint,0,1,blanks_40,33.817750375000344,1,568,fixed_point,0,became_wrong,0.7283950617283951,22,0,0,1,6,0
32,40,1.0,1,checkpoints/sudoku_extreme_hf/checkpoint,0,1,blanks_40,33.817750375000344,1,569,fixed_point,0,became_wrong,0.9506172839506173,4,1,0,1,0,0
32,40,1.0,1,checkpoints/sudoku_extreme_hf/checkpoint,0,1,blanks_40,33.817750375000344,1,570,fixed_point,0,became_wrong,0.5925925925925926,33,1,0,1,0,0
32,40,1.0,1,checkpoints/sudoku_extreme_hf/checkpoint,0,1,blanks_40,33.817750375000344,1,571,fixed_point,0,became_wrong,0.8518518518518519,12,1,0,1,0,0
32,40,1.0,1,checkpoints/sudoku_extreme_hf/checkpoint,0,1,blanks_40,33.817750375000344,1,572,fixed_point,0,became_wrong,0.8518518518518519,12,1,0,1,0,0
32,40,1.0,1,checkpoints/sudoku_extreme_hf/checkpoint,0,1,blanks_40,33.817750375000344,1,573,fixed_point,0,became_wrong,0.8024691358024691,16,1,0,1,0,0
32,40,1.0,1,checkpoints/sudoku_extreme_hf/checkpoint,0,1,blanks_40,33.817750375000344,1,574,fixed_point,0,became_wrong,0.7407407407407407,21,1,0,1,0,0
32,40,1.0,1,checkpoints/sudoku_extreme_hf/checkpoint,0,1,blanks_40,33.817750375000344,1,575,fixed_point,0,became_wrong,0.7037037037037037,24,1,0,1,0,0
32,40,1.0,1,checkpoints/sudoku_extreme_hf/checkpoint,0,1,blanks_40,35.26705528124907,1,576,fixed_point,0,became_wrong,0.7777777777777778,18,1,0,1,0,0
32,40,1.0,1,checkpoints/sudoku_extreme_hf/checkpoint,0,1,blanks_40,35.26705528124907,1,577,fixed_point,0,became_wrong,0.654320987654321,28,1,0,1,0,0
32,40,1.0,1,checkpoints/sudoku_extreme_hf/checkpoint,0,1,blanks_40,35.26705528124907,1,578,fixed_point,0,became_wrong,0.9506172839506173,4,1,0,1,0,0
32,40,1.0,1,checkpoints/sudoku_extreme_hf/checkpoint,0,1,blanks_40,35.26705528124907,1,579,fixed_point,0,became_wrong,0.7777777777777778,18,0,0,1,16,0
32,40,1.0,1,checkpoints/sudoku_extreme_hf/checkpoint,0,1,blanks_40,35.26705528124907,1,580,fixed_point,0,became_wrong,0.8024691358024691,16,1,0,1,0,0
32,40,1.0,1,checkpoints/sudoku_extreme_hf/checkpoint,0,1,blanks_40,35.26705528124907,1,581,fixed_point,0,became_wrong,0.7037037037037037,24,1,0,1,0,0
32,40,1.0,1,checkpoints/sudoku_extreme_hf/checkpoint,0,1,blanks_40,35.26705528124907,1,582,fixed_point,0,became_wrong,0.8024691358024691,16,1,0,1,0,0
32,40,1.0,1,checkpoints/sudoku_extreme_hf/checkpoint,0,1,blanks_40,35.26705528124907,1,583,fixed_point,0,became_wrong,0.8271604938271605,14,0,0,1,33,0
32,40,1.0,1,checkpoints/sudoku_extreme_hf/checkpoint,0,1,blanks_40,35.26705528124907,1,584,fixed_point,0,became_wrong,0.7901234567901234,17,1,0,1,0,0
32,40,1.0,1,checkpoints/sudoku_extreme_hf/checkpoint,0,1,blanks_40,35.26705528124907,1,585,fixed_point,0,became_wrong,0.7283950617283951,22,0,0,1,14,0
32,40,1.0,1,checkpoints/sudoku_extreme_hf/checkpoint,0,1,blanks_40,35.26705528124907,1,586,fixed_point,0,became_wrong,0.6049382716049383,32,1,0,1,0,0
32,40,1.0,1,checkpoints/sudoku_extreme_hf/checkpoint,0,1,blanks_40,35.26705528124907,1,587,fixed_point,0,became_wrong,0.654320987654321,28,1,0,1,0,0
32,40,1.0,1,checkpoints/sudoku_extreme_hf/checkpoint,0,1,blanks_40,35.26705528124907,1,588,fixed_point,0,became_wrong,0.9506172839506173,4,1,0,1,0,0
32,40,1.0,1,checkpoints/sudoku_extreme_hf/checkpoint,0,1,blanks_40,35.26705528124907,1,589,fixed_point,0,became_wrong,0.8148148148148148,15,1,0,1,0,0
32,40,1.0,1,checkpoints/sudoku_extreme_hf/checkpoint,0,1,blanks_40,35.26705528124907,1,590,fixed_point,0,became_wrong,0.7901234567901234,17,1,0,1,0,0
32,40,1.0,1,checkpoints/sudoku_extreme_hf/checkpoint,0,1,blanks_40,35.26705528124907,1,591,fixed_point,0,became_wrong,0.7037037037037037,24,1,0,1,0,0
32,40,1.0,1,checkpoints/sudoku_extreme_hf/checkpoint,0,1,blanks_40,35.26705528124907,1,592,fixed_point,0,became_wrong,0.691358024691358,25,1,0,1,0,0
32,40,1.0,1,checkpoints/sudoku_extreme_hf/checkpoint,0,1,blanks_40,35.26705528124907,1,593,fixed_point,0,became_wrong,0.7777777777777778,18,1,0,1,0,0
32,40,1.0,1,checkpoints/sudoku_extreme_hf/checkpoint,0,1,blanks_40,35.26705528124907,1,594,fixed_point,0,became_wrong,0.6666666666666666,27,1,0,1,0,0
32,40,1.0,1,checkpoints/sudoku_extreme_hf/checkpoint,0,1,blanks_40,35.26705528124907,1,595,fixed_point,0,became_wrong,0.8148148148148148,15,1,0,1,0,0
32,40,1.0,1,checkpoints/sudoku_extreme_hf/checkpoint,0,1,blanks_40,35.26705528124907,1,596,fixed_point,0,became_wrong,0.7283950617283951,22,1,0,1,0,0
32,40,1.0,1,checkpoints/sudoku_extreme_hf/checkpoint,0,1,blanks_40,35.26705528124907,1,597,fixed_point,0,became_wrong,0.6419753086419753,29,1,0,1,0,0
32,40,1.0,1,checkpoints/sudoku_extreme_hf/checkpoint,0,1,blanks_40,35.26705528124907,1,598,fixed_point,0,became_wrong,0.8765432098765432,10,1,0,1,0,0
32,40,1.0,1,checkpoints/sudoku_extreme_hf/checkpoint,0,1,blanks_40,35.26705528124907,1,599,fixed_point,0,became_wrong,0.7160493827160493,23,1,0,1,0,0
32,40,1.0,1,checkpoints/sudoku_extreme_hf/checkpoint,0,1,blanks_40,35.26705528124907,1,600,fixed_point,0,became_wrong,0.6666666666666666,27,1,0,1,0,0
32,40,1.0,1,checkpoints/sudoku_extreme_hf/checkpoint,0,1,blanks_40,35.26705528124907,1,601,fixed_point,0,became_wrong,0.8888888888888888,9,1,0,1,0,0
32,40,1.0,1,checkpoints/sudoku_extreme_hf/checkpoint,0,1,blanks_40,35.26705528124907,1,602,fixed_point,0,became_wrong,0.7654320987654321,19,1,0,1,0,0
32,40,1.0,1,checkpoints/sudoku_extreme_hf/checkpoint,0,1,blanks_40,35.26705528124907,1,603,fixed_point,0,became_wrong,0.6790123456790124,26,1,0,1,0,0
32,40,1.0,1,checkpoints/sudoku_extreme_hf/checkpoint,0,1,blanks_40,35.26705528124907,1,604,fixed_point,0,became_wrong,0.6049382716049383,32,1,0,1,0,0
32,40,1.0,1,checkpoints/sudoku_extreme_hf/checkpoint,0,1,blanks_40,35.26705528124907,1,605,fixed_point,0,became_wrong,0.6049382716049383,32,1,0,1,0,0
32,40,1.0,1,checkpoints/sudoku_extreme_hf/checkpoint,0,1,blanks_40,35.26705528124907,1,606,fixed_point,0,became_wrong,0.7654320987654321,19,1,0,1,0,0
32,40,1.0,1,checkpoints/sudoku_extreme_hf/checkpoint,0,1,blanks_40,35.26705528124907,1,607,fixed_point,0,became_wrong,0.9135802469135802,7,1,0,1,0,0
32,40,1.0,1,checkpoints/sudoku_extreme_hf/checkpoint,0,1,blanks_40,35.24883934374756,1,608,fixed_point,0,became_wrong,0.8518518518518519,12,1,0,1,0,0
32,40,1.0,0,checkpoints/sudoku_extreme_hf/checkpoint,0,1,blanks_40,35.24883934374756,1,609,fixed_point,0,stable_correct,1.0,0,1,1,0,0,0
32,40,1.0,1,checkpoints/sudoku_extreme_hf/checkpoint,0,1,blanks_40,35.24883934374756,1,610,fixed_point,0,became_wrong,0.7283950617283951,22,1,0,1,0,0
32,40,1.0,0,checkpoints/sudoku_extreme_hf/checkpoint,0,1,blanks_40,35.24883934374756,1,611,fixed_point,0,stable_correct,1.0,0,1,1,0,0,0
32,40,1.0,1,checkpoints/sudoku_extreme_hf/checkpoint,0,1,blanks_40,35.24883934374756,1,612,fixed_point,0,became_wrong,0.9506172839506173,4,1,0,1,0,0
32,40,1.0,1,checkpoints/sudoku_extreme_hf/checkpoint,0,1,blanks_40,35.24883934374756,1,613,fixed_point,0,became_wrong,0.6296296296296297,30,1,0,1,0,0
32,40,1.0,1,checkpoints/sudoku_extreme_hf/checkpoint,0,1,blanks_40,35.24883934374756,1,614,fixed_point,0,became_wrong,0.654320987654321,28,0,0,1,3,0
32,40,1.0,1,checkpoints/sudoku_extreme_hf/checkpoint,0,1,blanks_40,35.24883934374756,1,615,fixed_point,0,became_wrong,0.7777777777777778,18,1,0,1,0,0
32,40,1.0,1,checkpoints/sudoku_extreme_hf/checkpoint,0,1,blanks_40,35.24883934374756,1,616,fixed_point,0,became_wrong,0.6049382716049383,32,1,0,1,0,0
32,40,1.0,1,checkpoints/sudoku_extreme_hf/checkpoint,0,1,blanks_40,35.24883934374756,1,617,fixed_point,0,became_wrong,0.7654320987654321,19,1,0,1,0,0
32,40,1.0,1,checkpoints/sudoku_extreme_hf/checkpoint,0,1,blanks_40,35.24883934374756,1,618,fixed_point,0,became_wrong,0.691358024691358,25,1,0,1,0,0
32,40,1.0,1,checkpoints/sudoku_extreme_hf/checkpoint,0,1,blanks_40,35.24883934374756,1,619,fixed_point,0,became_wrong,0.7407407407407407,21,1,0,1,0,0
32,40,1.0,1,checkpoints/sudoku_extreme_hf/checkpoint,0,1,blanks_40,35.24883934374756,1,620,fixed_point,0,became_wrong,0.7901234567901234,17,1,0,1,0,0
32,40,1.0,1,checkpoints/sudoku_extreme_hf/checkpoint,0,1,blanks_40,35.24883934374756,1,621,fixed_point,0,became_wrong,0.9259259259259259,6,1,0,1,0,0
32,40,1.0,1,checkpoints/sudoku_extreme_hf/checkpoint,0,1,blanks_40,35.24883934374756,1,622,fixed_point,0,became_wrong,0.8395061728395061,13,1,0,1,0,0
32,40,1.0,1,checkpoints/sudoku_extreme_hf/checkpoint,0,1,blanks_40,35.24883934374756,1,623,fixed_point,0,became_wrong,0.8148148148148148,15,1,0,1,0,0
32,40,1.0,1,checkpoints/sudoku_extreme_hf/checkpoint,0,1,blanks_40,35.24883934374756,1,624,fixed_point,0,became_wrong,0.7037037037037037,24,0,0,1,32,0
32,40,1.0,1,checkpoints/sudoku_extreme_hf/checkpoint,0,1,blanks_40,35.24883934374756,1,625,fixed_point,0,became_wrong,0.7777777777777778,18,1,0,1,0,0
32,40,1.0,1,checkpoints/sudoku_extreme_hf/checkpoint,0,1,blanks_40,35.24883934374756,1,626,fixed_point,0,became_wrong,0.6790123456790124,26,1,0,1,0,0
32,40,1.0,1,checkpoints/sudoku_extreme_hf/checkpoint,0,1,blanks_40,35.24883934374756,1,627,fixed_point,0,became_wrong,0.7901234567901234,17,0,0,1,22,0
32,40,1.0,1,checkpoints/sudoku_extreme_hf/checkpoint,0,1,blanks_40,35.24883934374756,1,628,fixed_point,0,became_wrong,0.7037037037037037,24,1,0,1,0,0
32,40,1.0,1,checkpoints/sudoku_extreme_hf/checkpoint,0,1,blanks_40,35.24883934374756,1,629,fixed_point,0,became_wrong,0.9259259259259259,6,1,0,1,0,0
32,40,1.0,1,checkpoints/sudoku_extreme_hf/checkpoint,0,1,blanks_40,35.24883934374756,1,630,fixed_point,0,became_wrong,0.8148148148148148,15,1,0,1,0,0
32,40,1.0,1,checkpoints/sudoku_extreme_hf/checkpoint,0,1,blanks_40,35.24883934374756,1,631,fixed_point,0,became_wrong,0.7283950617283951,22,1,0,1,0,0
32,40,1.0,1,checkpoints/sudoku_extreme_hf/checkpoint,0,1,blanks_40,35.24883934374756,1,632,fixed_point,0,became_wrong,0.5679012345679012,35,1,0,1,0,0
32,40,1.0,1,checkpoints/sudoku_extreme_hf/checkpoint,0,1,blanks_40,35.24883934374756,1,633,fixed_point,0,became_wrong,0.7160493827160493,23,0,0,1,23,0
32,40,1.0,1,checkpoints/sudoku_extreme_hf/checkpoint,0,1,blanks_40,35.24883934374756,1,634,fixed_point,0,became_wrong,0.7037037037037037,24,0,0,1,34,0
32,40,1.0,1,checkpoints/sudoku_extreme_hf/checkpoint,0,1,blanks_40,35.24883934374756,1,635,fixed_point,0,became_wrong,0.9506172839506173,4,1,0,1,0,0
32,40,1.0,1,checkpoints/sudoku_extreme_hf/checkpoint,0,1,blanks_40,35.24883934374756,1,636,fixed_point,0,became_wrong,0.8024691358024691,16,1,0,1,0,0
32,40,1.0,1,checkpoints/sudoku_extreme_hf/checkpoint,0,1,blanks_40,35.24883934374756,1,637,fixed_point,0,became_wrong,0.6419753086419753,29,1,0,1,0,0
32,40,1.0,1,checkpoints/sudoku_extreme_hf/checkpoint,0,1,blanks_40,35.24883934374756,1,638,fixed_point,0,became_wrong,0.9506172839506173,4,1,0,1,0,0
32,40,1.0,1,checkpoints/sudoku_extreme_hf/checkpoint,0,1,blanks_40,35.24883934374756,1,639,fixed_point,0,became_wrong,0.9506172839506173,4,1,0,1,0,0
32,40,1.0,1,checkpoints/sudoku_extreme_hf/checkpoint,0,1,blanks_40,35.74094421874818,1,640,fixed_point,0,became_wrong,0.7407407407407407,21,1,0,1,0,0
32,40,1.0,1,checkpoints/sudoku_extreme_hf/checkpoint,0,1,blanks_40,35.74094421874818,1,641,fixed_point,0,became_wrong,0.6172839506172839,31,1,0,1,0,0
32,40,1.0,1,checkpoints/sudoku_extreme_hf/checkpoint,0,1,blanks_40,35.74094421874818,1,642,fixed_point,0,became_wrong,0.8888888888888888,9,1,0,1,0,0
32,40,1.0,1,checkpoints/sudoku_extreme_hf/checkpoint,0,1,blanks_40,35.74094421874818,1,643,fixed_point,0,became_wrong,0.7160493827160493,23,0,0,1,17,0
32,40,1.0,1,checkpoints/sudoku_extreme_hf/checkpoint,0,1,blanks_40,35.74094421874818,1,644,fixed_point,0,became_wrong,0.9259259259259259,6,1,0,1,0,0
32,40,1.0,1,checkpoints/sudoku_extreme_hf/checkpoint,0,1,blanks_40,35.74094421874818,1,645,fixed_point,0,became_wrong,0.654320987654321,28,1,0,1,0,0
32,40,1.0,1,checkpoints/sudoku_extreme_hf/checkpoint,0,1,blanks_40,35.74094421874818,1,646,fixed_point,0,became_wrong,0.8765432098765432,10,1,0,1,0,0
32,40,1.0,1,checkpoints/sudoku_extreme_hf/checkpoint,0,1,blanks_40,35.74094421874818,1,647,fixed_point,0,became_wrong,0.7654320987654321,19,0,0,1,13,0
32,40,1.0,1,checkpoints/sudoku_extreme_hf/checkpoint,0,1,blanks_40,35.74094421874818,1,648,fixed_point,0,became_wrong,0.8765432098765432,10,1,0,1,0,0
32,40,1.0,1,checkpoints/sudoku_extreme_hf/checkpoint,0,1,blanks_40,35.74094421874818,1,649,fixed_point,0,became_wrong,0.7407407407407407,21,1,0,1,0,0
32,40,1.0,1,checkpoints/sudoku_extreme_hf/checkpoint,0,1,blanks_40,35.74094421874818,1,650,fixed_point,0,became_wrong,0.6666666666666666,27,1,0,1,0,0
32,40,1.0,1,checkpoints/sudoku_extreme_hf/checkpoint,0,1,blanks_40,35.74094421874818,1,651,fixed_point,0,became_wrong,0.7160493827160493,23,1,0,1,0,0
32,40,1.0,1,checkpoints/sudoku_extreme_hf/checkpoint,0,1,blanks_40,35.74094421874818,1,652,fixed_point,0,became_wrong,0.8395061728395061,13,1,0,1,0,0
32,40,1.0,1,checkpoints/sudoku_extreme_hf/checkpoint,0,1,blanks_40,35.74094421874818,1,653,fixed_point,0,became_wrong,0.6049382716049383,32,0,0,1,24,0
32,40,1.0,1,checkpoints/sudoku_extreme_hf/checkpoint,0,1,blanks_40,35.74094421874818,1,654,fixed_point,0,became_wrong,0.8271604938271605,14,0,0,1,11,0
32,40,1.0,1,checkpoints/sudoku_extreme_hf/checkpoint,0,1,blanks_40,35.74094421874818,1,655,fixed_point,0,became_wrong,0.7283950617283951,22,1,0,1,0,0
32,40,1.0,1,checkpoints/sudoku_extreme_hf/checkpoint,0,1,blanks_40,35.74094421874818,1,656,fixed_point,0,became_wrong,0.8641975308641975,11,1,0,1,0,0
32,40,1.0,0,checkpoints/sudoku_extreme_hf/checkpoint,0,1,blanks_40,35.74094421874818,1,657,fixed_point,0,stable_correct,1.0,0,1,1,0,0,0
32,40,1.0,1,checkpoints/sudoku_extreme_hf/checkpoint,0,1,blanks_40,35.74094421874818,1,658,fixed_point,0,became_wrong,0.6296296296296297,30,1,0,1,0,0
32,40,1.0,1,checkpoints/sudoku_extreme_hf/checkpoint,0,1,blanks_40,35.74094421874818,1,659,fixed_point,0,became_wrong,0.7901234567901234,17,1,0,1,0,0
32,40,1.0,1,checkpoints/sudoku_extreme_hf/checkpoint,0,1,blanks_40,35.74094421874818,1,660,fixed_point,0,became_wrong,0.9506172839506173,4,1,0,1,0,0
32,40,1.0,1,checkpoints/sudoku_extreme_hf/checkpoint,0,1,blanks_40,35.74094421874818,1,661,fixed_point,0,became_wrong,0.6049382716049383,32,0,0,1,22,0
32,40,1.0,1,checkpoints/sudoku_extreme_hf/checkpoint,0,1,blanks_40,35.74094421874818,1,662,fixed_point,0,became_wrong,0.7777777777777778,18,1,0,1,0,0
32,40,1.0,1,checkpoints/sudoku_extreme_hf/checkpoint,0,1,blanks_40,35.74094421874818,1,663,fixed_point,0,became_wrong,0.7777777777777778,18,1,0,1,0,0
32,40,1.0,1,checkpoints/sudoku_extreme_hf/checkpoint,0,1,blanks_40,35.74094421874818,1,664,fixed_point,0,became_wrong,0.7037037037037037,24,1,0,1,0,0
32,40,1.0,1,checkpoints/sudoku_extreme_hf/checkpoint,0,1,blanks_40,35.74094421874818,1,665,fixed_point,0,became_wrong,0.7283950617283951,22,1,0,1,0,0
32,40,1.0,1,checkpoints/sudoku_extreme_hf/checkpoint,0,1,blanks_40,35.74094421874818,1,666,fixed_point,0,became_wrong,0.8271604938271605,14,1,0,1,0,0
32,40,1.0,1,checkpoints/sudoku_extreme_hf/checkpoint,0,1,blanks_40,35.74094421874818,1,667,fixed_point,0,became_wrong,0.7283950617283951,22,1,0,1,0,0
32,40,1.0,1,checkpoints/sudoku_extreme_hf/checkpoint,0,1,blanks_40,35.74094421874818,1,668,fixed_point,0,became_wrong,0.6172839506172839,31,0,0,1,16,0
32,40,1.0,1,checkpoints/sudoku_extreme_hf/checkpoint,0,1,blanks_40,35.74094421874818,1,669,fixed_point,0,became_wrong,0.7407407407407407,21,1,0,1,0,0
32,40,1.0,1,checkpoints/sudoku_extreme_hf/checkpoint,0,1,blanks_40,35.74094421874818,1,670,fixed_point,0,became_wrong,0.9506172839506173,4,1,0,1,0,0
32,40,1.0,1,checkpoints/sudoku_extreme_hf/checkpoint,0,1,blanks_40,35.74094421874818,1,671,fixed_point,0,became_wrong,0.7160493827160493,23,1,0,1,0,0
32,40,1.0,1,checkpoints/sudoku_extreme_hf/checkpoint,0,1,blanks_40,36.02601390625182,1,672,fixed_point,0,became_wrong,0.7037037037037037,24,1,0,1,0,0
32,40,1.0,1,checkpoints/sudoku_extreme_hf/checkpoint,0,1,blanks_40,36.02601390625182,1,673,fixed_point,0,became_wrong,0.691358024691358,25,1,0,1,0,0
32,40,1.0,1,checkpoints/sudoku_extreme_hf/checkpoint,0,1,blanks_40,36.02601390625182,1,674,fixed_point,0,became_wrong,0.691358024691358,25,1,0,1,0,0
32,40,1.0,1,checkpoints/sudoku_extreme_hf/checkpoint,0,1,blanks_40,36.02601390625182,1,675,fixed_point,0,became_wrong,0.9506172839506173,4,1,0,1,0,0
32,40,1.0,1,checkpoints/sudoku_extreme_hf/checkpoint,0,1,blanks_40,36.02601390625182,1,676,fixed_point,0,became_wrong,0.8765432098765432,10,1,0,1,0,0
32,40,1.0,1,checkpoints/sudoku_extreme_hf/checkpoint,0,1,blanks_40,36.02601390625182,1,677,fixed_point,0,became_wrong,0.8271604938271605,14,1,0,1,0,0
32,40,1.0,1,checkpoints/sudoku_extreme_hf/checkpoint,0,1,blanks_40,36.02601390625182,1,678,fixed_point,0,became_wrong,0.7160493827160493,23,0,0,1,18,0
32,40,1.0,1,checkpoints/sudoku_extreme_hf/checkpoint,0,1,blanks_40,36.02601390625182,1,679,fixed_point,0,became_wrong,0.8271604938271605,14,1,0,1,0,0
32,40,1.0,1,checkpoints/sudoku_extreme_hf/checkpoint,0,1,blanks_40,36.02601390625182,1,680,fixed_point,0,became_wrong,0.8641975308641975,11,1,0,1,0,0
32,40,1.0,1,checkpoints/sudoku_extreme_hf/checkpoint,0,1,blanks_40,36.02601390625182,1,681,fixed_point,0,became_wrong,0.8888888888888888,9,1,0,1,0,0
32,40,1.0,1,checkpoints/sudoku_extreme_hf/checkpoint,0,1,blanks_40,36.02601390625182,1,682,fixed_point,0,became_wrong,0.9135802469135802,7,1,0,1,0,0
32,40,1.0,1,checkpoints/sudoku_extreme_hf/checkpoint,0,1,blanks_40,36.02601390625182,1,683,fixed_point,0,became_wrong,0.8395061728395061,13,1,0,1,0,0
32,40,1.0,1,checkpoints/sudoku_extreme_hf/checkpoint,0,1,blanks_40,36.02601390625182,1,684,fixed_point,0,became_wrong,0.9259259259259259,6,1,0,1,0,0
32,40,1.0,1,checkpoints/sudoku_extreme_hf/checkpoint,0,1,blanks_40,36.02601390625182,1,685,fixed_point,0,became_wrong,0.8395061728395061,13,1,0,1,0,0
32,40,1.0,1,checkpoints/sudoku_extreme_hf/checkpoint,0,1,blanks_40,36.02601390625182,1,686,fixed_point,0,became_wrong,0.691358024691358,25,0,0,1,15,0
32,40,1.0,0,checkpoints/sudoku_extreme_hf/checkpoint,0,1,blanks_40,36.02601390625182,1,687,fixed_point,0,stable_correct,1.0,0,1,1,0,0,0
32,40,1.0,1,checkpoints/sudoku_extreme_hf/checkpoint,0,1,blanks_40,36.02601390625182,1,688,fixed_point,0,became_wrong,0.7037037037037037,24,1,0,1,0,0
32,40,1.0,1,checkpoints/sudoku_extreme_hf/checkpoint,0,1,blanks_40,36.02601390625182,1,689,fixed_point,0,became_wrong,0.5432098765432098,37,1,0,1,0,0
32,40,1.0,1,checkpoints/sudoku_extreme_hf/checkpoint,0,1,blanks_40,36.02601390625182,1,690,fixed_point,0,became_wrong,0.7654320987654321,19,1,0,1,0,0
32,40,1.0,1,checkpoints/sudoku_extreme_hf/checkpoint,0,1,blanks_40,36.02601390625182,1,691,fixed_point,0,became_wrong,0.691358024691358,25,1,0,1,0,0
32,40,1.0,1,checkpoints/sudoku_extreme_hf/checkpoint,0,1,blanks_40,36.02601390625182,1,692,fixed_point,0,became_wrong,0.8024691358024691,16,1,0,1,0,0
32,40,1.0,1,checkpoints/sudoku_extreme_hf/checkpoint,0,1,blanks_40,36.02601390625182,1,693,fixed_point,0,became_wrong,0.6790123456790124,26,1,0,1,0,0
32,40,1.0,1,checkpoints/sudoku_extreme_hf/checkpoint,0,1,blanks_40,36.02601390625182,1,694,fixed_point,0,became_wrong,0.8271604938271605,14,1,0,1,0,0
32,40,1.0,1,checkpoints/sudoku_extreme_hf/checkpoint,0,1,blanks_40,36.02601390625182,1,695,fixed_point,0,became_wrong,0.9259259259259259,6,1,0,1,0,0
32,40,1.0,1,checkpoints/sudoku_extreme_hf/checkpoint,0,1,blanks_40,36.02601390625182,1,696,fixed_point,0,became_wrong,0.6790123456790124,26,1,0,1,0,0
32,40,1.0,1,checkpoints/sudoku_extreme_hf/checkpoint,0,1,blanks_40,36.02601390625182,1,697,fixed_point,0,became_wrong,0.6172839506172839,31,0,0,1,29,0
32,40,1.0,1,checkpoints/sudoku_extreme_hf/checkpoint,0,1,blanks_40,36.02601390625182,1,698,fixed_point,0,became_wrong,0.8641975308641975,11,1,0,1,0,0
32,40,1.0,1,checkpoints/sudoku_extreme_hf/checkpoint,0,1,blanks_40,36.02601390625182,1,699,fixed_point,0,became_wrong,0.8271604938271605,14,1,0,1,0,0
32,40,1.0,1,checkpoints/sudoku_extreme_hf/checkpoint,0,1,blanks_40,36.02601390625182,1,700,fixed_point,0,became_wrong,0.7160493827160493,23,1,0,1,0,0
32,40,1.0,1,checkpoints/sudoku_extreme_hf/checkpoint,0,1,blanks_40,36.02601390625182,1,701,fixed_point,0,became_wrong,0.7901234567901234,17,1,0,1,0,0
32,40,1.0,1,checkpoints/sudoku_extreme_hf/checkpoint,0,1,blanks_40,36.02601390625182,1,702,fixed_point,0,became_wrong,0.8271604938271605,14,1,0,1,0,0
32,40,1.0,1,checkpoints/sudoku_extreme_hf/checkpoint,0,1,blanks_40,36.02601390625182,1,703,fixed_point,0,became_wrong,0.8148148148148148,15,1,0,1,0,0
32,40,1.0,1,checkpoints/sudoku_extreme_hf/checkpoint,0,1,blanks_40,36.19012265625088,1,704,fixed_point,0,became_wrong,0.8024691358024691,16,1,0,1,0,0
32,40,1.0,1,checkpoints/sudoku_extreme_hf/checkpoint,0,1,blanks_40,36.19012265625088,1,705,fixed_point,0,became_wrong,0.9506172839506173,4,1,0,1,0,0
32,40,1.0,1,checkpoints/sudoku_extreme_hf/checkpoint,0,1,blanks_40,36.19012265625088,1,706,fixed_point,0,became_wrong,0.7530864197530864,20,0,0,1,16,0
32,40,1.0,1,checkpoints/sudoku_extreme_hf/checkpoint,0,1,blanks_40,36.19012265625088,1,707,fixed_point,0,became_wrong,0.7530864197530864,20,1,0,1,0,0
32,40,1.0,1,checkpoints/sudoku_extreme_hf/checkpoint,0,1,blanks_40,36.19012265625088,1,708,fixed_point,0,became_wrong,0.8641975308641975,11,1,0,1,0,0
32,40,1.0,1,checkpoints/sudoku_extreme_hf/checkpoint,0,1,blanks_40,36.19012265625088,1,709,fixed_point,0,became_wrong,0.691358024691358,25,1,0,1,0,0
32,40,1.0,1,checkpoints/sudoku_extreme_hf/checkpoint,0,1,blanks_40,36.19012265625088,1,710,fixed_point,0,became_wrong,0.9012345679012346,8,1,0,1,0,0
32,40,1.0,1,checkpoints/sudoku_extreme_hf/checkpoint,0,1,blanks_40,36.19012265625088,1,711,fixed_point,0,became_wrong,0.7777777777777778,18,1,0,1,0,0
32,40,1.0,1,checkpoints/sudoku_extreme_hf/checkpoint,0,1,blanks_40,36.19012265625088,1,712,fixed_point,0,became_wrong,0.7530864197530864,20,1,0,1,0,0
32,40,1.0,1,checkpoints/sudoku_extreme_hf/checkpoint,0,1,blanks_40,36.19012265625088,1,713,fixed_point,0,became_wrong,0.7530864197530864,20,1,0,1,0,0
32,40,1.0,1,checkpoints/sudoku_extreme_hf/checkpoint,0,1,blanks_40,36.19012265625088,1,714,fixed_point,0,became_wrong,0.9506172839506173,4,1,0,1,0,0
32,40,1.0,0,checkpoints/sudoku_extreme_hf/checkpoint,0,1,blanks_40,36.19012265625088,1,715,fixed_point,0,stable_correct,1.0,0,1,1,0,0,0
32,40,1.0,1,checkpoints/sudoku_extreme_hf/checkpoint,0,1,blanks_40,36.19012265625088,1,716,fixed_point,0,became_wrong,0.7283950617283951,22,1,0,1,0,0
32,40,1.0,1,checkpoints/sudoku_extreme_hf/checkpoint,0,1,blanks_40,36.19012265625088,1,717,fixed_point,0,became_wrong,0.9259259259259259,6,1,0,1,0,0
32,40,1.0,1,checkpoints/sudoku_extreme_hf/checkpoint,0,1,blanks_40,36.19012265625088,1,718,fixed_point,0,became_wrong,0.9506172839506173,4,1,0,1,0,0
32,40,1.0,1,checkpoints/sudoku_extreme_hf/checkpoint,0,1,blanks_40,36.19012265625088,1,719,fixed_point,0,became_wrong,0.6666666666666666,27,1,0,1,0,0
32,40,1.0,1,checkpoints/sudoku_extreme_hf/checkpoint,0,1,blanks_40,36.19012265625088,1,720,fixed_point,0,became_wrong,0.7901234567901234,17,1,0,1,0,0
32,40,1.0,1,checkpoints/sudoku_extreme_hf/checkpoint,0,1,blanks_40,36.19012265625088,1,721,fixed_point,0,became_wrong,0.7530864197530864,20,1,0,1,0,0
32,40,1.0,1,checkpoints/sudoku_extreme_hf/checkpoint,0,1,blanks_40,36.19012265625088,1,722,fixed_point,0,became_wrong,0.6419753086419753,29,1,0,1,0,0
32,40,1.0,1,checkpoints/sudoku_extreme_hf/checkpoint,0,1,blanks_40,36.19012265625088,1,723,fixed_point,0,became_wrong,0.7901234567901234,17,0,0,1,12,0
32,40,1.0,1,checkpoints/sudoku_extreme_hf/checkpoint,0,1,blanks_40,36.19012265625088,1,724,fixed_point,0,became_wrong,0.6049382716049383,32,1,0,1,0,0
32,40,1.0,1,checkpoints/sudoku_extreme_hf/checkpoint,0,1,blanks_40,36.19012265625088,1,725,fixed_point,0,became_wrong,0.9506172839506173,4,1,0,1,0,0
32,40,1.0,1,checkpoints/sudoku_extreme_hf/checkpoint,0,1,blanks_40,36.19012265625088,1,726,fixed_point,0,became_wrong,0.9506172839506173,4,1,0,1,0,0
32,40,1.0,1,checkpoints/sudoku_extreme_hf/checkpoint,0,1,blanks_40,36.19012265625088,1,727,fixed_point,0,became_wrong,0.7777777777777778,18,1,0,1,0,0
32,40,1.0,0,checkpoints/sudoku_extreme_hf/checkpoint,0,1,blanks_40,36.19012265625088,1,728,fixed_point,0,stable_correct,1.0,0,1,1,0,0,0
32,40,1.0,1,checkpoints/sudoku_extreme_hf/checkpoint,0,1,blanks_40,36.19012265625088,1,729,fixed_point,0,became_wrong,0.691358024691358,25,1,0,1,0,0
32,40,1.0,1,checkpoints/sudoku_extreme_hf/checkpoint,0,1,blanks_40,36.19012265625088,1,730,fixed_point,0,became_wrong,0.7283950617283951,22,1,0,1,0,0
32,40,1.0,1,checkpoints/sudoku_extreme_hf/checkpoint,0,1,blanks_40,36.19012265625088,1,731,fixed_point,0,became_wrong,0.7901234567901234,17,1,0,1,0,0
32,40,1.0,1,checkpoints/sudoku_extreme_hf/checkpoint,0,1,blanks_40,36.19012265625088,1,732,fixed_point,0,became_wrong,0.5802469135802469,34,1,0,1,0,0
32,40,1.0,1,checkpoints/sudoku_extreme_hf/checkpoint,0,1,blanks_40,36.19012265625088,1,733,fixed_point,0,became_wrong,0.8888888888888888,9,1,0,1,0,0
32,40,1.0,1,checkpoints/sudoku_extreme_hf/checkpoint,0,1,blanks_40,36.19012265625088,1,734,fixed_point,0,became_wrong,0.6296296296296297,30,1,0,1,0,0
32,40,1.0,1,checkpoints/sudoku_extreme_hf/checkpoint,0,1,blanks_40,36.19012265625088,1,735,fixed_point,0,became_wrong,0.9012345679012346,8,1,0,1,0,0
32,40,1.0,1,checkpoints/sudoku_extreme_hf/checkpoint,0,1,blanks_40,32.12519456250007,1,736,fixed_point,0,became_wrong,0.7283950617283951,22,1,0,1,0,0
32,40,1.0,1,checkpoints/sudoku_extreme_hf/checkpoint,0,1,blanks_40,32.12519456250007,1,737,fixed_point,0,became_wrong,0.9506172839506173,4,1,0,1,0,0
32,40,1.0,1,checkpoints/sudoku_extreme_hf/checkpoint,0,1,blanks_40,32.12519456250007,1,738,fixed_point,0,became_wrong,0.9259259259259259,6,1,0,1,0,0
32,40,1.0,1,checkpoints/sudoku_extreme_hf/checkpoint,0,1,blanks_40,32.12519456250007,1,739,fixed_point,0,became_wrong,0.8271604938271605,14,1,0,1,0,0
32,40,1.0,1,checkpoints/sudoku_extreme_hf/checkpoint,0,1,blanks_40,32.12519456250007,1,740,fixed_point,0,became_wrong,0.8641975308641975,11,1,0,1,0,0
32,40,1.0,1,checkpoints/sudoku_extreme_hf/checkpoint,0,1,blanks_40,32.12519456250007,1,741,fixed_point,0,became_wrong,0.7777777777777778,18,1,0,1,0,0
32,40,1.0,1,checkpoints/sudoku_extreme_hf/checkpoint,0,1,blanks_40,32.12519456250007,1,742,fixed_point,0,became_wrong,0.7283950617283951,22,1,0,1,0,0
32,40,1.0,1,checkpoints/sudoku_extreme_hf/checkpoint,0,1,blanks_40,32.12519456250007,1,743,fixed_point,0,became_wrong,0.9506172839506173,4,1,0,1,0,0
32,40,1.0,1,checkpoints/sudoku_extreme_hf/checkpoint,0,1,blanks_40,32.12519456250007,1,744,fixed_point,0,became_wrong,0.7160493827160493,23,1,0,1,0,0
32,40,1.0,1,checkpoints/sudoku_extreme_hf/checkpoint,0,1,blanks_40,32.12519456250007,1,745,fixed_point,0,became_wrong,0.7901234567901234,17,1,0,1,0,0
32,40,1.0,1,checkpoints/sudoku_extreme_hf/checkpoint,0,1,blanks_40,32.12519456250007,1,746,fixed_point,0,became_wrong,0.7530864197530864,20,1,0,1,0,0
32,40,1.0,1,checkpoints/sudoku_extreme_hf/checkpoint,0,1,blanks_40,32.12519456250007,1,747,fixed_point,0,became_wrong,0.7777777777777778,18,1,0,1,0,0
32,40,1.0,1,checkpoints/sudoku_extreme_hf/checkpoint,0,1,blanks_40,32.12519456250007,1,748,fixed_point,0,became_wrong,0.7283950617283951,22,1,0,1,0,0
32,40,1.0,1,checkpoints/sudoku_extreme_hf/checkpoint,0,1,blanks_40,32.12519456250007,1,749,fixed_point,0,became_wrong,0.9506172839506173,4,1,0,1,0,0
32,40,1.0,1,checkpoints/sudoku_extreme_hf/checkpoint,0,1,blanks_40,32.12519456250007,1,750,fixed_point,0,became_wrong,0.654320987654321,28,1,0,1,0,0
32,40,1.0,1,checkpoints/sudoku_extreme_hf/checkpoint,0,1,blanks_40,32.12519456250007,1,751,fixed_point,0,became_wrong,0.7901234567901234,17,1,0,1,0,0
32,40,1.0,1,checkpoints/sudoku_extreme_hf/checkpoint,0,1,blanks_40,32.12519456250007,1,752,fixed_point,0,became_wrong,0.8148148148148148,15,0,0,1,10,0
32,40,1.0,1,checkpoints/sudoku_extreme_hf/checkpoint,0,1,blanks_40,32.12519456250007,1,753,fixed_point,0,became_wrong,0.7530864197530864,20,1,0,1,0,0
32,40,1.0,1,checkpoints/sudoku_extreme_hf/checkpoint,0,1,blanks_40,32.12519456250007,1,754,fixed_point,0,became_wrong,0.7407407407407407,21,1,0,1,0,0
32,40,1.0,1,checkpoints/sudoku_extreme_hf/checkpoint,0,1,blanks_40,32.12519456250007,1,755,fixed_point,0,became_wrong,0.9506172839506173,4,1,0,1,0,0
32,40,1.0,1,checkpoints/sudoku_extreme_hf/checkpoint,0,1,blanks_40,32.12519456250007,1,756,fixed_point,0,became_wrong,0.691358024691358,25,1,0,1,0,0
32,40,1.0,1,checkpoints/sudoku_extreme_hf/checkpoint,0,1,blanks_40,32.12519456250007,1,757,fixed_point,0,became_wrong,0.6790123456790124,26,1,0,1,0,0
32,40,1.0,1,checkpoints/sudoku_extreme_hf/checkpoint,0,1,blanks_40,32.12519456250007,1,758,fixed_point,0,became_wrong,0.8271604938271605,14,1,0,1,0,0
32,40,1.0,1,checkpoints/sudoku_extreme_hf/checkpoint,0,1,blanks_40,32.12519456250007,1,759,fixed_point,0,became_wrong,0.8271604938271605,14,1,0,1,0,0
32,40,1.0,1,checkpoints/sudoku_extreme_hf/checkpoint,0,1,blanks_40,32.12519456250007,1,760,fixed_point,0,became_wrong,0.7037037037037037,24,1,0,1,0,0
32,40,1.0,1,checkpoints/sudoku_extreme_hf/checkpoint,0,1,blanks_40,32.12519456250007,1,761,fixed_point,0,became_wrong,0.7037037037037037,24,0,0,1,3,0
32,40,1.0,1,checkpoints/sudoku_extreme_hf/checkpoint,0,1,blanks_40,32.12519456250007,1,762,fixed_point,0,became_wrong,0.9259259259259259,6,1,0,1,0,0
32,40,1.0,1,checkpoints/sudoku_extreme_hf/checkpoint,0,1,blanks_40,32.12519456250007,1,763,fixed_point,0,became_wrong,0.9012345679012346,8,1,0,1,0,0
32,40,1.0,1,checkpoints/sudoku_extreme_hf/checkpoint,0,1,blanks_40,32.12519456250007,1,764,fixed_point,0,became_wrong,0.7037037037037037,24,1,0,1,0,0
32,40,1.0,1,checkpoints/sudoku_extreme_hf/checkpoint,0,1,blanks_40,32.12519456250007,1,765,fixed_point,0,became_wrong,0.6666666666666666,27,1,0,1,0,0
32,40,1.0,1,checkpoints/sudoku_extreme_hf/checkpoint,0,1,blanks_40,32.12519456250007,1,766,fixed_point,0,became_wrong,0.9506172839506173,4,1,0,1,0,0
32,40,1.0,1,checkpoints/sudoku_extreme_hf/checkpoint,0,1,blanks_40,32.12519456250007,1,767,fixed_point,0,became_wrong,0.8271604938271605,14,1,0,1,0,0
32,40,1.0,1,checkpoints/sudoku_extreme_hf/checkpoint,0,1,blanks_40,32.96462725000282,1,768,fixed_point,0,became_wrong,0.8148148148148148,15,1,0,1,0,0
32,40,1.0,1,checkpoints/sudoku_extreme_hf/checkpoint,0,1,blanks_40,32.96462725000282,1,769,fixed_point,0,became_wrong,0.6666666666666666,27,1,0,1,0,0
32,40,1.0,0,checkpoints/sudoku_extreme_hf/checkpoint,0,1,blanks_40,32.96462725000282,1,770,fixed_point,0,stable_correct,1.0,0,1,1,0,0,0
32,40,1.0,1,checkpoints/sudoku_extreme_hf/checkpoint,0,1,blanks_40,32.96462725000282,1,771,fixed_point,0,became_wrong,0.7283950617283951,22,1,0,1,0,0
32,40,1.0,1,checkpoints/sudoku_extreme_hf/checkpoint,0,1,blanks_40,32.96462725000282,1,772,fixed_point,0,became_wrong,0.8024691358024691,16,0,0,1,24,0
32,40,1.0,1,checkpoints/sudoku_extreme_hf/checkpoint,0,1,blanks_40,32.96462725000282,1,773,fixed_point,0,became_wrong,0.7283950617283951,22,1,0,1,0,0
32,40,1.0,1,checkpoints/sudoku_extreme_hf/checkpoint,0,1,blanks_40,32.96462725000282,1,774,fixed_point,0,became_wrong,0.7654320987654321,19,1,0,1,0,0
32,40,1.0,1,checkpoints/sudoku_extreme_hf/checkpoint,0,1,blanks_40,32.96462725000282,1,775,fixed_point,0,became_wrong,0.8024691358024691,16,1,0,1,0,0
32,40,1.0,1,checkpoints/sudoku_extreme_hf/checkpoint,0,1,blanks_40,32.96462725000282,1,776,fixed_point,0,became_wrong,0.7283950617283951,22,1,0,1,0,0
32,40,1.0,1,checkpoints/sudoku_extreme_hf/checkpoint,0,1,blanks_40,32.96462725000282,1,777,fixed_point,0,became_wrong,0.8765432098765432,10,0,0,1,14,0
32,40,1.0,1,checkpoints/sudoku_extreme_hf/checkpoint,0,1,blanks_40,32.96462725000282,1,778,fixed_point,0,became_wrong,0.7530864197530864,20,1,0,1,0,0
32,40,1.0,1,checkpoints/sudoku_extreme_hf/checkpoint,0,1,blanks_40,32.96462725000282,1,779,fixed_point,0,became_wrong,0.7160493827160493,23,1,0,1,0,0
32,40,1.0,0,checkpoints/sudoku_extreme_hf/checkpoint,0,1,blanks_40,32.96462725000282,1,780,fixed_point,0,stable_correct,1.0,0,1,1,0,0,0
32,40,1.0,1,checkpoints/sudoku_extreme_hf/checkpoint,0,1,blanks_40,32.96462725000282,1,781,fixed_point,0,became_wrong,0.7160493827160493,23,1,0,1,0,0
32,40,1.0,1,checkpoints/sudoku_extreme_hf/checkpoint,0,1,blanks_40,32.96462725000282,1,782,fixed_point,0,became_wrong,0.8271604938271605,14,1,0,1,0,0
32,40,1.0,1,checkpoints/sudoku_extreme_hf/checkpoint,0,1,blanks_40,32.96462725000282,1,783,fixed_point,0,became_wrong,0.7530864197530864,20,1,0,1,0,0
32,40,1.0,1,checkpoints/sudoku_extreme_hf/checkpoint,0,1,blanks_40,32.96462725000282,1,784,fixed_point,0,became_wrong,0.8641975308641975,11,1,0,1,0,0
32,40,1.0,1,checkpoints/sudoku_extreme_hf/checkpoint,0,1,blanks_40,32.96462725000282,1,785,fixed_point,0,became_wrong,0.8148148148148148,15,1,0,1,0,0
32,40,1.0,1,checkpoints/sudoku_extreme_hf/checkpoint,0,1,blanks_40,32.96462725000282,1,786,fixed_point,0,became_wrong,0.8641975308641975,11,1,0,1,0,0
32,40,1.0,1,checkpoints/sudoku_extreme_hf/checkpoint,0,1,blanks_40,32.96462725000282,1,787,fixed_point,0,became_wrong,0.7160493827160493,23,0,0,1,23,0
32,40,1.0,1,checkpoints/sudoku_extreme_hf/checkpoint,0,1,blanks_40,32.96462725000282,1,788,fixed_point,0,became_wrong,0.8765432098765432,10,1,0,1,0,0
32,40,1.0,1,checkpoints/sudoku_extreme_hf/checkpoint,0,1,blanks_40,32.96462725000282,1,789,fixed_point,0,became_wrong,0.6419753086419753,29,1,0,1,0,0
32,40,1.0,1,checkpoints/sudoku_extreme_hf/checkpoint,0,1,blanks_40,32.96462725000282,1,790,fixed_point,0,became_wrong,0.691358024691358,25,1,0,1,0,0
32,40,1.0,1,checkpoints/sudoku_extreme_hf/checkpoint,0,1,blanks_40,32.96462725000282,1,791,fixed_point,0,became_wrong,0.5925925925925926,33,1,0,1,0,0
32,40,1.0,1,checkpoints/sudoku_extreme_hf/checkpoint,0,1,blanks_40,32.96462725000282,1,792,fixed_point,0,became_wrong,0.7777777777777778,18,1,0,1,0,0
32,40,1.0,1,checkpoints/sudoku_extreme_hf/checkpoint,0,1,blanks_40,32.96462725000282,1,793,fixed_point,0,became_wrong,0.8395061728395061,13,1,0,1,0,0
32,40,1.0,1,checkpoints/sudoku_extreme_hf/checkpoint,0,1,blanks_40,32.96462725000282,1,794,fixed_point,0,became_wrong,0.7901234567901234,17,1,0,1,0,0
32,40,1.0,1,checkpoints/sudoku_extreme_hf/checkpoint,0,1,blanks_40,32.96462725000282,1,795,fixed_point,0,became_wrong,0.8024691358024691,16,1,0,1,0,0
32,40,1.0,1,checkpoints/sudoku_extreme_hf/checkpoint,0,1,blanks_40,32.96462725000282,1,796,fixed_point,0,became_wrong,0.7283950617283951,22,0,0,1,16,0
32,40,1.0,1,checkpoints/sudoku_extreme_hf/checkpoint,0,1,blanks_40,32.96462725000282,1,797,fixed_point,0,became_wrong,0.6172839506172839,31,1,0,1,0,0
32,40,1.0,1,checkpoints/sudoku_extreme_hf/checkpoint,0,1,blanks_40,32.96462725000282,1,798,fixed_point,0,became_wrong,0.9259259259259259,6,1,0,1,0,0
32,40,1.0,1,checkpoints/sudoku_extreme_hf/checkpoint,0,1,blanks_40,32.96462725000282,1,799,fixed_point,0,became_wrong,0.9506172839506173,4,1,0,1,0,0
32,40,1.0,1,checkpoints/sudoku_extreme_hf/checkpoint,0,1,blanks_40,32.2685953125017,1,800,fixed_point,0,became_wrong,0.6049382716049383,32,1,0,1,0,0
32,40,1.0,1,checkpoints/sudoku_extreme_hf/checkpoint,0,1,blanks_40,32.2685953125017,1,801,fixed_point,0,became_wrong,0.7160493827160493,23,1,0,1,0,0
32,40,1.0,1,checkpoints/sudoku_extreme_hf/checkpoint,0,1,blanks_40,32.2685953125017,1,802,fixed_point,0,became_wrong,0.691358024691358,25,1,0,1,0,0
32,40,1.0,1,checkpoints/sudoku_extreme_hf/checkpoint,0,1,blanks_40,32.2685953125017,1,803,fixed_point,0,became_wrong,0.654320987654321,28,1,0,1,0,0
32,40,1.0,1,checkpoints/sudoku_extreme_hf/checkpoint,0,1,blanks_40,32.2685953125017,1,804,fixed_point,0,became_wrong,0.9506172839506173,4,1,0,1,0,0
32,40,1.0,1,checkpoints/sudoku_extreme_hf/checkpoint,0,1,blanks_40,32.2685953125017,1,805,fixed_point,0,became_wrong,0.7283950617283951,22,1,0,1,0,0
32,40,1.0,1,checkpoints/sudoku_extreme_hf/checkpoint,0,1,blanks_40,32.2685953125017,1,806,fixed_point,0,became_wrong,0.7530864197530864,20,1,0,1,0,0
32,40,1.0,1,checkpoints/sudoku_extreme_hf/checkpoint,0,1,blanks_40,32.2685953125017,1,807,fixed_point,0,became_wrong,0.9012345679012346,8,1,0,1,0,0
32,40,1.0,1,checkpoints/sudoku_extreme_hf/checkpoint,0,1,blanks_40,32.2685953125017,1,808,fixed_point,0,became_wrong,0.654320987654321,28,1,0,1,0,0
32,40,1.0,0,checkpoints/sudoku_extreme_hf/checkpoint,0,1,blanks_40,32.2685953125017,1,809,fixed_point,0,stable_correct,1.0,0,1,1,0,0,0
32,40,1.0,1,checkpoints/sudoku_extreme_hf/checkpoint,0,1,blanks_40,32.2685953125017,1,810,fixed_point,0,became_wrong,0.7160493827160493,23,1,0,1,0,0
32,40,1.0,1,checkpoints/sudoku_extreme_hf/checkpoint,0,1,blanks_40,32.2685953125017,1,811,fixed_point,0,became_wrong,0.8024691358024691,16,1,0,1,0,0
32,40,1.0,1,checkpoints/sudoku_extreme_hf/checkpoint,0,1,blanks_40,32.2685953125017,1,812,fixed_point,0,became_wrong,0.7901234567901234,17,1,0,1,0,0
32,40,1.0,1,checkpoints/sudoku_extreme_hf/checkpoint,0,1,blanks_40,32.2685953125017,1,813,fixed_point,0,became_wrong,0.9012345679012346,8,1,0,1,0,0
32,40,1.0,1,checkpoints/sudoku_extreme_hf/checkpoint,0,1,blanks_40,32.2685953125017,1,814,fixed_point,0,became_wrong,0.8271604938271605,14,1,0,1,0,0
32,40,1.0,1,checkpoints/sudoku_extreme_hf/checkpoint,0,1,blanks_40,32.2685953125017,1,815,fixed_point,0,became_wrong,0.7654320987654321,19,1,0,1,0,0
32,40,1.0,1,checkpoints/sudoku_extreme_hf/checkpoint,0,1,blanks_40,32.2685953125017,1,816,fixed_point,0,became_wrong,0.7037037037037037,24,0,0,1,29,0
32,40,1.0,1,checkpoints/sudoku_extreme_hf/checkpoint,0,1,blanks_40,32.2685953125017,1,817,fixed_point,0,became_wrong,0.7037037037037037,24,1,0,1,0,0
32,40,1.0,1,checkpoints/sudoku_extreme_hf/checkpoint,0,1,blanks_40,32.2685953125017,1,818,fixed_point,0,became_wrong,0.7654320987654321,19,1,0,1,0,0
32,40,1.0,1,checkpoints/sudoku_extreme_hf/checkpoint,0,1,blanks_40,32.2685953125017,1,819,fixed_point,0,became_wrong,0.8518518518518519,12,1,0,1,0,0
32,40,1.0,1,checkpoints/sudoku_extreme_hf/checkpoint,0,1,blanks_40,32.2685953125017,1,820,fixed_point,0,became_wrong,0.7160493827160493,23,1,0,1,0,0
32,40,1.0,1,checkpoints/sudoku_extreme_hf/checkpoint,0,1,blanks_40,32.2685953125017,1,821,fixed_point,0,became_wrong,0.7901234567901234,17,1,0,1,0,0
32,40,1.0,1,checkpoints/sudoku_extreme_hf/checkpoint,0,1,blanks_40,32.2685953125017,1,822,fixed_point,0,became_wrong,0.7654320987654321,19,1,0,1,0,0
32,40,1.0,1,checkpoints/sudoku_extreme_hf/checkpoint,0,1,blanks_40,32.2685953125017,1,823,fixed_point,0,became_wrong,0.6790123456790124,26,1,0,1,0,0
32,40,1.0,1,checkpoints/sudoku_extreme_hf/checkpoint,0,1,blanks_40,32.2685953125017,1,824,fixed_point,0,became_wrong,0.9506172839506173,4,1,0,1,0,0
32,40,1.0,1,checkpoints/sudoku_extreme_hf/checkpoint,0,1,blanks_40,32.2685953125017,1,825,fixed_point,0,became_wrong,0.6296296296296297,30,1,0,1,0,0
32,40,1.0,1,checkpoints/sudoku_extreme_hf/checkpoint,0,1,blanks_40,32.2685953125017,1,826,fixed_point,0,became_wrong,0.7654320987654321,19,1,0,1,0,0
32,40,1.0,1,checkpoints/sudoku_extreme_hf/checkpoint,0,1,blanks_40,32.2685953125017,1,827,fixed_point,0,became_wrong,0.691358024691358,25,1,0,1,0,0
32,40,1.0,1,checkpoints/sudoku_extreme_hf/checkpoint,0,1,blanks_40,32.2685953125017,1,828,fixed_point,0,became_wrong,0.9259259259259259,6,1,0,1,0,0
32,40,1.0,1,checkpoints/sudoku_extreme_hf/checkpoint,0,1,blanks_40,32.2685953125017,1,829,fixed_point,0,became_wrong,0.9012345679012346,8,1,0,1,0,0
32,40,1.0,1,checkpoints/sudoku_extreme_hf/checkpoint,0,1,blanks_40,32.2685953125017,1,830,fixed_point,0,became_wrong,0.6419753086419753,29,1,0,1,0,0
32,40,1.0,1,checkpoints/sudoku_extreme_hf/checkpoint,0,1,blanks_40,32.2685953125017,1,831,fixed_point,0,became_wrong,0.8148148148148148,15,1,0,1,0,0
32,40,1.0,1,checkpoints/sudoku_extreme_hf/checkpoint,0,1,blanks_40,34.493723593747916,1,832,fixed_point,0,became_wrong,0.691358024691358,25,0,0,1,3,0
32,40,1.0,1,checkpoints/sudoku_extreme_hf/checkpoint,0,1,blanks_40,34.493723593747916,1,833,fixed_point,0,became_wrong,0.691358024691358,25,1,0,1,0,0
32,40,1.0,1,checkpoints/sudoku_extreme_hf/checkpoint,0,1,blanks_40,34.493723593747916,1,834,fixed_point,0,became_wrong,0.8765432098765432,10,1,0,1,0,0
32,40,1.0,1,checkpoints/sudoku_extreme_hf/checkpoint,0,1,blanks_40,34.493723593747916,1,835,fixed_point,0,became_wrong,0.8518518518518519,12,1,0,1,0,0
32,40,1.0,1,checkpoints/sudoku_extreme_hf/checkpoint,0,1,blanks_40,34.493723593747916,1,836,fixed_point,0,became_wrong,0.7777777777777778,18,1,0,1,0,0
32,40,1.0,1,checkpoints/sudoku_extreme_hf/checkpoint,0,1,blanks_40,34.493723593747916,1,837,fixed_point,0,became_wrong,0.654320987654321,28,1,0,1,0,0
32,40,1.0,1,checkpoints/sudoku_extreme_hf/checkpoint,0,1,blanks_40,34.493723593747916,1,838,fixed_point,0,became_wrong,0.6419753086419753,29,1,0,1,0,0
32,40,1.0,1,checkpoints/sudoku_extreme_hf/checkpoint,0,1,blanks_40,34.493723593747916,1,839,fixed_point,0,became_wrong,0.9135802469135802,7,1,0,1,0,0
32,40,1.0,1,checkpoints/sudoku_extreme_hf/checkpoint,0,1,blanks_40,34.493723593747916,1,840,fixed_point,0,became_wrong,0.7530864197530864,20,0,0,1,6,0
32,40,1.0,1,checkpoints/sudoku_extreme_hf/checkpoint,0,1,blanks_40,34.493723593747916,1,841,fixed_point,0,became_wrong,0.9506172839506173,4,1,0,1,0,0
32,40,1.0,1,checkpoints/sudoku_extreme_hf/checkpoint,0,1,blanks_40,34.493723593747916,1,842,fixed_point,0,became_wrong,0.654320987654321,28,0,0,1,25,0
32,40,1.0,1,checkpoints/sudoku_extreme_hf/checkpoint,0,1,blanks_40,34.493723593747916,1,843,fixed_point,0,became_wrong,0.7407407407407407,21,1,0,1,0,0
32,40,1.0,1,checkpoints/sudoku_extreme_hf/checkpoint,0,1,blanks_40,34.493723593747916,1,844,fixed_point,0,became_wrong,0.7530864197530864,20,1,0,1,0,0
32,40,1.0,1,checkpoints/sudoku_extreme_hf/checkpoint,0,1,blanks_40,34.493723593747916,1,845,fixed_point,0,became_wrong,0.8888888888888888,9,1,0,1,0,0
32,40,1.0,1,checkpoints/sudoku_extreme_hf/checkpoint,0,1,blanks_40,34.493723593747916,1,846,fixed_point,0,became_wrong,0.7777777777777778,18,1,0,1,0,0
32,40,1.0,1,checkpoints/sudoku_extreme_hf/checkpoint,0,1,blanks_40,34.493723593747916,1,847,fixed_point,0,became_wrong,0.9259259259259259,6,1,0,1,0,0
32,40,1.0,1,checkpoints/sudoku_extreme_hf/checkpoint,0,1,blanks_40,34.493723593747916,1,848,fixed_point,0,became_wrong,0.8395061728395061,13,1,0,1,0,0
32,40,1.0,1,checkpoints/sudoku_extreme_hf/checkpoint,0,1,blanks_40,34.493723593747916,1,849,fixed_point,0,became_wrong,0.8765432098765432,10,1,0,1,0,0
32,40,1.0,0,checkpoints/sudoku_extreme_hf/checkpoint,0,1,blanks_40,34.493723593747916,1,850,fixed_point,0,stable_correct,1.0,0,1,1,0,0,0
32,40,1.0,1,checkpoints/sudoku_extreme_hf/checkpoint,0,1,blanks_40,34.493723593747916,1,851,fixed_point,0,became_wrong,0.7777777777777778,18,1,0,1,0,0
32,40,1.0,1,checkpoints/sudoku_extreme_hf/checkpoint,0,1,blanks_40,34.493723593747916,1,852,fixed_point,0,became_wrong,0.8271604938271605,14,1,0,1,0,0
32,40,1.0,1,checkpoints/sudoku_extreme_hf/checkpoint,0,1,blanks_40,34.493723593747916,1,853,fixed_point,0,became_wrong,0.8518518518518519,12,1,0,1,0,0
32,40,1.0,1,checkpoints/sudoku_extreme_hf/checkpoint,0,1,blanks_40,34.493723593747916,1,854,fixed_point,0,became_wrong,0.7530864197530864,20,1,0,1,0,0
32,40,1.0,1,checkpoints/sudoku_extreme_hf/checkpoint,0,1,blanks_40,34.493723593747916,1,855,fixed_point,0,became_wrong,0.691358024691358,25,1,0,1,0,0
32,40,1.0,1,checkpoints/sudoku_extreme_hf/checkpoint,0,1,blanks_40,34.493723593747916,1,856,fixed_point,0,became_wrong,0.7654320987654321,19,0,0,1,15,0
32,40,1.0,1,checkpoints/sudoku_extreme_hf/checkpoint,0,1,blanks_40,34.493723593747916,1,857,fixed_point,0,became_wrong,0.7283950617283951,22,1,0,1,0,0
32,40,1.0,1,checkpoints/sudoku_extreme_hf/checkpoint,0,1,blanks_40,34.493723593747916,1,858,fixed_point,0,became_wrong,0.7530864197530864,20,1,0,1,0,0
32,40,1.0,1,checkpoints/sudoku_extreme_hf/checkpoint,0,1,blanks_40,34.493723593747916,1,859,fixed_point,0,became_wrong,0.9259259259259259,6,1,0,1,0,0
32,40,1.0,1,checkpoints/sudoku_extreme_hf/checkpoint,0,1,blanks_40,34.493723593747916,1,860,fixed_point,0,became_wrong,0.7777777777777778,18,0,0,1,21,0
32,40,1.0,1,checkpoints/sudoku_extreme_hf/checkpoint,0,1,blanks_40,34.493723593747916,1,861,fixed_point,0,became_wrong,0.7037037037037037,24,1,0,1,0,0
32,40,1.0,1,checkpoints/sudoku_extreme_hf/checkpoint,0,1,blanks_40,34.493723593747916,1,862,fixed_point,0,became_wrong,0.6666666666666666,27,1,0,1,0,0
32,40,1.0,1,checkpoints/sudoku_extreme_hf/checkpoint,0,1,blanks_40,34.493723593747916,1,863,fixed_point,0,became_wrong,0.654320987654321,28,1,0,1,0,0
32,40,1.0,1,checkpoints/sudoku_extreme_hf/checkpoint,0,1,blanks_40,42.49258809375078,1,864,fixed_point,0,became_wrong,0.6172839506172839,31,1,0,1,0,0
32,40,1.0,1,checkpoints/sudoku_extreme_hf/checkpoint,0,1,blanks_40,42.49258809375078,1,865,fixed_point,0,became_wrong,0.7777777777777778,18,1,0,1,0,0
32,40,1.0,0,checkpoints/sudoku_extreme_hf/checkpoint,0,1,blanks_40,42.49258809375078,1,866,fixed_point,0,stable_correct,1.0,0,1,1,0,0,0
32,40,1.0,0,checkpoints/sudoku_extreme_hf/checkpoint,0,1,blanks_40,42.49258809375078,1,867,fixed_point,0,stable_correct,1.0,0,1,1,0,0,0
32,40,1.0,1,checkpoints/sudoku_extreme_hf/checkpoint,0,1,blanks_40,42.49258809375078,1,868,fixed_point,0,became_wrong,0.6790123456790124,26,1,0,1,0,0
32,40,1.0,1,checkpoints/sudoku_extreme_hf/checkpoint,0,1,blanks_40,42.49258809375078,1,869,fixed_point,0,became_wrong,0.6419753086419753,29,1,0,1,0,0
32,40,1.0,1,checkpoints/sudoku_extreme_hf/checkpoint,0,1,blanks_40,42.49258809375078,1,870,fixed_point,0,became_wrong,0.7530864197530864,20,0,0,1,14,0
32,40,1.0,1,checkpoints/sudoku_extreme_hf/checkpoint,0,1,blanks_40,42.49258809375078,1,871,fixed_point,0,became_wrong,0.9259259259259259,6,1,0,1,0,0
32,40,1.0,1,checkpoints/sudoku_extreme_hf/checkpoint,0,1,blanks_40,42.49258809375078,1,872,fixed_point,0,became_wrong,0.9012345679012346,8,1,0,1,0,0
32,40,1.0,1,checkpoints/sudoku_extreme_hf/checkpoint,0,1,blanks_40,42.49258809375078,1,873,fixed_point,0,became_wrong,0.7654320987654321,19,0,0,1,18,0
32,40,1.0,1,checkpoints/sudoku_extreme_hf/checkpoint,0,1,blanks_40,42.49258809375078,1,874,fixed_point,0,became_wrong,0.9506172839506173,4,1,0,1,0,0
32,40,1.0,1,checkpoints/sudoku_extreme_hf/checkpoint,0,1,blanks_40,42.49258809375078,1,875,fixed_point,0,became_wrong,0.6790123456790124,26,0,0,1,19,0
32,40,1.0,1,checkpoints/sudoku_extreme_hf/checkpoint,0,1,blanks_40,42.49258809375078,1,876,fixed_point,0,became_wrong,0.8888888888888888,9,1,0,1,0,0
32,40,1.0,1,checkpoints/sudoku_extreme_hf/checkpoint,0,1,blanks_40,42.49258809375078,1,877,fixed_point,0,became_wrong,0.7654320987654321,19,1,0,1,0,0
32,40,1.0,1,checkpoints/sudoku_extreme_hf/checkpoint,0,1,blanks_40,42.49258809375078,1,878,fixed_point,0,became_wrong,0.7037037037037037,24,1,0,1,0,0
32,40,1.0,1,checkpoints/sudoku_extreme_hf/checkpoint,0,1,blanks_40,42.49258809375078,1,879,fixed_point,0,became_wrong,0.7777777777777778,18,1,0,1,0,0
32,40,1.0,1,checkpoints/sudoku_extreme_hf/checkpoint,0,1,blanks_40,42.49258809375078,1,880,fixed_point,0,became_wrong,0.8024691358024691,16,1,0,1,0,0
32,40,1.0,1,checkpoints/sudoku_extreme_hf/checkpoint,0,1,blanks_40,42.49258809375078,1,881,fixed_point,0,became_wrong,0.8271604938271605,14,1,0,1,0,0
32,40,1.0,1,checkpoints/sudoku_extreme_hf/checkpoint,0,1,blanks_40,42.49258809375078,1,882,fixed_point,0,became_wrong,0.8888888888888888,9,0,0,1,13,0
32,40,1.0,1,checkpoints/sudoku_extreme_hf/checkpoint,0,1,blanks_40,42.49258809375078,1,883,fixed_point,0,became_wrong,0.6419753086419753,29,1,0,1,0,0
32,40,1.0,1,checkpoints/sudoku_extreme_hf/checkpoint,0,1,blanks_40,42.49258809375078,1,884,fixed_point,0,became_wrong,0.8395061728395061,13,1,0,1,0,0
32,40,1.0,1,checkpoints/sudoku_extreme_hf/checkpoint,0,1,blanks_40,42.49258809375078,1,885,fixed_point,0,became_wrong,0.6666666666666666,27,1,0,1,0,0
32,40,1.0,1,checkpoints/sudoku_extreme_hf/checkpoint,0,1,blanks_40,42.49258809375078,1,886,fixed_point,0,became_wrong,0.7037037037037037,24,1,0,1,0,0
32,40,1.0,1,checkpoints/sudoku_extreme_hf/checkpoint,0,1,blanks_40,42.49258809375078,1,887,fixed_point,0,became_wrong,0.7530864197530864,20,1,0,1,0,0
32,40,1.0,1,checkpoints/sudoku_extreme_hf/checkpoint,0,1,blanks_40,42.49258809375078,1,888,fixed_point,0,became_wrong,0.9259259259259259,6,1,0,1,0,0
32,40,1.0,1,checkpoints/sudoku_extreme_hf/checkpoint,0,1,blanks_40,42.49258809375078,1,889,fixed_point,0,became_wrong,0.7654320987654321,19,1,0,1,0,0
32,40,1.0,1,checkpoints/sudoku_extreme_hf/checkpoint,0,1,blanks_40,42.49258809375078,1,890,fixed_point,0,became_wrong,0.8518518518518519,12,1,0,1,0,0
32,40,1.0,1,checkpoints/sudoku_extreme_hf/checkpoint,0,1,blanks_40,42.49258809375078,1,891,fixed_point,0,became_wrong,0.8024691358024691,16,1,0,1,0,0
32,40,1.0,1,checkpoints/sudoku_extreme_hf/checkpoint,0,1,blanks_40,42.49258809375078,1,892,fixed_point,0,became_wrong,0.7037037037037037,24,1,0,1,0,0
32,40,1.0,1,checkpoints/sudoku_extreme_hf/checkpoint,0,1,blanks_40,42.49258809375078,1,893,fixed_point,0,became_wrong,0.6790123456790124,26,1,0,1,0,0
32,40,1.0,1,checkpoints/sudoku_extreme_hf/checkpoint,0,1,blanks_40,42.49258809375078,1,894,fixed_point,0,became_wrong,0.7283950617283951,22,1,0,1,0,0
32,40,1.0,1,checkpoints/sudoku_extreme_hf/checkpoint,0,1,blanks_40,42.49258809375078,1,895,fixed_point,0,became_wrong,0.654320987654321,28,1,0,1,0,0
32,40,1.0,1,checkpoints/sudoku_extreme_hf/checkpoint,0,1,blanks_40,38.15696253124656,1,896,fixed_point,0,became_wrong,0.9135802469135802,7,1,0,1,0,0
32,40,1.0,1,checkpoints/sudoku_extreme_hf/checkpoint,0,1,blanks_40,38.15696253124656,1,897,fixed_point,0,became_wrong,0.6296296296296297,30,1,0,1,0,0
32,40,1.0,1,checkpoints/sudoku_extreme_hf/checkpoint,0,1,blanks_40,38.15696253124656,1,898,fixed_point,0,became_wrong,0.6172839506172839,31,1,0,1,0,0
32,40,1.0,1,checkpoints/sudoku_extreme_hf/checkpoint,0,1,blanks_40,38.15696253124656,1,899,fixed_point,0,became_wrong,0.7530864197530864,20,1,0,1,0,0
32,40,1.0,1,checkpoints/sudoku_extreme_hf/checkpoint,0,1,blanks_40,38.15696253124656,1,900,fixed_point,0,became_wrong,0.7407407407407407,21,0,0,1,19,0
32,40,1.0,1,checkpoints/sudoku_extreme_hf/checkpoint,0,1,blanks_40,38.15696253124656,1,901,fixed_point,0,became_wrong,0.9259259259259259,6,1,0,1,0,0
32,40,1.0,1,checkpoints/sudoku_extreme_hf/checkpoint,0,1,blanks_40,38.15696253124656,1,902,fixed_point,0,became_wrong,0.9259259259259259,6,1,0,1,0,0
32,40,1.0,1,checkpoints/sudoku_extreme_hf/checkpoint,0,1,blanks_40,38.15696253124656,1,903,fixed_point,0,became_wrong,0.8024691358024691,16,1,0,1,0,0
32,40,1.0,1,checkpoints/sudoku_extreme_hf/checkpoint,0,1,blanks_40,38.15696253124656,1,904,fixed_point,0,became_wrong,0.7160493827160493,23,1,0,1,0,0
32,40,1.0,1,checkpoints/sudoku_extreme_hf/checkpoint,0,1,blanks_40,38.15696253124656,1,905,fixed_point,0,became_wrong,0.8271604938271605,14,1,0,1,0,0
32,40,1.0,1,checkpoints/sudoku_extreme_hf/checkpoint,0,1,blanks_40,38.15696253124656,1,906,fixed_point,0,became_wrong,0.6666666666666666,27,0,0,1,3,0
32,40,1.0,1,checkpoints/sudoku_extreme_hf/checkpoint,0,1,blanks_40,38.15696253124656,1,907,fixed_point,0,became_wrong,0.5679012345679012,35,1,0,1,0,0
32,40,1.0,1,checkpoints/sudoku_extreme_hf/checkpoint,0,1,blanks_40,38.15696253124656,1,908,fixed_point,0,became_wrong,0.8641975308641975,11,1,0,1,0,0
32,40,1.0,1,checkpoints/sudoku_extreme_hf/checkpoint,0,1,blanks_40,38.15696253124656,1,909,fixed_point,0,became_wrong,0.8641975308641975,11,1,0,1,0,0
32,40,1.0,1,checkpoints/sudoku_extreme_hf/checkpoint,0,1,blanks_40,38.15696253124656,1,910,fixed_point,0,became_wrong,0.7407407407407407,21,1,0,1,0,0
32,40,1.0,1,checkpoints/sudoku_extreme_hf/checkpoint,0,1,blanks_40,38.15696253124656,1,911,fixed_point,0,became_wrong,0.7777777777777778,18,1,0,1,0,0
32,40,1.0,0,checkpoints/sudoku_extreme_hf/checkpoint,0,1,blanks_40,38.15696253124656,1,912,fixed_point,0,stable_correct,1.0,0,1,1,0,0,0
32,40,1.0,1,checkpoints/sudoku_extreme_hf/checkpoint,0,1,blanks_40,38.15696253124656,1,913,fixed_point,0,became_wrong,0.8148148148148148,15,0,0,1,3,0
32,40,1.0,1,checkpoints/sudoku_extreme_hf/checkpoint,0,1,blanks_40,38.15696253124656,1,914,fixed_point,0,became_wrong,0.691358024691358,25,1,0,1,0,0
32,40,1.0,1,checkpoints/sudoku_extreme_hf/checkpoint,0,1,blanks_40,38.15696253124656,1,915,fixed_point,0,became_wrong,0.8024691358024691,16,1,0,1,0,0
32,40,1.0,1,checkpoints/sudoku_extreme_hf/checkpoint,0,1,blanks_40,38.15696253124656,1,916,fixed_point,0,became_wrong,0.8024691358024691,16,1,0,1,0,0
32,40,1.0,1,checkpoints/sudoku_extreme_hf/checkpoint,0,1,blanks_40,38.15696253124656,1,917,fixed_point,0,became_wrong,0.7777777777777778,18,1,0,1,0,0
32,40,1.0,1,checkpoints/sudoku_extreme_hf/checkpoint,0,1,blanks_40,38.15696253124656,1,918,fixed_point,0,became_wrong,0.6296296296296297,30,1,0,1,0,0
32,40,1.0,1,checkpoints/sudoku_extreme_hf/checkpoint,0,1,blanks_40,38.15696253124656,1,919,fixed_point,0,became_wrong,0.6790123456790124,26,1,0,1,0,0
32,40,1.0,1,checkpoints/sudoku_extreme_hf/checkpoint,0,1,blanks_40,38.15696253124656,1,920,fixed_point,0,became_wrong,0.6419753086419753,29,0,0,1,31,0
32,40,1.0,1,checkpoints/sudoku_extreme_hf/checkpoint,0,1,blanks_40,38.15696253124656,1,921,fixed_point,0,became_wrong,0.8024691358024691,16,1,0,1,0,0
32,40,1.0,1,checkpoints/sudoku_extreme_hf/checkpoint,0,1,blanks_40,38.15696253124656,1,922,fixed_point,0,became_wrong,0.8888888888888888,9,1,0,1,0,0
32,40,1.0,1,checkpoints/sudoku_extreme_hf/checkpoint,0,1,blanks_40,38.15696253124656,1,923,fixed_point,0,became_wrong,0.6049382716049383,32,1,0,1,0,0
32,40,1.0,1,checkpoints/sudoku_extreme_hf/checkpoint,0,1,blanks_40,38.15696253124656,1,924,fixed_point,0,became_wrong,0.7654320987654321,19,0,0,1,6,0
32,40,1.0,1,checkpoints/sudoku_extreme_hf/checkpoint,0,1,blanks_40,38.15696253124656,1,925,fixed_point,0,became_wrong,0.8024691358024691,16,1,0,1,0,0
32,40,1.0,1,checkpoints/sudoku_extreme_hf/checkpoint,0,1,blanks_40,38.15696253124656,1,926,fixed_point,0,became_wrong,0.7530864197530864,20,1,0,1,0,0
32,40,1.0,0,checkpoints/sudoku_extreme_hf/checkpoint,0,1,blanks_40,38.15696253124656,1,927,fixed_point,0,stable_correct,1.0,0,1,1,0,0,0
32,40,1.0,1,checkpoints/sudoku_extreme_hf/checkpoint,0,1,blanks_40,34.4790184374979,1,928,fixed_point,0,became_wrong,0.654320987654321,28,1,0,1,0,0
32,40,1.0,1,checkpoints/sudoku_extreme_hf/checkpoint,0,1,blanks_40,34.4790184374979,1,929,fixed_point,0,became_wrong,0.6790123456790124,26,1,0,1,0,0
32,40,1.0,1,checkpoints/sudoku_extreme_hf/checkpoint,0,1,blanks_40,34.4790184374979,1,930,fixed_point,0,became_wrong,0.7530864197530864,20,1,0,1,0,0
32,40,1.0,1,checkpoints/sudoku_extreme_hf/checkpoint,0,1,blanks_40,34.4790184374979,1,931,fixed_point,0,became_wrong,0.7777777777777778,18,1,0,1,0,0
32,40,1.0,1,checkpoints/sudoku_extreme_hf/checkpoint,0,1,blanks_40,34.4790184374979,1,932,fixed_point,0,became_wrong,0.8148148148148148,15,1,0,1,0,0
32,40,1.0,1,checkpoints/sudoku_extreme_hf/checkpoint,0,1,blanks_40,34.4790184374979,1,933,fixed_point,0,became_wrong,0.8024691358024691,16,1,0,1,0,0
32,40,1.0,1,checkpoints/sudoku_extreme_hf/checkpoint,0,1,blanks_40,34.4790184374979,1,934,fixed_point,0,became_wrong,0.8024691358024691,16,1,0,1,0,0
32,40,1.0,1,checkpoints/sudoku_extreme_hf/checkpoint,0,1,blanks_40,34.4790184374979,1,935,fixed_point,0,became_wrong,0.7654320987654321,19,0,0,1,12,0
32,40,1.0,1,checkpoints/sudoku_extreme_hf/checkpoint,0,1,blanks_40,34.4790184374979,1,936,fixed_point,0,became_wrong,0.6666666666666666,27,1,0,1,0,0
32,40,1.0,1,checkpoints/sudoku_extreme_hf/checkpoint,0,1,blanks_40,34.4790184374979,1,937,fixed_point,0,became_wrong,0.9259259259259259,6,1,0,1,0,0
32,40,1.0,1,checkpoints/sudoku_extreme_hf/checkpoint,0,1,blanks_40,34.4790184374979,1,938,fixed_point,0,became_wrong,0.8271604938271605,14,1,0,1,0,0
32,40,1.0,1,checkpoints/sudoku_extreme_hf/checkpoint,0,1,blanks_40,34.4790184374979,1,939,fixed_point,0,became_wrong,0.8395061728395061,13,1,0,1,0,0
32,40,1.0,1,checkpoints/sudoku_extreme_hf/checkpoint,0,1,blanks_40,34.4790184374979,1,940,fixed_point,0,became_wrong,0.7654320987654321,19,1,0,1,0,0
32,40,1.0,0,checkpoints/sudoku_extreme_hf/checkpoint,0,1,blanks_40,34.4790184374979,1,941,fixed_point,0,stable_correct,1.0,0,1,1,0,0,0
32,40,1.0,1,checkpoints/sudoku_extreme_hf/checkpoint,0,1,blanks_40,34.4790184374979,1,942,fixed_point,0,became_wrong,0.6049382716049383,32,1,0,1,0,0
32,40,1.0,1,checkpoints/sudoku_extreme_hf/checkpoint,0,1,blanks_40,34.4790184374979,1,943,fixed_point,0,became_wrong,0.7530864197530864,20,1,0,1,0,0
32,40,1.0,1,checkpoints/sudoku_extreme_hf/checkpoint,0,1,blanks_40,34.4790184374979,1,944,fixed_point,0,became_wrong,0.9012345679012346,8,1,0,1,0,0
32,40,1.0,1,checkpoints/sudoku_extreme_hf/checkpoint,0,1,blanks_40,34.4790184374979,1,945,fixed_point,0,became_wrong,0.6790123456790124,26,1,0,1,0,0
32,40,1.0,1,checkpoints/sudoku_extreme_hf/checkpoint,0,1,blanks_40,34.4790184374979,1,946,fixed_point,0,became_wrong,0.7283950617283951,22,1,0,1,0,0
32,40,1.0,1,checkpoints/sudoku_extreme_hf/checkpoint,0,1,blanks_40,34.4790184374979,1,947,fixed_point,0,became_wrong,0.5925925925925926,33,0,0,1,20,0
32,40,1.0,1,checkpoints/sudoku_extreme_hf/checkpoint,0,1,blanks_40,34.4790184374979,1,948,fixed_point,0,became_wrong,0.6296296296296297,30,1,0,1,0,0
32,40,1.0,1,checkpoints/sudoku_extreme_hf/checkpoint,0,1,blanks_40,34.4790184374979,1,949,fixed_point,0,became_wrong,0.9506172839506173,4,1,0,1,0,0
32,40,1.0,1,checkpoints/sudoku_extreme_hf/checkpoint,0,1,blanks_40,34.4790184374979,1,950,fixed_point,0,became_wrong,0.7037037037037037,24,1,0,1,0,0
32,40,1.0,1,checkpoints/sudoku_extreme_hf/checkpoint,0,1,blanks_40,34.4790184374979,1,951,fixed_point,0,became_wrong,0.8148148148148148,15,1,0,1,0,0
32,40,1.0,1,checkpoints/sudoku_extreme_hf/checkpoint,0,1,blanks_40,34.4790184374979,1,952,fixed_point,0,became_wrong,0.9259259259259259,6,1,0,1,0,0
32,40,1.0,1,checkpoints/sudoku_extreme_hf/checkpoint,0,1,blanks_40,34.4790184374979,1,953,fixed_point,0,became_wrong,0.8765432098765432,10,1,0,1,0,0
32,40,1.0,1,checkpoints/sudoku_extreme_hf/checkpoint,0,1,blanks_40,34.4790184374979,1,954,fixed_point,0,became_wrong,0.8148148148148148,15,1,0,1,0,0
32,40,1.0,1,checkpoints/sudoku_extreme_hf/checkpoint,0,1,blanks_40,34.4790184374979,1,955,fixed_point,0,became_wrong,0.9506172839506173,4,1,0,1,0,0
32,40,1.0,1,checkpoints/sudoku_extreme_hf/checkpoint,0,1,blanks_40,34.4790184374979,1,956,fixed_point,0,became_wrong,0.7530864197530864,20,0,0,1,24,0
32,40,1.0,1,checkpoints/sudoku_extreme_hf/checkpoint,0,1,blanks_40,34.4790184374979,1,957,fixed_point,0,became_wrong,0.7037037037037037,24,1,0,1,0,0
32,40,1.0,1,checkpoints/sudoku_extreme_hf/checkpoint,0,1,blanks_40,34.4790184374979,1,958,fixed_point,0,became_wrong,0.6790123456790124,26,1,0,1,0,0
32,40,1.0,1,checkpoints/sudoku_extreme_hf/checkpoint,0,1,blanks_40,34.4790184374979,1,959,fixed_point,0,became_wrong,0.8271604938271605,14,1,0,1,0,0
32,40,1.0,1,checkpoints/sudoku_extreme_hf/checkpoint,0,1,blanks_40,36.36806618750299,1,960,fixed_point,0,became_wrong,0.6790123456790124,26,1,0,1,0,0
32,40,1.0,1,checkpoints/sudoku_extreme_hf/checkpoint,0,1,blanks_40,36.36806618750299,1,961,fixed_point,0,became_wrong,0.7530864197530864,20,1,0,1,0,0
32,40,1.0,1,checkpoints/sudoku_extreme_hf/checkpoint,0,1,blanks_40,36.36806618750299,1,962,fixed_point,0,became_wrong,0.8024691358024691,16,1,0,1,0,0
32,40,1.0,1,checkpoints/sudoku_extreme_hf/checkpoint,0,1,blanks_40,36.36806618750299,1,963,fixed_point,0,became_wrong,0.7530864197530864,20,1,0,1,0,0
32,40,1.0,1,checkpoints/sudoku_extreme_hf/checkpoint,0,1,blanks_40,36.36806618750299,1,964,fixed_point,0,became_wrong,0.7160493827160493,23,1,0,1,0,0
32,40,1.0,1,checkpoints/sudoku_extreme_hf/checkpoint,0,1,blanks_40,36.36806618750299,1,965,fixed_point,0,became_wrong,0.8641975308641975,11,1,0,1,0,0
32,40,1.0,1,checkpoints/sudoku_extreme_hf/checkpoint,0,1,blanks_40,36.36806618750299,1,966,fixed_point,0,became_wrong,0.6296296296296297,30,1,0,1,0,0
32,40,1.0,1,checkpoints/sudoku_extreme_hf/checkpoint,0,1,blanks_40,36.36806618750299,1,967,fixed_point,0,became_wrong,0.6790123456790124,26,1,0,1,0,0
32,40,1.0,1,checkpoints/sudoku_extreme_hf/checkpoint,0,1,blanks_40,36.36806618750299,1,968,fixed_point,0,became_wrong,0.7530864197530864,20,1,0,1,0,0
32,40,1.0,1,checkpoints/sudoku_extreme_hf/checkpoint,0,1,blanks_40,36.36806618750299,1,969,fixed_point,0,became_wrong,0.7407407407407407,21,1,0,1,0,0
32,40,1.0,1,checkpoints/sudoku_extreme_hf/checkpoint,0,1,blanks_40,36.36806618750299,1,970,fixed_point,0,became_wrong,0.9135802469135802,7,1,0,1,0,0
32,40,1.0,1,checkpoints/sudoku_extreme_hf/checkpoint,0,1,blanks_40,36.36806618750299,1,971,fixed_point,0,became_wrong,0.7283950617283951,22,1,0,1,0,0
32,40,1.0,1,checkpoints/sudoku_extreme_hf/checkpoint,0,1,blanks_40,36.36806618750299,1,972,fixed_point,0,became_wrong,0.7530864197530864,20,1,0,1,0,0
32,40,1.0,1,checkpoints/sudoku_extreme_hf/checkpoint,0,1,blanks_40,36.36806618750299,1,973,fixed_point,0,became_wrong,0.7777777777777778,18,1,0,1,0,0
32,40,1.0,1,checkpoints/sudoku_extreme_hf/checkpoint,0,1,blanks_40,36.36806618750299,1,974,fixed_point,0,became_wrong,0.8024691358024691,16,1,0,1,0,0
32,40,1.0,1,checkpoints/sudoku_extreme_hf/checkpoint,0,1,blanks_40,36.36806618750299,1,975,fixed_point,0,became_wrong,0.7407407407407407,21,1,0,1,0,0
32,40,1.0,1,checkpoints/sudoku_extreme_hf/checkpoint,0,1,blanks_40,36.36806618750299,1,976,fixed_point,0,became_wrong,0.7901234567901234,17,1,0,1,0,0
32,40,1.0,1,checkpoints/sudoku_extreme_hf/checkpoint,0,1,blanks_40,36.36806618750299,1,977,fixed_point,0,became_wrong,0.7901234567901234,17,1,0,1,0,0
32,40,1.0,1,checkpoints/sudoku_extreme_hf/checkpoint,0,1,blanks_40,36.36806618750299,1,978,fixed_point,0,became_wrong,0.7407407407407407,21,1,0,1,0,0
32,40,1.0,1,checkpoints/sudoku_extreme_hf/checkpoint,0,1,blanks_40,36.36806618750299,1,979,fixed_point,0,became_wrong,0.7530864197530864,20,1,0,1,0,0
32,40,1.0,1,checkpoints/sudoku_extreme_hf/checkpoint,0,1,blanks_40,36.36806618750299,1,980,fixed_point,0,became_wrong,0.7160493827160493,23,1,0,1,0,0
32,40,1.0,1,checkpoints/sudoku_extreme_hf/checkpoint,0,1,blanks_40,36.36806618750299,1,981,fixed_point,0,became_wrong,0.7407407407407407,21,1,0,1,0,0
32,40,1.0,1,checkpoints/sudoku_extreme_hf/checkpoint,0,1,blanks_40,36.36806618750299,1,982,fixed_point,0,became_wrong,0.7530864197530864,20,1,0,1,0,0
32,40,1.0,1,checkpoints/sudoku_extreme_hf/checkpoint,0,1,blanks_40,36.36806618750299,1,983,fixed_point,0,became_wrong,0.691358024691358,25,0,0,1,15,0
32,40,1.0,1,checkpoints/sudoku_extreme_hf/checkpoint,0,1,blanks_40,36.36806618750299,1,984,fixed_point,0,became_wrong,0.8765432098765432,10,1,0,1,0,0
32,40,1.0,1,checkpoints/sudoku_extreme_hf/checkpoint,0,1,blanks_40,36.36806618750299,1,985,fixed_point,0,became_wrong,0.8765432098765432,10,1,0,1,0,0
32,40,1.0,1,checkpoints/sudoku_extreme_hf/checkpoint,0,1,blanks_40,36.36806618750299,1,986,fixed_point,0,became_wrong,0.7530864197530864,20,0,0,1,39,0
32,40,1.0,1,checkpoints/sudoku_extreme_hf/checkpoint,0,1,blanks_40,36.36806618750299,1,987,fixed_point,0,became_wrong,0.691358024691358,25,1,0,1,0,0
32,40,1.0,1,checkpoints/sudoku_extreme_hf/checkpoint,0,1,blanks_40,36.36806618750299,1,988,fixed_point,0,became_wrong,0.9506172839506173,4,1,0,1,0,0
32,40,1.0,1,checkpoints/sudoku_extreme_hf/checkpoint,0,1,blanks_40,36.36806618750299,1,989,fixed_point,0,became_wrong,0.8148148148148148,15,1,0,1,0,0
32,40,1.0,1,checkpoints/sudoku_extreme_hf/checkpoint,0,1,blanks_40,36.36806618750299,1,990,fixed_point,0,became_wrong,0.7530864197530864,20,0,0,1,23,0
32,40,1.0,1,checkpoints/sudoku_extreme_hf/checkpoint,0,1,blanks_40,36.36806618750299,1,991,fixed_point,0,became_wrong,0.691358024691358,25,1,0,1,0,0
32,40,1.0,1,checkpoints/sudoku_extreme_hf/checkpoint,0,1,blanks_40,142.39235800000927,1,992,fixed_point,0,became_wrong,0.8271604938271605,14,1,0,1,0,0
32,40,1.0,1,checkpoints/sudoku_extreme_hf/checkpoint,0,1,blanks_40,142.39235800000927,1,993,fixed_point,0,became_wrong,0.9012345679012346,8,1,0,1,0,0
32,40,1.0,1,checkpoints/sudoku_extreme_hf/checkpoint,0,1,blanks_40,142.39235800000927,1,994,fixed_point,0,became_wrong,0.8024691358024691,16,1,0,1,0,0
32,40,1.0,1,checkpoints/sudoku_extreme_hf/checkpoint,0,1,blanks_40,142.39235800000927,1,995,fixed_point,0,became_wrong,0.8518518518518519,12,1,0,1,0,0
32,40,1.0,0,checkpoints/sudoku_extreme_hf/checkpoint,0,1,blanks_40,142.39235800000927,1,996,fixed_point,0,stable_correct,1.0,0,1,1,0,0,0
32,40,1.0,1,checkpoints/sudoku_extreme_hf/checkpoint,0,1,blanks_40,142.39235800000927,1,997,fixed_point,0,became_wrong,0.7037037037037037,24,1,0,1,0,0
32,40,1.0,1,checkpoints/sudoku_extreme_hf/checkpoint,0,1,blanks_40,142.39235800000927,1,998,fixed_point,0,became_wrong,0.7530864197530864,20,1,0,1,0,0
32,40,1.0,1,checkpoints/sudoku_extreme_hf/checkpoint,0,1,blanks_40,142.39235800000927,1,999,fixed_point,0,became_wrong,0.9506172839506173,4,1,0,1,0,0
